{
  "time": [
    -0.39000000059604645,
    -0.3799999952316284,
    -0.3700000047683716,
    -0.35999999940395355,
    -0.3499999940395355,
    -0.3400000035762787,
    -0.32999999821186066,
    -0.3199999928474426,
    -0.3100000023841858,
    -0.30000000447034836,
    -0.28999999910593033,
    -0.2800000011920929,
    -0.27000000327825546,
    -0.25999999791383743,
    -0.25,
    -0.24000000208616257,
    -0.23000000044703484,
    -0.2200000025331974,
    -0.21000000089406967,
    -0.19999999925494194,
    -0.1900000013411045,
    -0.17999999970197678,
    -0.16999999806284904,
    -0.1600000001490116,
    -0.14999999850988388,
    -0.13999999687075615,
    -0.12999999895691872,
    -0.11999999918043613,
    -0.10999999940395355,
    -0.09999999962747097,
    -0.08999999985098839,
    -0.0800000000745058,
    -0.07000000029802322,
    -0.06000000052154064,
    -0.049999999813735485,
    -0.0400000000372529,
    -0.03000000026077032,
    -0.020000000251457095,
    -0.010000000009313226,
    0.0,
    0.010000000009313226,
    0.020000000251457095,
    0.03000000026077032,
    0.0400000000372529,
    0.049999999813735485,
    0.06000000052154064,
    0.07000000029802322,
    0.0800000000745058,
    0.08999999985098839,
    0.09999999962747097,
    0.10999999940395355,
    0.11999999918043613,
    0.12999999895691872,
    0.13999999687075615,
    0.14999999850988388,
    0.1600000001490116,
    0.16999999806284904,
    0.17999999970197678,
    0.1900000013411045
  ],
  "auc_C": null,
  "auc_S_raw": [
    0.4644628099173554,
    0.4397180359747205,
    0.49265921244530875,
    0.47034516285853184,
    0.4587749149246475,
    0.4663587749149247,
    0.530529897909577,
    0.5394749635391347,
    0.49115216334467676,
    0.4839572192513369,
    0.46616431696645594,
    0.46985901798736024,
    0.490617403986388,
    0.4753524550315994,
    0.45162858531842487,
    0.5052989790957706,
    0.5279533300923676,
    0.46747690811861936,
    0.48274185707340783,
    0.4445308701993194,
    0.44385026737967914,
    0.5041808458920758,
    0.49790957705396216,
    0.496353913466213,
    0.537773456490034,
    0.5368497812348081,
    0.5747204666990763,
    0.5455517744287798,
    0.5233349538162372,
    0.5551774428779777,
    0.5650461837627614,
    0.6272970345162858,
    0.6613514827418571,
    0.6203208556149733,
    0.5678172095284395,
    0.5621779290228488,
    0.5830335439961108,
    0.5702965483714146,
    0.5146815751093826,
    0.45294117647058824,
    0.4689353427321341,
    0.5131745260087507,
    0.5398152649489547,
    0.49149246475449687,
    0.516917841516772,
    0.5671366067087993,
    0.5212202236266407,
    0.5012153621779291,
    0.4898395721925133,
    0.4687651920272241,
    0.5217792902284881,
    0.5168692270296549,
    0.491832766164317,
    0.48298492950899374,
    0.44535731648031107,
    0.4660670879922217,
    0.4921244530870199,
    0.512396694214876,
    0.48901312591152163
  ],
  "auc_S_inv": [
    0.4644628099173554,
    0.4397180359747205,
    0.49265921244530875,
    0.47034516285853184,
    0.4587749149246475,
    0.4663587749149247,
    0.530529897909577,
    0.5394749635391347,
    0.49115216334467676,
    0.4839572192513369,
    0.46616431696645594,
    0.46985901798736024,
    0.490617403986388,
    0.4753524550315994,
    0.45162858531842487,
    0.5052989790957706,
    0.5279533300923676,
    0.46747690811861936,
    0.48274185707340783,
    0.4445308701993194,
    0.44385026737967914,
    0.5041808458920758,
    0.49790957705396216,
    0.496353913466213,
    0.537773456490034,
    0.5368497812348081,
    0.5747204666990763,
    0.5455517744287798,
    0.5233349538162372,
    0.5551774428779777,
    0.5650461837627614,
    0.6272970345162858,
    0.6613514827418571,
    0.6203208556149733,
    0.5678172095284395,
    0.5621779290228488,
    0.5830335439961108,
    0.5702965483714146,
    0.5146815751093826,
    0.45294117647058824,
    0.4689353427321341,
    0.5131745260087507,
    0.5398152649489547,
    0.49149246475449687,
    0.516917841516772,
    0.5671366067087993,
    0.5212202236266407,
    0.5012153621779291,
    0.4898395721925133,
    0.4687651920272241,
    0.5217792902284881,
    0.5168692270296549,
    0.491832766164317,
    0.48298492950899374,
    0.44535731648031107,
    0.4660670879922217,
    0.4921244530870199,
    0.512396694214876,
    0.48901312591152163
  ],
  "acc_R_macro": null,
  "auc_T": null,
  "latencies_ms": {
    "C": null,
    "S_raw": null,
    "S_inv": null,
    "T": null
  },
  "meta": {
    "align": "sacc",
    "orientation": "horizontal",
    "pt_min_ms": 200.0,
    "n_trials": 291,
    "n_bins": 59,
    "n_units": 41,
    "thr": 0.6,
    "k_bins": 5,
    "norm": "global",
    "baseline_win": null,
    "used_axes_mu_sd": false
  }
}