{
  "time": [
    -0.39000000059604645,
    -0.3799999952316284,
    -0.3700000047683716,
    -0.35999999940395355,
    -0.3499999940395355,
    -0.3400000035762787,
    -0.32999999821186066,
    -0.3199999928474426,
    -0.3100000023841858,
    -0.30000000447034836,
    -0.28999999910593033,
    -0.2800000011920929,
    -0.27000000327825546,
    -0.25999999791383743,
    -0.25,
    -0.24000000208616257,
    -0.23000000044703484,
    -0.2200000025331974,
    -0.21000000089406967,
    -0.19999999925494194,
    -0.1900000013411045,
    -0.17999999970197678,
    -0.16999999806284904,
    -0.1600000001490116,
    -0.14999999850988388,
    -0.13999999687075615,
    -0.12999999895691872,
    -0.11999999918043613,
    -0.10999999940395355,
    -0.09999999962747097,
    -0.08999999985098839,
    -0.0800000000745058,
    -0.07000000029802322,
    -0.06000000052154064,
    -0.049999999813735485,
    -0.0400000000372529,
    -0.03000000026077032,
    -0.020000000251457095,
    -0.010000000009313226,
    0.0,
    0.010000000009313226,
    0.020000000251457095,
    0.03000000026077032,
    0.0400000000372529,
    0.049999999813735485,
    0.06000000052154064,
    0.07000000029802322,
    0.0800000000745058,
    0.08999999985098839,
    0.09999999962747097,
    0.10999999940395355,
    0.11999999918043613,
    0.12999999895691872,
    0.13999999687075615,
    0.14999999850988388,
    0.1600000001490116,
    0.16999999806284904,
    0.17999999970197678,
    0.1900000013411045,
    0.19999999925494194,
    0.21000000089406967,
    0.2200000025331974,
    0.23000000044703484,
    0.24000000208616257,
    0.25,
    0.25999999791383743,
    0.27000000327825546,
    0.2800000011920929,
    0.28999999910593033
  ],
  "auc_C": null,
  "auc_S_raw": [
    0.5044239183276616,
    0.5047642197374818,
    0.4942391832766164,
    0.4974234321827905,
    0.5065629557608168,
    0.5528925619834711,
    0.5340787554691298,
    0.5314049586776859,
    0.5156538648517258,
    0.4977151191054935,
    0.5045697617890131,
    0.4815994166261546,
    0.5002430724355859,
    0.5268351968886729,
    0.5180845892075839,
    0.5234321827904715,
    0.5229946524064172,
    0.5291686922702965,
    0.5299951385512883,
    0.5293631502187651,
    0.5404472532814779,
    0.5291200777831795,
    0.5317938745746232,
    0.5498784637822071,
    0.5438502673796791,
    0.5047156052503645,
    0.49781234807972774,
    0.5116674769081186,
    0.5365824015556635,
    0.5467914438502673,
    0.5474477394263491,
    0.5696159455517744,
    0.5562955760816723,
    0.5638308215848323,
    0.587311618862421,
    0.5867039377734565,
    0.601798736023335,
    0.6181818181818182,
    0.5970831307729704,
    0.645940690325717,
    0.6610597958191541,
    0.6591152163344677,
    0.6835439961108409,
    0.6988332523091881,
    0.6446767136606709,
    0.577515799708313,
    0.5668935342732134,
    0.5590422946037918,
    0.548954788526981,
    0.5340301409820126,
    0.5272241127856101,
    0.5451142440447253,
    0.5519202722411278,
    0.5675741370928536,
    0.5490520175012154,
    0.47880408361691784,
    0.48556149732620324,
    0.5041322314049587,
    0.48191541079241607,
    0.4871414681575109,
    0.4724842002916869,
    0.45454545454545453,
    0.47464754496840056,
    0.46981040350024306,
    0.5244530870199319,
    0.5598930481283423,
    0.5553962080700048,
    0.5641711229946524,
    0.5799222168206125
  ],
  "auc_S_inv": [
    0.5044239183276616,
    0.5047642197374818,
    0.4942391832766164,
    0.4974234321827905,
    0.5065629557608168,
    0.5528925619834711,
    0.5340787554691298,
    0.5314049586776859,
    0.5156538648517258,
    0.4977151191054935,
    0.5045697617890131,
    0.4815994166261546,
    0.5002430724355859,
    0.5268351968886729,
    0.5180845892075839,
    0.5234321827904715,
    0.5229946524064172,
    0.5291686922702965,
    0.5299951385512883,
    0.5293631502187651,
    0.5404472532814779,
    0.5291200777831795,
    0.5317938745746232,
    0.5498784637822071,
    0.5438502673796791,
    0.5047156052503645,
    0.49781234807972774,
    0.5116674769081186,
    0.5365824015556635,
    0.5467914438502673,
    0.5474477394263491,
    0.5696159455517744,
    0.5562955760816723,
    0.5638308215848323,
    0.587311618862421,
    0.5867039377734565,
    0.601798736023335,
    0.6181818181818182,
    0.5970831307729704,
    0.645940690325717,
    0.6610597958191541,
    0.6591152163344677,
    0.6835439961108409,
    0.6988332523091881,
    0.6446767136606709,
    0.577515799708313,
    0.5668935342732134,
    0.5590422946037918,
    0.548954788526981,
    0.5340301409820126,
    0.5272241127856101,
    0.5451142440447253,
    0.5519202722411278,
    0.5675741370928536,
    0.5490520175012154,
    0.47880408361691784,
    0.48556149732620324,
    0.5041322314049587,
    0.48191541079241607,
    0.4871414681575109,
    0.4724842002916869,
    0.45454545454545453,
    0.47464754496840056,
    0.46981040350024306,
    0.5244530870199319,
    0.5598930481283423,
    0.5553962080700048,
    0.5641711229946524,
    0.5799222168206125
  ],
  "acc_R_macro": null,
  "auc_T": null,
  "latencies_ms": {
    "C": null,
    "S_raw": 0.0,
    "S_inv": 0.0,
    "T": null
  },
  "meta": {
    "align": "sacc",
    "orientation": "horizontal",
    "pt_min_ms": 200.0,
    "n_trials": 291,
    "n_bins": 69,
    "n_units": 120,
    "thr": 0.6,
    "k_bins": 5,
    "norm": "global",
    "baseline_win": null,
    "used_axes_mu_sd": false
  }
}