{
  "time": [
    -0.39000000059604645,
    -0.3799999952316284,
    -0.3700000047683716,
    -0.35999999940395355,
    -0.3499999940395355,
    -0.3400000035762787,
    -0.32999999821186066,
    -0.3199999928474426,
    -0.3100000023841858,
    -0.30000000447034836,
    -0.28999999910593033,
    -0.2800000011920929,
    -0.27000000327825546,
    -0.25999999791383743,
    -0.25,
    -0.24000000208616257,
    -0.23000000044703484,
    -0.2200000025331974,
    -0.21000000089406967,
    -0.19999999925494194,
    -0.1900000013411045,
    -0.17999999970197678,
    -0.16999999806284904,
    -0.1600000001490116,
    -0.14999999850988388,
    -0.13999999687075615,
    -0.12999999895691872,
    -0.11999999918043613,
    -0.10999999940395355,
    -0.09999999962747097,
    -0.08999999985098839,
    -0.0800000000745058,
    -0.07000000029802322,
    -0.06000000052154064,
    -0.049999999813735485,
    -0.0400000000372529,
    -0.03000000026077032,
    -0.020000000251457095,
    -0.010000000009313226,
    0.0,
    0.010000000009313226,
    0.020000000251457095,
    0.03000000026077032,
    0.0400000000372529,
    0.049999999813735485,
    0.06000000052154064,
    0.07000000029802322,
    0.0800000000745058,
    0.08999999985098839,
    0.09999999962747097,
    0.10999999940395355,
    0.11999999918043613,
    0.12999999895691872,
    0.13999999687075615,
    0.14999999850988388,
    0.1600000001490116,
    0.16999999806284904,
    0.17999999970197678,
    0.1900000013411045
  ],
  "auc_C": null,
  "auc_S_raw": [
    0.504229460379193,
    0.5046669907632475,
    0.4947010209042294,
    0.497277588721439,
    0.5068546426835198,
    0.552892561983471,
    0.5337384540593096,
    0.5312591152163344,
    0.5164316966456004,
    0.49752066115702476,
    0.5046669907632475,
    0.4826932425862907,
    0.5009479824987846,
    0.5277102576567817,
    0.5183762761302868,
    0.5245503159941662,
    0.5230432668935343,
    0.5298006806028196,
    0.5295089936801167,
    0.5296548371414681,
    0.541249392318911,
    0.5300923675255227,
    0.5319883325230919,
    0.5508021390374331,
    0.5439961108410306,
    0.505153135634419,
    0.4985901798736023,
    0.5116674769081186,
    0.5371414681575108,
    0.5474963539134662,
    0.5474963539134662,
    0.5699319397180359,
    0.5565872630043753,
    0.5635391346621292,
    0.5872873116188624,
    0.5866796305298979,
    0.6013612056392805,
    0.6180359747204667,
    0.5971803597472047,
    0.6456976178901312,
    0.6607194944093341,
    0.6589693728731162,
    0.6833981526494894,
    0.6988332523091881,
    0.6440447253281477,
    0.5773942634905203,
    0.5669421487603306,
    0.5588235294117647,
    0.5491492464754497,
    0.5339815264948955,
    0.5263004375303841,
    0.5450656295576082,
    0.5513368983957219,
    0.5679387457462324,
    0.5493437044239183,
    0.479144385026738,
    0.4859504132231405,
    0.5048128342245989,
    0.4821584832280019
  ],
  "auc_S_inv": [
    0.504229460379193,
    0.5046669907632475,
    0.4947010209042294,
    0.497277588721439,
    0.5068546426835198,
    0.552892561983471,
    0.5337384540593096,
    0.5312591152163344,
    0.5164316966456004,
    0.49752066115702476,
    0.5046669907632475,
    0.4826932425862907,
    0.5009479824987846,
    0.5277102576567817,
    0.5183762761302868,
    0.5245503159941662,
    0.5230432668935343,
    0.5298006806028196,
    0.5295089936801167,
    0.5296548371414681,
    0.541249392318911,
    0.5300923675255227,
    0.5319883325230919,
    0.5508021390374331,
    0.5439961108410306,
    0.505153135634419,
    0.4985901798736023,
    0.5116674769081186,
    0.5371414681575108,
    0.5474963539134662,
    0.5474963539134662,
    0.5699319397180359,
    0.5565872630043753,
    0.5635391346621292,
    0.5872873116188624,
    0.5866796305298979,
    0.6013612056392805,
    0.6180359747204667,
    0.5971803597472047,
    0.6456976178901312,
    0.6607194944093341,
    0.6589693728731162,
    0.6833981526494894,
    0.6988332523091881,
    0.6440447253281477,
    0.5773942634905203,
    0.5669421487603306,
    0.5588235294117647,
    0.5491492464754497,
    0.5339815264948955,
    0.5263004375303841,
    0.5450656295576082,
    0.5513368983957219,
    0.5679387457462324,
    0.5493437044239183,
    0.479144385026738,
    0.4859504132231405,
    0.5048128342245989,
    0.4821584832280019
  ],
  "acc_R_macro": null,
  "auc_T": null,
  "latencies_ms": {
    "C": null,
    "S_raw": 0.0,
    "S_inv": 0.0,
    "T": null
  },
  "meta": {
    "align": "sacc",
    "orientation": "horizontal",
    "pt_min_ms": 200.0,
    "n_trials": 291,
    "n_bins": 59,
    "n_units": 120,
    "thr": 0.6,
    "k_bins": 5,
    "norm": "global",
    "baseline_win": null,
    "used_axes_mu_sd": false
  }
}