{
  "time": [
    -0.39000000059604645,
    -0.3799999952316284,
    -0.3700000047683716,
    -0.35999999940395355,
    -0.3499999940395355,
    -0.3400000035762787,
    -0.32999999821186066,
    -0.3199999928474426,
    -0.3100000023841858,
    -0.30000000447034836,
    -0.28999999910593033,
    -0.2800000011920929,
    -0.27000000327825546,
    -0.25999999791383743,
    -0.25,
    -0.24000000208616257,
    -0.23000000044703484,
    -0.2200000025331974,
    -0.21000000089406967,
    -0.19999999925494194,
    -0.1900000013411045,
    -0.17999999970197678,
    -0.16999999806284904,
    -0.1600000001490116,
    -0.14999999850988388,
    -0.13999999687075615,
    -0.12999999895691872,
    -0.11999999918043613,
    -0.10999999940395355,
    -0.09999999962747097,
    -0.08999999985098839,
    -0.0800000000745058,
    -0.07000000029802322,
    -0.06000000052154064,
    -0.049999999813735485,
    -0.0400000000372529,
    -0.03000000026077032,
    -0.020000000251457095,
    -0.010000000009313226,
    0.0,
    0.010000000009313226,
    0.020000000251457095,
    0.03000000026077032,
    0.0400000000372529,
    0.049999999813735485,
    0.06000000052154064,
    0.07000000029802322,
    0.0800000000745058,
    0.08999999985098839,
    0.09999999962747097,
    0.10999999940395355,
    0.11999999918043613,
    0.12999999895691872,
    0.13999999687075615,
    0.14999999850988388,
    0.1600000001490116,
    0.16999999806284904,
    0.17999999970197678,
    0.1900000013411045,
    0.19999999925494194,
    0.21000000089406967,
    0.2200000025331974,
    0.23000000044703484,
    0.24000000208616257,
    0.25,
    0.25999999791383743,
    0.27000000327825546,
    0.2800000011920929,
    0.28999999910593033
  ],
  "auc_C": null,
  "auc_S_raw": [
    0.45225355011319196,
    0.4525108046923235,
    0.46804898127186667,
    0.41994237497427456,
    0.5104959868285656,
    0.5039102696027989,
    0.46619674830211977,
    0.4856451944844618,
    0.4764869314673801,
    0.4630067915208891,
    0.46238938053097345,
    0.43913356657748515,
    0.4835871578514097,
    0.5232043630376622,
    0.4530253138505866,
    0.4258592302942992,
    0.4758695204774645,
    0.47756740069973247,
    0.4606400493928793,
    0.4838444124305412,
    0.5314365095698703,
    0.5346779172669274,
    0.5350380736777115,
    0.6092302942992386,
    0.6644885778966866,
    0.7158365918913357,
    0.792652809220004,
    0.8246038279481374,
    0.8920045276805927,
    0.9342457295739864,
    0.953797077587981,
    0.981426219386705,
    0.9969129450504219,
    0.9975303560403375,
    0.9986108252726899,
    0.9999485490841737,
    0.9998970981683474,
    1.0,
    1.0,
    0.9998970981683474,
    0.9984050216093847,
    0.9973760032928587,
    0.9971187487137271,
    0.9860568018110722,
    0.9746346984976333,
    0.9649104754064624,
    0.9550318995678124,
    0.9344000823214653,
    0.9336797694998971,
    0.900236674212801,
    0.8446182342045688,
    0.7738732249434039,
    0.7845750154352747,
    0.8069047129038898,
    0.7599300267544762,
    0.6868697262811277,
    0.637271043424573,
    0.6839884749948549,
    0.6468923646840913,
    0.5930232558139535,
    0.5918398847499485,
    0.5986828565548467,
    0.5370961103107634,
    0.5170817040543321,
    0.5467688824861082,
    0.46835768676682443,
    0.4548260959045072,
    0.4411916032105372,
    0.4975303560403375
  ],
  "auc_S_inv": [
    0.45225355011319196,
    0.4525108046923235,
    0.46804898127186667,
    0.41994237497427456,
    0.5104959868285656,
    0.5039102696027989,
    0.46619674830211977,
    0.4856451944844618,
    0.4764869314673801,
    0.4630067915208891,
    0.46238938053097345,
    0.43913356657748515,
    0.4835871578514097,
    0.5232043630376622,
    0.4530253138505866,
    0.4258592302942992,
    0.4758695204774645,
    0.47756740069973247,
    0.4606400493928793,
    0.4838444124305412,
    0.5314365095698703,
    0.5346779172669274,
    0.5350380736777115,
    0.6092302942992386,
    0.6644885778966866,
    0.7158365918913357,
    0.792652809220004,
    0.8246038279481374,
    0.8920045276805927,
    0.9342457295739864,
    0.953797077587981,
    0.981426219386705,
    0.9969129450504219,
    0.9975303560403375,
    0.9986108252726899,
    0.9999485490841737,
    0.9998970981683474,
    1.0,
    1.0,
    0.9998970981683474,
    0.9984050216093847,
    0.9973760032928587,
    0.9971187487137271,
    0.9860568018110722,
    0.9746346984976333,
    0.9649104754064624,
    0.9550318995678124,
    0.9344000823214653,
    0.9336797694998971,
    0.900236674212801,
    0.8446182342045688,
    0.7738732249434039,
    0.7845750154352747,
    0.8069047129038898,
    0.7599300267544762,
    0.6868697262811277,
    0.637271043424573,
    0.6839884749948549,
    0.6468923646840913,
    0.5930232558139535,
    0.5918398847499485,
    0.5986828565548467,
    0.5370961103107634,
    0.5170817040543321,
    0.5467688824861082,
    0.46835768676682443,
    0.4548260959045072,
    0.4411916032105372,
    0.4975303560403375
  ],
  "acc_R_macro": null,
  "auc_T": null,
  "latencies_ms": {
    "C": null,
    "S_raw": -160.0000001490116,
    "S_inv": -160.0000001490116,
    "T": null
  },
  "meta": {
    "align": "sacc",
    "orientation": "horizontal",
    "pt_min_ms": 200.0,
    "n_trials": 285,
    "n_bins": 69,
    "n_units": 59,
    "thr": 0.6,
    "k_bins": 5,
    "norm": "global",
    "baseline_win": null,
    "used_axes_mu_sd": false
  }
}