{
  "time": [
    -0.39000000059604645,
    -0.3799999952316284,
    -0.3700000047683716,
    -0.35999999940395355,
    -0.3499999940395355,
    -0.3400000035762787,
    -0.32999999821186066,
    -0.3199999928474426,
    -0.3100000023841858,
    -0.30000000447034836,
    -0.28999999910593033,
    -0.2800000011920929,
    -0.27000000327825546,
    -0.25999999791383743,
    -0.25,
    -0.24000000208616257,
    -0.23000000044703484,
    -0.2200000025331974,
    -0.21000000089406967,
    -0.19999999925494194,
    -0.1900000013411045,
    -0.17999999970197678,
    -0.16999999806284904,
    -0.1600000001490116,
    -0.14999999850988388,
    -0.13999999687075615,
    -0.12999999895691872,
    -0.11999999918043613,
    -0.10999999940395355,
    -0.09999999962747097,
    -0.08999999985098839,
    -0.0800000000745058,
    -0.07000000029802322,
    -0.06000000052154064,
    -0.049999999813735485,
    -0.0400000000372529,
    -0.03000000026077032,
    -0.020000000251457095,
    -0.010000000009313226,
    0.0,
    0.010000000009313226,
    0.020000000251457095,
    0.03000000026077032,
    0.0400000000372529,
    0.049999999813735485,
    0.06000000052154064,
    0.07000000029802322,
    0.0800000000745058,
    0.08999999985098839,
    0.09999999962747097,
    0.10999999940395355,
    0.11999999918043613,
    0.12999999895691872,
    0.13999999687075615,
    0.14999999850988388,
    0.1600000001490116,
    0.16999999806284904,
    0.17999999970197678,
    0.1900000013411045,
    0.19999999925494194,
    0.21000000089406967,
    0.2200000025331974,
    0.23000000044703484,
    0.24000000208616257,
    0.25,
    0.25999999791383743,
    0.27000000327825546,
    0.2800000011920929,
    0.28999999910593033
  ],
  "auc_C": null,
  "auc_S_raw": [
    0.47977979008026345,
    0.4303354599711875,
    0.45919942374974276,
    0.5409034780819099,
    0.5299958839267339,
    0.4916135007203128,
    0.488063387528298,
    0.4950092611648487,
    0.5143548055155382,
    0.5034472113603623,
    0.4854393908211566,
    0.46681415929203535,
    0.48929820950812924,
    0.5279378472936819,
    0.526085614323935,
    0.5389997941963367,
    0.5475920971393291,
    0.5333401934554435,
    0.6105680181107224,
    0.7451121629965014,
    0.7481477670302531,
    0.7450092611648487,
    0.7340502160938464,
    0.7095595801605269,
    0.6910372504630583,
    0.5877238114838444,
    0.5504218975097757,
    0.6236880016464293,
    0.6218872195925087,
    0.5760959045071002,
    0.5761988063387529,
    0.6124717019962956,
    0.5646738011936613,
    0.5394628524387733,
    0.5513994649104754,
    0.5250051450915826,
    0.5202716608355629,
    0.5293270220209919,
    0.49876517802016873,
    0.5355011319201481,
    0.5035501131920148,
    0.5148178637579749,
    0.5076661864581189,
    0.4850277834945462,
    0.541932496398436,
    0.5574706729779789,
    0.5841736982918295,
    0.6027474789051245,
    0.6186458118954518,
    0.6184914591479729,
    0.627392467585923,
    0.6214756122658983,
    0.6069664540028813,
    0.6321259518419426,
    0.5442992385264458,
    0.4692838032516979,
    0.44000823214653223,
    0.4640872607532414,
    0.4876517802016876,
    0.5176476641284214,
    0.5461000205803663,
    0.553869108870138,
    0.6002778349454622,
    0.6077382177402758,
    0.6310969335254167,
    0.598579954723194,
    0.5463572751594978,
    0.5493928791932496,
    0.5300473348425603
  ],
  "auc_S_inv": [
    0.47977979008026345,
    0.4303354599711875,
    0.45919942374974276,
    0.5409034780819099,
    0.5299958839267339,
    0.4916135007203128,
    0.488063387528298,
    0.4950092611648487,
    0.5143548055155382,
    0.5034472113603623,
    0.4854393908211566,
    0.46681415929203535,
    0.48929820950812924,
    0.5279378472936819,
    0.526085614323935,
    0.5389997941963367,
    0.5475920971393291,
    0.5333401934554435,
    0.6105680181107224,
    0.7451121629965014,
    0.7481477670302531,
    0.7450092611648487,
    0.7340502160938464,
    0.7095595801605269,
    0.6910372504630583,
    0.5877238114838444,
    0.5504218975097757,
    0.6236880016464293,
    0.6218872195925087,
    0.5760959045071002,
    0.5761988063387529,
    0.6124717019962956,
    0.5646738011936613,
    0.5394628524387733,
    0.5513994649104754,
    0.5250051450915826,
    0.5202716608355629,
    0.5293270220209919,
    0.49876517802016873,
    0.5355011319201481,
    0.5035501131920148,
    0.5148178637579749,
    0.5076661864581189,
    0.4850277834945462,
    0.541932496398436,
    0.5574706729779789,
    0.5841736982918295,
    0.6027474789051245,
    0.6186458118954518,
    0.6184914591479729,
    0.627392467585923,
    0.6214756122658983,
    0.6069664540028813,
    0.6321259518419426,
    0.5442992385264458,
    0.4692838032516979,
    0.44000823214653223,
    0.4640872607532414,
    0.4876517802016876,
    0.5176476641284214,
    0.5461000205803663,
    0.553869108870138,
    0.6002778349454622,
    0.6077382177402758,
    0.6310969335254167,
    0.598579954723194,
    0.5463572751594978,
    0.5493928791932496,
    0.5300473348425603
  ],
  "acc_R_macro": null,
  "auc_T": null,
  "latencies_ms": {
    "C": null,
    "S_raw": -210.00000089406967,
    "S_inv": -210.00000089406967,
    "T": null
  },
  "meta": {
    "align": "sacc",
    "orientation": "horizontal",
    "pt_min_ms": 200.0,
    "n_trials": 285,
    "n_bins": 69,
    "n_units": 60,
    "thr": 0.6,
    "k_bins": 5,
    "norm": "global",
    "baseline_win": null,
    "used_axes_mu_sd": false
  }
}