{
  "sid": "20231121",
  "align": "sacc",
  "features": [
    "C",
    "S"
  ],
  "winC": [
    -0.3,
    -0.18
  ],
  "winR": null,
  "winS": [
    -0.1,
    -0.03
  ],
  "winT": null,
  "pt_min_ms": 200.0,
  "orientation": "horizontal",
  "areas": [
    "SFEF",
    "SLIP",
    "SSC"
  ],
  "tag": "axes_peakbin_saccCS-sacc-horizontal-20mssw",
  "norm": "global",
  "baseline_win": null,
  "clf_binary": "logreg",
  "C_grid": [
    0.1,
    0.3,
    1.0,
    3.0,
    10.0
  ],
  "lda_shrinkage": null,
  "searchC": true,
  "searchS": true,
  "searchT": false,
  "searchR": false,
  "search_step_ms": 20.0,
  "search_len_ms": [
    50.0,
    100.0,
    150.0,
    200.0,
    250.0
  ],
  "search_range_C": "-0.20:0.05",
  "search_range_S": "-0.20:0.05",
  "search_range_T": null,
  "search_range_R": null,
  "search_score_mode": "peak_bin_auc",
  "search_tiebreak": "shortest_then_closest0",
  "search_tol": 0.01,
  "per_area_results": {
    "SFEF": {
      "winC_selected": [
        -0.02000000000000002,
        0.02999999999999998
      ],
      "winC_cv_best": 0.8430320945945946,
      "winC_best_param": 0.1,
      "winC_peak_time_ms": -10.000000009313226,
      "winC_peak_auc": 0.8430320945945946,
      "winC_mean_bin_auc": 0.8145798141891891,
      "winC_cv_auc_original": 0.889705459770115,
      "winS_selected": [
        -0.10000000000000003,
        0.04999999999999996
      ],
      "winS_cv_best": 0.7987791864088445,
      "winS_peak_time_ms": -10.000000009313226,
      "winS_peak_auc": 0.7987791864088445,
      "sC_auc": 0.8430320945945946,
      "n_trials_C": 308
    },
    "SLIP": {
      "winC_selected": [
        -0.04000000000000002,
        0.009999999999999981
      ],
      "winC_cv_best": 0.5765202702702703,
      "winC_best_param": 1.0,
      "winC_peak_time_ms": -20.000000251457095,
      "winC_peak_auc": 0.5765202702702703,
      "winC_mean_bin_auc": 0.5495513091216216,
      "winC_cv_auc_original": 0.5791235632183909,
      "winS_selected": [
        -0.16000000000000003,
        -0.060000000000000026
      ],
      "winS_cv_best": 0.6214837580569428,
      "winS_peak_time_ms": -99.99999962747097,
      "winS_peak_auc": 0.6214837580569428,
      "sC_auc": 0.5765202702702703,
      "n_trials_C": 308
    },
    "SSC": {
      "winC_selected": [
        -0.02000000000000002,
        0.02999999999999998
      ],
      "winC_cv_best": 0.6672086148648649,
      "winC_best_param": 10.0,
      "winC_peak_time_ms": -10.000000009313226,
      "winC_peak_auc": 0.6672086148648649,
      "winC_mean_bin_auc": 0.6252480996621621,
      "winC_cv_auc_original": 0.7432830459770114,
      "winS_selected": [
        -0.04000000000000002,
        0.009999999999999981
      ],
      "winS_cv_best": 0.7467665514150339,
      "winS_peak_time_ms": -20.000000251457095,
      "winS_peak_auc": 0.7467665514150339,
      "sC_auc": 0.6672086148648649,
      "n_trials_C": 308
    }
  },
  "rebin_factor": null,
  "sliding_window_ms": 20.0,
  "sliding_step_ms": 10.0,
  "sliding_window_bins": 4,
  "sliding_step_bins": 2
}