{
  "time": [
    -0.39000000059604645,
    -0.3799999952316284,
    -0.3700000047683716,
    -0.35999999940395355,
    -0.3499999940395355,
    -0.3400000035762787,
    -0.32999999821186066,
    -0.3199999928474426,
    -0.3100000023841858,
    -0.30000000447034836,
    -0.28999999910593033,
    -0.2800000011920929,
    -0.27000000327825546,
    -0.25999999791383743,
    -0.25,
    -0.24000000208616257,
    -0.23000000044703484,
    -0.2200000025331974,
    -0.21000000089406967,
    -0.19999999925494194,
    -0.1900000013411045,
    -0.17999999970197678,
    -0.16999999806284904,
    -0.1600000001490116,
    -0.14999999850988388,
    -0.13999999687075615,
    -0.12999999895691872,
    -0.11999999918043613,
    -0.10999999940395355,
    -0.09999999962747097,
    -0.08999999985098839,
    -0.0800000000745058,
    -0.07000000029802322,
    -0.06000000052154064,
    -0.049999999813735485,
    -0.0400000000372529,
    -0.03000000026077032,
    -0.020000000251457095,
    -0.010000000009313226,
    0.0,
    0.010000000009313226,
    0.020000000251457095,
    0.03000000026077032,
    0.0400000000372529,
    0.049999999813735485,
    0.06000000052154064,
    0.07000000029802322,
    0.0800000000745058,
    0.08999999985098839,
    0.09999999962747097,
    0.10999999940395355,
    0.11999999918043613,
    0.12999999895691872,
    0.13999999687075615,
    0.14999999850988388,
    0.1600000001490116,
    0.16999999806284904,
    0.17999999970197678,
    0.1900000013411045,
    0.19999999925494194,
    0.21000000089406967,
    0.2200000025331974,
    0.23000000044703484,
    0.24000000208616257,
    0.25,
    0.25999999791383743,
    0.27000000327825546,
    0.2800000011920929,
    0.28999999910593033
  ],
  "auc_C": null,
  "auc_S_raw": [
    0.4771778821074596,
    0.5151278038601982,
    0.519170579029734,
    0.5107589984350548,
    0.4951095461658842,
    0.5674882629107981,
    0.5714658320292123,
    0.5719874804381847,
    0.5863980177360459,
    0.5985915492957746,
    0.5901147626499739,
    0.53547209181012,
    0.5472743870631195,
    0.5620109546165883,
    0.5723135106937923,
    0.5612284820031299,
    0.5572509128847157,
    0.5160406885758999,
    0.44529212310902455,
    0.45259520083463745,
    0.515584246218049,
    0.5076291079812205,
    0.4474439227960355,
    0.43824986958789774,
    0.3968440271257172,
    0.4557902973395931,
    0.48689358372456965,
    0.494848721961398,
    0.5260824204486176,
    0.5560772039645279,
    0.601395409494001,
    0.6239567031820553,
    0.6551251956181533,
    0.6901408450704225,
    0.6997261345852895,
    0.7347417840375586,
    0.8172274387063119,
    0.8590897235263433,
    0.887715179968701,
    0.8934533124673969,
    0.9062989045383413,
    0.9152321335419927,
    0.9355112154407929,
    0.9749608763693272,
    0.9930229525299948,
    0.9578768909754827,
    0.7074856546687532,
    0.6731220657276996,
    0.7706703182055294,
    0.7490219092331768,
    0.5987871674491393,
    0.5255607720396452,
    0.41053729786124155,
    0.32244392279603556,
    0.3401147626499739,
    0.41314553990610325,
    0.4906103286384977,
    0.5818988002086594,
    0.6519300991131978,
    0.6730568596765779,
    0.6487350026082421,
    0.6143714136671884,
    0.6125456442357851,
    0.6162623891497132,
    0.6152842983828899,
    0.619718309859155,
    0.5973526343244653,
    0.5880933750652061,
    0.6003521126760564
  ],
  "auc_S_inv": [
    0.4771778821074596,
    0.5151278038601982,
    0.519170579029734,
    0.5107589984350548,
    0.4951095461658842,
    0.5674882629107981,
    0.5714658320292123,
    0.5719874804381847,
    0.5863980177360459,
    0.5985915492957746,
    0.5901147626499739,
    0.53547209181012,
    0.5472743870631195,
    0.5620109546165883,
    0.5723135106937923,
    0.5612284820031299,
    0.5572509128847157,
    0.5160406885758999,
    0.44529212310902455,
    0.45259520083463745,
    0.515584246218049,
    0.5076291079812205,
    0.4474439227960355,
    0.43824986958789774,
    0.3968440271257172,
    0.4557902973395931,
    0.48689358372456965,
    0.494848721961398,
    0.5260824204486176,
    0.5560772039645279,
    0.601395409494001,
    0.6239567031820553,
    0.6551251956181533,
    0.6901408450704225,
    0.6997261345852895,
    0.7347417840375586,
    0.8172274387063119,
    0.8590897235263433,
    0.887715179968701,
    0.8934533124673969,
    0.9062989045383413,
    0.9152321335419927,
    0.9355112154407929,
    0.9749608763693272,
    0.9930229525299948,
    0.9578768909754827,
    0.7074856546687532,
    0.6731220657276996,
    0.7706703182055294,
    0.7490219092331768,
    0.5987871674491393,
    0.5255607720396452,
    0.41053729786124155,
    0.32244392279603556,
    0.3401147626499739,
    0.41314553990610325,
    0.4906103286384977,
    0.5818988002086594,
    0.6519300991131978,
    0.6730568596765779,
    0.6487350026082421,
    0.6143714136671884,
    0.6125456442357851,
    0.6162623891497132,
    0.6152842983828899,
    0.619718309859155,
    0.5973526343244653,
    0.5880933750652061,
    0.6003521126760564
  ],
  "acc_R_macro": null,
  "auc_T": null,
  "latencies_ms": {
    "C": null,
    "S_raw": -89.99999985098839,
    "S_inv": -89.99999985098839,
    "T": null
  },
  "meta": {
    "align": "sacc",
    "orientation": "horizontal",
    "pt_min_ms": 200.0,
    "n_trials": 250,
    "n_bins": 69,
    "n_units": 78,
    "thr": 0.6,
    "k_bins": 5,
    "norm": "global",
    "baseline_win": null,
    "used_axes_mu_sd": false
  }
}