{
  "time": [
    -0.39000000059604645,
    -0.3799999952316284,
    -0.3700000047683716,
    -0.35999999940395355,
    -0.3499999940395355,
    -0.3400000035762787,
    -0.32999999821186066,
    -0.3199999928474426,
    -0.3100000023841858,
    -0.30000000447034836,
    -0.28999999910593033,
    -0.2800000011920929,
    -0.27000000327825546,
    -0.25999999791383743,
    -0.25,
    -0.24000000208616257,
    -0.23000000044703484,
    -0.2200000025331974,
    -0.21000000089406967,
    -0.19999999925494194,
    -0.1900000013411045,
    -0.17999999970197678,
    -0.16999999806284904,
    -0.1600000001490116,
    -0.14999999850988388,
    -0.13999999687075615,
    -0.12999999895691872,
    -0.11999999918043613,
    -0.10999999940395355,
    -0.09999999962747097,
    -0.08999999985098839,
    -0.0800000000745058,
    -0.07000000029802322,
    -0.06000000052154064,
    -0.049999999813735485,
    -0.0400000000372529,
    -0.03000000026077032,
    -0.020000000251457095,
    -0.010000000009313226,
    0.0,
    0.010000000009313226,
    0.020000000251457095,
    0.03000000026077032,
    0.0400000000372529,
    0.049999999813735485,
    0.06000000052154064,
    0.07000000029802322,
    0.0800000000745058,
    0.08999999985098839,
    0.09999999962747097,
    0.10999999940395355,
    0.11999999918043613,
    0.12999999895691872,
    0.13999999687075615,
    0.14999999850988388,
    0.1600000001490116,
    0.16999999806284904,
    0.17999999970197678,
    0.1900000013411045,
    0.19999999925494194,
    0.21000000089406967,
    0.2200000025331974,
    0.23000000044703484,
    0.24000000208616257,
    0.25,
    0.25999999791383743,
    0.27000000327825546,
    0.2800000011920929,
    0.28999999910593033
  ],
  "auc_C": null,
  "auc_S_raw": [
    0.5660537297861241,
    0.4974569640062598,
    0.5041731872717788,
    0.5817031820552948,
    0.540623369848722,
    0.548187271778821,
    0.5603155972874283,
    0.5103677621283256,
    0.46485393844548784,
    0.4593114241001566,
    0.4908059467918623,
    0.5142801251956182,
    0.4880020865936359,
    0.5059989567031821,
    0.5204747000521648,
    0.5246478873239436,
    0.5333854981742305,
    0.50802034428795,
    0.48637193531559736,
    0.4528560250391237,
    0.4966744913928013,
    0.5668362023995827,
    0.5897235263432447,
    0.5931794470526863,
    0.6100678142931665,
    0.6341940532081377,
    0.653755868544601,
    0.7473917579551381,
    0.7917318727177881,
    0.7748435054773083,
    0.7980568596765779,
    0.8245957224830464,
    0.8598069900886803,
    0.8965179968701096,
    0.9017996870109547,
    0.9088419405320814,
    0.8961267605633803,
    0.9178403755868545,
    0.954942618675013,
    0.9508346374543557,
    0.957094418362024,
    0.925339071465832,
    0.9360980699008867,
    0.8844548774126239,
    0.7775169535732915,
    0.759585289514867,
    0.7814293166405842,
    0.8118805425143453,
    0.7688445487741262,
    0.7438054251434533,
    0.7932968179447053,
    0.7975352112676055,
    0.7489567031820553,
    0.7147887323943661,
    0.708659363588941,
    0.6522561293688054,
    0.649321857068336,
    0.672209181011998,
    0.6341940532081377,
    0.6233046426708397,
    0.6435837245696401,
    0.6637323943661971,
    0.636867501304121,
    0.5785080855503392,
    0.509454877412624,
    0.5124543557642149,
    0.536906624934794,
    0.540166927490871,
    0.5123891497130934
  ],
  "auc_S_inv": [
    0.5660537297861241,
    0.4974569640062598,
    0.5041731872717788,
    0.5817031820552948,
    0.540623369848722,
    0.548187271778821,
    0.5603155972874283,
    0.5103677621283256,
    0.46485393844548784,
    0.4593114241001566,
    0.4908059467918623,
    0.5142801251956182,
    0.4880020865936359,
    0.5059989567031821,
    0.5204747000521648,
    0.5246478873239436,
    0.5333854981742305,
    0.50802034428795,
    0.48637193531559736,
    0.4528560250391237,
    0.4966744913928013,
    0.5668362023995827,
    0.5897235263432447,
    0.5931794470526863,
    0.6100678142931665,
    0.6341940532081377,
    0.653755868544601,
    0.7473917579551381,
    0.7917318727177881,
    0.7748435054773083,
    0.7980568596765779,
    0.8245957224830464,
    0.8598069900886803,
    0.8965179968701096,
    0.9017996870109547,
    0.9088419405320814,
    0.8961267605633803,
    0.9178403755868545,
    0.954942618675013,
    0.9508346374543557,
    0.957094418362024,
    0.925339071465832,
    0.9360980699008867,
    0.8844548774126239,
    0.7775169535732915,
    0.759585289514867,
    0.7814293166405842,
    0.8118805425143453,
    0.7688445487741262,
    0.7438054251434533,
    0.7932968179447053,
    0.7975352112676055,
    0.7489567031820553,
    0.7147887323943661,
    0.708659363588941,
    0.6522561293688054,
    0.649321857068336,
    0.672209181011998,
    0.6341940532081377,
    0.6233046426708397,
    0.6435837245696401,
    0.6637323943661971,
    0.636867501304121,
    0.5785080855503392,
    0.509454877412624,
    0.5124543557642149,
    0.536906624934794,
    0.540166927490871,
    0.5123891497130934
  ],
  "acc_R_macro": null,
  "auc_T": null,
  "latencies_ms": {
    "C": null,
    "S_raw": -149.99999850988388,
    "S_inv": -149.99999850988388,
    "T": null
  },
  "meta": {
    "align": "sacc",
    "orientation": "horizontal",
    "pt_min_ms": 200.0,
    "n_trials": 250,
    "n_bins": 69,
    "n_units": 71,
    "thr": 0.6,
    "k_bins": 5,
    "norm": "global",
    "baseline_win": null,
    "used_axes_mu_sd": false
  }
}