{
  "sid": "20201211",
  "trainC": [
    -0.3,
    -0.1
  ],
  "trainS": [
    -0.1,
    -0.03
  ],
  "orientation": "vertical",
  "areas": {
    "MFEF": {
      "sC_auc_mean": 0.5901199862440173,
      "sSraw_auc_mean": 0.9954086317722682,
      "cos_sSraw_sC": 0.0021784593402483306,
      "auc_C_from_sSraw": 0.519981866369089,
      "auc_C_from_sSinv": 0.5194239084949086
    },
    "MLIP": {
      "sC_auc_mean": 0.6193161131145628,
      "sSraw_auc_mean": 0.7206611570247933,
      "cos_sSraw_sC": 0.012327958466264536,
      "auc_C_from_sSraw": 0.5122053284976984,
      "auc_C_from_sSinv": 0.5102176035709304
    },
    "MSC": {
      "sC_auc_mean": 0.5733383182995585,
      "sSraw_auc_mean": 0.7526170798898072,
      "cos_sSraw_sC": 0.15850059082053908,
      "auc_C_from_sSraw": 0.5300948528386107,
      "auc_C_from_sSinv": 0.4965476356535081
    }
  }
}