{
  "time": [
    -0.39000000059604645,
    -0.3799999952316284,
    -0.3700000047683716,
    -0.35999999940395355,
    -0.3499999940395355,
    -0.3400000035762787,
    -0.32999999821186066,
    -0.3199999928474426,
    -0.3100000023841858,
    -0.30000000447034836,
    -0.28999999910593033,
    -0.2800000011920929,
    -0.27000000327825546,
    -0.25999999791383743,
    -0.25,
    -0.24000000208616257,
    -0.23000000044703484,
    -0.2200000025331974,
    -0.21000000089406967,
    -0.19999999925494194,
    -0.1900000013411045,
    -0.17999999970197678,
    -0.16999999806284904,
    -0.1600000001490116,
    -0.14999999850988388,
    -0.13999999687075615,
    -0.12999999895691872,
    -0.11999999918043613,
    -0.10999999940395355,
    -0.09999999962747097,
    -0.08999999985098839,
    -0.0800000000745058,
    -0.07000000029802322,
    -0.06000000052154064,
    -0.049999999813735485,
    -0.0400000000372529,
    -0.03000000026077032,
    -0.020000000251457095,
    -0.010000000009313226,
    0.0,
    0.010000000009313226,
    0.020000000251457095,
    0.03000000026077032,
    0.0400000000372529,
    0.049999999813735485,
    0.06000000052154064,
    0.07000000029802322,
    0.0800000000745058,
    0.08999999985098839,
    0.09999999962747097,
    0.10999999940395355,
    0.11999999918043613,
    0.12999999895691872,
    0.13999999687075615,
    0.14999999850988388,
    0.1600000001490116,
    0.16999999806284904,
    0.17999999970197678,
    0.1900000013411045,
    0.19999999925494194,
    0.21000000089406967,
    0.2200000025331974,
    0.23000000044703484,
    0.24000000208616257,
    0.25,
    0.25999999791383743,
    0.27000000327825546,
    0.2800000011920929,
    0.28999999910593033
  ],
  "auc_C": null,
  "auc_S_raw": [
    0.44994548518188127,
    0.4312122113192586,
    0.4794330458915651,
    0.49259094062840714,
    0.5096639904846864,
    0.4647636039250669,
    0.4532659331945683,
    0.483744672415502,
    0.4971751412429378,
    0.5456933293686194,
    0.5378630191297452,
    0.5240856378233719,
    0.47432847655862825,
    0.5100604618891862,
    0.5263157894736842,
    0.48270393497868963,
    0.4938546932302508,
    0.49420160570918825,
    0.4730895034195658,
    0.4902368916641887,
    0.4156011497670731,
    0.3764495985727029,
    0.4083159877093864,
    0.4379522251957577,
    0.4307661809891961,
    0.4680344930121914,
    0.4723461195361285,
    0.4858757062146893,
    0.5661116067003668,
    0.5787986916443651,
    0.5833581127961145,
    0.6232034889483595,
    0.6729606502131034,
    0.7807513133115275,
    0.8168797700465853,
    0.8299633263950837,
    0.8594508871047676,
    0.8860144712062642,
    0.9101496679551986,
    0.9305679452869461,
    0.9366141342055704,
    0.9665972841708792,
    0.960154623847755,
    0.9670433145009416,
    0.9743780354841908,
    0.9628308058281296,
    0.967390226979879,
    0.9698186143324412,
    0.9449400337000694,
    0.8865100604618892,
    0.8526117553771434,
    0.8109326989790862,
    0.7602834770542174,
    0.7019030627415997,
    0.65957974031123,
    0.7013083556348498,
    0.7269303201506591,
    0.6567053226286054,
    0.6057091882247994,
    0.5903954802259886,
    0.6047180097135494,
    0.6605213598969174,
    0.6615125384081673,
    0.6210228962236098,
    0.6749925661611657,
    0.7332738626226583,
    0.7194469223907225,
    0.692288631182476,
    0.6819308157399148
  ],
  "auc_S_inv": [
    0.44994548518188127,
    0.4312122113192586,
    0.4794330458915651,
    0.49259094062840714,
    0.5096639904846864,
    0.4647636039250669,
    0.4532659331945683,
    0.483744672415502,
    0.4971751412429378,
    0.5456933293686194,
    0.5378630191297452,
    0.5240856378233719,
    0.47432847655862825,
    0.5100604618891862,
    0.5263157894736842,
    0.48270393497868963,
    0.4938546932302508,
    0.49420160570918825,
    0.4730895034195658,
    0.4902368916641887,
    0.4156011497670731,
    0.3764495985727029,
    0.4083159877093864,
    0.4379522251957577,
    0.4307661809891961,
    0.4680344930121914,
    0.4723461195361285,
    0.4858757062146893,
    0.5661116067003668,
    0.5787986916443651,
    0.5833581127961145,
    0.6232034889483595,
    0.6729606502131034,
    0.7807513133115275,
    0.8168797700465853,
    0.8299633263950837,
    0.8594508871047676,
    0.8860144712062642,
    0.9101496679551986,
    0.9305679452869461,
    0.9366141342055704,
    0.9665972841708792,
    0.960154623847755,
    0.9670433145009416,
    0.9743780354841908,
    0.9628308058281296,
    0.967390226979879,
    0.9698186143324412,
    0.9449400337000694,
    0.8865100604618892,
    0.8526117553771434,
    0.8109326989790862,
    0.7602834770542174,
    0.7019030627415997,
    0.65957974031123,
    0.7013083556348498,
    0.7269303201506591,
    0.6567053226286054,
    0.6057091882247994,
    0.5903954802259886,
    0.6047180097135494,
    0.6605213598969174,
    0.6615125384081673,
    0.6210228962236098,
    0.6749925661611657,
    0.7332738626226583,
    0.7194469223907225,
    0.692288631182476,
    0.6819308157399148
  ],
  "acc_R_macro": null,
  "auc_T": null,
  "latencies_ms": {
    "C": null,
    "S_raw": -80.0000000745058,
    "S_inv": -80.0000000745058,
    "T": null
  },
  "meta": {
    "align": "sacc",
    "orientation": "horizontal",
    "pt_min_ms": 200.0,
    "n_trials": 291,
    "n_bins": 69,
    "n_units": 82,
    "thr": 0.6,
    "k_bins": 5,
    "norm": "global",
    "baseline_win": null,
    "used_axes_mu_sd": false
  }
}