{
  "time": [
    -0.39000000059604645,
    -0.3799999952316284,
    -0.3700000047683716,
    -0.35999999940395355,
    -0.3499999940395355,
    -0.3400000035762787,
    -0.32999999821186066,
    -0.3199999928474426,
    -0.3100000023841858,
    -0.30000000447034836,
    -0.28999999910593033,
    -0.2800000011920929,
    -0.27000000327825546,
    -0.25999999791383743,
    -0.25,
    -0.24000000208616257,
    -0.23000000044703484,
    -0.2200000025331974,
    -0.21000000089406967,
    -0.19999999925494194,
    -0.1900000013411045,
    -0.17999999970197678,
    -0.16999999806284904,
    -0.1600000001490116,
    -0.14999999850988388,
    -0.13999999687075615,
    -0.12999999895691872,
    -0.11999999918043613,
    -0.10999999940395355,
    -0.09999999962747097,
    -0.08999999985098839,
    -0.0800000000745058,
    -0.07000000029802322,
    -0.06000000052154064,
    -0.049999999813735485,
    -0.0400000000372529,
    -0.03000000026077032,
    -0.020000000251457095,
    -0.010000000009313226,
    0.0,
    0.010000000009313226,
    0.020000000251457095,
    0.03000000026077032,
    0.0400000000372529,
    0.049999999813735485,
    0.06000000052154064,
    0.07000000029802322,
    0.0800000000745058,
    0.08999999985098839,
    0.09999999962747097,
    0.10999999940395355,
    0.11999999918043613,
    0.12999999895691872,
    0.13999999687075615,
    0.14999999850988388,
    0.1600000001490116,
    0.16999999806284904,
    0.17999999970197678,
    0.1900000013411045,
    0.19999999925494194,
    0.21000000089406967,
    0.2200000025331974,
    0.23000000044703484,
    0.24000000208616257,
    0.25,
    0.25999999791383743,
    0.27000000327825546,
    0.2800000011920929,
    0.28999999910593033
  ],
  "auc_C": null,
  "auc_S_raw": [
    0.5634354247199921,
    0.5762216275151154,
    0.6109624343344237,
    0.6067003667360491,
    0.5769650113985529,
    0.6348002775299831,
    0.6449102983447318,
    0.6024382991376748,
    0.588314005352364,
    0.5902468034493012,
    0.5373178709485578,
    0.5712657349588661,
    0.5008920606601248,
    0.47229656061056596,
    0.5192288631182476,
    0.4490038655961938,
    0.4658043413618793,
    0.5245316681534344,
    0.5049558925562493,
    0.4803251065516899,
    0.4986123500842502,
    0.5129348795718109,
    0.5440083258994945,
    0.6570522351075428,
    0.6850034691247895,
    0.7401129943502825,
    0.7821389632272772,
    0.8380909901873327,
    0.8848746159183267,
    0.9200118941421349,
    0.948012687084944,
    0.9742789176330657,
    0.9857765883635642,
    0.984438497373377,
    0.991475864803251,
    0.9953414609971256,
    0.995886609178313,
    0.9999504410744375,
    1.0,
    1.0,
    0.99980176429775,
    0.999900882148875,
    0.9980176429775003,
    0.9988601447120626,
    0.9991574982654376,
    0.9967291109128754,
    0.9949449895926257,
    0.9933095450490634,
    0.9769550996134404,
    0.976013480027753,
    0.9656556645851917,
    0.9524729903855684,
    0.9253146991773218,
    0.9284369114877589,
    0.9238774903360095,
    0.8867578550897017,
    0.8701060561007037,
    0.8946872831797007,
    0.9022697987907622,
    0.8936465457428883,
    0.8656457528000793,
    0.8084051937753989,
    0.836207751015958,
    0.8644563385865794,
    0.8405193775398949,
    0.8319456834175835,
    0.792744573297651,
    0.7572108236693428,
    0.7902170680939637
  ],
  "auc_S_inv": [
    0.5634354247199921,
    0.5762216275151154,
    0.6109624343344237,
    0.6067003667360491,
    0.5769650113985529,
    0.6348002775299831,
    0.6449102983447318,
    0.6024382991376748,
    0.588314005352364,
    0.5902468034493012,
    0.5373178709485578,
    0.5712657349588661,
    0.5008920606601248,
    0.47229656061056596,
    0.5192288631182476,
    0.4490038655961938,
    0.4658043413618793,
    0.5245316681534344,
    0.5049558925562493,
    0.4803251065516899,
    0.4986123500842502,
    0.5129348795718109,
    0.5440083258994945,
    0.6570522351075428,
    0.6850034691247895,
    0.7401129943502825,
    0.7821389632272772,
    0.8380909901873327,
    0.8848746159183267,
    0.9200118941421349,
    0.948012687084944,
    0.9742789176330657,
    0.9857765883635642,
    0.984438497373377,
    0.991475864803251,
    0.9953414609971256,
    0.995886609178313,
    0.9999504410744375,
    1.0,
    1.0,
    0.99980176429775,
    0.999900882148875,
    0.9980176429775003,
    0.9988601447120626,
    0.9991574982654376,
    0.9967291109128754,
    0.9949449895926257,
    0.9933095450490634,
    0.9769550996134404,
    0.976013480027753,
    0.9656556645851917,
    0.9524729903855684,
    0.9253146991773218,
    0.9284369114877589,
    0.9238774903360095,
    0.8867578550897017,
    0.8701060561007037,
    0.8946872831797007,
    0.9022697987907622,
    0.8936465457428883,
    0.8656457528000793,
    0.8084051937753989,
    0.836207751015958,
    0.8644563385865794,
    0.8405193775398949,
    0.8319456834175835,
    0.792744573297651,
    0.7572108236693428,
    0.7902170680939637
  ],
  "acc_R_macro": null,
  "auc_T": null,
  "latencies_ms": {
    "C": null,
    "S_raw": -160.0000001490116,
    "S_inv": -160.0000001490116,
    "T": null
  },
  "meta": {
    "align": "sacc",
    "orientation": "horizontal",
    "pt_min_ms": 200.0,
    "n_trials": 291,
    "n_bins": 69,
    "n_units": 123,
    "thr": 0.6,
    "k_bins": 5,
    "norm": "global",
    "baseline_win": null,
    "used_axes_mu_sd": false
  }
}