{
  "time": [
    -0.39000000059604645,
    -0.3799999952316284,
    -0.3700000047683716,
    -0.35999999940395355,
    -0.3499999940395355,
    -0.3400000035762787,
    -0.32999999821186066,
    -0.3199999928474426,
    -0.3100000023841858,
    -0.30000000447034836,
    -0.28999999910593033,
    -0.2800000011920929,
    -0.27000000327825546,
    -0.25999999791383743,
    -0.25,
    -0.24000000208616257,
    -0.23000000044703484,
    -0.2200000025331974,
    -0.21000000089406967,
    -0.19999999925494194,
    -0.1900000013411045,
    -0.17999999970197678,
    -0.16999999806284904,
    -0.1600000001490116,
    -0.14999999850988388,
    -0.13999999687075615,
    -0.12999999895691872,
    -0.11999999918043613,
    -0.10999999940395355,
    -0.09999999962747097,
    -0.08999999985098839,
    -0.0800000000745058,
    -0.07000000029802322,
    -0.06000000052154064,
    -0.049999999813735485,
    -0.0400000000372529,
    -0.03000000026077032,
    -0.020000000251457095,
    -0.010000000009313226,
    0.0,
    0.010000000009313226,
    0.020000000251457095,
    0.03000000026077032,
    0.0400000000372529,
    0.049999999813735485,
    0.06000000052154064,
    0.07000000029802322,
    0.0800000000745058,
    0.08999999985098839,
    0.09999999962747097,
    0.10999999940395355,
    0.11999999918043613,
    0.12999999895691872,
    0.13999999687075615,
    0.14999999850988388,
    0.1600000001490116,
    0.16999999806284904,
    0.17999999970197678,
    0.1900000013411045,
    0.19999999925494194,
    0.21000000089406967,
    0.2200000025331974,
    0.23000000044703484,
    0.24000000208616257,
    0.25,
    0.25999999791383743,
    0.27000000327825546,
    0.2800000011920929,
    0.28999999910593033
  ],
  "auc_C": null,
  "auc_S_raw": [
    0.49333432451184456,
    0.47202398651997224,
    0.49100505501040737,
    0.46974427594409757,
    0.40063435424719984,
    0.4224650609574785,
    0.43212905144216474,
    0.3732034889483596,
    0.3423034988601447,
    0.3532312419466746,
    0.3797452671226088,
    0.3542967588462682,
    0.37511150758251555,
    0.42221726632966594,
    0.3708742194469224,
    0.39357220735454457,
    0.4302210328080087,
    0.4327485380116959,
    0.4265784517791654,
    0.45304291802953717,
    0.5067152344137179,
    0.5555059966299931,
    0.5860095153137079,
    0.5882396669640202,
    0.5865051045693329,
    0.6613638616314798,
    0.7001437208841311,
    0.7063138071166617,
    0.7410546139359699,
    0.7331004063831895,
    0.6653285756764794,
    0.5518138566755871,
    0.5358311031816829,
    0.5772871444147091,
    0.5696302904153039,
    0.5974824065814253,
    0.5208890871245911,
    0.5001982357022499,
    0.5054019228863118,
    0.5343938943403707,
    0.5186093765487164,
    0.48478540985231444,
    0.48612350084250167,
    0.4848101893150957,
    0.508722370898999,
    0.5600654177817426,
    0.5474278917633066,
    0.5554316582416492,
    0.5659877093864605,
    0.5976806422836753,
    0.6224105461393596,
    0.5624194667459609,
    0.5282485875706214,
    0.45450490633363066,
    0.4113390821686985,
    0.45777579542075525,
    0.45884131232034886,
    0.472494796312816,
    0.4766577460600654,
    0.5029983149965309,
    0.49254138170284467,
    0.5088710476756864,
    0.4711814847854098,
    0.44739320051541287,
    0.4545544652591932,
    0.5026266230548121,
    0.47378332837744086,
    0.44181782138963227,
    0.47588958271384674
  ],
  "auc_S_inv": [
    0.49333432451184456,
    0.47202398651997224,
    0.49100505501040737,
    0.46974427594409757,
    0.40063435424719984,
    0.4224650609574785,
    0.43212905144216474,
    0.3732034889483596,
    0.3423034988601447,
    0.3532312419466746,
    0.3797452671226088,
    0.3542967588462682,
    0.37511150758251555,
    0.42221726632966594,
    0.3708742194469224,
    0.39357220735454457,
    0.4302210328080087,
    0.4327485380116959,
    0.4265784517791654,
    0.45304291802953717,
    0.5067152344137179,
    0.5555059966299931,
    0.5860095153137079,
    0.5882396669640202,
    0.5865051045693329,
    0.6613638616314798,
    0.7001437208841311,
    0.7063138071166617,
    0.7410546139359699,
    0.7331004063831895,
    0.6653285756764794,
    0.5518138566755871,
    0.5358311031816829,
    0.5772871444147091,
    0.5696302904153039,
    0.5974824065814253,
    0.5208890871245911,
    0.5001982357022499,
    0.5054019228863118,
    0.5343938943403707,
    0.5186093765487164,
    0.48478540985231444,
    0.48612350084250167,
    0.4848101893150957,
    0.508722370898999,
    0.5600654177817426,
    0.5474278917633066,
    0.5554316582416492,
    0.5659877093864605,
    0.5976806422836753,
    0.6224105461393596,
    0.5624194667459609,
    0.5282485875706214,
    0.45450490633363066,
    0.4113390821686985,
    0.45777579542075525,
    0.45884131232034886,
    0.472494796312816,
    0.4766577460600654,
    0.5029983149965309,
    0.49254138170284467,
    0.5088710476756864,
    0.4711814847854098,
    0.44739320051541287,
    0.4545544652591932,
    0.5026266230548121,
    0.47378332837744086,
    0.44181782138963227,
    0.47588958271384674
  ],
  "acc_R_macro": null,
  "auc_T": null,
  "latencies_ms": {
    "C": null,
    "S_raw": -139.99999687075615,
    "S_inv": -139.99999687075615,
    "T": null
  },
  "meta": {
    "align": "sacc",
    "orientation": "horizontal",
    "pt_min_ms": 200.0,
    "n_trials": 291,
    "n_bins": 69,
    "n_units": 23,
    "thr": 0.6,
    "k_bins": 5,
    "norm": "global",
    "baseline_win": null,
    "used_axes_mu_sd": false
  }
}