{
  "analysis": "axis_shuffle",
  "description": "Axis angle with label-shuffle null",
  "hypothesis": "Tests whether C-S axis alignment is label-specific (greater than shuffle)",
  "note": "NOT appropriate for testing orthogonality; use axis_cov (Analysis C) instead",
  "created": "2026-01-29T16:47:58.264517",
  "n_sessions": 21,
  "mean_a_obs": 0.10190469685191583,
  "mean_null": 0.08739191371651281,
  "mean_delta": 0.014512783135403027,
  "sem_delta": 0.016220524834032482,
  "mean_theta_obs_deg": 84.12811283588644,
  "mean_theta_null_deg": 84.9712339774071,
  "group_p_greater": 0.21192788072119279,
  "group_p_less": 0.7880821191788082,
  "per_session": [
    {
      "sid": "20200327",
      "area": "MFEF",
      "monkey": "M",
      "analysis": "axis_shuffle",
      "axes_tag": "axes_peakbin_saccCS-sacc-horizontal-20mssw",
      "a_obs": 0.1728657337232755,
      "theta_obs_deg": 80.04551913856181,
      "null_mean": 0.11801401802528878,
      "null_std": 0.09103309693820816,
      "null_median": 0.1000701250730723,
      "null_angle_mean_deg": 83.18540879279786,
      "p_greater": 0.25874125874125875,
      "p_less": 0.7422577422577422,
      "n_perms_valid": 1000,
      "delta": 0.054851715697986705,
      "delta_theta_deg": -3.1398896542360433,
      "winS": [
        -2.0816681711721685e-17,
        0.04999999999999998
      ],
      "n_trials": 284,
      "n_valid_trials": 284
    },
    {
      "sid": "20200328",
      "area": "MFEF",
      "monkey": "M",
      "analysis": "axis_shuffle",
      "axes_tag": "axes_peakbin_saccCS-sacc-horizontal-20mssw",
      "a_obs": 0.09184780528503779,
      "theta_obs_deg": 84.73008108916711,
      "null_mean": 0.0868520688277664,
      "null_std": 0.06373980260972059,
      "null_median": 0.07358916080620484,
      "null_angle_mean_deg": 85.00485125319584,
      "p_greater": 0.4155844155844156,
      "p_less": 0.5854145854145855,
      "n_perms_valid": 1000,
      "delta": 0.004995736457271388,
      "delta_theta_deg": -0.27477016402872323,
      "winS": [
        -0.02000000000000002,
        0.02999999999999998
      ],
      "n_trials": 247,
      "n_valid_trials": 247
    },
    {
      "sid": "20200401",
      "area": "MFEF",
      "monkey": "M",
      "analysis": "axis_shuffle",
      "axes_tag": "axes_peakbin_saccCS-sacc-horizontal-20mssw",
      "a_obs": 0.18227204796693836,
      "theta_obs_deg": 79.49787177175489,
      "null_mean": 0.0884666025737454,
      "null_std": 0.06562483603496429,
      "null_median": 0.07738567845201401,
      "null_angle_mean_deg": 84.9106382610519,
      "p_greater": 0.1038961038961039,
      "p_less": 0.8971028971028971,
      "n_perms_valid": 1000,
      "delta": 0.09380544539319295,
      "delta_theta_deg": -5.412766489297013,
      "winS": [
        -0.02000000000000002,
        0.02999999999999998
      ],
      "n_trials": 250,
      "n_valid_trials": 250
    },
    {
      "sid": "20200402",
      "area": "MFEF",
      "monkey": "M",
      "analysis": "axis_shuffle",
      "axes_tag": "axes_peakbin_saccCS-sacc-horizontal-20mssw",
      "a_obs": 0.1534400088094795,
      "theta_obs_deg": 81.17366692148227,
      "null_mean": 0.07803094264717668,
      "null_std": 0.059888251686370055,
      "null_median": 0.06441283731884706,
      "null_angle_mean_deg": 85.51423123425712,
      "p_greater": 0.12687312687312688,
      "p_less": 0.8741258741258742,
      "n_perms_valid": 1000,
      "delta": 0.07540906616230282,
      "delta_theta_deg": -4.340564312774859,
      "winS": [
        -0.060000000000000026,
        0.03999999999999998
      ],
      "n_trials": 237,
      "n_valid_trials": 237
    },
    {
      "sid": "20200926",
      "area": "MFEF",
      "monkey": "M",
      "analysis": "axis_shuffle",
      "axes_tag": "axes_peakbin_saccCS-sacc-horizontal-20mssw",
      "a_obs": 0.10965862136721585,
      "theta_obs_deg": 83.70436303204787,
      "null_mean": 0.07529310199878372,
      "null_std": 0.05318209587150616,
      "null_median": 0.06564365630877678,
      "null_angle_mean_deg": 85.67453777135272,
      "p_greater": 0.25274725274725274,
      "p_less": 0.7482517482517482,
      "n_perms_valid": 1000,
      "delta": 0.03436551936843213,
      "delta_theta_deg": -1.970174739304852,
      "winS": [
        -0.02000000000000002,
        0.02999999999999998
      ],
      "n_trials": 290,
      "n_valid_trials": 290
    },
    {
      "sid": "20200929",
      "area": "MFEF",
      "monkey": "M",
      "analysis": "axis_shuffle",
      "axes_tag": "axes_peakbin_saccCS-sacc-horizontal-20mssw",
      "a_obs": 0.08464190632829353,
      "theta_obs_deg": 85.14456659388367,
      "null_mean": 0.08016243003669708,
      "null_std": 0.06131628447739624,
      "null_median": 0.06740227181121526,
      "null_angle_mean_deg": 85.39088573036769,
      "p_greater": 0.3886113886113886,
      "p_less": 0.6123876123876124,
      "n_perms_valid": 1000,
      "delta": 0.0044794762915964514,
      "delta_theta_deg": -0.24631913648401849,
      "winS": [
        -0.02000000000000002,
        0.02999999999999998
      ],
      "n_trials": 264,
      "n_valid_trials": 264
    },
    {
      "sid": "20201001",
      "area": "MFEF",
      "monkey": "M",
      "analysis": "axis_shuffle",
      "axes_tag": "axes_peakbin_saccCS-sacc-horizontal-20mssw",
      "a_obs": 0.035009146533309284,
      "theta_obs_deg": 87.99371368596975,
      "null_mean": 0.05908949524332429,
      "null_std": 0.042954833477618144,
      "null_median": 0.049736676065063594,
      "null_angle_mean_deg": 86.60864396982053,
      "p_greater": 0.6423576423576424,
      "p_less": 0.35864135864135865,
      "n_perms_valid": 1000,
      "delta": -0.024080348710015007,
      "delta_theta_deg": 1.3850697161492178,
      "winS": [
        -0.02000000000000002,
        0.02999999999999998
      ],
      "n_trials": 256,
      "n_valid_trials": 256
    },
    {
      "sid": "20201004",
      "area": "MFEF",
      "monkey": "M",
      "analysis": "axis_shuffle",
      "axes_tag": "axes_peakbin_saccCS-sacc-horizontal-20mssw",
      "a_obs": 0.07857133445934596,
      "theta_obs_deg": 85.49354928046705,
      "null_mean": 0.07208894122854735,
      "null_std": 0.054552171761936157,
      "null_median": 0.06162931360954241,
      "null_angle_mean_deg": 85.85819021853276,
      "p_greater": 0.3856143856143856,
      "p_less": 0.6153846153846154,
      "n_perms_valid": 1000,
      "delta": 0.006482393230798605,
      "delta_theta_deg": -0.36464093806570474,
      "winS": [
        -0.02000000000000002,
        0.02999999999999998
      ],
      "n_trials": 291,
      "n_valid_trials": 291
    },
    {
      "sid": "20201204",
      "area": "MFEF",
      "monkey": "M",
      "analysis": "axis_shuffle",
      "axes_tag": "axes_peakbin_saccCS-sacc-horizontal-20mssw",
      "a_obs": 0.031057402745771553,
      "theta_obs_deg": 88.220255709434,
      "null_mean": 0.08807493798409215,
      "null_std": 0.066191298870715,
      "null_median": 0.07571034079824035,
      "null_angle_mean_deg": 84.93307042714645,
      "p_greater": 0.7852147852147852,
      "p_less": 0.21578421578421578,
      "n_perms_valid": 1000,
      "delta": -0.057017535238320594,
      "delta_theta_deg": 3.2871852822875525,
      "winS": [
        -0.02000000000000002,
        0.02999999999999998
      ],
      "n_trials": 285,
      "n_valid_trials": 285
    },
    {
      "sid": "20201211",
      "area": "MFEF",
      "monkey": "M",
      "analysis": "axis_shuffle",
      "axes_tag": "axes_peakbin_saccCS-sacc-horizontal-20mssw",
      "a_obs": 0.10485594679086481,
      "theta_obs_deg": 83.98113289523924,
      "null_mean": 0.09199438603106602,
      "null_std": 0.06725540703485235,
      "null_median": 0.07867447256029217,
      "null_angle_mean_deg": 84.70649453793132,
      "p_greater": 0.3626373626373626,
      "p_less": 0.6383616383616384,
      "n_perms_valid": 1000,
      "delta": 0.012861560759798787,
      "delta_theta_deg": -0.7253616426920786,