{
  "sid": "20230705",
  "align": "sacc",
  "features": [
    "C",
    "S"
  ],
  "winC": [
    -0.3,
    -0.18
  ],
  "winR": null,
  "winS": [
    -0.1,
    -0.03
  ],
  "winT": null,
  "pt_min_ms": 200.0,
  "orientation": "horizontal",
  "areas": [
    "SFEF",
    "SLIP"
  ],
  "tag": "axes_peakbin_saccCS-sacc-horizontal-20mssw_nofilter",
  "norm": "global",
  "baseline_win": null,
  "clf_binary": "logreg",
  "C_grid": [
    0.1,
    0.3,
    1.0,
    3.0,
    10.0
  ],
  "lda_shrinkage": null,
  "searchC": true,
  "searchS": true,
  "searchT": false,
  "searchR": false,
  "search_step_ms": 20.0,
  "search_len_ms": [
    50.0,
    100.0,
    150.0,
    200.0,
    250.0
  ],
  "search_range_C": "-0.30:-0.05",
  "search_range_S": "-0.20:0.05",
  "search_range_T": null,
  "search_range_R": null,
  "search_score_mode": "peak_bin_auc",
  "search_tiebreak": "shortest_then_closest0",
  "search_tol": 0.01,
  "per_area_results": {
    "SFEF": {
      "winC_selected": [
        -0.1,
        -0.05
      ],
      "winC_cv_best": 0.706699598641556,
      "winC_best_param": 0.1,
      "winC_peak_time_ms": -60.00000052154064,
      "winC_peak_auc": 0.706699598641556,
      "winC_mean_bin_auc": 0.6690336523618401,
      "winC_cv_auc_original": 0.7533060889119529,
      "winS_selected": [
        -2.0816681711721685e-17,
        0.04999999999999998
      ],
      "winS_cv_best": 0.9059518680371761,
      "winS_peak_time_ms": 40.0000000372529,
      "winS_peak_auc": 0.9059518680371761,
      "sC_auc": 0.706699598641556,
      "n_trials_C": 442
    },
    "SLIP": {
      "winC_selected": [
        -0.1,
        -0.05
      ],
      "winC_cv_best": 0.58688895749717,
      "winC_best_param": 0.1,
      "winC_peak_time_ms": -89.99999985098839,
      "winC_peak_auc": 0.58688895749717,
      "winC_mean_bin_auc": 0.5437521868889574,
      "winC_cv_auc_original": 0.558858761459955,
      "winS_selected": [
        -2.0816681711721685e-17,
        0.04999999999999998
      ],
      "winS_cv_best": 0.9145688434787961,
      "winS_peak_time_ms": 49.999999813735485,
      "winS_peak_auc": 0.9145688434787961,
      "sC_auc": 0.58688895749717,
      "n_trials_C": 442
    }
  },
  "rebin_factor": null,
  "sliding_window_ms": 20.0,
  "sliding_step_ms": 10.0,
  "sliding_window_bins": 4,
  "sliding_step_bins": 2
}