{
  "sid": "20231121",
  "align": "stim",
  "features": [
    "C",
    "R"
  ],
  "winC": [
    0.1,
    0.3
  ],
  "winR": [
    0.05,
    0.2
  ],
  "winS": null,
  "winT": null,
  "pt_min_ms": 200.0,
  "orientation": "vertical",
  "areas": [
    "SFEF",
    "SLIP",
    "SSC"
  ],
  "tag": "axes_peakbin_stimCR-stim-vertical-20mssw_nofilter",
  "norm": "global",
  "baseline_win": null,
  "clf_binary": "logreg",
  "C_grid": [
    0.1,
    0.3,
    1.0,
    3.0,
    10.0
  ],
  "lda_shrinkage": null,
  "searchC": true,
  "searchS": false,
  "searchT": false,
  "searchR": true,
  "search_step_ms": 20.0,
  "search_len_ms": [
    50.0,
    100.0,
    150.0,
    200.0,
    250.0
  ],
  "search_range_C": "0.00:0.50",
  "search_range_S": null,
  "search_range_T": null,
  "search_range_R": "0.00:0.50",
  "search_score_mode": "peak_bin_auc",
  "search_tiebreak": "shortest_then_earliest",
  "search_tol": 0.01,
  "per_area_results": {
    "SFEF": {
      "winC_selected": [
        0.3,
        0.35
      ],
      "winC_cv_best": 0.8949166495163613,
      "winC_best_param": 0.1,
      "winC_peak_time_ms": 340.0000035762787,
      "winC_peak_auc": 0.8949166495163613,
      "winC_mean_bin_auc": 0.8804383618028401,
      "winC_cv_auc_original": 0.9732704190540389,
      "winR_selected": [
        0.32,
        0.47
      ],
      "winR_cv_best": 0.5669879788787776,
      "sC_auc": 0.8949166495163613,
      "n_trials_C": 441
    },
    "SLIP": {
      "winC_selected": [
        0.3,
        0.4
      ],
      "winC_cv_best": 0.6752418193043835,
      "winC_best_param": 0.3,
      "winC_peak_time_ms": 390.00000059604645,
      "winC_peak_auc": 0.6752418193043835,
      "winC_mean_bin_auc": 0.6286478699320848,
      "winC_cv_auc_original": 0.739231547017189,
      "winR_selected": [
        0.23999999999999996,
        0.49
      ],
      "winR_cv_best": 0.49725199415795973,
      "sC_auc": 0.6752418193043835,
      "n_trials_C": 441
    },
    "SSC": {
      "winC_selected": [
        0.32,
        0.42000000000000004
      ],
      "winC_cv_best": 0.7754784935171846,
      "winC_best_param": 10.0,
      "winC_peak_time_ms": 349.9999940395355,
      "winC_peak_auc": 0.7754784935171846,
      "winC_mean_bin_auc": 0.7155553268848186,
      "winC_cv_auc_original": 0.9282372767104817,
      "winR_selected": [
        0.25999999999999995,
        0.45999999999999996
      ],
      "winR_cv_best": 0.5304100662846871,
      "sC_auc": 0.7754784935171846,
      "n_trials_C": 441
    }
  },
  "rebin_factor": null,
  "sliding_window_ms": 20.0,
  "sliding_step_ms": 10.0,
  "sliding_window_bins": 4,
  "sliding_step_bins": 2
}