{
  "sid": "20200327",
  "monkey": "M",
  "area": "MFEF",
  "analysis": "temporal_cross_alignment",
  "orientation_C": "vertical",
  "orientation_S": "horizontal",
  "axes_tag_S": "axes_peakbin_saccCS-sacc-horizontal-20mssw",
  "window_centers_ms": [
    25.0,
    45.0,
    65.0,
    85.0,
    105.00000000000001,
    125.0,
    145.0,
    164.99999999999997,
    184.99999999999997,
    204.99999999999997,
    224.99999999999994,
    244.99999999999994,
    264.99999999999994,
    285.0,
    305.0,
    325.0,
    345.00000000000006,
    365.00000000000006,
    385.00000000000006,
    405.00000000000006,
    425.0000000000001,
    445.0000000000001,
    465.0000000000001
  ],
  "alignments": [
    0.08056918178182138,
    0.04227882758616126,
    0.22980618426152324,
    0.24728065609457697,
    0.12078356359707473,
    0.2680908647566676,
    0.24413392965360606,
    0.11225242773815193,
    0.10936929295113453,
    0.17317840119547248,
    0.21069006313924563,
    0.32382840374172617,
    0.3862340125721714,
    0.22887624648642294,
    0.23966842665051277,
    0.2819068071666474,
    0.22331742705649482,
    0.2521967785391883,
    0.3655244952384895,
    0.2800668680272988,
    0.25561590533802403,
    0.1854435462419397,
    0.07476098120576342
  ],
  "alignment_mean": 0.21460318656609195,
  "alignment_std": 0.08899565564523304,
  "alignment_max": 0.3862340125721714,
  "alignment_min": 0.04227882758616126,
  "peak_time_ms": 264.99999999999994,
  "null_mean": 0.12832372474852266,
  "null_std": 0.0959394183123129,
  "null_mode": "c_epoch",
  "D_eff": 24.506559261961282,
  "manifold_dim": 39,
  "window_length_ms": 50.0,
  "step_ms": 20.0,
  "time_range_ms": [
    0.0,
    500.0
  ],
  "pt_min_ms": 200.0,
  "n_trials_C": 261
}