{
  "sid": "20201001",
  "monkey": "M",
  "area": "MFEF",
  "analysis": "temporal_cross_alignment",
  "orientation_C": "vertical",
  "orientation_S": "horizontal",
  "axes_tag_S": "axes_peakbin_saccCS-sacc-horizontal-20mssw",
  "window_centers_ms": [
    25.0,
    45.0,
    65.0,
    85.0,
    105.00000000000001,
    125.0,
    145.0,
    164.99999999999997,
    184.99999999999997,
    204.99999999999997,
    224.99999999999994,
    244.99999999999994,
    264.99999999999994,
    285.0,
    305.0,
    325.0,
    345.00000000000006,
    365.00000000000006,
    385.00000000000006,
    405.00000000000006,
    425.0000000000001,
    445.0000000000001,
    465.0000000000001
  ],
  "alignments": [
    0.08754405194842832,
    0.1253869889672275,
    0.08518445053129559,
    0.03359755762393828,
    0.12111807493929266,
    0.32748861185769546,
    0.3277221674816595,
    0.3454650762794259,
    0.3587008758269295,
    0.4486150680702965,
    0.4701001508027455,
    0.4589028888093602,
    0.4273023983838114,
    0.37948059738121526,
    0.37227630062832767,
    0.35699578737785775,
    0.3535338548656081,
    0.33176723400517777,
    0.2513278344606759,
    0.20951057794976854,
    0.19944289014350908,
    0.1958591633969274,
    0.19469192117973022
  ],
  "alignment_mean": 0.28095715317003933,
  "alignment_std": 0.12805972401589572,
  "alignment_max": 0.4701001508027455,
  "alignment_min": 0.03359755762393828,
  "peak_time_ms": 224.99999999999994,
  "null_mean": 0.15599358874091668,
  "null_std": 0.10403547191493923,
  "null_mode": "c_epoch",
  "D_eff": 5.457412547920774,
  "manifold_dim": 66,
  "window_length_ms": 50.0,
  "step_ms": 20.0,
  "time_range_ms": [
    0.0,
    500.0
  ],
  "pt_min_ms": 200.0,
  "n_trials_C": 292
}