{
  "sid": "20231123",
  "monkey": "S",
  "area": "SFEF",
  "analysis": "temporal_cross_alignment",
  "orientation_C": "vertical",
  "orientation_S": "horizontal",
  "axes_tag_S": "axes_peakbin_saccCS-sacc-horizontal-20mssw",
  "window_centers_ms": [
    25.0,
    45.0,
    65.0,
    85.0,
    105.00000000000001,
    125.0,
    145.0,
    164.99999999999997,
    184.99999999999997,
    204.99999999999997,
    224.99999999999994,
    244.99999999999994,
    264.99999999999994,
    285.0,
    305.0,
    325.0,
    345.00000000000006,
    365.00000000000006,
    385.00000000000006,
    405.00000000000006,
    425.0000000000001,
    445.0000000000001,
    465.0000000000001
  ],
  "alignments": [
    0.0360525586522133,
    0.2268422191041838,
    0.21291229391065827,
    0.15320697062560992,
    0.16310189646106774,
    0.28356706017417227,
    0.3061004005744604,
    0.3089830501760593,
    0.24217216569295558,
    0.16891115535507484,
    0.15799183903486172,
    0.20130632149088712,
    0.2020369243159924,
    0.21641621670916006,
    0.21745753860070813,
    0.160136391761015,
    0.15042429872547028,
    0.16785234190077444,
    0.20038049728760035,
    0.21329550704629718,
    0.21464715963213707,
    0.23055021318603605,
    0.22651674194496474
  ],
  "alignment_mean": 0.2026461635809722,
  "alignment_std": 0.05651936975884875,
  "alignment_max": 0.3089830501760593,
  "alignment_min": 0.0360525586522133,
  "peak_time_ms": 164.99999999999997,
  "null_mean": 0.1433514358870018,
  "null_std": 0.08949080525056068,
  "null_mode": "c_epoch",
  "D_eff": 4.389661398657733,
  "manifold_dim": 64,
  "window_length_ms": 50.0,
  "step_ms": 20.0,
  "time_range_ms": [
    0.0,
    500.0
  ],
  "pt_min_ms": 200.0,
  "n_trials_C": 488
}