{
  "time": [
    -0.39000000059604645,
    -0.3799999952316284,
    -0.3700000047683716,
    -0.35999999940395355,
    -0.3499999940395355,
    -0.3400000035762787,
    -0.32999999821186066,
    -0.3199999928474426,
    -0.3100000023841858,
    -0.30000000447034836,
    -0.28999999910593033,
    -0.2800000011920929,
    -0.27000000327825546,
    -0.25999999791383743,
    -0.25,
    -0.24000000208616257,
    -0.23000000044703484,
    -0.2200000025331974,
    -0.21000000089406967,
    -0.19999999925494194,
    -0.1900000013411045,
    -0.17999999970197678,
    -0.16999999806284904,
    -0.1600000001490116,
    -0.14999999850988388,
    -0.13999999687075615,
    -0.12999999895691872,
    -0.11999999918043613,
    -0.10999999940395355,
    -0.09999999962747097,
    -0.08999999985098839,
    -0.0800000000745058,
    -0.07000000029802322,
    -0.06000000052154064,
    -0.049999999813735485,
    -0.0400000000372529,
    -0.03000000026077032,
    -0.020000000251457095,
    -0.010000000009313226,
    0.0,
    0.010000000009313226,
    0.020000000251457095,
    0.03000000026077032,
    0.0400000000372529,
    0.049999999813735485,
    0.06000000052154064,
    0.07000000029802322,
    0.0800000000745058,
    0.08999999985098839,
    0.09999999962747097,
    0.10999999940395355,
    0.11999999918043613,
    0.12999999895691872,
    0.13999999687075615,
    0.14999999850988388,
    0.1600000001490116,
    0.16999999806284904,
    0.17999999970197678,
    0.1900000013411045,
    0.19999999925494194,
    0.21000000089406967,
    0.2200000025331974,
    0.23000000044703484,
    0.24000000208616257,
    0.25,
    0.25999999791383743,
    0.27000000327825546,
    0.2800000011920929,
    0.28999999910593033
  ],
  "auc_C": [
    0.5181847774621212,
    0.5084191524621212,
    0.515625,
    0.5041873816287878,
    0.49991492069128785,
    0.5063920454545454,
    0.5053415009469697,
    0.492239287405303,
    0.49365234375,
    0.48998283617424243,
    0.489694306344697,
    0.4846413352272727,
    0.49626760771780304,
    0.5137347597064394,
    0.5119850852272728,
    0.49751790364583337,
    0.4991307114109848,
    0.5037952769886364,
    0.5061109138257576,
    0.5084783380681818,
    0.5214806758996211,
    0.5444927793560606,
    0.5513213186553031,
    0.5471265388257576,
    0.537667939157197,
    0.5732976740056819,
    0.6063454367897727,
    0.6016623757102273,
    0.6213563861268939,
    0.6338112571022728,
    0.6537013198390152,
    0.6561094341856062,
    0.6701845111268938,
    0.701086795691288,
    0.6695075757575757,
    0.646277225378788,
    0.6372995087594697,
    0.6200543027935606,
    0.5831853693181819,
    0.5297185724431818,
    0.5654925722064394,
    0.5765491832386364,
    0.5495975378787878,
    0.5391438802083334,
    0.5139419093276515,
    0.48555501302083337,
    0.4871160333806818,
    0.4846376361268939,
    0.5085412227746211,
    0.4832985617897727,
    0.45652817234848486,
    0.43218809185606055,
    0.48360928622159083,
    0.5128802675189394,
    0.5050899621212122,
    0.4882960464015152,
    0.46510268702651514,
    0.48493356415719696,
    0.5014981356534092,
    0.48042805989583337,
    0.46348987926136365,
    0.4631384647253788,
    0.4691716974431818,
    0.4590176669034091,
    0.44772061434659094,
    0.4804502544981061,
    0.5270737156723485,
    0.4967078006628788,
    0.4955092921401515
  ],
  "auc_S_raw": [
    0.5004916638941259,
    0.48540164873756975,
    0.49932350005545084,
    0.5246016783113379,
    0.5073897452959225,
    0.5088758271413256,
    0.5032198439983735,
    0.49842889357140213,
    0.5286348009315738,
    0.5158182691952239,
    0.48993382869394847,
    0.4925732874939929,
    0.5039480980370411,
    0.5255702192155558,
    0.5084285238993014,
    0.5117407859228864,
    0.5418062178847363,
    0.5184983919263613,
    0.4843222062030979,
    0.5122842039111308,
    0.5097186795312558,
    0.4844109275073011,
    0.5104321466858897,
    0.5398284721452072,
    0.5264426453735537,
    0.5132268677682896,
    0.5225980555247496,
    0.48923145170234006,
    0.4776976821559277,
    0.5286348009315737,
    0.499142360726036,
    0.4906177220805146,
    0.48987468115781296,
    0.502025803112639,
    0.5554397249639569,
    0.5463531847251488,
    0.5680233632767735,
    0.6333850874274518,
    0.6882813944031643,
    0.7496173893756237,
    0.7846438209308343,
    0.7959040331226201,
    0.8283760304609811,
    0.9155927692137074,
    0.9117814498539796,
    0.8716757236331374,
    0.8791652803962884,
    0.8563676019370818,
    0.8128350153413921,
    0.78200436213079,
    0.6990055820487228,
    0.6373073084174337,
    0.5952164430150456,
    0.5842076078518355,
    0.5479723485268567,
    0.5117149088758272,
    0.4685889615910688,
    0.4701785516247089,
    0.4872832797308787,
    0.4795756164282282,
    0.47423385457099554,
    0.4854090421795867,
    0.4587224132194744,
    0.4417211933015416,
    0.48062918191564086,
    0.4611844294111124,
    0.42178847362389565,
    0.4296181287198255,
    0.4739418136113268
  ],
  "auc_S_inv": [
    0.5017559424790211,
    0.4861927470333814,
    0.48686555025692213,
    0.5006173524084137,
    0.4821411408081033,
    0.5017041883849027,
    0.49723115596465933,
    0.4882407304720713,
    0.504399098000074,
    0.4907101401057262,
    0.485268566781265,
    0.49603341835791653,
    0.5041846881815829,
    0.5222949244020555,
    0.527754981331559,
    0.5171897526893645,
    0.5274111862777716,
    0.5180843591734131,
    0.5118553842741488,
    0.5331115300728254,
    0.5192931869431814,
    0.4829765997560164,
    0.5094340320136039,
    0.5447303242024324,
    0.5259398913164024,
    0.5149347528742007,
    0.518058482126354,
    0.5019629588554952,
    0.498443680455436,
    0.5337658496913238,
    0.5163247199733836,
    0.5196739492070533,
    0.5223023178440723,
    0.523673801338213,
    0.575897379024805,
    0.5689623304129237,
    0.5757421167424495,
    0.6471442830209604,
    0.6856715093711877,
    0.7323610957081069,
    0.7535617906916565,
    0.754153266053011,
    0.7948098037041145,
    0.9002365901445417,
    0.8984584673394699,
    0.8384643820930835,
    0.8526154301134894,
    0.8053824257883256,
    0.735935824923293,
    0.6886104025729178,
    0.6005619015932868,
    0.543979889837714,
    0.5036560570773724,
    0.5031163358101365,
    0.49971535248234816,
    0.4958337954234594,
    0.4671250600717164,
    0.44441240619570443,
    0.44344016857047797,
    0.42999519426268895,
    0.40256922110088356,
    0.4172341133414661,
    0.38728697645188714,
    0.3989649181176297,
    0.4361945953938856,
    0.4263465306273335,
    0.408140179660641,
    0.4308158663265683,
    0.4277993419836605
  ],
  "acc_R_macro": null,
  "auc_T": null,
  "latencies_ms": {
    "C": -129.99999895691872,
    "S_raw": -20.000000251457095,
    "S_inv": -20.000000251457095,
    "T": null
  },
  "meta": {
    "align": "sacc",
    "orientation": null,
    "pt_min_ms": 200.0,
    "n_trials": 736,
    "n_bins": 69,
    "n_units": 42,
    "thr": 0.6,
    "k_bins": 5,
    "norm": "global",
    "baseline_win": null,
    "used_axes_mu_sd": false,
    "correct_mode": "correctonly"
  }
}