{
  "time": [
    -0.39000000059604645,
    -0.3700000047683716,
    -0.3499999940395355,
    -0.32999999821186066,
    -0.3100000023841858,
    -0.28999999910593033,
    -0.27000000327825546,
    -0.25,
    -0.23000000044703484,
    -0.21000000089406967,
    -0.1900000013411045,
    -0.16999999806284904,
    -0.14999999850988388,
    -0.12999999895691872,
    -0.10999999940395355,
    -0.08999999985098839,
    -0.07000000029802322,
    -0.049999999813735485,
    -0.03000000026077032,
    -0.010000000009313226,
    0.010000000009313226,
    0.03000000026077032,
    0.049999999813735485,
    0.07000000029802322,
    0.08999999985098839,
    0.10999999940395355,
    0.12999999895691872,
    0.14999999850988388,
    0.16999999806284904,
    0.1900000013411045,
    0.21000000089406967,
    0.23000000044703484,
    0.25,
    0.27000000327825546,
    0.28999999910593033
  ],
  "auc_C": null,
  "auc_S_raw": [
    0.48123791102514507,
    0.47019127444659364,
    0.46787019127444657,
    0.45678057167418873,
    0.46297012679991406,
    0.4502901353965184,
    0.5133032452181389,
    0.47822909950569525,
    0.4827423167848699,
    0.4951644100580271,
    0.47457554266064905,
    0.502729421878358,
    0.5758435418009885,
    0.692026649473458,
    0.7775198796475391,
    0.8666666666666667,
    0.9199656135826348,
    0.9792821835375027,
    0.9931656995486783,
    0.9997421018697614,
    0.997979797979798,
    0.994756071351816,
    0.9772189984955941,
    0.979110251450677,
    0.9566301310982163,
    0.9334192993767462,
    0.908274231678487,
    0.8571244358478401,
    0.8464646464646465,
    0.7581775198796475,
    0.7362131957876639,
    0.7264130668385987,
    0.6880292284547602,
    0.6039114549752846,
    0.602836879432624
  ],
  "auc_S_inv": [
    0.48123791102514507,
    0.47019127444659364,
    0.46787019127444657,
    0.45678057167418873,
    0.46297012679991406,
    0.4502901353965184,
    0.5133032452181389,
    0.47822909950569525,
    0.4827423167848699,
    0.4951644100580271,
    0.47457554266064905,
    0.502729421878358,
    0.5758435418009885,
    0.692026649473458,
    0.7775198796475391,
    0.8666666666666667,
    0.9199656135826348,
    0.9792821835375027,
    0.9931656995486783,
    0.9997421018697614,
    0.997979797979798,
    0.994756071351816,
    0.9772189984955941,
    0.979110251450677,
    0.9566301310982163,
    0.9334192993767462,
    0.908274231678487,
    0.8571244358478401,
    0.8464646464646465,
    0.7581775198796475,
    0.7362131957876639,
    0.7264130668385987,
    0.6880292284547602,
    0.6039114549752846,
    0.602836879432624
  ],
  "acc_R_macro": null,
  "auc_T": null,
  "latencies_ms": {
    "C": null,
    "S_raw": -129.99999895691872,
    "S_inv": -129.99999895691872,
    "T": null
  },
  "meta": {
    "align": "sacc",
    "orientation": "horizontal",
    "pt_min_ms": 200.0,
    "n_trials": 306,
    "n_bins": 35,
    "n_units": 60,
    "thr": 0.6,
    "k_bins": 5,
    "norm": "global",
    "baseline_win": null,
    "used_axes_mu_sd": false
  }
}