{
  "time": [
    -0.39000000059604645,
    -0.3799999952316284,
    -0.3700000047683716,
    -0.35999999940395355,
    -0.3499999940395355,
    -0.3400000035762787,
    -0.32999999821186066,
    -0.3199999928474426,
    -0.3100000023841858,
    -0.30000000447034836,
    -0.28999999910593033,
    -0.2800000011920929,
    -0.27000000327825546,
    -0.25999999791383743,
    -0.25,
    -0.24000000208616257,
    -0.23000000044703484,
    -0.2200000025331974,
    -0.21000000089406967,
    -0.19999999925494194,
    -0.1900000013411045,
    -0.17999999970197678,
    -0.16999999806284904,
    -0.1600000001490116,
    -0.14999999850988388,
    -0.13999999687075615,
    -0.12999999895691872,
    -0.11999999918043613,
    -0.10999999940395355,
    -0.09999999962747097,
    -0.08999999985098839,
    -0.0800000000745058,
    -0.07000000029802322,
    -0.06000000052154064,
    -0.049999999813735485,
    -0.0400000000372529,
    -0.03000000026077032,
    -0.020000000251457095,
    -0.010000000009313226,
    0.0,
    0.010000000009313226,
    0.020000000251457095,
    0.03000000026077032,
    0.0400000000372529,
    0.049999999813735485,
    0.06000000052154064,
    0.07000000029802322,
    0.0800000000745058,
    0.08999999985098839,
    0.09999999962747097,
    0.10999999940395355,
    0.11999999918043613,
    0.12999999895691872,
    0.13999999687075615,
    0.14999999850988388,
    0.1600000001490116,
    0.16999999806284904,
    0.17999999970197678,
    0.1900000013411045,
    0.19999999925494194,
    0.21000000089406967,
    0.2200000025331974,
    0.23000000044703484,
    0.24000000208616257,
    0.25,
    0.25999999791383743,
    0.27000000327825546,
    0.2800000011920929,
    0.28999999910593033
  ],
  "auc_C": [
    0.470690282802084,
    0.4692739972243078,
    0.5472891497736218,
    0.5262098150296908,
    0.5177576047141265,
    0.5388596910336041,
    0.5161593065319773,
    0.5039929015084295,
    0.5081678156212317,
    0.5004436557231589,
    0.538666302641458,
    0.5488135053352445,
    0.5111653356994972,
    0.5161763702136373,
    0.4701385570950789,
    0.4626646645280186,
    0.5519020317156963,
    0.5306634359429391,
    0.4470343321274998,
    0.48969922417127376,
    0.5158805997315314,
    0.5012342729734034,
    0.4953928059518122,
    0.49032489249880556,
    0.5235194412213046,
    0.5203797237958729,
    0.5293893477123292,
    0.571468386685778,
    0.5560143789957455,
    0.603161331422201,
    0.6083998816918073,
    0.6247241371464973,
    0.6431699770209087,
    0.6170341046117443,
    0.653174982367529,
    0.693814984187655,
    0.6516904420631128,
    0.6232680363115146,
    0.5674641093895751,
    0.5280981958000591,
    0.5112620298955702,
    0.5333481218574386,
    0.5367210429322231,
    0.5904830159488544,
    0.6235467431119606,
    0.5712579346119719,
    0.5671683389074693,
    0.6417536914431324,
    0.6378233567674562,
    0.6360771733442542,
    0.6759891247468888,
    0.7029611175573909,
    0.6924214501854254,
    0.6737082792983414,
    0.6628955930198166,
    0.6230348326621618,
    0.648897686164767,
    0.6798057015448319,
    0.6805337519623235,
    0.6712226696698744,
    0.6379314267513028,
    0.6298034263872773,
    0.6369019179578186,
    0.6202648283393624,
    0.6183309444179008,
    0.6154301185357087,
    0.5631014947785133,
    0.5391327099401634,
    0.5273417059131345
  ],
  "auc_S_raw": [
    0.4700924231125573,
    0.49313040923779183,
    0.5227046753892391,
    0.5098750367206744,
    0.4883058775676225,
    0.4959437778229725,
    0.5060560865929994,
    0.4915542449099496,
    0.48023862788963456,
    0.5030393419655165,
    0.4866845185637132,
    0.4989153277743882,
    0.506880889431225,
    0.4947065735656339,
    0.502389668497051,
    0.4979605902424694,
    0.5012485029263554,
    0.5132137934151357,
    0.48807990418728675,
    0.5001694800352519,
    0.5129369760242244,
    0.4959211804849389,
    0.47460059205025645,
    0.48853750028246673,
    0.4863060131516508,
    0.49032268998711953,
    0.4782331141391545,
    0.45723453777145057,
    0.5083045217273405,
    0.5346643165435111,
    0.5266987548866744,
    0.5749949155989424,
    0.6451483515241905,
    0.7223860529229656,
    0.7882177479492916,
    0.8808103405418843,
    0.966313018326441,
    0.9983447449890404,
    0.9993842225385849,
    0.9995819492463789,
    0.9913395701986306,
    0.9575791471764626,
    0.9508394911079475,
    0.8856122748740198,
    0.8569532009129325,
    0.8594558561001514,
    0.8379657876302172,
    0.8049962714392245,
    0.7689026732650894,
    0.7776195964115427,
    0.7753146679321177,
    0.7877883985266536,
    0.7559430999028315,
    0.7227080649899441,
    0.7054098027252389,
    0.6624466137888957,
    0.6387928502022462,
    0.6231950376245678,
    0.6064165141346349,
    0.613512078277179,
    0.5946489503536484,
    0.5943495356247035,
    0.5824576864845321,
    0.5611766433914085,
    0.5510586852868732,
    0.5266535602106073,
    0.4910062594626353,
    0.4930061238786071,
    0.4885036042754164
  ],
  "auc_S_inv": [
    0.48545861297539145,
    0.4903170406526111,
    0.5054629064696179,
    0.499514157232278,
    0.5103043861433123,
    0.5069260841072922,
    0.5101236074390437,
    0.4918932049804533,
    0.48961652317357013,
    0.4943506654916051,
    0.48540776896481597,
    0.5109032156012021,
    0.5120895758479651,
    0.4914525568887985,
    0.5007965561656837,
    0.502660836553454,
    0.5023670711590175,
    0.4931586559103338,
    0.48774094411678304,
    0.5032653153458523,
    0.5249813571961223,
    0.49734481278105436,
    0.4651436060832034,
    0.4887182789867354,
    0.48496147153865277,
    0.49506813097417124,
    0.47765688201929807,
    0.45585610015140215,
    0.5079203669807697,
    0.5282805685490248,
    0.5414322192845682,
    0.5840790454884415,
    0.652808849117574,
    0.7112229679343773,
    0.7821729600253091,
    0.8800420310487425,
    0.9660418502700381,
    0.9974182541296635,
    0.9986046143764264,
    0.9990961064786568,
    0.9880629561837615,
    0.9450037285607755,
    0.9298974080853276,
    0.8665627189117122,
    0.8378132555984905,
    0.8138092332723205,
    0.780184394278354,
    0.7464917632702869,
    0.7095959595959596,
    0.7123697828395814,
    0.7109687478814997,
    0.7176180145978804,
    0.6951449619234855,
    0.6807448082615868,
    0.6686213364065713,
    0.6481989921587237,
    0.6140939597315436,
    0.5682157141888685,
    0.5596852190811923,
    0.588078774320385,
    0.5624477436557973,
    0.5476521365783111,
    0.5165977447856642,
    0.525348563939168,
    0.527580051069984,
    0.5176033263281585,
    0.47734616862133644,
    0.4742729306487695,
    0.46156757733938947
  ],
  "acc_R_macro": null,
  "auc_T": null,
  "latencies_ms": {
    "C": -99.99999962747097,
    "S_raw": -70.00000029802322,
    "S_inv": -70.00000029802322,
    "T": null
  },
  "meta": {
    "align": "sacc",
    "orientation": null,
    "pt_min_ms": 200.0,
    "n_trials": 595,
    "n_bins": 69,
    "n_units": 13,
    "thr": 0.6,
    "k_bins": 5,
    "norm": "global",
    "baseline_win": null,
    "used_axes_mu_sd": false,
    "correct_mode": "correctonly"
  }
}