{
  "time": [
    -0.39000000059604645,
    -0.3799999952316284,
    -0.3700000047683716,
    -0.35999999940395355,
    -0.3499999940395355,
    -0.3400000035762787,
    -0.32999999821186066,
    -0.3199999928474426,
    -0.3100000023841858,
    -0.30000000447034836,
    -0.28999999910593033,
    -0.2800000011920929,
    -0.27000000327825546,
    -0.25999999791383743,
    -0.25,
    -0.24000000208616257,
    -0.23000000044703484,
    -0.2200000025331974,
    -0.21000000089406967,
    -0.19999999925494194,
    -0.1900000013411045,
    -0.17999999970197678,
    -0.16999999806284904,
    -0.1600000001490116,
    -0.14999999850988388,
    -0.13999999687075615,
    -0.12999999895691872,
    -0.11999999918043613,
    -0.10999999940395355,
    -0.09999999962747097,
    -0.08999999985098839,
    -0.0800000000745058,
    -0.07000000029802322,
    -0.06000000052154064,
    -0.049999999813735485,
    -0.0400000000372529,
    -0.03000000026077032,
    -0.020000000251457095,
    -0.010000000009313226,
    0.0,
    0.010000000009313226,
    0.020000000251457095,
    0.03000000026077032,
    0.0400000000372529,
    0.049999999813735485,
    0.06000000052154064,
    0.07000000029802322,
    0.0800000000745058,
    0.08999999985098839,
    0.09999999962747097,
    0.10999999940395355,
    0.11999999918043613,
    0.12999999895691872,
    0.13999999687075615,
    0.14999999850988388,
    0.1600000001490116,
    0.16999999806284904,
    0.17999999970197678,
    0.1900000013411045
  ],
  "auc_C": null,
  "auc_S_raw": [
    0.4900714338589089,
    0.4631079280479681,
    0.46331149603967725,
    0.42384706491968327,
    0.4535957509808276,
    0.49312495373454734,
    0.4868143459915612,
    0.4882578281145902,
    0.4457398771189578,
    0.4242634539936339,
    0.4603134947072322,
    0.44865460063661267,
    0.452948034643571,
    0.4555111407210008,
    0.4470445628840033,
    0.5207639351543416,
    0.5180712858094603,
    0.48448256717743726,
    0.47379524761270264,
    0.46158116811014877,
    0.49423532459841585,
    0.517784440002961,
    0.5037845140276853,
    0.5232622695980458,
    0.5311644089125769,
    0.549929676511955,
    0.574135761344289,
    0.5608575764305278,
    0.565104744984825,
    0.5756625212821083,
    0.5725072174106152,
    0.5917814049892665,
    0.5713968465467467,
    0.5434247538677919,
    0.5632911392405063,
    0.5943907765193575,
    0.6113516914649493,
    0.6453012806277297,
    0.6755218743060183,
    0.6575708786734771,
    0.6442464283070546,
    0.6946942778888148,
    0.7174476275075874,
    0.7263953660522614,
    0.7547375823525058,
    0.7409967429121327,
    0.719020652898068,
    0.7111185135835368,
    0.7455307572729293,
    0.77911022281442,
    0.7323636094455549,
    0.7072507217410615,
    0.7260530017025687,
    0.7140147309201273,
    0.705363091272485,
    0.7027999851950553,
    0.6765489673550966,
    0.6314401510104374,
    0.5908838552076394
  ],
  "auc_S_inv": [
    0.4900714338589089,
    0.4631079280479681,
    0.46331149603967725,
    0.42384706491968327,
    0.4535957509808276,
    0.49312495373454734,
    0.4868143459915612,
    0.4882578281145902,
    0.4457398771189578,
    0.4242634539936339,
    0.4603134947072322,
    0.44865460063661267,
    0.452948034643571,
    0.4555111407210008,
    0.4470445628840033,
    0.5207639351543416,
    0.5180712858094603,
    0.48448256717743726,
    0.47379524761270264,
    0.46158116811014877,
    0.49423532459841585,
    0.517784440002961,
    0.5037845140276853,
    0.5232622695980458,
    0.5311644089125769,
    0.549929676511955,
    0.574135761344289,
    0.5608575764305278,
    0.565104744984825,
    0.5756625212821083,
    0.5725072174106152,
    0.5917814049892665,
    0.5713968465467467,
    0.5434247538677919,
    0.5632911392405063,
    0.5943907765193575,
    0.6113516914649493,
    0.6453012806277297,
    0.6755218743060183,
    0.6575708786734771,
    0.6442464283070546,
    0.6946942778888148,
    0.7174476275075874,
    0.7263953660522614,
    0.7547375823525058,
    0.7409967429121327,
    0.719020652898068,
    0.7111185135835368,
    0.7455307572729293,
    0.77911022281442,
    0.7323636094455549,
    0.7072507217410615,
    0.7260530017025687,
    0.7140147309201273,
    0.705363091272485,
    0.7027999851950553,
    0.6765489673550966,
    0.6314401510104374,
    0.5908838552076394
  ],
  "acc_R_macro": null,
  "auc_T": null,
  "latencies_ms": {
    "C": null,
    "S_raw": -30.00000026077032,
    "S_inv": -30.00000026077032,
    "T": null
  },
  "meta": {
    "align": "sacc",
    "orientation": "horizontal",
    "pt_min_ms": 200.0,
    "n_trials": 465,
    "n_bins": 59,
    "n_units": 35,
    "thr": 0.6,
    "k_bins": 5,
    "norm": "global",
    "baseline_win": null,
    "used_axes_mu_sd": false
  }
}