{
  "time": [
    -0.39000000059604645,
    -0.3799999952316284,
    -0.3700000047683716,
    -0.35999999940395355,
    -0.3499999940395355,
    -0.3400000035762787,
    -0.32999999821186066,
    -0.3199999928474426,
    -0.3100000023841858,
    -0.30000000447034836,
    -0.28999999910593033,
    -0.2800000011920929,
    -0.27000000327825546,
    -0.25999999791383743,
    -0.25,
    -0.24000000208616257,
    -0.23000000044703484,
    -0.2200000025331974,
    -0.21000000089406967,
    -0.19999999925494194,
    -0.1900000013411045,
    -0.17999999970197678,
    -0.16999999806284904,
    -0.1600000001490116,
    -0.14999999850988388,
    -0.13999999687075615,
    -0.12999999895691872,
    -0.11999999918043613,
    -0.10999999940395355,
    -0.09999999962747097,
    -0.08999999985098839,
    -0.0800000000745058,
    -0.07000000029802322,
    -0.06000000052154064,
    -0.049999999813735485,
    -0.0400000000372529,
    -0.03000000026077032,
    -0.020000000251457095,
    -0.010000000009313226,
    0.0,
    0.010000000009313226,
    0.020000000251457095,
    0.03000000026077032,
    0.0400000000372529,
    0.049999999813735485,
    0.06000000052154064,
    0.07000000029802322,
    0.0800000000745058,
    0.08999999985098839,
    0.09999999962747097,
    0.10999999940395355,
    0.11999999918043613,
    0.12999999895691872,
    0.13999999687075615,
    0.14999999850988388,
    0.1600000001490116,
    0.16999999806284904,
    0.17999999970197678,
    0.1900000013411045
  ],
  "auc_C": null,
  "auc_S_raw": [
    0.49924748069624403,
    0.4772281115037299,
    0.482842559874362,
    0.4377502944640753,
    0.46166732103127855,
    0.4830192383195917,
    0.47260175369716007,
    0.4788509357413951,
    0.45664180081141215,
    0.4263447192775815,
    0.44646643109540635,
    0.4622235309514462,
    0.4603520481612354,
    0.43595079178118046,
    0.444091087553985,
    0.5258343148802513,
    0.517432273262662,
    0.4740478994895956,
    0.4758146839418924,
    0.46507001701347983,
    0.4959952885747939,
    0.5172294202329538,
    0.5033634341054836,
    0.5415194346289753,
    0.5185839549797147,
    0.5263250883392226,
    0.5654102866117,
    0.560240806177202,
    0.5440321947389085,
    0.5623674911660776,
    0.5646577673079439,
    0.5846355189111373,
    0.5789687213715482,
    0.5406883915717838,
    0.5472189503991625,
    0.5923439340400471,
    0.5961850543122629,
    0.6161758932076953,
    0.6677136500458056,
    0.6517995026828949,
    0.6356890459363957,
    0.6944640753828032,
    0.7289490904331892,
    0.7237403481219735,
    0.7475068708284256,
    0.747310561444837,
    0.7080552283732495,
    0.7024800418793351,
    0.7447454521659469,
    0.7570409632247088,
    0.7276076429786676,
    0.6966627404789948,
    0.6758997513414475,
    0.649280198926842,
    0.646113074204947,
    0.6667582777123412,
    0.62551367622039,
    0.5854207564454914,
    0.5530035335689046
  ],
  "auc_S_inv": [
    0.49924748069624403,
    0.4772281115037299,
    0.482842559874362,
    0.4377502944640753,
    0.46166732103127855,
    0.4830192383195917,
    0.47260175369716007,
    0.4788509357413951,
    0.45664180081141215,
    0.4263447192775815,
    0.44646643109540635,
    0.4622235309514462,
    0.4603520481612354,
    0.43595079178118046,
    0.444091087553985,
    0.5258343148802513,
    0.517432273262662,
    0.4740478994895956,
    0.4758146839418924,
    0.46507001701347983,
    0.4959952885747939,
    0.5172294202329538,
    0.5033634341054836,
    0.5415194346289753,
    0.5185839549797147,
    0.5263250883392226,
    0.5654102866117,
    0.560240806177202,
    0.5440321947389085,
    0.5623674911660776,
    0.5646577673079439,
    0.5846355189111373,
    0.5789687213715482,
    0.5406883915717838,
    0.5472189503991625,
    0.5923439340400471,
    0.5961850543122629,
    0.6161758932076953,
    0.6677136500458056,
    0.6517995026828949,
    0.6356890459363957,
    0.6944640753828032,
    0.7289490904331892,
    0.7237403481219735,
    0.7475068708284256,
    0.747310561444837,
    0.7080552283732495,
    0.7024800418793351,
    0.7447454521659469,
    0.7570409632247088,
    0.7276076429786676,
    0.6966627404789948,
    0.6758997513414475,
    0.649280198926842,
    0.646113074204947,
    0.6667582777123412,
    0.62551367622039,
    0.5854207564454914,
    0.5530035335689046
  ],
  "acc_R_macro": null,
  "auc_T": null,
  "latencies_ms": {
    "C": null,
    "S_raw": -20.000000251457095,
    "S_inv": -20.000000251457095,
    "T": null
  },
  "meta": {
    "align": "sacc",
    "orientation": "horizontal",
    "pt_min_ms": 200.0,
    "n_trials": 553,
    "n_bins": 59,
    "n_units": 35,
    "thr": 0.6,
    "k_bins": 5,
    "norm": "global",
    "baseline_win": null,
    "used_axes_mu_sd": false
  }
}