{
  "time": [
    -0.39000000059604645,
    -0.3799999952316284,
    -0.3700000047683716,
    -0.35999999940395355,
    -0.3499999940395355,
    -0.3400000035762787,
    -0.32999999821186066,
    -0.3199999928474426,
    -0.3100000023841858,
    -0.30000000447034836,
    -0.28999999910593033,
    -0.2800000011920929,
    -0.27000000327825546,
    -0.25999999791383743,
    -0.25,
    -0.24000000208616257,
    -0.23000000044703484,
    -0.2200000025331974,
    -0.21000000089406967,
    -0.19999999925494194,
    -0.1900000013411045,
    -0.17999999970197678,
    -0.16999999806284904,
    -0.1600000001490116,
    -0.14999999850988388,
    -0.13999999687075615,
    -0.12999999895691872,
    -0.11999999918043613,
    -0.10999999940395355,
    -0.09999999962747097,
    -0.08999999985098839,
    -0.0800000000745058,
    -0.07000000029802322,
    -0.06000000052154064,
    -0.049999999813735485,
    -0.0400000000372529,
    -0.03000000026077032,
    -0.020000000251457095,
    -0.010000000009313226,
    0.0,
    0.010000000009313226,
    0.020000000251457095,
    0.03000000026077032,
    0.0400000000372529,
    0.049999999813735485,
    0.06000000052154064,
    0.07000000029802322,
    0.0800000000745058,
    0.08999999985098839,
    0.09999999962747097,
    0.10999999940395355,
    0.11999999918043613,
    0.12999999895691872,
    0.13999999687075615,
    0.14999999850988388,
    0.1600000001490116,
    0.16999999806284904,
    0.17999999970197678,
    0.1900000013411045
  ],
  "auc_C": null,
  "auc_S_raw": [
    0.46694796061884664,
    0.48717521652231843,
    0.5069768302613074,
    0.5324413354060257,
    0.5013324450366422,
    0.5062180768376638,
    0.5101413872233327,
    0.4861573765637723,
    0.5104004737582353,
    0.5119734991487157,
    0.48569472203716046,
    0.5100118439558813,
    0.5079946702198535,
    0.4879524761270264,
    0.49552150418239693,
    0.51517506847287,
    0.5124361536753276,
    0.5212636020430823,
    0.5299800133244503,
    0.49633577614923396,
    0.5046450514471834,
    0.503664223850766,
    0.4924309719446296,
    0.4833629432230365,
    0.5185802057887334,
    0.5342734473314088,
    0.5317751128877045,
    0.5211525649566956,
    0.5015915315715449,
    0.5712117847361018,
    0.6157006440151012,
    0.6102783329632098,
    0.6508253756754757,
    0.7123399215337923,
    0.7626952402102303,
    0.7817751128877045,
    0.8073506551188098,
    0.7963949959286402,
    0.8223221555999705,
    0.8552446517136723,
    0.8583351839514397,
    0.8463616848027242,
    0.8699570656599304,
    0.8539492190391592,
    0.8208416611148124,
    0.7877526093715301,
    0.7771855799837146,
    0.7565326819157598,
    0.7762972832926196,
    0.813087571248797,
    0.7817566067066399,
    0.8006514175734696,
    0.7762417647494263,
    0.6740506329113924,
    0.651621141461248,
    0.7041416833222297,
    0.7425975275742099,
    0.7352135613294841,
    0.6782145236508994
  ],
  "auc_S_inv": [
    0.46694796061884664,
    0.48717521652231843,
    0.5069768302613074,
    0.5324413354060257,
    0.5013324450366422,
    0.5062180768376638,
    0.5101413872233327,
    0.4861573765637723,
    0.5104004737582353,
    0.5119734991487157,
    0.48569472203716046,
    0.5100118439558813,
    0.5079946702198535,
    0.4879524761270264,
    0.49552150418239693,
    0.51517506847287,
    0.5124361536753276,
    0.5212636020430823,
    0.5299800133244503,
    0.49633577614923396,
    0.5046450514471834,
    0.503664223850766,
    0.4924309719446296,
    0.4833629432230365,
    0.5185802057887334,
    0.5342734473314088,
    0.5317751128877045,
    0.5211525649566956,
    0.5015915315715449,
    0.5712117847361018,
    0.6157006440151012,
    0.6102783329632098,
    0.6508253756754757,
    0.7123399215337923,
    0.7626952402102303,
    0.7817751128877045,
    0.8073506551188098,
    0.7963949959286402,
    0.8223221555999705,
    0.8552446517136723,
    0.8583351839514397,
    0.8463616848027242,
    0.8699570656599304,
    0.8539492190391592,
    0.8208416611148124,
    0.7877526093715301,
    0.7771855799837146,
    0.7565326819157598,
    0.7762972832926196,
    0.813087571248797,
    0.7817566067066399,
    0.8006514175734696,
    0.7762417647494263,
    0.6740506329113924,
    0.651621141461248,
    0.7041416833222297,
    0.7425975275742099,
    0.7352135613294841,
    0.6782145236508994
  ],
  "acc_R_macro": null,
  "auc_T": null,
  "latencies_ms": {
    "C": null,
    "S_raw": -89.99999985098839,
    "S_inv": -89.99999985098839,
    "T": null
  },
  "meta": {
    "align": "sacc",
    "orientation": "horizontal",
    "pt_min_ms": 200.0,
    "n_trials": 465,
    "n_bins": 59,
    "n_units": 118,
    "thr": 0.6,
    "k_bins": 5,
    "norm": "global",
    "baseline_win": null,
    "used_axes_mu_sd": false
  }
}