{
  "time": [
    -0.39000000059604645,
    -0.3799999952316284,
    -0.3700000047683716,
    -0.35999999940395355,
    -0.3499999940395355,
    -0.3400000035762787,
    -0.32999999821186066,
    -0.3199999928474426,
    -0.3100000023841858,
    -0.30000000447034836,
    -0.28999999910593033,
    -0.2800000011920929,
    -0.27000000327825546,
    -0.25999999791383743,
    -0.25,
    -0.24000000208616257,
    -0.23000000044703484,
    -0.2200000025331974,
    -0.21000000089406967,
    -0.19999999925494194,
    -0.1900000013411045,
    -0.17999999970197678,
    -0.16999999806284904,
    -0.1600000001490116,
    -0.14999999850988388,
    -0.13999999687075615,
    -0.12999999895691872,
    -0.11999999918043613,
    -0.10999999940395355,
    -0.09999999962747097,
    -0.08999999985098839,
    -0.0800000000745058,
    -0.07000000029802322,
    -0.06000000052154064,
    -0.049999999813735485,
    -0.0400000000372529,
    -0.03000000026077032,
    -0.020000000251457095,
    -0.010000000009313226,
    0.0,
    0.010000000009313226,
    0.020000000251457095,
    0.03000000026077032,
    0.0400000000372529,
    0.049999999813735485,
    0.06000000052154064,
    0.07000000029802322,
    0.0800000000745058,
    0.08999999985098839,
    0.09999999962747097,
    0.10999999940395355,
    0.11999999918043613,
    0.12999999895691872,
    0.13999999687075615,
    0.14999999850988388,
    0.1600000001490116,
    0.16999999806284904,
    0.17999999970197678,
    0.1900000013411045
  ],
  "auc_C": null,
  "auc_S_raw": [
    0.4712603062426384,
    0.47819657112943337,
    0.502499672817694,
    0.5227588012040308,
    0.498612747022641,
    0.5033110849365265,
    0.48555162936788376,
    0.4996859049862583,
    0.5158356236094752,
    0.5029839026305458,
    0.5102604371155608,
    0.5147101164769009,
    0.4970422719539327,
    0.48158617981939533,
    0.5023164507263447,
    0.5167386467739824,
    0.4916503075513676,
    0.5007590629498757,
    0.5226017536971601,
    0.5081533830650439,
    0.5102080879466039,
    0.5010862452558565,
    0.4860358591807355,
    0.488954325350085,
    0.5034812197356366,
    0.5261222353095145,
    0.5413165815992672,
    0.5375474414343672,
    0.5019369192514069,
    0.5514068839157178,
    0.5919251406883915,
    0.6131527287004319,
    0.6672032456484752,
    0.7235309514461458,
    0.7766130087684859,
    0.7808794660384767,
    0.7857217641669938,
    0.7979714697029185,
    0.8505038607512105,
    0.8878549928019893,
    0.8604632901452688,
    0.8501766784452296,
    0.8394450988090565,
    0.8048292108362779,
    0.7740609867818349,
    0.7423504776861668,
    0.730872922392357,
    0.7126946734720586,
    0.7231121580944903,
    0.7527417877241198,
    0.7438947781703966,
    0.766797539589059,
    0.7271299568119357,
    0.6296296296296298,
    0.6244078000261746,
    0.6689045936395759,
    0.7004711425206125,
    0.7005627535662872,
    0.6719670200235571
  ],
  "auc_S_inv": [
    0.4712603062426384,
    0.47819657112943337,
    0.502499672817694,
    0.5227588012040308,
    0.498612747022641,
    0.5033110849365265,
    0.48555162936788376,
    0.4996859049862583,
    0.5158356236094752,
    0.5029839026305458,
    0.5102604371155608,
    0.5147101164769009,
    0.4970422719539327,
    0.48158617981939533,
    0.5023164507263447,
    0.5167386467739824,
    0.4916503075513676,
    0.5007590629498757,
    0.5226017536971601,
    0.5081533830650439,
    0.5102080879466039,
    0.5010862452558565,
    0.4860358591807355,
    0.488954325350085,
    0.5034812197356366,
    0.5261222353095145,
    0.5413165815992672,
    0.5375474414343672,
    0.5019369192514069,
    0.5514068839157178,
    0.5919251406883915,
    0.6131527287004319,
    0.6672032456484752,
    0.7235309514461458,
    0.7766130087684859,
    0.7808794660384767,
    0.7857217641669938,
    0.7979714697029185,
    0.8505038607512105,
    0.8878549928019893,
    0.8604632901452688,
    0.8501766784452296,
    0.8394450988090565,
    0.8048292108362779,
    0.7740609867818349,
    0.7423504776861668,
    0.730872922392357,
    0.7126946734720586,
    0.7231121580944903,
    0.7527417877241198,
    0.7438947781703966,
    0.766797539589059,
    0.7271299568119357,
    0.6296296296296298,
    0.6244078000261746,
    0.6689045936395759,
    0.7004711425206125,
    0.7005627535662872,
    0.6719670200235571
  ],
  "acc_R_macro": null,
  "auc_T": null,
  "latencies_ms": {
    "C": null,
    "S_raw": -80.0000000745058,
    "S_inv": -80.0000000745058,
    "T": null
  },
  "meta": {
    "align": "sacc",
    "orientation": "horizontal",
    "pt_min_ms": 200.0,
    "n_trials": 553,
    "n_bins": 59,
    "n_units": 118,
    "thr": 0.6,
    "k_bins": 5,
    "norm": "global",
    "baseline_win": null,
    "used_axes_mu_sd": false
  }
}