{
  "sid": "20201004",
  "align": "stim",
  "features": [
    "C"
  ],
  "winC": [
    0.1,
    0.3
  ],
  "winR": null,
  "winS": null,
  "winT": null,
  "pt_min_ms": 200.0,
  "orientation": "pooled",
  "areas": [
    "MFEF",
    "MLIP",
    "MSC"
  ],
  "tag": "axes_peakbin_stimC-stim-pooled-20mssw",
  "norm": "global",
  "baseline_win": null,
  "clf_binary": "logreg",
  "C_grid": [
    0.1,
    0.3,
    1.0,
    3.0,
    10.0
  ],
  "lda_shrinkage": null,
  "searchC": true,
  "searchS": false,
  "searchT": false,
  "searchR": false,
  "search_step_ms": 20.0,
  "search_len_ms": [
    50.0,
    100.0,
    150.0,
    200.0,
    250.0
  ],
  "search_range_C": "0.00:0.50",
  "search_range_S": null,
  "search_range_T": null,
  "search_range_R": null,
  "search_score_mode": "peak_bin_auc",
  "search_tiebreak": "shortest_then_earliest",
  "search_tol": 0.01,
  "per_area_results": {
    "MFEF": {
      "winC_selected": [
        0.18,
        0.22999999999999998
      ],
      "winC_cv_best": 0.9507619487416301,
      "winC_best_param": 0.1,
      "winC_peak_time_ms": 210.00000089406967,
      "winC_peak_auc": 0.9507619487416301,
      "winC_mean_bin_auc": 0.9361406141768643,
      "winC_cv_auc_original": 0.9848901590711472,
      "sC_auc": 0.9507619487416301,
      "n_trials_C": 528
    },
    "MLIP": {
      "winC_selected": [
        0.36000000000000004,
        0.41000000000000003
      ],
      "winC_cv_best": 0.9012930039251904,
      "winC_best_param": 0.1,
      "winC_peak_time_ms": 400.0000059604645,
      "winC_peak_auc": 0.9012930039251904,
      "winC_mean_bin_auc": 0.8783306395751559,
      "winC_cv_auc_original": 0.9524621502736432,
      "sC_auc": 0.9012930039251904,
      "n_trials_C": 528
    },
    "MSC": {
      "winC_selected": [
        0.34,
        0.44000000000000006
      ],
      "winC_cv_best": 0.6289468367582545,
      "winC_best_param": 0.1,
      "winC_peak_time_ms": 409.9999964237213,
      "winC_peak_auc": 0.6289468367582545,
      "winC_mean_bin_auc": 0.5944544877311561,
      "winC_cv_auc_original": 0.6810009718172984,
      "sC_auc": 0.6289468367582545,
      "n_trials_C": 528
    }
  },
  "rebin_factor": null,
  "sliding_window_ms": 20.0,
  "sliding_step_ms": 10.0,
  "sliding_window_bins": 2,
  "sliding_step_bins": 1
}