{
  "sid": "20231103",
  "align": "stim",
  "features": [
    "C"
  ],
  "winC": [
    0.1,
    0.3
  ],
  "winR": null,
  "winS": null,
  "winT": null,
  "pt_min_ms": 200.0,
  "orientation": "pooled",
  "areas": [
    "SFEF",
    "SLIP",
    "SSC"
  ],
  "tag": "axes_peakbin_stimC-stim-pooled-20mssw",
  "norm": "global",
  "baseline_win": null,
  "clf_binary": "logreg",
  "C_grid": [
    0.1,
    0.3,
    1.0,
    3.0,
    10.0
  ],
  "lda_shrinkage": null,
  "searchC": true,
  "searchS": false,
  "searchT": false,
  "searchR": false,
  "search_step_ms": 20.0,
  "search_len_ms": [
    50.0,
    100.0,
    150.0,
    200.0,
    250.0
  ],
  "search_range_C": "0.00:0.50",
  "search_range_S": null,
  "search_range_T": null,
  "search_range_R": null,
  "search_score_mode": "peak_bin_auc",
  "search_tiebreak": "shortest_then_earliest",
  "search_tol": 0.01,
  "per_area_results": {
    "SFEF": {
      "winC_selected": [
        0.23999999999999996,
        0.29
      ],
      "winC_cv_best": 0.9446102819237148,
      "winC_best_param": 0.3,
      "winC_peak_time_ms": 289.99999165534973,
      "winC_peak_auc": 0.9446102819237148,
      "winC_mean_bin_auc": 0.8786069651741294,
      "winC_cv_auc_original": 0.9620268620268619,
      "sC_auc": 0.9446102819237148,
      "n_trials_C": 112
    },
    "SLIP": {
      "winC_selected": [
        0.3,
        0.5
      ],
      "winC_cv_best": 0.7011608623548922,
      "winC_best_param": 0.3,
      "winC_peak_time_ms": 370.0000047683716,
      "winC_peak_auc": 0.7011608623548922,
      "winC_mean_bin_auc": 0.5968325041459369,
      "winC_cv_auc_original": 0.7379731379731378,
      "sC_auc": 0.7011608623548922,
      "n_trials_C": 112
    },
    "SSC": {
      "winC_selected": [
        0.34,
        0.44000000000000006
      ],
      "winC_cv_best": 0.7923714759535655,
      "winC_best_param": 0.1,
      "winC_peak_time_ms": 379.9999952316284,
      "winC_peak_auc": 0.7923714759535655,
      "winC_mean_bin_auc": 0.7248002412181517,
      "winC_cv_auc_original": 0.7993894993894993,
      "sC_auc": 0.7923714759535655,
      "n_trials_C": 112
    }
  },
  "rebin_factor": null,
  "sliding_window_ms": 20.0,
  "sliding_step_ms": 10.0,
  "sliding_window_bins": 2,
  "sliding_step_bins": 1,
  "correct_mode": "correctonly"
}