{
  "sid": "20230707",
  "align": "stim",
  "features": [
    "C",
    "R"
  ],
  "winC": [
    0.1,
    0.3
  ],
  "winR": [
    0.05,
    0.2
  ],
  "winS": null,
  "winT": null,
  "pt_min_ms": 200.0,
  "orientation": "vertical",
  "areas": [
    "SFEF",
    "SLIP"
  ],
  "tag": "axes_peakbin_stimCR-stim-vertical-20mssw_nofilter",
  "norm": "global",
  "baseline_win": null,
  "clf_binary": "logreg",
  "C_grid": [
    0.1,
    0.3,
    1.0,
    3.0,
    10.0
  ],
  "lda_shrinkage": null,
  "searchC": true,
  "searchS": false,
  "searchT": false,
  "searchR": true,
  "search_step_ms": 20.0,
  "search_len_ms": [
    50.0,
    100.0,
    150.0,
    200.0,
    250.0
  ],
  "search_range_C": "0.00:0.50",
  "search_range_S": null,
  "search_range_T": null,
  "search_range_R": "0.00:0.50",
  "search_score_mode": "peak_bin_auc",
  "search_tiebreak": "shortest_then_earliest",
  "search_tol": 0.01,
  "per_area_results": {
    "SFEF": {
      "winC_selected": [
        0.25999999999999995,
        0.30999999999999994
      ],
      "winC_cv_best": 0.7923488008342022,
      "winC_best_param": 0.1,
      "winC_peak_time_ms": 280.0000011920929,
      "winC_peak_auc": 0.7923488008342022,
      "winC_mean_bin_auc": 0.7805982794577686,
      "winC_cv_auc_original": 0.8675084175084175,
      "winR_selected": [
        0.19999999999999998,
        0.44999999999999996
      ],
      "winR_cv_best": 0.5347342472342473,
      "sC_auc": 0.7923488008342022,
      "n_trials_C": 554
    },
    "SLIP": {
      "winC_selected": [
        0.32,
        0.37
      ],
      "winC_cv_best": 0.6622653806047967,
      "winC_best_param": 0.1,
      "winC_peak_time_ms": 359.99999940395355,
      "winC_peak_auc": 0.6622653806047967,
      "winC_mean_bin_auc": 0.6231654066736183,
      "winC_cv_auc_original": 0.675455747955748,
      "winR_selected": [
        0.27999999999999997,
        0.42999999999999994
      ],
      "winR_cv_best": 0.4565488215488215,
      "sC_auc": 0.6622653806047967,
      "n_trials_C": 554
    }
  },
  "rebin_factor": null,
  "sliding_window_ms": 20.0,
  "sliding_step_ms": 10.0,
  "sliding_window_bins": 4,
  "sliding_step_bins": 2
}