{
  "time": [
    -0.39000000059604645,
    -0.3799999952316284,
    -0.3700000047683716,
    -0.35999999940395355,
    -0.3499999940395355,
    -0.3400000035762787,
    -0.32999999821186066,
    -0.3199999928474426,
    -0.3100000023841858,
    -0.30000000447034836,
    -0.28999999910593033,
    -0.2800000011920929,
    -0.27000000327825546,
    -0.25999999791383743,
    -0.25,
    -0.24000000208616257,
    -0.23000000044703484,
    -0.2200000025331974,
    -0.21000000089406967,
    -0.19999999925494194,
    -0.1900000013411045,
    -0.17999999970197678,
    -0.16999999806284904,
    -0.1600000001490116,
    -0.14999999850988388,
    -0.13999999687075615,
    -0.12999999895691872,
    -0.11999999918043613,
    -0.10999999940395355,
    -0.09999999962747097,
    -0.08999999985098839,
    -0.0800000000745058,
    -0.07000000029802322,
    -0.06000000052154064,
    -0.049999999813735485,
    -0.0400000000372529,
    -0.03000000026077032,
    -0.020000000251457095,
    -0.010000000009313226,
    0.0,
    0.010000000009313226,
    0.020000000251457095,
    0.03000000026077032,
    0.0400000000372529,
    0.049999999813735485,
    0.06000000052154064,
    0.07000000029802322,
    0.0800000000745058,
    0.08999999985098839,
    0.09999999962747097,
    0.10999999940395355,
    0.11999999918043613,
    0.12999999895691872,
    0.13999999687075615,
    0.14999999850988388,
    0.1600000001490116,
    0.16999999806284904,
    0.17999999970197678,
    0.1900000013411045,
    0.19999999925494194,
    0.21000000089406967,
    0.2200000025331974,
    0.23000000044703484,
    0.24000000208616257,
    0.25,
    0.25999999791383743,
    0.27000000327825546,
    0.2800000011920929,
    0.28999999910593033
  ],
  "auc_C": null,
  "auc_S_raw": [
    0.44489635266334293,
    0.5368013644712674,
    0.5355549724481763,
    0.49094725793754923,
    0.4824193125163999,
    0.4657570191550775,
    0.4925872474416164,
    0.47192337969036996,
    0.505247966413015,
    0.5125951193912359,
    0.5067567567567568,
    0.5084623458409867,
    0.4694961952243506,
    0.4463395434269221,
    0.5368013644712674,
    0.492456048281291,
    0.401075833114668,
    0.45558908422986094,
    0.5019679874048806,
    0.4809761217528208,
    0.47861453686696404,
    0.5066255575964314,
    0.5476252951981108,
    0.5738651272631855,
    0.48897927053266854,
    0.4845184990816058,
    0.48819207557071637,
    0.5015743899239045,
    0.5650091839412227,
    0.6184728417738127,
    0.6379559170821307,
    0.6992915245342429,
    0.7534111781684596,
    0.784374180005248,
    0.7763710312254002,
    0.766137496720021,
    0.8155339805825244,
    0.8632904749409603,
    0.9227236945683547,
    0.9406323799527683,
    0.9366308055628444,
    0.9313172395696667,
    0.9506035161374968,
    0.9697585935450013,
    0.9943584361060089,
    0.9856992915245342,
    0.9454211493046445,
    0.9071765940697979,
    0.9218053004460771,
    0.8907766990291262,
    0.8829703489897665,
    0.835082655471005,
    0.7961821044345316,
    0.778273419050118,
    0.7824061926003674,
    0.7792574127525584,
    0.7524271844660195,
    0.7155602204145893,
    0.7243505641563895,
    0.7902125426397272,
    0.7903437418000524,
    0.7718446601941747,
    0.8169115717659408,
    0.8228155339805825,
    0.8056284439779585,
    0.7837181842036212,
    0.7905405405405407,
    0.8009708737864077,
    0.8052348464969824
  ],
  "auc_S_inv": [
    0.44489635266334293,
    0.5368013644712674,
    0.5355549724481763,
    0.49094725793754923,
    0.4824193125163999,
    0.4657570191550775,
    0.4925872474416164,
    0.47192337969036996,
    0.505247966413015,
    0.5125951193912359,
    0.5067567567567568,
    0.5084623458409867,
    0.4694961952243506,
    0.4463395434269221,
    0.5368013644712674,
    0.492456048281291,
    0.401075833114668,
    0.45558908422986094,
    0.5019679874048806,
    0.4809761217528208,
    0.47861453686696404,
    0.5066255575964314,
    0.5476252951981108,
    0.5738651272631855,
    0.48897927053266854,
    0.4845184990816058,
    0.48819207557071637,
    0.5015743899239045,
    0.5650091839412227,
    0.6184728417738127,
    0.6379559170821307,
    0.6992915245342429,
    0.7534111781684596,
    0.784374180005248,
    0.7763710312254002,
    0.766137496720021,
    0.8155339805825244,
    0.8632904749409603,
    0.9227236945683547,
    0.9406323799527683,
    0.9366308055628444,
    0.9313172395696667,
    0.9506035161374968,
    0.9697585935450013,
    0.9943584361060089,
    0.9856992915245342,
    0.9454211493046445,
    0.9071765940697979,
    0.9218053004460771,
    0.8907766990291262,
    0.8829703489897665,
    0.835082655471005,
    0.7961821044345316,
    0.778273419050118,
    0.7824061926003674,
    0.7792574127525584,
    0.7524271844660195,
    0.7155602204145893,
    0.7243505641563895,
    0.7902125426397272,
    0.7903437418000524,
    0.7718446601941747,
    0.8169115717659408,
    0.8228155339805825,
    0.8056284439779585,
    0.7837181842036212,
    0.7905405405405407,
    0.8009708737864077,
    0.8052348464969824
  ],
  "acc_R_macro": null,
  "auc_T": null,
  "latencies_ms": {
    "C": null,
    "S_raw": -99.99999962747097,
    "S_inv": -99.99999962747097,
    "T": null
  },
  "meta": {
    "align": "sacc",
    "orientation": "horizontal",
    "pt_min_ms": 200.0,
    "n_trials": 251,
    "n_bins": 69,
    "n_units": 66,
    "thr": 0.6,
    "k_bins": 5,
    "norm": "global",
    "baseline_win": null,
    "used_axes_mu_sd": false
  }
}