{
  "time": [
    -0.39000000059604645,
    -0.3799999952316284,
    -0.3700000047683716,
    -0.35999999940395355,
    -0.3499999940395355,
    -0.3400000035762787,
    -0.32999999821186066,
    -0.3199999928474426,
    -0.3100000023841858,
    -0.30000000447034836,
    -0.28999999910593033,
    -0.2800000011920929,
    -0.27000000327825546,
    -0.25999999791383743,
    -0.25,
    -0.24000000208616257,
    -0.23000000044703484,
    -0.2200000025331974,
    -0.21000000089406967,
    -0.19999999925494194,
    -0.1900000013411045,
    -0.17999999970197678,
    -0.16999999806284904,
    -0.1600000001490116,
    -0.14999999850988388,
    -0.13999999687075615,
    -0.12999999895691872,
    -0.11999999918043613,
    -0.10999999940395355,
    -0.09999999962747097,
    -0.08999999985098839,
    -0.0800000000745058,
    -0.07000000029802322,
    -0.06000000052154064,
    -0.049999999813735485,
    -0.0400000000372529,
    -0.03000000026077032,
    -0.020000000251457095,
    -0.010000000009313226,
    0.0,
    0.010000000009313226,
    0.020000000251457095,
    0.03000000026077032,
    0.0400000000372529,
    0.049999999813735485,
    0.06000000052154064,
    0.07000000029802322,
    0.0800000000745058,
    0.08999999985098839,
    0.09999999962747097,
    0.10999999940395355,
    0.11999999918043613,
    0.12999999895691872,
    0.13999999687075615,
    0.14999999850988388,
    0.1600000001490116,
    0.16999999806284904,
    0.17999999970197678,
    0.1900000013411045,
    0.19999999925494194,
    0.21000000089406967,
    0.2200000025331974,
    0.23000000044703484,
    0.24000000208616257,
    0.25,
    0.25999999791383743,
    0.27000000327825546,
    0.2800000011920929,
    0.28999999910593033
  ],
  "auc_C": null,
  "auc_S_raw": [
    0.44456835476252954,
    0.537063762791918,
    0.5356205720283391,
    0.49134085541852535,
    0.4819601154552611,
    0.46582261873524006,
    0.4931120440829179,
    0.47133298346890584,
    0.504591970611388,
    0.5137103122540017,
    0.5049199685122016,
    0.5049199685122014,
    0.46824980320125953,
    0.4462083442665967,
    0.5380477564943584,
    0.4984912096562582,
    0.40173182891629494,
    0.45663867751246395,
    0.5009839937024403,
    0.4791393335082656,
    0.47782734190501186,
    0.5032143794279716,
    0.5432301233272108,
    0.5730779323012333,
    0.49029126213592233,
    0.48563369194437156,
    0.48917606927315666,
    0.5028207819469956,
    0.5661899763841511,
    0.6212936237208081,
    0.6390711099448964,
    0.6990947257937549,
    0.7551167672526896,
    0.7857517711886643,
    0.7770926266071898,
    0.7676462870637628,
    0.8163211755444765,
    0.8645368669640515,
    0.9235108895303071,
    0.9409603778535817,
    0.9356468118604041,
    0.930398845447389,
    0.9511283127787983,
    0.969824193125164,
    0.9941616373655209,
    0.9841905011807924,
    0.9437155602204147,
    0.9052086066649174,
    0.9194437155602204,
    0.8880871162424561,
    0.8816583573865127,
    0.8369194437155603,
    0.7990684859616898,
    0.778470217790606,
    0.7831277879821569,
    0.78247179218053,
    0.7566255575964316,
    0.7165442141170296,
    0.7268433482025716,
    0.79296772500656,
    0.7911965363421674,
    0.7725662555759644,
    0.8197323537129363,
    0.822093938598793,
    0.804906848596169,
    0.7852925741275255,
    0.7897533455785883,
    0.7990684859616899,
    0.8058908422986093
  ],
  "auc_S_inv": [
    0.44456835476252954,
    0.537063762791918,
    0.5356205720283391,
    0.49134085541852535,
    0.4819601154552611,
    0.46582261873524006,
    0.4931120440829179,
    0.47133298346890584,
    0.504591970611388,
    0.5137103122540017,
    0.5049199685122016,
    0.5049199685122014,
    0.46824980320125953,
    0.4462083442665967,
    0.5380477564943584,
    0.4984912096562582,
    0.40173182891629494,
    0.45663867751246395,
    0.5009839937024403,
    0.4791393335082656,
    0.47782734190501186,
    0.5032143794279716,
    0.5432301233272108,
    0.5730779323012333,
    0.49029126213592233,
    0.48563369194437156,
    0.48917606927315666,
    0.5028207819469956,
    0.5661899763841511,
    0.6212936237208081,
    0.6390711099448964,
    0.6990947257937549,
    0.7551167672526896,
    0.7857517711886643,
    0.7770926266071898,
    0.7676462870637628,
    0.8163211755444765,
    0.8645368669640515,
    0.9235108895303071,
    0.9409603778535817,
    0.9356468118604041,
    0.930398845447389,
    0.9511283127787983,
    0.969824193125164,
    0.9941616373655209,
    0.9841905011807924,
    0.9437155602204147,
    0.9052086066649174,
    0.9194437155602204,
    0.8880871162424561,
    0.8816583573865127,
    0.8369194437155603,
    0.7990684859616898,
    0.778470217790606,
    0.7831277879821569,
    0.78247179218053,
    0.7566255575964316,
    0.7165442141170296,
    0.7268433482025716,
    0.79296772500656,
    0.7911965363421674,
    0.7725662555759644,
    0.8197323537129363,
    0.822093938598793,
    0.804906848596169,
    0.7852925741275255,
    0.7897533455785883,
    0.7990684859616899,
    0.8058908422986093
  ],
  "acc_R_macro": null,
  "auc_T": null,
  "latencies_ms": {
    "C": null,
    "S_raw": -99.99999962747097,
    "S_inv": -99.99999962747097,
    "T": null
  },
  "meta": {
    "align": "sacc",
    "orientation": "horizontal",
    "pt_min_ms": 200.0,
    "n_trials": 251,
    "n_bins": 69,
    "n_units": 66,
    "thr": 0.6,
    "k_bins": 5,
    "norm": "global",
    "baseline_win": null,
    "used_axes_mu_sd": false
  }
}