{
  "sid": "20231121",
  "trainC": [
    -0.3,
    -0.1
  ],
  "trainS": [
    -0.1,
    -0.03
  ],
  "orientation": "horizontal",
  "areas": {
    "SFEF": {
      "sC_auc_mean": 0.5737155219037318,
      "sSraw_auc_mean": 0.719423704441126,
      "cos_sSraw_sC": -0.22049022504779509,
      "auc_C_from_sSraw": 0.44203353163872366,
      "auc_C_from_sSinv": 0.47781503515413737
    },
    "SLIP": {
      "sC_auc_mean": 0.5744726879394266,
      "sSraw_auc_mean": 0.570292019246723,
      "cos_sSraw_sC": 0.15928468109401886,
      "auc_C_from_sSraw": 0.5359221200648999,
      "auc_C_from_sSinv": 0.4893888588426176
    },
    "SSC": {
      "sC_auc_mean": 0.6072471606273661,
      "sSraw_auc_mean": 0.7203058459156019,
      "cos_sSraw_sC": 0.20189954896788945,
      "auc_C_from_sSraw": 0.47082747431043803,
      "auc_C_from_sSinv": 0.4416008653326122
    }
  }
}