{
  "sid": "20230627",
  "area": "SFEF",
  "monkey": "S",
  "analysis": "axis_covariance",
  "axes_tag": "axes_peakbin_saccCS-sacc-horizontal-20mssw",
  "a_obs": 0.040401690203642024,
  "theta_obs_deg": 87.68452345048965,
  "null_mean": 0.3809515558412268,
  "null_std": 0.2216243581778004,
  "null_angle_mean_deg": 66.78215344675549,
  "p_orth": 0.04095904095904096,
  "p_align": 0.9600399600399601,
  "n_perms_valid": 1000,
  "delta": -0.34054986563758477,
  "delta_theta_deg": 20.902370003734163,
  "z_score": -1.5366084686610808,
  "manifold_dim": 32,
  "D_eff": 2.8693731600562766,
  "expected_cos": 0.5903458086691744,
  "expected_angle_deg": 53.818448326468385,
  "win_C": [
    -0.2,
    0.05
  ],
  "win_S": [
    -0.2,
    0.05
  ],
  "n_trials": 432,
  "n_valid_C": 432,
  "n_valid_S": 432,
  "use_rich_cond": false
}