{
  "sid": "20231025",
  "area": "SFEF",
  "monkey": "S",
  "analysis": "axis_covariance",
  "axes_tag": "axes_peakbin_saccCS-sacc-horizontal-20mssw",
  "a_obs": 0.05028997241508129,
  "theta_obs_deg": 87.11738089394649,
  "null_mean": 0.18471011937187007,
  "null_std": 0.1315822673148766,
  "null_angle_mean_deg": 79.23325471150724,
  "p_orth": 0.16683316683316685,
  "p_align": 0.8341658341658341,
  "n_perms_valid": 1000,
  "delta": -0.13442014695678878,
  "delta_theta_deg": 7.884126182439246,
  "z_score": -1.0215673411001585,
  "manifold_dim": 33,
  "D_eff": 9.151313246138985,
  "expected_cos": 0.3305660811938377,
  "expected_angle_deg": 70.69686209238806,
  "win_C": [
    -0.3,
    -0.1
  ],
  "win_S": [
    -0.1,
    -0.03
  ],
  "n_trials": 230,
  "n_valid_C": 230,
  "n_valid_S": 230,
  "use_rich_cond": false
}