{
  "sid": "20200328",
  "area": "MFEF",
  "monkey": "M",
  "analysis": "axis_covariance",
  "axes_tag": "axes_peakbin_saccCS-sacc-horizontal-20mssw",
  "a_obs": 0.00776799063754892,
  "theta_obs_deg": 89.55492244497366,
  "null_mean": 0.24048902276735765,
  "null_std": 0.18310516683022907,
  "null_angle_mean_deg": 75.73373792630643,
  "p_orth": 0.03396603396603397,
  "p_align": 0.967032967032967,
  "n_perms_valid": 1000,
  "delta": -0.2327210321298087,
  "delta_theta_deg": 13.821184518667224,
  "z_score": -1.2709692258197298,
  "manifold_dim": 30,
  "D_eff": 3.157864193988486,
  "expected_cos": 0.5627341552329819,
  "expected_angle_deg": 55.75490551111291,
  "win_C": [
    -0.2,
    0.05
  ],
  "win_S": [
    -0.2,
    0.05
  ],
  "n_trials": 247,
  "n_valid_C": 247,
  "n_valid_S": 247,
  "use_rich_cond": false
}