{
  "sid": "20201211",
  "area": "MFEF",
  "monkey": "M",
  "analysis": "axis_covariance",
  "axes_tag": "axes_peakbin_saccCS-sacc-horizontal-20mssw",
  "a_obs": 0.10485594679086481,
  "theta_obs_deg": 83.98113289523924,
  "null_mean": 0.1486977685248675,
  "null_std": 0.10474928967051303,
  "null_angle_mean_deg": 81.38939907190455,
  "p_orth": 0.3916083916083916,
  "p_align": 0.6093906093906094,
  "n_perms_valid": 1000,
  "delta": -0.04384182173400268,
  "delta_theta_deg": 2.5917338233346925,
  "z_score": -0.41854051585367624,
  "manifold_dim": 27,
  "D_eff": 2.7764162479402303,
  "expected_cos": 0.6001470993002878,
  "expected_angle_deg": 53.119566416219335,
  "win_C": [
    -0.3,
    -0.1
  ],
  "win_S": [
    -0.1,
    -0.03
  ],
  "n_trials": 302,
  "n_valid_C": 302,
  "n_valid_S": 302,
  "use_rich_cond": false
}