{
  "sid": "20200929",
  "area": "MFEF",
  "monkey": "M",
  "analysis": "axis_covariance",
  "axes_tag": "axes_peakbin_saccCS-sacc-horizontal-20mssw",
  "a_obs": 0.0320288301906787,
  "theta_obs_deg": 88.16456930454514,
  "null_mean": 0.17901389435953377,
  "null_std": 0.13612777425158926,
  "null_angle_mean_deg": 79.54859332477622,
  "p_orth": 0.12187812187812187,
  "p_align": 0.8791208791208791,
  "n_perms_valid": 1000,
  "delta": -0.14698506416885507,
  "delta_theta_deg": 8.615975979768919,
  "z_score": -1.0797580800608664,
  "manifold_dim": 30,
  "D_eff": 3.463889426805141,
  "expected_cos": 0.5373014219588822,
  "expected_angle_deg": 57.49987679221991,
  "win_C": [
    -0.2,
    0.05
  ],
  "win_S": [
    -0.2,
    0.05
  ],
  "n_trials": 264,
  "n_valid_C": 264,
  "n_valid_S": 264,
  "use_rich_cond": false
}