{
  "sid": "20201204",
  "area": "MFEF",
  "monkey": "M",
  "analysis": "axis_covariance",
  "axes_tag": "axes_peakbin_saccCS-sacc-horizontal-20mssw",
  "a_obs": 0.024725593831097566,
  "theta_obs_deg": 88.58318343953029,
  "null_mean": 0.2605205429506342,
  "null_std": 0.17261434529919473,
  "null_angle_mean_deg": 74.59080644309398,
  "p_orth": 0.057942057942057944,
  "p_align": 0.9430569430569431,
  "n_perms_valid": 1000,
  "delta": -0.23579494911953663,
  "delta_theta_deg": 13.992376996436306,
  "z_score": -1.3660217446634006,
  "manifold_dim": 27,
  "D_eff": 4.247569037639482,
  "expected_cos": 0.4852100378440775,
  "expected_angle_deg": 60.97376556826898,
  "win_C": [
    -0.2,
    0.05
  ],
  "win_S": [
    -0.2,
    0.05
  ],
  "n_trials": 285,
  "n_valid_C": 285,
  "n_valid_S": 285,
  "use_rich_cond": false
}