{
  "sid": "20230710",
  "area": "SFEF",
  "monkey": "S",
  "analysis": "axis_covariance",
  "axes_tag": "axes_peakbin_saccCS-sacc-horizontal-20mssw",
  "a_obs": 0.345572106582868,
  "theta_obs_deg": 69.78327681600821,
  "null_mean": 0.12608342331669317,
  "null_std": 0.0917232421902447,
  "null_angle_mean_deg": 82.7174391419836,
  "p_orth": 0.974025974025974,
  "p_align": 0.026973026973026972,
  "n_perms_valid": 1000,
  "delta": 0.21948868326617485,
  "delta_theta_deg": -12.934162325975393,
  "z_score": 2.3929451033897133,
  "manifold_dim": 36,
  "D_eff": 6.596931121685095,
  "expected_cos": 0.38934000056647877,
  "expected_angle_deg": 67.0865614556209,
  "win_C": [
    -0.3,
    -0.1
  ],
  "win_S": [
    -0.1,
    -0.03
  ],
  "n_trials": 493,
  "n_valid_C": 493,
  "n_valid_S": 493,
  "use_rich_cond": false
}