{
  "sid": "20230627",
  "area": "SFEF",
  "monkey": "S",
  "analysis": "axis_covariance",
  "axes_tag": "axes_peakbin_saccCS-sacc-horizontal-20mssw",
  "a_obs": 0.011034038173051536,
  "theta_obs_deg": 89.36778335252605,
  "null_mean": 0.19957361943726365,
  "null_std": 0.1168458953295871,
  "null_angle_mean_deg": 78.3924262969234,
  "p_orth": 0.02097902097902098,
  "p_align": 0.98001998001998,
  "n_perms_valid": 1000,
  "delta": -0.1885395812642121,
  "delta_theta_deg": 10.975357055602643,
  "z_score": -1.6135747065174921,
  "manifold_dim": 27,
  "D_eff": 1.8964484259471572,
  "expected_cos": 0.7261552502333453,
  "expected_angle_deg": 43.43496394277174,
  "win_C": [
    -0.3,
    -0.1
  ],
  "win_S": [
    -0.1,
    -0.03
  ],
  "n_trials": 432,
  "n_valid_C": 432,
  "n_valid_S": 432,
  "use_rich_cond": false
}