{
  "sid": "20201004",
  "area": "MFEF",
  "monkey": "M",
  "analysis": "axis_covariance",
  "axes_tag": "axes_peakbin_saccCS-sacc-horizontal-20mssw",
  "a_obs": 0.01412133516954037,
  "theta_obs_deg": 89.1908802007955,
  "null_mean": 0.20133771402271758,
  "null_std": 0.14149199989610112,
  "null_angle_mean_deg": 78.22576724497809,
  "p_orth": 0.04295704295704296,
  "p_align": 0.958041958041958,
  "n_perms_valid": 1000,
  "delta": -0.1872163788531772,
  "delta_theta_deg": 10.965112955817418,
  "z_score": -1.3231587580262625,
  "manifold_dim": 36,
  "D_eff": 2.9710800576847016,
  "expected_cos": 0.5801533747084848,
  "expected_angle_deg": 54.538669078364705,
  "win_C": [
    -0.2,
    0.05
  ],
  "win_S": [
    -0.2,
    0.05
  ],
  "n_trials": 291,
  "n_valid_C": 291,
  "n_valid_S": 291,
  "use_rich_cond": false
}