{
  "sid": "20201216",
  "area": "MFEF",
  "monkey": "M",
  "analysis": "axis_covariance",
  "axes_tag": "axes_peakbin_saccCS-sacc-horizontal-20mssw",
  "a_obs": 0.060487347529303306,
  "theta_obs_deg": 86.53221346688034,
  "null_mean": 0.2733323201702848,
  "null_std": 0.1684599030441755,
  "null_angle_mean_deg": 73.8468276586385,
  "p_orth": 0.1108891108891109,
  "p_align": 0.8901098901098901,
  "n_perms_valid": 1000,
  "delta": -0.2128449726409815,
  "delta_theta_deg": 12.685385808241833,
  "z_score": -1.2634755736809777,
  "manifold_dim": 36,
  "D_eff": 3.557236767917957,
  "expected_cos": 0.5302047494383647,
  "expected_angle_deg": 57.98071003459478,
  "win_C": [
    -0.2,
    0.05
  ],
  "win_S": [
    -0.2,
    0.05
  ],
  "n_trials": 251,
  "n_valid_C": 251,
  "n_valid_S": 251,
  "use_rich_cond": false
}