{
  "sid": "20231109",
  "area": "SFEF",
  "monkey": "S",
  "analysis": "axis_covariance",
  "axes_tag": "axes_peakbin_saccCS-sacc-horizontal-20mssw",
  "a_obs": 0.04069464988933874,
  "theta_obs_deg": 87.66772428097846,
  "null_mean": 0.29782335796627624,
  "null_std": 0.18564354029979047,
  "null_angle_mean_deg": 72.27685547946699,
  "p_orth": 0.07792207792207792,
  "p_align": 0.9230769230769231,
  "n_perms_valid": 1000,
  "delta": -0.2571287080769375,
  "delta_theta_deg": 15.390868801511473,
  "z_score": -1.3850668203251655,
  "manifold_dim": 47,
  "D_eff": 8.578856218972314,
  "expected_cos": 0.34141712854313144,
  "expected_angle_deg": 70.03676326674291,
  "win_C": [
    -0.2,
    0.05
  ],
  "win_S": [
    -0.2,
    0.05
  ],
  "n_trials": 255,
  "n_valid_C": 255,
  "n_valid_S": 255,
  "use_rich_cond": false
}