{
  "sid": "20200401",
  "area": "MFEF",
  "monkey": "M",
  "analysis": "axis_covariance",
  "axes_tag": "axes_peakbin_saccCS-sacc-horizontal-20mssw",
  "a_obs": 0.18227204796693836,
  "theta_obs_deg": 79.49787177175489,
  "null_mean": 0.2680530240524248,
  "null_std": 0.1692735389325489,
  "null_angle_mean_deg": 74.16219988269795,
  "p_orth": 0.36063936063936064,
  "p_align": 0.6403596403596403,
  "n_perms_valid": 1000,
  "delta": -0.08578097608548646,
  "delta_theta_deg": 5.33567188905694,
  "z_score": -0.5067595125997096,
  "manifold_dim": 41,
  "D_eff": 7.887321975103313,
  "expected_cos": 0.35606986102385774,
  "expected_angle_deg": 69.14097205992663,
  "win_C": [
    -0.2,
    0.05
  ],
  "win_S": [
    -0.2,
    0.05
  ],
  "n_trials": 250,
  "n_valid_C": 250,
  "n_valid_S": 250,
  "use_rich_cond": false
}