{
  "sid": "20200401",
  "align": "sacc",
  "features": [
    "C",
    "S"
  ],
  "winC": [
    -0.3,
    -0.18
  ],
  "winR": null,
  "winS": [
    -0.1,
    -0.03
  ],
  "winT": null,
  "pt_min_ms": 200.0,
  "orientation": "pooled",
  "areas": [
    "MFEF",
    "MLIP"
  ],
  "tag": "axes_peakbin_saccCS-sacc-pooled-20mssw_nofilter",
  "norm": "global",
  "baseline_win": null,
  "clf_binary": "logreg",
  "C_grid": [
    0.1,
    0.3,
    1.0,
    3.0,
    10.0
  ],
  "lda_shrinkage": null,
  "searchC": true,
  "searchS": true,
  "searchT": false,
  "searchR": false,
  "search_step_ms": 20.0,
  "search_len_ms": [
    50.0,
    100.0,
    150.0,
    200.0,
    250.0
  ],
  "search_range_C": "-0.20:0.05",
  "search_range_S": "-0.20:0.05",
  "search_range_T": null,
  "search_range_R": null,
  "search_score_mode": "peak_bin_auc",
  "search_tiebreak": "shortest_then_closest0",
  "search_tol": 0.01,
  "per_area_results": {
    "MFEF": {
      "winC_selected": [
        -0.14000000000000004,
        -0.040000000000000036
      ],
      "winC_cv_best": 0.8638925333969465,
      "winC_best_param": 1.0,
      "winC_peak_time_ms": -89.99999985098839,
      "winC_peak_auc": 0.8638925333969465,
      "winC_mean_bin_auc": 0.8134216689798751,
      "winC_cv_auc_original": 0.9729913563058361,
      "winS_selected": [
        -2.0816681711721685e-17,
        0.04999999999999998
      ],
      "winS_cv_best": 0.7988168373151309,
      "winS_peak_time_ms": 49.999999813735485,
      "winS_peak_auc": 0.7988168373151309,
      "sC_auc": 0.8638925333969465,
      "n_trials_C": 518
    },
    "MLIP": {
      "winC_selected": [
        -0.02000000000000002,
        0.02999999999999998
      ],
      "winC_cv_best": 0.8087279341603053,
      "winC_best_param": 0.3,
      "winC_peak_time_ms": 10.000000009313226,
      "winC_peak_auc": 0.8087279341603053,
      "winC_mean_bin_auc": 0.784093958730916,
      "winC_cv_auc_original": 0.8612323421050903,
      "winS_selected": [
        -2.0816681711721685e-17,
        0.04999999999999998
      ],
      "winS_cv_best": 0.898976109215017,
      "winS_peak_time_ms": 40.0000000372529,
      "winS_peak_auc": 0.898976109215017,
      "sC_auc": 0.8087279341603053,
      "n_trials_C": 518
    }
  },
  "rebin_factor": null,
  "sliding_window_ms": 20.0,
  "sliding_step_ms": 10.0,
  "sliding_window_bins": 4,
  "sliding_step_bins": 2
}