{
  "time": [
    -0.39000000059604645,
    -0.3799999952316284,
    -0.3700000047683716,
    -0.35999999940395355,
    -0.3499999940395355,
    -0.3400000035762787,
    -0.32999999821186066,
    -0.3199999928474426,
    -0.3100000023841858,
    -0.30000000447034836,
    -0.28999999910593033,
    -0.2800000011920929,
    -0.27000000327825546,
    -0.25999999791383743,
    -0.25,
    -0.24000000208616257,
    -0.23000000044703484,
    -0.2200000025331974,
    -0.21000000089406967,
    -0.19999999925494194,
    -0.1900000013411045,
    -0.17999999970197678,
    -0.16999999806284904,
    -0.1600000001490116,
    -0.14999999850988388,
    -0.13999999687075615,
    -0.12999999895691872,
    -0.11999999918043613,
    -0.10999999940395355,
    -0.09999999962747097,
    -0.08999999985098839,
    -0.0800000000745058,
    -0.07000000029802322,
    -0.06000000052154064,
    -0.049999999813735485,
    -0.0400000000372529,
    -0.03000000026077032,
    -0.020000000251457095,
    -0.010000000009313226,
    0.0,
    0.010000000009313226,
    0.020000000251457095,
    0.03000000026077032,
    0.0400000000372529,
    0.049999999813735485,
    0.06000000052154064,
    0.07000000029802322,
    0.0800000000745058,
    0.08999999985098839,
    0.09999999962747097,
    0.10999999940395355,
    0.11999999918043613,
    0.12999999895691872,
    0.13999999687075615,
    0.14999999850988388,
    0.1600000001490116,
    0.16999999806284904,
    0.17999999970197678,
    0.1900000013411045,
    0.19999999925494194,
    0.21000000089406967,
    0.2200000025331974,
    0.23000000044703484,
    0.24000000208616257,
    0.25,
    0.25999999791383743,
    0.27000000327825546,
    0.2800000011920929,
    0.28999999910593033
  ],
  "auc_C": null,
  "auc_S_raw": [
    0.48903208721366465,
    0.5024495740830649,
    0.4569448735490136,
    0.45513527828044315,
    0.4805578849803593,
    0.5235468067263981,
    0.5111003221962307,
    0.46122611113563133,
    0.4744229156552059,
    0.5126892351149754,
    0.5222668490974092,
    0.5754954318753587,
    0.6374630357064042,
    0.565652999073134,
    0.5087169528181137,
    0.4661693957717262,
    0.4810433861499757,
    0.4754380544644039,
    0.473451913315973,
    0.5011254799841108,
    0.4964470141678069,
    0.4497947654146621,
    0.45306086419208197,
    0.49101822836209563,
    0.48664871783554753,
    0.4770711038531139,
    0.4794986097011961,
    0.528225272542702,
    0.602992452663636,
    0.6933398066822615,
    0.7354018625590325,
    0.7748598667078607,
    0.8311780023833693,
    0.8590722514013329,
    0.8680760912742198,
    0.8972944343911374,
    0.9153021141369114,
    0.9477865560312486,
    0.9773579909078871,
    0.9740477556605023,
    0.9900692942578453,
    0.9950567153639053,
    0.9943946683144282,
    0.9834046872931103,
    0.9614247252504745,
    0.8899677803769254,
    0.923158405790705,
    0.9780200379573641,
    0.9661031910667786,
    0.9214370834620647,
    0.922540495211193,
    0.8930573332744848,
    0.8561592443836341,
    0.8545703314648895,
    0.8937635167939268,
    0.886834091009401,
    0.886789954539436,
    0.8298539082844153,
    0.7840843889305733,
    0.8140089155669331,
    0.8070353533124421,
    0.7948978240720308,
    0.7708434479410337,
    0.765282252725427,
    0.755925321092819,
    0.7279427991349252,
    0.7436553824425123,
    0.7652822527254269,
    0.7571611422518426
  ],
  "auc_S_inv": [
    0.48903208721366465,
    0.5024495740830649,
    0.4569448735490136,
    0.45513527828044315,
    0.4805578849803593,
    0.5235468067263981,
    0.5111003221962307,
    0.46122611113563133,
    0.4744229156552059,
    0.5126892351149754,
    0.5222668490974092,
    0.5754954318753587,
    0.6374630357064042,
    0.565652999073134,
    0.5087169528181137,
    0.4661693957717262,
    0.4810433861499757,
    0.4754380544644039,
    0.473451913315973,
    0.5011254799841108,
    0.4964470141678069,
    0.4497947654146621,
    0.45306086419208197,
    0.49101822836209563,
    0.48664871783554753,
    0.4770711038531139,
    0.4794986097011961,
    0.528225272542702,
    0.602992452663636,
    0.6933398066822615,
    0.7354018625590325,
    0.7748598667078607,
    0.8311780023833693,
    0.8590722514013329,
    0.8680760912742198,
    0.8972944343911374,
    0.9153021141369114,
    0.9477865560312486,
    0.9773579909078871,
    0.9740477556605023,
    0.9900692942578453,
    0.9950567153639053,
    0.9943946683144282,
    0.9834046872931103,
    0.9614247252504745,
    0.8899677803769254,
    0.923158405790705,
    0.9780200379573641,
    0.9661031910667786,
    0.9214370834620647,
    0.922540495211193,
    0.8930573332744848,
    0.8561592443836341,
    0.8545703314648895,
    0.8937635167939268,
    0.886834091009401,
    0.886789954539436,
    0.8298539082844153,
    0.7840843889305733,
    0.8140089155669331,
    0.8070353533124421,
    0.7948978240720308,
    0.7708434479410337,
    0.765282252725427,
    0.755925321092819,
    0.7279427991349252,
    0.7436553824425123,
    0.7652822527254269,
    0.7571611422518426
  ],
  "acc_R_macro": null,
  "auc_T": null,
  "latencies_ms": {
    "C": null,
    "S_raw": -109.99999940395355,
    "S_inv": -109.99999940395355,
    "T": null
  },
  "meta": {
    "align": "sacc",
    "orientation": "horizontal",
    "pt_min_ms": 200.0,
    "n_trials": 302,
    "n_bins": 69,
    "n_units": 79,
    "thr": 0.6,
    "k_bins": 5,
    "norm": "global",
    "baseline_win": null,
    "used_axes_mu_sd": false
  }
}