{
  "time": [
    -0.39000000059604645,
    -0.3799999952316284,
    -0.3700000047683716,
    -0.35999999940395355,
    -0.3499999940395355,
    -0.3400000035762787,
    -0.32999999821186066,
    -0.3199999928474426,
    -0.3100000023841858,
    -0.30000000447034836,
    -0.28999999910593033,
    -0.2800000011920929,
    -0.27000000327825546,
    -0.25999999791383743,
    -0.25,
    -0.24000000208616257,
    -0.23000000044703484,
    -0.2200000025331974,
    -0.21000000089406967,
    -0.19999999925494194,
    -0.1900000013411045,
    -0.17999999970197678,
    -0.16999999806284904,
    -0.1600000001490116,
    -0.14999999850988388,
    -0.13999999687075615,
    -0.12999999895691872,
    -0.11999999918043613,
    -0.10999999940395355,
    -0.09999999962747097,
    -0.08999999985098839,
    -0.0800000000745058,
    -0.07000000029802322,
    -0.06000000052154064,
    -0.049999999813735485,
    -0.0400000000372529,
    -0.03000000026077032,
    -0.020000000251457095,
    -0.010000000009313226,
    0.0,
    0.010000000009313226,
    0.020000000251457095,
    0.03000000026077032,
    0.0400000000372529,
    0.049999999813735485,
    0.06000000052154064,
    0.07000000029802322,
    0.0800000000745058,
    0.08999999985098839,
    0.09999999962747097,
    0.10999999940395355,
    0.11999999918043613,
    0.12999999895691872,
    0.13999999687075615,
    0.14999999850988388,
    0.1600000001490116,
    0.16999999806284904,
    0.17999999970197678,
    0.1900000013411045,
    0.19999999925494194,
    0.21000000089406967,
    0.2200000025331974,
    0.23000000044703484,
    0.24000000208616257,
    0.25,
    0.25999999791383743,
    0.27000000327825546,
    0.2800000011920929,
    0.28999999910593033
  ],
  "auc_C": null,
  "auc_S_raw": [
    0.4764973297435671,
    0.42799134925188675,
    0.46555148519221434,
    0.49066513660237454,
    0.45588559826985037,
    0.49569669417839957,
    0.44749966897647525,
    0.4410116078916009,
    0.46400670874343464,
    0.4351855938562034,
    0.44886789954539436,
    0.48055788498035923,
    0.5006399788144944,
    0.4619322946550735,
    0.4740256874255197,
    0.4659045769519354,
    0.4704064968883789,
    0.5029350752526813,
    0.49331332480028245,
    0.49318091539038705,
    0.46294743346427153,
    0.44516043606832323,
    0.5103058657368583,
    0.5327713289491107,
    0.5581056627090966,
    0.6123052478262789,
    0.6883965220461665,
    0.732841947301055,
    0.7813479277927352,
    0.8342234188109635,
    0.8756675641082226,
    0.9080637330626298,
    0.9247914551794147,
    0.9649556428476851,
    0.9805358167453767,
    0.9926292095158229,
    0.994968442423975,
    0.9955422165335216,
    0.9988524517809065,
    0.9991172706006973,
    0.9969545835724059,
    0.98494946374189,
    0.992938164805579,
    0.9866266496005649,
    0.9773138544379221,
    0.969943063953745,
    0.9755042591693517,
    0.9621309087699166,
    0.953568433596681,
    0.948625148960586,
    0.9246149092995543,
    0.8825969898927484,
    0.8969413426314163,
    0.8599991172706007,
    0.8405790704859426,
    0.8731076488502449,
    0.8377543364081741,
    0.7839078430507128,
    0.7522619940857129,
    0.758264554000971,
    0.7449794765414661,
    0.7468773447499669,
    0.6949287196010063,
    0.6700357505406718,
    0.6697709317208809,
    0.6398464050845214,
    0.5998146268261464,
    0.5691397802003796,
    0.5815421282605816
  ],
  "auc_S_inv": [
    0.4764973297435671,
    0.42799134925188675,
    0.46555148519221434,
    0.49066513660237454,
    0.45588559826985037,
    0.49569669417839957,
    0.44749966897647525,
    0.4410116078916009,
    0.46400670874343464,
    0.4351855938562034,
    0.44886789954539436,
    0.48055788498035923,
    0.5006399788144944,
    0.4619322946550735,
    0.4740256874255197,
    0.4659045769519354,
    0.4704064968883789,
    0.5029350752526813,
    0.49331332480028245,
    0.49318091539038705,
    0.46294743346427153,
    0.44516043606832323,
    0.5103058657368583,
    0.5327713289491107,
    0.5581056627090966,
    0.6123052478262789,
    0.6883965220461665,
    0.732841947301055,
    0.7813479277927352,
    0.8342234188109635,
    0.8756675641082226,
    0.9080637330626298,
    0.9247914551794147,
    0.9649556428476851,
    0.9805358167453767,
    0.9926292095158229,
    0.994968442423975,
    0.9955422165335216,
    0.9988524517809065,
    0.9991172706006973,
    0.9969545835724059,
    0.98494946374189,
    0.992938164805579,
    0.9866266496005649,
    0.9773138544379221,
    0.969943063953745,
    0.9755042591693517,
    0.9621309087699166,
    0.953568433596681,
    0.948625148960586,
    0.9246149092995543,
    0.8825969898927484,
    0.8969413426314163,
    0.8599991172706007,
    0.8405790704859426,
    0.8731076488502449,
    0.8377543364081741,
    0.7839078430507128,
    0.7522619940857129,
    0.758264554000971,
    0.7449794765414661,
    0.7468773447499669,
    0.6949287196010063,
    0.6700357505406718,
    0.6697709317208809,
    0.6398464050845214,
    0.5998146268261464,
    0.5691397802003796,
    0.5815421282605816
  ],
  "acc_R_macro": null,
  "auc_T": null,
  "latencies_ms": {
    "C": null,
    "S_raw": -139.99999687075615,
    "S_inv": -139.99999687075615,
    "T": null
  },
  "meta": {
    "align": "sacc",
    "orientation": "horizontal",
    "pt_min_ms": 200.0,
    "n_trials": 302,
    "n_bins": 69,
    "n_units": 60,
    "thr": 0.6,
    "k_bins": 5,
    "norm": "global",
    "baseline_win": null,
    "used_axes_mu_sd": false
  }
}