{
  "time": [
    -0.39000000059604645,
    -0.3799999952316284,
    -0.3700000047683716,
    -0.35999999940395355,
    -0.3499999940395355,
    -0.3400000035762787,
    -0.32999999821186066,
    -0.3199999928474426,
    -0.3100000023841858,
    -0.30000000447034836,
    -0.28999999910593033,
    -0.2800000011920929,
    -0.27000000327825546,
    -0.25999999791383743,
    -0.25,
    -0.24000000208616257,
    -0.23000000044703484,
    -0.2200000025331974,
    -0.21000000089406967,
    -0.19999999925494194,
    -0.1900000013411045,
    -0.17999999970197678,
    -0.16999999806284904,
    -0.1600000001490116,
    -0.14999999850988388,
    -0.13999999687075615,
    -0.12999999895691872,
    -0.11999999918043613,
    -0.10999999940395355,
    -0.09999999962747097,
    -0.08999999985098839,
    -0.0800000000745058,
    -0.07000000029802322,
    -0.06000000052154064,
    -0.049999999813735485,
    -0.0400000000372529,
    -0.03000000026077032,
    -0.020000000251457095,
    -0.010000000009313226,
    0.0,
    0.010000000009313226,
    0.020000000251457095,
    0.03000000026077032,
    0.0400000000372529,
    0.049999999813735485,
    0.06000000052154064,
    0.07000000029802322,
    0.0800000000745058,
    0.08999999985098839,
    0.09999999962747097,
    0.10999999940395355,
    0.11999999918043613,
    0.12999999895691872,
    0.13999999687075615,
    0.14999999850988388,
    0.1600000001490116,
    0.16999999806284904,
    0.17999999970197678,
    0.1900000013411045,
    0.19999999925494194,
    0.21000000089406967,
    0.2200000025331974,
    0.23000000044703484,
    0.24000000208616257,
    0.25,
    0.25999999791383743,
    0.27000000327825546,
    0.2800000011920929,
    0.28999999910593033
  ],
  "auc_C": null,
  "auc_S_raw": [
    0.5149401950831973,
    0.4904444542525489,
    0.46193229465507346,
    0.4893851789733857,
    0.518515249150373,
    0.5056715363905195,
    0.503817804651984,
    0.4845743037471863,
    0.4775124685527652,
    0.5039943505318445,
    0.5248267643553869,
    0.5235909431963631,
    0.49137132012181667,
    0.5526768769033853,
    0.5254005384649336,
    0.49340159774021275,
    0.46859690161980844,
    0.44661693957717263,
    0.4824998896588251,
    0.5220903032175487,
    0.5433199452707772,
    0.5125126892351151,
    0.5326389195392152,
    0.5629606744052611,
    0.5706845566491592,
    0.5344485148077857,
    0.5254888114048639,
    0.5411572582424857,
    0.6122169748863485,
    0.6404643156640333,
    0.7105971664386282,
    0.7779052831354549,
    0.852760736196319,
    0.896146886172044,
    0.9163613894160745,
    0.9427991349251887,
    0.9550690735754954,
    0.9768283532683055,
    0.97996204263583,
    0.9894955201482986,
    0.990996160127113,
    0.9769166262082358,
    0.9549366641656001,
    0.9327360197731385,
    0.87977225581498,
    0.8609701196098335,
    0.8521428256168071,
    0.8296773624045548,
    0.7737564549587324,
    0.7421988789336629,
    0.6906033455444234,
    0.7003133689367526,
    0.7214988745200159,
    0.7035794677141722,
    0.6997395948272056,
    0.6349913933883569,
    0.6637242353356578,
    0.6684909740918921,
    0.6108046078474643,
    0.5792911682923599,
    0.630048108752262,
    0.6735666681378825,
    0.6229862735578409,
    0.6059054596813347,
    0.5649909520236571,
    0.5413779405923115,
    0.549587324005826,
    0.5119389151255683,
    0.5393035265039503
  ],
  "auc_S_inv": [
    0.5149401950831973,
    0.4904444542525489,
    0.46193229465507346,
    0.4893851789733857,
    0.518515249150373,
    0.5056715363905195,
    0.503817804651984,
    0.4845743037471863,
    0.4775124685527652,
    0.5039943505318445,
    0.5248267643553869,
    0.5235909431963631,
    0.49137132012181667,
    0.5526768769033853,
    0.5254005384649336,
    0.49340159774021275,
    0.46859690161980844,
    0.44661693957717263,
    0.4824998896588251,
    0.5220903032175487,
    0.5433199452707772,
    0.5125126892351151,
    0.5326389195392152,
    0.5629606744052611,
    0.5706845566491592,
    0.5344485148077857,
    0.5254888114048639,
    0.5411572582424857,
    0.6122169748863485,
    0.6404643156640333,
    0.7105971664386282,
    0.7779052831354549,
    0.852760736196319,
    0.896146886172044,
    0.9163613894160745,
    0.9427991349251887,
    0.9550690735754954,
    0.9768283532683055,
    0.97996204263583,
    0.9894955201482986,
    0.990996160127113,
    0.9769166262082358,
    0.9549366641656001,
    0.9327360197731385,
    0.87977225581498,
    0.8609701196098335,
    0.8521428256168071,
    0.8296773624045548,
    0.7737564549587324,
    0.7421988789336629,
    0.6906033455444234,
    0.7003133689367526,
    0.7214988745200159,
    0.7035794677141722,
    0.6997395948272056,
    0.6349913933883569,
    0.6637242353356578,
    0.6684909740918921,
    0.6108046078474643,
    0.5792911682923599,
    0.630048108752262,
    0.6735666681378825,
    0.6229862735578409,
    0.6059054596813347,
    0.5649909520236571,
    0.5413779405923115,
    0.549587324005826,
    0.5119389151255683,
    0.5393035265039503
  ],
  "acc_R_macro": null,
  "auc_T": null,
  "latencies_ms": {
    "C": null,
    "S_raw": -109.99999940395355,
    "S_inv": -109.99999940395355,
    "T": null
  },
  "meta": {
    "align": "sacc",
    "orientation": "horizontal",
    "pt_min_ms": 200.0,
    "n_trials": 302,
    "n_bins": 69,
    "n_units": 99,
    "thr": 0.6,
    "k_bins": 5,
    "norm": "global",
    "baseline_win": null,
    "used_axes_mu_sd": false
  }
}