{
  "time": [
    -0.39500001072883606,
    -0.38499999046325684,
    -0.375,
    -0.36500000953674316,
    -0.35499998927116394,
    -0.3449999988079071,
    -0.33500000834465027,
    -0.32499998807907104,
    -0.3149999976158142,
    -0.3050000071525574,
    -0.29500000178813934,
    -0.2849999964237213,
    -0.2750000059604645,
    -0.26500000059604645,
    -0.2549999952316284,
    -0.24500000476837158,
    -0.23499999940395355,
    -0.22500000149011612,
    -0.2150000035762787,
    -0.20499999821186066,
    -0.19500000029802322,
    -0.1850000023841858,
    -0.17499999701976776,
    -0.16499999910593033,
    -0.1550000011920929,
    -0.14499999582767487,
    -0.13499999791383743,
    -0.125,
    -0.11499999836087227,
    -0.10500000044703484,
    -0.0949999988079071,
    -0.08500000089406967,
    -0.07499999925494194,
    -0.06500000134110451,
    -0.054999999701976776,
    -0.044999999925494194,
    -0.03500000014901161,
    -0.02500000037252903,
    -0.01500000013038516,
    -0.004999999888241291,
    0.004999999888241291,
    0.01500000013038516,
    0.02500000037252903,
    0.03500000014901161,
    0.044999999925494194,
    0.054999999701976776,
    0.06500000134110451,
    0.07499999925494194,
    0.08500000089406967,
    0.0949999988079071,
    0.10500000044703484,
    0.11499999836087227,
    0.125,
    0.13499999791383743,
    0.14499999582767487,
    0.1550000011920929,
    0.16499999910593033,
    0.17499999701976776,
    0.1850000023841858,
    0.19500000029802322,
    0.20499999821186066,
    0.2150000035762787,
    0.22500000149011612,
    0.23499999940395355,
    0.24500000476837158,
    0.2549999952316284,
    0.26500000059604645,
    0.2750000059604645,
    0.2849999964237213,
    0.29500000178813934
  ],
  "auc_C": null,
  "auc_S_raw": [
    0.5416666666666666,
    0.5892857142857143,
    0.5595238095238095,
    0.7678571428571428,
    0.375,
    0.636904761904762,
    0.7678571428571428,
    0.4464285714285714,
    0.6369047619047619,
    0.6309523809523809,
    0.6845238095238095,
    0.863095238095238,
    0.6785714285714286,
    0.4166666666666667,
    0.5059523809523809,
    0.5714285714285714,
    0.6547619047619048,
    0.6488095238095237,
    0.26785714285714285,
    0.44642857142857145,
    0.5773809523809524,
    0.6845238095238095,
    0.5595238095238095,
    0.5178571428571428,
    0.6726190476190476,
    0.4583333333333333,
    0.5595238095238095,
    0.3214285714285714,
    0.5119047619047619,
    0.6547619047619048,
    0.6190476190476191,
    0.5892857142857143,
    0.5,
    0.35714285714285715,
    0.613095238095238,
    0.5892857142857143,
    0.6071428571428571,
    0.5416666666666667,
    0.5952380952380951,
    0.761904761904762,
    0.7261904761904762,
    0.6547619047619048,
    0.7976190476190476,
    0.9047619047619047,
    0.8809523809523809,
    0.863095238095238,
    0.7619047619047619,
    0.6428571428571428,
    0.49404761904761907,
    0.5833333333333334,
    0.5773809523809523,
    0.4761904761904762,
    0.5892857142857143,
    0.47619047619047616,
    0.49404761904761907,
    0.5535714285714286,
    0.4880952380952381,
    0.5476190476190477,
    0.6547619047619048,
    0.43452380952380953,
    0.6130952380952381,
    0.5892857142857143,
    0.5238095238095238,
    0.38095238095238093,
    0.5416666666666667,
    0.47619047619047616,
    0.6607142857142856,
    0.6071428571428571,
    0.6369047619047619,
    0.47023809523809523
  ],
  "auc_S_inv": [
    0.5416666666666666,
    0.5892857142857143,
    0.5595238095238095,
    0.7678571428571428,
    0.375,
    0.636904761904762,
    0.7678571428571428,
    0.4464285714285714,
    0.6369047619047619,
    0.6309523809523809,
    0.6845238095238095,
    0.863095238095238,
    0.6785714285714286,
    0.4166666666666667,
    0.5059523809523809,
    0.5714285714285714,
    0.6547619047619048,
    0.6488095238095237,
    0.26785714285714285,
    0.44642857142857145,
    0.5773809523809524,
    0.6845238095238095,
    0.5595238095238095,
    0.5178571428571428,
    0.6726190476190476,
    0.4583333333333333,
    0.5595238095238095,
    0.3214285714285714,
    0.5119047619047619,
    0.6547619047619048,
    0.6190476190476191,
    0.5892857142857143,
    0.5,
    0.35714285714285715,
    0.613095238095238,
    0.5892857142857143,
    0.6071428571428571,
    0.5416666666666667,
    0.5952380952380951,
    0.761904761904762,
    0.7261904761904762,
    0.6547619047619048,
    0.7976190476190476,
    0.9047619047619047,
    0.8809523809523809,
    0.863095238095238,
    0.7619047619047619,
    0.6428571428571428,
    0.49404761904761907,
    0.5833333333333334,
    0.5773809523809523,
    0.4761904761904762,
    0.5892857142857143,
    0.47619047619047616,
    0.49404761904761907,
    0.5535714285714286,
    0.4880952380952381,
    0.5476190476190477,
    0.6547619047619048,
    0.43452380952380953,
    0.6130952380952381,
    0.5892857142857143,
    0.5238095238095238,
    0.38095238095238093,
    0.5416666666666667,
    0.47619047619047616,
    0.6607142857142856,
    0.6071428571428571,
    0.6369047619047619,
    0.47023809523809523
  ],
  "acc_R_macro": null,
  "auc_T": null,
  "latencies_ms": {
    "C": null,
    "S_raw": -314.9999976158142,
    "S_inv": -314.9999976158142,
    "T": null
  },
  "meta": {
    "align": "sacc",
    "orientation": "horizontal",
    "pt_min_ms": 200.0,
    "n_trials": 26,
    "n_bins": 70,
    "n_units": 68,
    "thr": 0.6,
    "k_bins": 5,
    "norm": "global",
    "baseline_win": null,
    "used_axes_mu_sd": false
  }
}