{
  "time": [
    -0.24000000208616257,
    -0.2199999988079071,
    -0.19999999552965164,
    -0.17999999970197678,
    -0.1600000038743019,
    -0.14000000059604645,
    -0.12000000104308128,
    -0.09999999776482582,
    -0.08000000193715096,
    -0.05999999865889549,
    -0.04000000096857548,
    -0.02000000001862645,
    0.0,
    0.02000000001862645,
    0.04000000096857548,
    0.05999999865889549,
    0.08000000193715096,
    0.09999999776482582,
    0.12000000104308128,
    0.14000000059604645,
    0.1600000038743019,
    0.17999999970197678,
    0.19999999552965164,
    0.2199999988079071,
    0.24000000208616257,
    0.25999999046325684,
    0.2800000011920929,
    0.29999999701976776,
    0.3199999928474426,
    0.3400000035762787,
    0.35999999940395355,
    0.3799999952316284,
    0.4000000059604645,
    0.42000000178813934,
    0.4399999976158142,
    0.46000000834465027,
    0.48000000417232513,
    0.5,
    0.5199999809265137,
    0.5400000214576721,
    0.5600000023841858,
    0.5799999833106995,
    0.6000000238418579,
    0.6200000047683716,
    0.6399999856948853,
    0.6599999964237213,
    0.6800000071525574,
    0.699999988079071,
    0.7199999988079071,
    0.7400000095367432,
    0.7599999904632568,
    0.7800000011920929
  ],
  "auc_C": [
    0.4949215143120961,
    0.6216528162511542,
    0.48522622345337024,
    0.5143120960295475,
    0.4903047091412743,
    0.5272391505078485,
    0.554247460757156,
    0.47137580794090495,
    0.4937673130193906,
    0.5581717451523545,
    0.5212373037857803,
    0.5173130193905817,
    0.5057710064635272,
    0.45752539242843954,
    0.4568328716528163,
    0.5122345337026778,
    0.5080794090489381,
    0.4803785780240074,
    0.510156971375808,
    0.590258541089566,
    0.6043397968605725,
    0.5560941828254847,
    0.5586334256694367,
    0.6195752539242845,
    0.5556325023084026,
    0.6041089566020313,
    0.5616343490304709,
    0.6161126500461681,
    0.5840258541089566,
    0.7160664819944598,
    0.8589566020313942,
    0.7299168975069252,
    0.7222991689750693,
    0.6807479224376731,
    0.6428901200369345,
    0.6468144044321329,
    0.5828716528162512,
    0.5990304709141274,
    0.5281625115420129,
    0.5438596491228069,
    0.525854108956602,
    0.5687903970452447,
    0.5168513388734995,
    0.47553093259464446,
    0.4840720221606649,
    0.5930286241920592,
    0.5085410895660204,
    0.6038781163434902,
    0.48776546629732226,
    0.5168513388734995,
    0.5653277931671283,
    0.47483841181902126
  ],
  "auc_S_raw": null,
  "auc_S_inv": null,
  "acc_R_macro": [
    0.4342105263157895,
    0.4100877192982456,
    0.44956140350877194,
    0.4780701754385965,
    0.5285087719298245,
    0.4627192982456141,
    0.4144736842105263,
    0.42105263157894735,
    0.4671052631578947,
    0.42543859649122806,
    0.513157894736842,
    0.5241228070175439,
    0.48464912280701755,
    0.3684210526315789,
    0.5043859649122807,
    0.41666666666666663,
    0.4583333333333333,
    0.5021929824561404,
    0.48464912280701755,
    0.4298245614035088,
    0.4978070175438597,
    0.4232456140350877,
    0.40789473684210525,
    0.4320175438596491,
    0.5197368421052632,
    0.5942982456140351,
    0.49780701754385964,
    0.5263157894736842,
    0.5745614035087719,
    0.5307017543859649,
    0.5964912280701754,
    0.5833333333333334,
    0.39035087719298245,
    0.44956140350877194,
    0.4934210526315789,
    0.49122807017543857,
    0.5,
    0.45614035087719296,
    0.41666666666666663,
    0.43859649122807015,
    0.4276315789473684,
    0.4364035087719298,
    0.4320175438596491,
    0.4692982456140351,
    0.4407894736842105,
    0.4692982456140351,
    0.49122807017543857,
    0.45614035087719296,
    0.3881578947368421,
    0.5043859649122807,
    0.4100877192982456,
    0.381578947368421
  ],
  "auc_T": null,
  "latencies_ms": {
    "C": 340.0000035762787,
    "S_raw": null,
    "S_inv": null,
    "T": null
  },
  "meta": {
    "align": "stim",
    "orientation": "vertical",
    "pt_min_ms": 200.0,
    "n_trials": 133,
    "n_bins": 52,
    "n_units": 65,
    "thr": 0.6,
    "k_bins": 5,
    "norm": "global",
    "baseline_win": null,
    "used_axes_mu_sd": false
  }
}