{
  "time": [
    -0.24000000208616257,
    -0.2199999988079071,
    -0.19999999552965164,
    -0.17999999970197678,
    -0.1600000038743019,
    -0.14000000059604645,
    -0.12000000104308128,
    -0.09999999776482582,
    -0.08000000193715096,
    -0.05999999865889549,
    -0.04000000096857548,
    -0.02000000001862645,
    0.0,
    0.02000000001862645,
    0.04000000096857548,
    0.05999999865889549,
    0.08000000193715096,
    0.09999999776482582,
    0.12000000104308128,
    0.14000000059604645,
    0.1600000038743019,
    0.17999999970197678,
    0.19999999552965164,
    0.2199999988079071,
    0.24000000208616257,
    0.25999999046325684,
    0.2800000011920929,
    0.29999999701976776,
    0.3199999928474426,
    0.3400000035762787,
    0.35999999940395355,
    0.3799999952316284,
    0.4000000059604645,
    0.42000000178813934,
    0.4399999976158142,
    0.46000000834465027,
    0.48000000417232513,
    0.5,
    0.5199999809265137,
    0.5400000214576721,
    0.5600000023841858,
    0.5799999833106995,
    0.6000000238418579,
    0.6200000047683716,
    0.6399999856948853,
    0.6599999964237213,
    0.6800000071525574,
    0.699999988079071,
    0.7199999988079071,
    0.7400000095367432,
    0.7599999904632568,
    0.7800000011920929
  ],
  "auc_C": [
    0.5163896583564174,
    0.44321329639889195,
    0.5611726685133888,
    0.5069252077562327,
    0.45383194829178214,
    0.4967682363804248,
    0.528624192059095,
    0.4912280701754386,
    0.5096952908587258,
    0.5974145891043398,
    0.4815327793167129,
    0.5440904893813481,
    0.49722991689750695,
    0.5300092336103416,
    0.4653739612188367,
    0.5468605724838412,
    0.602954755309326,
    0.5530932594644506,
    0.4753000923361035,
    0.5182363804247461,
    0.7296860572483841,
    0.8130193905817175,
    0.7188365650969529,
    0.5934903047091413,
    0.577100646352724,
    0.4593721144967683,
    0.5212373037857803,
    0.5092336103416436,
    0.5477839335180055,
    0.5126962142197599,
    0.4362880886426593,
    0.5819482917820867,
    0.44390581717451527,
    0.46283471837488466,
    0.4499076638965836,
    0.4473684210526316,
    0.4293628808864266,
    0.5761772853185595,
    0.4995383194829179,
    0.49261311172668515,
    0.5050784856879039,
    0.6112650046168051,
    0.5909510618651893,
    0.48014773776546626,
    0.5076177285318559,
    0.4893813481071099,
    0.4686057248384119,
    0.4626038781163435,
    0.4642197599261311,
    0.4916897506925208,
    0.5341643582640813,
    0.49792243767313016
  ],
  "auc_S_raw": null,
  "auc_S_inv": null,
  "acc_R_macro": [
    0.47149122807017546,
    0.45394736842105265,
    0.4956140350877193,
    0.375,
    0.5,
    0.4868421052631579,
    0.45175438596491224,
    0.5043859649122807,
    0.45175438596491224,
    0.5043859649122807,
    0.41885964912280704,
    0.4956140350877193,
    0.5328947368421053,
    0.4451754385964912,
    0.45175438596491224,
    0.47368421052631576,
    0.5175438596491229,
    0.5197368421052632,
    0.4605263157894737,
    0.48464912280701755,
    0.4451754385964912,
    0.5,
    0.5460526315789473,
    0.48464912280701755,
    0.5789473684210527,
    0.6118421052631579,
    0.5241228070175439,
    0.611842105263158,
    0.6206140350877193,
    0.5592105263157894,
    0.5350877192982456,
    0.5087719298245614,
    0.5394736842105263,
    0.39692982456140347,
    0.5350877192982456,
    0.4692982456140351,
    0.48026315789473684,
    0.5986842105263158,
    0.48903508771929827,
    0.48245614035087714,
    0.4473684210526315,
    0.45394736842105265,
    0.5241228070175439,
    0.5109649122807017,
    0.48903508771929827,
    0.48464912280701755,
    0.46271929824561403,
    0.4342105263157895,
    0.4780701754385965,
    0.4671052631578947,
    0.40789473684210525,
    0.4649122807017544
  ],
  "auc_T": null,
  "latencies_ms": {
    "C": null,
    "S_raw": null,
    "S_inv": null,
    "T": null
  },
  "meta": {
    "align": "stim",
    "orientation": "vertical",
    "pt_min_ms": 200.0,
    "n_trials": 133,
    "n_bins": 52,
    "n_units": 68,
    "thr": 0.6,
    "k_bins": 5,
    "norm": "global",
    "baseline_win": null,
    "used_axes_mu_sd": false
  }
}