{
  "time": [
    -0.39000000059604645,
    -0.3799999952316284,
    -0.3700000047683716,
    -0.35999999940395355,
    -0.3499999940395355,
    -0.3400000035762787,
    -0.32999999821186066,
    -0.3199999928474426,
    -0.3100000023841858,
    -0.30000000447034836,
    -0.28999999910593033,
    -0.2800000011920929,
    -0.27000000327825546,
    -0.25999999791383743,
    -0.25,
    -0.24000000208616257,
    -0.23000000044703484,
    -0.2200000025331974,
    -0.21000000089406967,
    -0.19999999925494194,
    -0.1900000013411045,
    -0.17999999970197678,
    -0.16999999806284904,
    -0.1600000001490116,
    -0.14999999850988388,
    -0.13999999687075615,
    -0.12999999895691872,
    -0.11999999918043613,
    -0.10999999940395355,
    -0.09999999962747097,
    -0.08999999985098839,
    -0.0800000000745058,
    -0.07000000029802322,
    -0.06000000052154064,
    -0.049999999813735485,
    -0.0400000000372529,
    -0.03000000026077032,
    -0.020000000251457095,
    -0.010000000009313226,
    0.0,
    0.010000000009313226,
    0.020000000251457095,
    0.03000000026077032,
    0.0400000000372529,
    0.049999999813735485,
    0.06000000052154064,
    0.07000000029802322,
    0.0800000000745058,
    0.08999999985098839,
    0.09999999962747097,
    0.10999999940395355,
    0.11999999918043613,
    0.12999999895691872,
    0.13999999687075615,
    0.14999999850988388,
    0.1600000001490116,
    0.16999999806284904,
    0.17999999970197678,
    0.1900000013411045,
    0.19999999925494194,
    0.21000000089406967,
    0.2200000025331974,
    0.23000000044703484,
    0.24000000208616257,
    0.25,
    0.25999999791383743,
    0.27000000327825546,
    0.2800000011920929,
    0.28999999910593033
  ],
  "auc_C": [
    0.5033106657122405,
    0.5290578024337866,
    0.49698013600572655,
    0.4791741231209735,
    0.4904259126700071,
    0.5128847530422334,
    0.4925733715103794,
    0.4940050107372942,
    0.4800912670007158,
    0.48675733715103797,
    0.5145400858983536,
    0.4832453471725126,
    0.539929312813171,
    0.5191034359341445,
    0.4959958840372226,
    0.5395042949176807,
    0.5386542591267001,
    0.50780690765927,
    0.5056594488188977,
    0.5476467430207588,
    0.5892313886900501,
    0.531742125984252,
    0.6005502863278454,
    0.6320016105941304,
    0.5800375805297066,
    0.5543575518969219,
    0.5817152827487473,
    0.5956290264853257,
    0.5375134216177524,
    0.520848246241947,
    0.5321895132426627,
    0.4724856836077309,
    0.46915264853256977,
    0.5127505368647101,
    0.47836882605583386,
    0.48843503937007876,
    0.5256352899069434,
    0.5332185039370079,
    0.5332408732999284,
    0.5227496420901933,
    0.5141374373657839,
    0.529728883321403,
    0.491611488904796,
    0.4450161059413028,
    0.4651037938439514,
    0.5073371510379384,
    0.46105493915533285,
    0.39522190408017177,
    0.4228033285612026,
    0.3889584824624195,
    0.5136676807444525,
    0.555341803865426,
    0.4372091982820329,
    0.4543441302791696,
    0.527469577666428,
    0.5400411596277739,
    0.4821716177523264,
    0.5401082677165354,
    0.5313618468146026,
    0.5262168933428776,
    0.5432176091624911,
    0.49163385826771655,
    0.5243826055833929,
    0.5611802075876879,
    0.5648711524695776,
    0.5313842161775232,
    0.5258142448103078,
    0.5128176449534716,
    0.5685173586256264
  ],
  "auc_S_raw": [
    0.5246666085592261,
    0.5540835003922253,
    0.5261265580057527,
    0.5119628693454197,
    0.4704741567157674,
    0.45408785845027455,
    0.4753333914407739,
    0.5066242482349864,
    0.5099145820622331,
    0.5110694674453063,
    0.5542578227141985,
    0.5588773642464917,
    0.4987143728754467,
    0.5126383683430663,
    0.5271724919375926,
    0.5305064063453325,
    0.5137060925651529,
    0.48836398500828027,
    0.5315741305674191,
    0.5143815915627996,
    0.4288547023446352,
    0.4834393794125338,
    0.47962607861936724,
    0.4942909439553735,
    0.5068857317179465,
    0.4959252157238735,
    0.5494203782794387,
    0.5589863156977251,
    0.5239475289810861,
    0.6004532380371307,
    0.601542752549464,
    0.6019567680641507,
    0.6761091257735552,
    0.6975725616665214,
    0.7140678113832478,
    0.8300793166564979,
    0.9690795781399809,
    0.9996949359365467,
    1.0,
    0.9993462912926,
    0.9269807373834219,
    0.7299747232633138,
    0.8027542926871786,
    0.8150875969667916,
    0.7775429268717859,
    0.7739039484005927,
    0.7865858973241523,
    0.7338969755077138,
    0.7180554344983875,
    0.7104724134925477,
    0.6841061622940818,
    0.7096225921729279,
    0.7059182428309945,
    0.6729713239780353,
    0.6197376449054302,
    0.5532772596530986,
    0.5789680118539179,
    0.536476945872919,
    0.47980040094134047,
    0.4683387082715942,
    0.4202693279874488,
    0.4319707138499084,
    0.45938289898021445,
    0.4296173625032685,
    0.3910703390569161,
    0.4287021703129086,
    0.4119890176937157,
    0.4385949620848949,
    0.4427786978122549
  ],
  "auc_S_inv": [
    0.5090647607426131,
    0.5092390830645864,
    0.5301359714111392,
    0.5164952497167262,
    0.47400418373572745,
    0.4583151747581278,
    0.5293297306720126,
    0.5100235335134664,
    0.4285060577006885,
    0.4769676632092739,
    0.576222435282838,
    0.5609692321101718,
    0.49980388738778,
    0.47023446352305415,
    0.5325982742090125,
    0.6082105813649438,
    0.5527542926871786,
    0.4534777303233679,
    0.5673537871524449,
    0.5127691100845463,
    0.4011374531508759,
    0.4646561492199076,
    0.47465789244312734,
    0.49960777477556,
    0.5015253203172666,
    0.4974069554606468,
    0.5187396496121328,
    0.5290464568988059,
    0.5666129172840582,
    0.6165998431099102,
    0.6007147215200906,
    0.6184955983613701,
    0.6746273860367821,
    0.6817092303669485,
    0.6919942473633749,
    0.816700078445045,
    0.9572256602457945,
    0.99947703303408,
    1.0,
    0.9983875185217468,
    0.8800880327725966,
    0.6480868125163428,
    0.758868648130393,
    0.8078968011853918,
    0.7645123333042796,
    0.7325023969319271,
    0.7597838403207532,
    0.7160725180859411,
    0.7130872483221476,
    0.7226749760306808,
    0.6940425346465615,
    0.7043057613527411,
    0.6864813039309684,
    0.6569554606467358,
    0.5999084807809639,
    0.5330994508846858,
    0.534515819750719,
    0.5387867166390656,
    0.48407129782968705,
    0.474352828379674,
    0.439967750370435,
    0.4197681513117755,
    0.47367732938202733,
    0.4406432493680816,
    0.39582062233068943,
    0.4409047328510416,
    0.4278523489932886,
    0.4112699381155757,
    0.4176327028676021
  ],
  "acc_R_macro": null,
  "auc_T": null,
  "latencies_ms": {
    "C": null,
    "S_raw": -99.99999962747097,
    "S_inv": -99.99999962747097,
    "T": null
  },
  "meta": {
    "align": "sacc",
    "orientation": "horizontal",
    "pt_min_ms": 200.0,
    "n_trials": 303,
    "n_bins": 69,
    "n_units": 23,
    "thr": 0.6,
    "k_bins": 5,
    "norm": "global",
    "baseline_win": null,
    "used_axes_mu_sd": false
  }
}