{
  "time": [
    -0.39000000059604645,
    -0.3799999952316284,
    -0.3700000047683716,
    -0.35999999940395355,
    -0.3499999940395355,
    -0.3400000035762787,
    -0.32999999821186066,
    -0.3199999928474426,
    -0.3100000023841858,
    -0.30000000447034836,
    -0.28999999910593033,
    -0.2800000011920929,
    -0.27000000327825546,
    -0.25999999791383743,
    -0.25,
    -0.24000000208616257,
    -0.23000000044703484,
    -0.2200000025331974,
    -0.21000000089406967,
    -0.19999999925494194,
    -0.1900000013411045,
    -0.17999999970197678,
    -0.16999999806284904,
    -0.1600000001490116,
    -0.14999999850988388,
    -0.13999999687075615,
    -0.12999999895691872,
    -0.11999999918043613,
    -0.10999999940395355,
    -0.09999999962747097,
    -0.08999999985098839,
    -0.0800000000745058,
    -0.07000000029802322,
    -0.06000000052154064,
    -0.049999999813735485,
    -0.0400000000372529,
    -0.03000000026077032,
    -0.020000000251457095,
    -0.010000000009313226,
    0.0,
    0.010000000009313226,
    0.020000000251457095,
    0.03000000026077032,
    0.0400000000372529,
    0.049999999813735485,
    0.06000000052154064,
    0.07000000029802322,
    0.0800000000745058,
    0.08999999985098839,
    0.09999999962747097,
    0.10999999940395355,
    0.11999999918043613,
    0.12999999895691872,
    0.13999999687075615,
    0.14999999850988388,
    0.1600000001490116,
    0.16999999806284904,
    0.17999999970197678,
    0.1900000013411045,
    0.19999999925494194,
    0.21000000089406967,
    0.2200000025331974,
    0.23000000044703484,
    0.24000000208616257,
    0.25,
    0.25999999791383743,
    0.27000000327825546,
    0.2800000011920929,
    0.28999999910593033
  ],
  "auc_C": [
    0.5093503937007874,
    0.49020221904080175,
    0.4562007874015748,
    0.5099319971367215,
    0.5449624194702934,
    0.5336435218324982,
    0.4512795275590551,
    0.42765748031496065,
    0.4866678596993558,
    0.4822834645669291,
    0.5018790264853257,
    0.5420991410164638,
    0.4881889763779527,
    0.4695329277022191,
    0.559457766642806,
    0.5543128131710808,
    0.5268432355046528,
    0.548765211166786,
    0.5358804581245526,
    0.5369989262705798,
    0.5514047959914102,
    0.5805744452397995,
    0.5122584108804581,
    0.5092609162491052,
    0.5434413027916964,
    0.5236220472440944,
    0.568092340730136,
    0.73067287043665,
    0.7418128131710809,
    0.6972977809591983,
    0.6806997136721548,
    0.6934949892627058,
    0.7188618468146026,
    0.683428775948461,
    0.6817734430923407,
    0.6699624194702936,
    0.6594488188976378,
    0.6573013600572656,
    0.6679044380816035,
    0.6735415175375805,
    0.6671886184681461,
    0.6451771653543307,
    0.6587777380100214,
    0.6896027201145312,
    0.679402290622763,
    0.6496957766642806,
    0.635200429491768,
    0.6345740873299929,
    0.648890479599141,
    0.6005279169649248,
    0.5941750178954903,
    0.6203024337866858,
    0.6257158196134573,
    0.5661685755189693,
    0.54317287043665,
    0.5487652111667859,
    0.5973514674302076,
    0.6496510379384395,
    0.5668843951324266,
    0.5277380100214746,
    0.5791875447387259,
    0.5556549749463136,
    0.5260826771653543,
    0.5127952755905512,
    0.5561918396564065,
    0.6053149606299213,
    0.581290264853257,
    0.5444255547602004,
    0.5373568360773086
  ],
  "auc_S_raw": [
    0.4749847467968274,
    0.554693628519132,
    0.5630175193933583,
    0.4546761962869345,
    0.44870565675934804,
    0.4350213544844417,
    0.41619454371132225,
    0.4691885295912142,
    0.4693628519131875,
    0.45620151660420116,
    0.46417676283448095,
    0.46622505011766757,
    0.437026061187135,
    0.4677067898544408,
    0.48762311513989365,
    0.4582062233068945,
    0.4767279700165606,
    0.5266713152619193,
    0.5542578227141985,
    0.5420988407565589,
    0.5033992852784799,
    0.46831691798134745,
    0.42966094308376185,
    0.4479212063104681,
    0.46326157064412093,
    0.48357012115401377,
    0.5639327115837183,
    0.5915627996164909,
    0.5560446265144251,
    0.5546936285191318,
    0.590778349167611,
    0.5955286324413841,
    0.6547110607513291,
    0.7065283709579012,
    0.6979865771812079,
    0.6921467793951015,
    0.7118452017780877,
    0.7840146430750459,
    0.8540486359278305,
    0.9150614486184956,
    0.9165431883552688,
    0.8950143815915628,
    0.8699991283883901,
    0.8303408001394579,
    0.8599320142944304,
    0.8686045498126035,
    0.8585810162991371,
    0.8091606380196984,
    0.8015340364333653,
    0.8444609082192975,
    0.8129957291031117,
    0.7657543798483395,
    0.7819227752113658,
    0.7174235160812343,
    0.7204305761352743,
    0.6834306632964351,
    0.6304802579970366,
    0.6022836224178506,
    0.6426828205351696,
    0.6848252418722217,
    0.6672186873529156,
    0.6374531508759697,
    0.6225921729277434,
    0.6216334001568901,
    0.6151834742438769,
    0.5695110258868648,
    0.5696853482088381,
    0.6171010197855835,
    0.5524710189139719
  ],
  "auc_S_inv": [
    0.474941166216334,
    0.5547372090996252,
    0.5629739388128651,
    0.45445829338446786,
    0.44857491501786806,
    0.43480345158197503,
    0.4162817048723089,
    0.46914494901072085,
    0.4692321101717075,
    0.45607077486272113,
    0.4643510851564543,
    0.46626863069816094,
    0.43711322234812167,
    0.46779395101542753,
    0.48779743746186693,
    0.45824980388738784,
    0.47694587291902724,
    0.526627734681426,
    0.5540835003922251,
    0.5418809378540923,
    0.5033992852784799,
    0.4682733374008541,
    0.42944304018129514,
    0.44805194805194803,
    0.4631744094831343,
    0.4834393794125339,
    0.5639327115837183,
    0.5915192190359976,
    0.5561753682559052,
    0.5550422731630786,
    0.5908655103285976,
    0.5955286324413841,
    0.6547110607513291,
    0.7065283709579011,
    0.6979429966007147,
    0.6920160376536215,
    0.7120195241000611,
    0.7841018042360324,
    0.8541357970888173,
    0.9151486097794823,
    0.9164996077747756,
    0.8950579621720561,
    0.8699991283883902,
    0.8304715418809379,
    0.8599755948749238,
    0.8686917109735901,
    0.8587117580406171,
    0.8091170574392051,
    0.8015340364333653,
    0.8445044887997908,
    0.8130393096836049,
    0.7654493157848862,
    0.7817048723088992,
    0.7175542578227142,
    0.7204741567157676,
    0.6834306632964351,
    0.6304366774165432,
    0.6024143641593306,
    0.6430314651791161,
    0.6847816612917283,
    0.6673058485139022,
    0.6372788285539964,
    0.6224614311862634,
    0.62150265841541,
    0.6151834742438769,
    0.5693802841453848,
    0.5695546064673581,
    0.6170138586245969,
    0.552601760655452
  ],
  "acc_R_macro": null,
  "auc_T": null,
  "latencies_ms": {
    "C": -119.99999918043613,
    "S_raw": -70.00000029802322,
    "S_inv": -70.00000029802322,
    "T": null
  },
  "meta": {
    "align": "sacc",
    "orientation": "horizontal",
    "pt_min_ms": 200.0,
    "n_trials": 303,
    "n_bins": 69,
    "n_units": 102,
    "thr": 0.6,
    "k_bins": 5,
    "norm": "global",
    "baseline_win": null,
    "used_axes_mu_sd": false
  }
}