{
  "time": [
    -0.39000000059604645,
    -0.3700000047683716,
    -0.3499999940395355,
    -0.32999999821186066,
    -0.3100000023841858,
    -0.28999999910593033,
    -0.27000000327825546,
    -0.25,
    -0.23000000044703484,
    -0.21000000089406967,
    -0.1900000013411045,
    -0.16999999806284904,
    -0.14999999850988388,
    -0.12999999895691872,
    -0.10999999940395355,
    -0.08999999985098839,
    -0.07000000029802322,
    -0.049999999813735485,
    -0.03000000026077032,
    -0.010000000009313226,
    0.010000000009313226,
    0.03000000026077032,
    0.049999999813735485,
    0.07000000029802322,
    0.08999999985098839,
    0.10999999940395355,
    0.12999999895691872,
    0.14999999850988388,
    0.16999999806284904,
    0.1900000013411045,
    0.21000000089406967,
    0.23000000044703484,
    0.25,
    0.27000000327825546,
    0.28999999910593033
  ],
  "auc_C": null,
  "auc_S_raw": [
    0.567090395480226,
    0.6092278719397364,
    0.5701977401129943,
    0.6443032015065914,
    0.5800847457627119,
    0.5328154425612053,
    0.496939736346516,
    0.5048964218455744,
    0.45720338983050846,
    0.4782015065913371,
    0.48804143126177024,
    0.524105461393597,
    0.6648305084745763,
    0.7666666666666668,
    0.8680320150659133,
    0.9373822975517891,
    0.9829096045197739,
    0.9895009416195857,
    0.995668549905838,
    1.0,
    0.9998116760828626,
    0.998352165725047,
    0.9989642184557439,
    0.9939265536723163,
    0.9804613935969868,
    0.9663370998116761,
    0.9339924670433146,
    0.9248587570621469,
    0.8753295668549906,
    0.901789077212806,
    0.8561205273069681,
    0.8309322033898305,
    0.8388418079096046,
    0.7807909604519774,
    0.78469868173258
  ],
  "auc_S_inv": [
    0.567090395480226,
    0.6092278719397364,
    0.5701977401129943,
    0.6443032015065914,
    0.5800847457627119,
    0.5328154425612053,
    0.496939736346516,
    0.5048964218455744,
    0.45720338983050846,
    0.4782015065913371,
    0.48804143126177024,
    0.524105461393597,
    0.6648305084745763,
    0.7666666666666668,
    0.8680320150659133,
    0.9373822975517891,
    0.9829096045197739,
    0.9895009416195857,
    0.995668549905838,
    1.0,
    0.9998116760828626,
    0.998352165725047,
    0.9989642184557439,
    0.9939265536723163,
    0.9804613935969868,
    0.9663370998116761,
    0.9339924670433146,
    0.9248587570621469,
    0.8753295668549906,
    0.901789077212806,
    0.8561205273069681,
    0.8309322033898305,
    0.8388418079096046,
    0.7807909604519774,
    0.78469868173258
  ],
  "acc_R_macro": null,
  "auc_T": null,
  "latencies_ms": {
    "C": null,
    "S_raw": -149.99999850988388,
    "S_inv": -149.99999850988388,
    "T": null
  },
  "meta": {
    "align": "sacc",
    "orientation": "horizontal",
    "pt_min_ms": 200.0,
    "n_trials": 297,
    "n_bins": 35,
    "n_units": 123,
    "thr": 0.6,
    "k_bins": 5,
    "norm": "global",
    "baseline_win": null,
    "used_axes_mu_sd": false
  }
}