{
  "sid": "20201004",
  "align": "sacc",
  "features": [
    "C",
    "S"
  ],
  "winC": [
    -0.3,
    -0.18
  ],
  "winR": null,
  "winS": [
    -0.1,
    -0.03
  ],
  "winT": null,
  "pt_min_ms": 200.0,
  "orientation": "horizontal",
  "areas": [
    "MFEF",
    "MLIP",
    "MSC"
  ],
  "tag": "axes_peakbin_saccCS-sacc-horizontal-20mssw_nofilter",
  "norm": "global",
  "baseline_win": null,
  "clf_binary": "logreg",
  "C_grid": [
    0.1,
    0.3,
    1.0,
    3.0,
    10.0
  ],
  "lda_shrinkage": null,
  "searchC": true,
  "searchS": true,
  "searchT": false,
  "searchR": false,
  "search_step_ms": 20.0,
  "search_len_ms": [
    50.0,
    100.0,
    150.0,
    200.0,
    250.0
  ],
  "search_range_C": "-0.30:-0.05",
  "search_range_S": "-0.20:0.05",
  "search_range_T": null,
  "search_range_R": null,
  "search_score_mode": "peak_bin_auc",
  "search_tiebreak": "shortest_then_closest0",
  "search_tol": 0.01,
  "per_area_results": {
    "MFEF": {
      "winC_selected": [
        -0.1,
        -0.05
      ],
      "winC_cv_best": 0.9058786174362697,
      "winC_best_param": 0.3,
      "winC_peak_time_ms": -70.00000029802322,
      "winC_peak_auc": 0.9058786174362697,
      "winC_mean_bin_auc": 0.8966887417218544,
      "winC_cv_auc_original": 0.962578173278952,
      "winS_selected": [
        -0.02000000000000002,
        0.02999999999999998
      ],
      "winS_cv_best": 1.0,
      "winS_peak_time_ms": -10.000000009313226,
      "winS_peak_auc": 1.0,
      "sC_auc": 0.9058786174362697,
      "n_trials_C": 297
    },
    "MLIP": {
      "winC_selected": [
        -0.1,
        -0.05
      ],
      "winC_cv_best": 0.7512473918171098,
      "winC_best_param": 0.1,
      "winC_peak_time_ms": -70.00000029802322,
      "winC_peak_auc": 0.7512473918171098,
      "winC_mean_bin_auc": 0.7120928966705977,
      "winC_cv_auc_original": 0.779995303423557,
      "winS_selected": [
        -2.0816681711721685e-17,
        0.04999999999999998
      ],
      "winS_cv_best": 0.9540489642184558,
      "winS_peak_time_ms": 49.999999813735485,
      "winS_peak_auc": 0.9540489642184558,
      "sC_auc": 0.7512473918171098,
      "n_trials_C": 297
    },
    "MSC": {
      "winC_selected": [
        -0.27999999999999997,
        -0.22999999999999998
      ],
      "winC_cv_best": 0.6612537421754514,
      "winC_best_param": 0.1,
      "winC_peak_time_ms": -270.00000327825546,
      "winC_peak_auc": 0.6612537421754514,
      "winC_mean_bin_auc": 0.6256418397895309,
      "winC_cv_auc_original": 0.6850401680879991,
      "winS_selected": [
        -0.14000000000000004,
        -0.09000000000000004
      ],
      "winS_cv_best": 0.6897598870056498,
      "winS_peak_time_ms": -99.99999962747097,
      "winS_peak_auc": 0.6897598870056498,
      "sC_auc": 0.6612537421754514,
      "n_trials_C": 297
    }
  },
  "rebin_factor": null,
  "sliding_window_ms": 20.0,
  "sliding_step_ms": 10.0,
  "sliding_window_bins": 4,
  "sliding_step_bins": 2
}