{
  "time": [
    -0.39000000059604645,
    -0.3799999952316284,
    -0.3700000047683716,
    -0.35999999940395355,
    -0.3499999940395355,
    -0.3400000035762787,
    -0.32999999821186066,
    -0.3199999928474426,
    -0.3100000023841858,
    -0.30000000447034836,
    -0.28999999910593033,
    -0.2800000011920929,
    -0.27000000327825546,
    -0.25999999791383743,
    -0.25,
    -0.24000000208616257,
    -0.23000000044703484,
    -0.2200000025331974,
    -0.21000000089406967,
    -0.19999999925494194,
    -0.1900000013411045,
    -0.17999999970197678,
    -0.16999999806284904,
    -0.1600000001490116,
    -0.14999999850988388,
    -0.13999999687075615,
    -0.12999999895691872,
    -0.11999999918043613,
    -0.10999999940395355,
    -0.09999999962747097,
    -0.08999999985098839,
    -0.0800000000745058,
    -0.07000000029802322,
    -0.06000000052154064,
    -0.049999999813735485,
    -0.0400000000372529,
    -0.03000000026077032,
    -0.020000000251457095,
    -0.010000000009313226,
    0.0,
    0.010000000009313226,
    0.020000000251457095,
    0.03000000026077032,
    0.0400000000372529,
    0.049999999813735485,
    0.06000000052154064,
    0.07000000029802322,
    0.0800000000745058,
    0.08999999985098839,
    0.09999999962747097,
    0.10999999940395355,
    0.11999999918043613,
    0.12999999895691872,
    0.13999999687075615,
    0.14999999850988388,
    0.1600000001490116,
    0.16999999806284904,
    0.17999999970197678,
    0.1900000013411045,
    0.19999999925494194,
    0.21000000089406967,
    0.2200000025331974,
    0.23000000044703484,
    0.24000000208616257,
    0.25,
    0.25999999791383743,
    0.27000000327825546,
    0.2800000011920929,
    0.28999999910593033
  ],
  "auc_C": [
    0.6000000000000001,
    0.775,
    0.8,
    0.825,
    0.4666666666666667,
    0.41666666666666663,
    0.7333333333333333,
    0.5416666666666666,
    0.4333333333333333,
    0.7416666666666667,
    0.775,
    0.8916666666666666,
    0.9666666666666667,
    0.9666666666666668,
    0.9249999999999999,
    1.0,
    1.0,
    0.9416666666666667,
    0.625,
    0.5166666666666666,
    0.375,
    0.43333333333333335,
    0.31666666666666665,
    0.35,
    0.725,
    0.6416666666666667,
    0.6583333333333333,
    0.6166666666666667,
    0.675,
    0.5666666666666667,
    0.6166666666666667,
    0.425,
    0.35833333333333334,
    0.6666666666666666,
    0.5083333333333333,
    0.6166666666666667,
    0.5583333333333333,
    0.5833333333333333,
    0.6416666666666667,
    0.7916666666666666,
    0.7916666666666666,
    0.5666666666666667,
    0.45833333333333337,
    0.7,
    0.6583333333333333,
    0.5833333333333333,
    0.49999999999999994,
    0.525,
    0.75,
    0.6083333333333334,
    0.4583333333333333,
    0.6083333333333334,
    0.4083333333333333,
    0.4666666666666667,
    0.5416666666666666,
    0.5583333333333333,
    0.7,
    0.39166666666666666,
    0.3833333333333333,
    0.6166666666666667,
    0.4166666666666667,
    0.6,
    0.5666666666666667,
    0.3416666666666667,
    0.4916666666666667,
    0.7666666666666667,
    0.8500000000000001,
    0.5583333333333333,
    0.4916666666666667
  ],
  "auc_S_raw": [
    0.5654761904761905,
    0.6071428571428572,
    0.6904761904761905,
    0.5595238095238095,
    0.5535714285714286,
    0.7559523809523809,
    0.6190476190476191,
    0.5654761904761905,
    0.75,
    0.6785714285714286,
    0.7857142857142857,
    0.7559523809523809,
    0.5059523809523809,
    0.25595238095238093,
    0.5178571428571428,
    0.6785714285714286,
    0.8392857142857143,
    0.4523809523809524,
    0.3214285714285714,
    0.5119047619047619,
    0.5714285714285715,
    0.6964285714285714,
    0.5535714285714286,
    0.6488095238095237,
    0.6309523809523809,
    0.4166666666666667,
    0.42261904761904756,
    0.4404761904761906,
    0.5773809523809524,
    0.6309523809523809,
    0.5892857142857143,
    0.5654761904761905,
    0.39285714285714285,
    0.4464285714285715,
    0.6130952380952381,
    0.5892857142857143,
    0.5833333333333333,
    0.5119047619047619,
    0.7083333333333334,
    0.8511904761904762,
    0.8214285714285714,
    0.7083333333333334,
    0.8452380952380952,
    0.9880952380952381,
    1.0,
    0.9464285714285714,
    0.8095238095238095,
    0.6785714285714286,
    0.613095238095238,
    0.6130952380952381,
    0.5,
    0.5714285714285714,
    0.5773809523809523,
    0.5297619047619048,
    0.5178571428571429,
    0.5297619047619048,
    0.5059523809523809,
    0.5833333333333334,
    0.4583333333333333,
    0.4107142857142857,
    0.5297619047619049,
    0.5178571428571429,
    0.46428571428571425,
    0.2619047619047619,
    0.41666666666666663,
    0.6369047619047619,
    0.7083333333333334,
    0.6845238095238095,
    0.5773809523809523
  ],
  "auc_S_inv": [
    0.5535714285714286,
    0.5833333333333333,
    0.6845238095238095,
    0.5595238095238095,
    0.5535714285714285,
    0.7380952380952381,
    0.6309523809523809,
    0.5714285714285714,
    0.7440476190476191,
    0.6845238095238095,
    0.7976190476190476,
    0.7857142857142857,
    0.47619047619047616,
    0.25595238095238093,
    0.49404761904761907,
    0.6964285714285714,
    0.8690476190476191,
    0.43452380952380953,
    0.29761904761904767,
    0.49404761904761896,
    0.5714285714285714,
    0.7202380952380952,
    0.5595238095238095,
    0.6666666666666667,
    0.625,
    0.4285714285714285,
    0.4226190476190476,
    0.4285714285714286,
    0.5952380952380953,
    0.625,
    0.5535714285714285,
    0.5654761904761905,
    0.44047619047619047,
    0.4761904761904762,
    0.6190476190476191,
    0.5773809523809523,
    0.5595238095238095,
    0.5238095238095237,
    0.7142857142857143,
    0.8571428571428571,
    0.7916666666666666,
    0.7083333333333334,
    0.8392857142857143,
    0.9821428571428572,
    1.0,
    0.9464285714285714,
    0.8035714285714286,
    0.6428571428571428,
    0.636904761904762,
    0.6011904761904763,
    0.5119047619047619,
    0.5476190476190477,
    0.5595238095238095,
    0.5119047619047619,
    0.488095238095238,
    0.5119047619047619,
    0.5059523809523809,
    0.5773809523809523,
    0.48214285714285715,
    0.4166666666666667,
    0.5059523809523809,
    0.5178571428571429,
    0.47619047619047616,
    0.27976190476190477,
    0.45238095238095233,
    0.6190476190476191,
    0.7023809523809524,
    0.6845238095238095,
    0.5833333333333333
  ],
  "acc_R_macro": null,
  "auc_T": null,
  "latencies_ms": {
    "C": -300.00000447034836,
    "S_raw": -10.000000009313226,
    "S_inv": -10.000000009313226,
    "T": null
  },
  "meta": {
    "align": "sacc",
    "orientation": "horizontal",
    "pt_min_ms": 200.0,
    "n_trials": 26,
    "n_bins": 69,
    "n_units": 68,
    "thr": 0.6,
    "k_bins": 5,
    "norm": "global",
    "baseline_win": null,
    "used_axes_mu_sd": false
  }
}