{
  "time": [
    -0.39000000059604645,
    -0.3700000047683716,
    -0.3499999940395355,
    -0.32999999821186066,
    -0.3100000023841858,
    -0.28999999910593033,
    -0.27000000327825546,
    -0.25,
    -0.23000000044703484,
    -0.21000000089406967,
    -0.1900000013411045,
    -0.16999999806284904,
    -0.14999999850988388,
    -0.12999999895691872,
    -0.10999999940395355,
    -0.08999999985098839,
    -0.07000000029802322,
    -0.049999999813735485,
    -0.03000000026077032,
    -0.010000000009313226,
    0.010000000009313226,
    0.03000000026077032,
    0.049999999813735485,
    0.07000000029802322,
    0.08999999985098839,
    0.10999999940395355,
    0.12999999895691872,
    0.14999999850988388,
    0.16999999806284904,
    0.1900000013411045,
    0.21000000089406967,
    0.23000000044703484,
    0.25,
    0.27000000327825546,
    0.28999999910593033
  ],
  "auc_C": null,
  "auc_S_raw": [
    0.5033121241174933,
    0.5398326505709057,
    0.5272378628083326,
    0.46184520177808763,
    0.5411182776954588,
    0.461104331909701,
    0.4452845811906214,
    0.5297219558964525,
    0.5544321450361719,
    0.5578314303146518,
    0.5277826200644993,
    0.534385078009239,
    0.49649176327028677,
    0.5319009849211191,
    0.5610563932711584,
    0.5628867776518783,
    0.5811688311688311,
    0.6890307678898283,
    0.7150483744443477,
    0.837182951276911,
    0.8609561579360236,
    0.8587553386211104,
    0.923254597751242,
    0.953150875969668,
    0.8317353787152444,
    0.6996208489497081,
    0.7279264359801272,
    0.6347729451756297,
    0.46130044452192104,
    0.4805630610999739,
    0.47853656410703393,
    0.4488146082105814,
    0.4708881722304541,
    0.3717859321886167,
    0.3703695633225834
  ],
  "auc_S_inv": [
    0.5033121241174933,
    0.5398326505709057,
    0.5272378628083326,
    0.46184520177808763,
    0.5411182776954588,
    0.461104331909701,
    0.4452845811906214,
    0.5297219558964525,
    0.5544321450361719,
    0.5578314303146518,
    0.5277826200644993,
    0.534385078009239,
    0.49649176327028677,
    0.5319009849211191,
    0.5610563932711584,
    0.5628867776518783,
    0.5811688311688311,
    0.6890307678898283,
    0.7150483744443477,
    0.837182951276911,
    0.8609561579360236,
    0.8587553386211104,
    0.923254597751242,
    0.953150875969668,
    0.8317353787152444,
    0.6996208489497081,
    0.7279264359801272,
    0.6347729451756297,
    0.46130044452192104,
    0.4805630610999739,
    0.47853656410703393,
    0.4488146082105814,
    0.4708881722304541,
    0.3717859321886167,
    0.3703695633225834
  ],
  "acc_R_macro": null,
  "auc_T": null,
  "latencies_ms": {
    "C": null,
    "S_raw": -49.999999813735485,
    "S_inv": -49.999999813735485,
    "T": null
  },
  "meta": {
    "align": "sacc",
    "orientation": "horizontal",
    "pt_min_ms": 200.0,
    "n_trials": 303,
    "n_bins": 35,
    "n_units": 42,
    "thr": 0.6,
    "k_bins": 5,
    "norm": "global",
    "baseline_win": null,
    "used_axes_mu_sd": false
  }
}