{
  "time": [
    -0.39000000059604645,
    -0.3700000047683716,
    -0.3499999940395355,
    -0.32999999821186066,
    -0.3100000023841858,
    -0.28999999910593033,
    -0.27000000327825546,
    -0.25,
    -0.23000000044703484,
    -0.21000000089406967,
    -0.1900000013411045,
    -0.16999999806284904,
    -0.14999999850988388,
    -0.12999999895691872,
    -0.10999999940395355,
    -0.08999999985098839,
    -0.07000000029802322,
    -0.049999999813735485,
    -0.03000000026077032,
    -0.010000000009313226,
    0.010000000009313226,
    0.03000000026077032,
    0.049999999813735485,
    0.07000000029802322,
    0.08999999985098839,
    0.10999999940395355,
    0.12999999895691872,
    0.14999999850988388,
    0.16999999806284904,
    0.1900000013411045,
    0.21000000089406967,
    0.23000000044703484,
    0.25,
    0.27000000327825546,
    0.28999999910593033
  ],
  "auc_C": null,
  "auc_S_raw": [
    0.487143728754467,
    0.5565675934803451,
    0.43589296609430833,
    0.41253377494988236,
    0.4634794735465876,
    0.4684040791423342,
    0.43214503617188177,
    0.48165257561230723,
    0.48086812516342714,
    0.5583543972805718,
    0.511679595572213,
    0.43977163775821493,
    0.474941166216334,
    0.5619280048810251,
    0.5700339928527849,
    0.5976640808855573,
    0.6466486533600628,
    0.6938464220343414,
    0.7101455591388477,
    0.8535256689619105,
    0.9025538220169094,
    0.9015950492460559,
    0.8868212324588163,
    0.8789331473895232,
    0.8198814608210582,
    0.8183125599232982,
    0.7997036520526454,
    0.7291466922339406,
    0.6625991458206223,
    0.6663470757430489,
    0.6767192539004618,
    0.6289985182602632,
    0.6243789767279699,
    0.5889043842063977,
    0.5971846945001308
  ],
  "auc_S_inv": [
    0.487143728754467,
    0.5565675934803451,
    0.43589296609430833,
    0.41253377494988236,
    0.4634794735465876,
    0.4684040791423342,
    0.43214503617188177,
    0.48165257561230723,
    0.48086812516342714,
    0.5583543972805718,
    0.511679595572213,
    0.43977163775821493,
    0.474941166216334,
    0.5619280048810251,
    0.5700339928527849,
    0.5976640808855573,
    0.6466486533600628,
    0.6938464220343414,
    0.7101455591388477,
    0.8535256689619105,
    0.9025538220169094,
    0.9015950492460559,
    0.8868212324588163,
    0.8789331473895232,
    0.8198814608210582,
    0.8183125599232982,
    0.7997036520526454,
    0.7291466922339406,
    0.6625991458206223,
    0.6663470757430489,
    0.6767192539004618,
    0.6289985182602632,
    0.6243789767279699,
    0.5889043842063977,
    0.5971846945001308
  ],
  "acc_R_macro": null,
  "auc_T": null,
  "latencies_ms": {
    "C": null,
    "S_raw": -70.00000029802322,
    "S_inv": -70.00000029802322,
    "T": null
  },
  "meta": {
    "align": "sacc",
    "orientation": "horizontal",
    "pt_min_ms": 200.0,
    "n_trials": 303,
    "n_bins": 35,
    "n_units": 102,
    "thr": 0.6,
    "k_bins": 5,
    "norm": "global",
    "baseline_win": null,
    "used_axes_mu_sd": false
  }
}