{
  "sid": "20201004",
  "align": "sacc",
  "features": [
    "C",
    "S"
  ],
  "winC": [
    -0.3,
    -0.18
  ],
  "winR": null,
  "winS": [
    -0.1,
    -0.03
  ],
  "winT": null,
  "pt_min_ms": 200.0,
  "orientation": "pooled",
  "areas": [
    "MFEF",
    "MLIP",
    "MSC"
  ],
  "tag": "axes_peakbin_saccCS-sacc-pooled-20mssw_nofilter",
  "norm": "global",
  "baseline_win": null,
  "clf_binary": "logreg",
  "C_grid": [
    0.1,
    0.3,
    1.0,
    3.0,
    10.0
  ],
  "lda_shrinkage": null,
  "searchC": true,
  "searchS": true,
  "searchT": false,
  "searchR": false,
  "search_step_ms": 20.0,
  "search_len_ms": [
    30,
    50,
    100,
    150,
    200,
    250
  ],
  "search_range_C": null,
  "search_range_S": null,
  "search_range_T": null,
  "search_range_R": null,
  "search_score_mode": "peak_bin_auc",
  "search_tiebreak": "shortest_then_earliest",
  "search_tol": 0.01,
  "per_area_results": {
    "MFEF": {
      "winC_selected": [
        -0.08,
        -0.05
      ],
      "winC_cv_best": 0.8960927321325436,
      "winC_best_param": 0.1,
      "winC_peak_time_ms": -60.00000052154064,
      "winC_peak_auc": 0.8960927321325436,
      "winC_mean_bin_auc": 0.8860189923573893,
      "winC_cv_auc_original": 0.9113855874553212,
      "winS_selected": [
        -2.0816681711721685e-17,
        0.029999999999999978
      ],
      "winS_cv_best": 0.9572873433533465,
      "winS_peak_time_ms": 10.000000009313226,
      "winS_peak_auc": 0.9572873433533465,
      "sC_auc": 0.8960927321325436,
      "n_trials_C": 548
    },
    "MLIP": {
      "winC_selected": [
        -0.1,
        -0.07
      ],
      "winC_cv_best": 0.6997891230473734,
      "winC_best_param": 0.1,
      "winC_peak_time_ms": -80.0000000745058,
      "winC_peak_auc": 0.6997891230473734,
      "winC_mean_bin_auc": 0.6738928959987105,
      "winC_cv_auc_original": 0.7229475152772974,
      "winS_selected": [
        0.01999999999999998,
        0.049999999999999975
      ],
      "winS_cv_best": 0.8771406697022203,
      "winS_peak_time_ms": 49.999999813735485,
      "winS_peak_auc": 0.8771406697022203,
      "sC_auc": 0.6997891230473734,
      "n_trials_C": 548
    },
    "MSC": {
      "winC_selected": [
        -0.25999999999999995,
        -0.22999999999999995
      ],
      "winC_cv_best": 0.6204282010987092,
      "winC_best_param": 0.1,
      "winC_peak_time_ms": -240.00000208616257,
      "winC_peak_auc": 0.6204282010987092,
      "winC_mean_bin_auc": 0.5776970759291347,
      "winC_cv_auc_original": 0.6067333333333333,
      "winS_selected": [
        -0.12000000000000004,
        -0.09000000000000004
      ],
      "winS_cv_best": 0.6171307302789755,
      "winS_peak_time_ms": -99.99999962747097,
      "winS_peak_auc": 0.6171307302789755,
      "sC_auc": 0.6204282010987092,
      "n_trials_C": 548
    }
  },
  "rebin_factor": null,
  "sliding_window_ms": 20.0,
  "sliding_step_ms": 10.0,
  "sliding_window_bins": 4,
  "sliding_step_bins": 2
}