{
  "sid": "20200926",
  "align": "stim",
  "features": [
    "C",
    "R"
  ],
  "winC": [
    0.1,
    0.3
  ],
  "winR": [
    0.05,
    0.2
  ],
  "winS": null,
  "winT": null,
  "pt_min_ms": 200.0,
  "orientation": "vertical",
  "areas": [
    "MFEF",
    "MLIP",
    "MSC"
  ],
  "tag": "axes_peakbin_stimCR-stim-vertical-20mssw_nofilter",
  "norm": "global",
  "baseline_win": null,
  "clf_binary": "logreg",
  "C_grid": [
    0.1,
    0.3,
    1.0,
    3.0,
    10.0
  ],
  "lda_shrinkage": null,
  "searchC": true,
  "searchS": false,
  "searchT": false,
  "searchR": true,
  "search_step_ms": 20.0,
  "search_len_ms": [
    50.0,
    100.0,
    150.0,
    200.0,
    250.0
  ],
  "search_range_C": "0.00:0.50",
  "search_range_S": null,
  "search_range_T": null,
  "search_range_R": "0.00:0.50",
  "search_score_mode": "peak_bin_auc",
  "search_tiebreak": "shortest_then_earliest",
  "search_tol": 0.01,
  "per_area_results": {
    "MFEF": {
      "winC_selected": [
        0.36000000000000004,
        0.41000000000000003
      ],
      "winC_cv_best": 0.9597987343085381,
      "winC_best_param": 0.1,
      "winC_peak_time_ms": 370.0000047683716,
      "winC_peak_auc": 0.9597987343085381,
      "winC_mean_bin_auc": 0.9494449631704533,
      "winC_cv_auc_original": 0.9914835401157982,
      "winR_selected": [
        0.08,
        0.33
      ],
      "winR_cv_best": 0.6585707196029776,
      "sC_auc": 0.9597987343085381,
      "n_trials_C": 279
    },
    "MLIP": {
      "winC_selected": [
        0.4200000000000001,
        0.4700000000000001
      ],
      "winC_cv_best": 0.9493723415292042,
      "winC_best_param": 1.0,
      "winC_peak_time_ms": 460.0000008940697,
      "winC_peak_auc": 0.9493723415292042,
      "winC_mean_bin_auc": 0.9328854998789639,
      "winC_cv_auc_original": 0.9953406120760959,
      "winR_selected": [
        0.16,
        0.31
      ],
      "winR_cv_best": 0.6372655086848635,
      "sC_auc": 0.9493723415292042,
      "n_trials_C": 279
    },
    "MSC": {
      "winC_selected": [
        0.19999999999999998,
        0.25
      ],
      "winC_cv_best": 0.6646955078327625,
      "winC_best_param": 10.0,
      "winC_peak_time_ms": 210.00000089406967,
      "winC_peak_auc": 0.6646955078327625,
      "winC_mean_bin_auc": 0.6183732752360203,
      "winC_cv_auc_original": 0.6901902398676593,
      "winR_selected": [
        0.25999999999999995,
        0.30999999999999994
      ],
      "winR_cv_best": 0.4114772539288668,
      "sC_auc": 0.6646955078327625,
      "n_trials_C": 279
    }
  },
  "rebin_factor": null,
  "sliding_window_ms": 20.0,
  "sliding_step_ms": 10.0,
  "sliding_window_bins": 4,
  "sliding_step_bins": 2
}