{
  "sid": "20231103",
  "align": "stim",
  "features": [
    "C",
    "R"
  ],
  "winC": [
    0.1,
    0.3
  ],
  "winR": [
    0.05,
    0.2
  ],
  "winS": null,
  "winT": null,
  "pt_min_ms": 200.0,
  "orientation": "vertical",
  "areas": [
    "SFEF",
    "SLIP",
    "SSC"
  ],
  "tag": "axes_peakbin_stimCR-stim-vertical-20mssw_nofilter",
  "norm": "global",
  "baseline_win": null,
  "clf_binary": "logreg",
  "C_grid": [
    0.1,
    0.3,
    1.0,
    3.0,
    10.0
  ],
  "lda_shrinkage": null,
  "searchC": true,
  "searchS": false,
  "searchT": false,
  "searchR": true,
  "search_step_ms": 20.0,
  "search_len_ms": [
    50.0,
    100.0,
    150.0,
    200.0,
    250.0
  ],
  "search_range_C": "0.00:0.50",
  "search_range_S": null,
  "search_range_T": null,
  "search_range_R": "0.00:0.50",
  "search_score_mode": "peak_bin_auc",
  "search_tiebreak": "shortest_then_earliest",
  "search_tol": 0.01,
  "per_area_results": {
    "SFEF": {
      "winC_selected": [
        0.32,
        0.47
      ],
      "winC_cv_best": 0.8851282051282051,
      "winC_best_param": 3.0,
      "winC_peak_time_ms": 400.0000059604645,
      "winC_peak_auc": 0.8851282051282051,
      "winC_mean_bin_auc": 0.7513504273504272,
      "winC_cv_auc_original": 0.9507142857142858,
      "winR_selected": [
        0.32,
        0.42000000000000004
      ],
      "winR_cv_best": 0.5932142857142857,
      "sC_auc": 0.8851282051282051,
      "n_trials_C": 89
    },
    "SLIP": {
      "winC_selected": [
        0.4000000000000001,
        0.45000000000000007
      ],
      "winC_cv_best": 0.6894871794871795,
      "winC_best_param": 0.1,
      "winC_peak_time_ms": 420.00000178813934,
      "winC_peak_auc": 0.6894871794871795,
      "winC_mean_bin_auc": 0.609059829059829,
      "winC_cv_auc_original": 0.7135714285714286,
      "winR_selected": [
        0.27999999999999997,
        0.42999999999999994
      ],
      "winR_cv_best": 0.5764285714285714,
      "sC_auc": 0.6894871794871795,
      "n_trials_C": 89
    },
    "SSC": {
      "winC_selected": [
        0.38000000000000006,
        0.43000000000000005
      ],
      "winC_cv_best": 0.7369230769230769,
      "winC_best_param": 0.1,
      "winC_peak_time_ms": 390.00000059604645,
      "winC_peak_auc": 0.7369230769230769,
      "winC_mean_bin_auc": 0.6465384615384615,
      "winC_cv_auc_original": 0.6803571428571429,
      "winR_selected": [
        0.04,
        0.09
      ],
      "winR_cv_best": 0.5839285714285715,
      "sC_auc": 0.7369230769230769,
      "n_trials_C": 89
    }
  },
  "rebin_factor": null,
  "sliding_window_ms": 20.0,
  "sliding_step_ms": 10.0,
  "sliding_window_bins": 4,
  "sliding_step_bins": 2
}