{
  "sid": "20231130",
  "area": "SFEF",
  "monkey": "S",
  "analysis": "axis_covariance",
  "axes_tag": "axes_peakbin_saccCS-sacc-pooled-20mssw_nofilter",
  "a_obs": 0.37919318144764114,
  "theta_obs_deg": 67.71628458492476,
  "null_mean": 0.18430425472109896,
  "null_std": 0.12769992283561724,
  "null_angle_mean_deg": 79.26688165676144,
  "p_orth": 0.9240759240759241,
  "p_align": 0.07692307692307693,
  "n_perms_valid": 1000,
  "delta": 0.19488892672654218,
  "delta_theta_deg": -11.550597071836677,
  "z_score": 1.526147568447747,
  "manifold_dim": 48,
  "D_eff": 15.26089487511443,
  "expected_cos": 0.255982336991643,
  "expected_angle_deg": 75.16819897863249,
  "win_C": [
    -0.2,
    0.05
  ],
  "win_S": [
    -0.2,
    0.05
  ],
  "n_trials": 125,
  "n_valid_C": 125,
  "n_valid_S": 125,
  "use_rich_cond": false
}