{
  "sid": "20231103",
  "area": "SFEF",
  "monkey": "S",
  "analysis": "axis_covariance",
  "axes_tag": "axes_peakbin_saccCS-sacc-pooled-20mssw_nofilter",
  "a_obs": 0.020375731113070922,
  "theta_obs_deg": 88.83247580630452,
  "null_mean": 0.23148552822077287,
  "null_std": 0.16096285821180958,
  "null_angle_mean_deg": 76.37905251043628,
  "p_orth": 0.04995004995004995,
  "p_align": 0.951048951048951,
  "n_perms_valid": 1000,
  "delta": -0.21110979710770195,
  "delta_theta_deg": 12.453423295868234,
  "z_score": -1.3115435414914443,
  "manifold_dim": 46,
  "D_eff": 7.349490829004309,
  "expected_cos": 0.3688683336734685,
  "expected_angle_deg": 68.35415858802787,
  "win_C": [
    -0.2,
    0.05
  ],
  "win_S": [
    -0.2,
    0.05
  ],
  "n_trials": 153,
  "n_valid_C": 153,
  "n_valid_S": 153,
  "use_rich_cond": false
}