{
  "sid": "20201204",
  "area": "MFEF",
  "monkey": "M",
  "analysis": "axis_covariance",
  "axes_tag": "axes_peakbin_saccCS-sacc-pooled-20mssw_nofilter",
  "a_obs": 0.0825477541492239,
  "theta_obs_deg": 85.26497414525963,
  "null_mean": 0.2570275718344958,
  "null_std": 0.1627462001217218,
  "null_angle_mean_deg": 74.85628845263534,
  "p_orth": 0.17582417582417584,
  "p_align": 0.8251748251748252,
  "n_perms_valid": 1000,
  "delta": -0.17447981768527193,
  "delta_theta_deg": 10.408685692624289,
  "z_score": -1.0720976437838443,
  "manifold_dim": 25,
  "D_eff": 4.534907068023359,
  "expected_cos": 0.4695867174922604,
  "expected_angle_deg": 61.992527181089706,
  "win_C": [
    -0.2,
    0.05
  ],
  "win_S": [
    -0.2,
    0.05
  ],
  "n_trials": 525,
  "n_valid_C": 525,
  "n_valid_S": 525,
  "use_rich_cond": false
}