{
  "sid": "20231103",
  "area": "SFEF",
  "monkey": "S",
  "analysis": "axis_covariance",
  "axes_tag": "axes_peakbin_saccCS-sacc-pooled-20mssw_nofilter",
  "a_obs": 0.08648687052981818,
  "theta_obs_deg": 85.03846881792096,
  "null_mean": 0.15500000564389557,
  "null_std": 0.11439595942000436,
  "null_angle_mean_deg": 81.00669534461518,
  "p_orth": 0.34765234765234765,
  "p_align": 0.6533466533466533,
  "n_perms_valid": 1000,
  "delta": -0.06851313511407739,
  "delta_theta_deg": 4.031773473305776,
  "z_score": -0.5989121946390751,
  "manifold_dim": 38,
  "D_eff": 7.505778850993578,
  "expected_cos": 0.3650077770437402,
  "expected_angle_deg": 68.59193868291665,
  "win_C": [
    -0.3,
    -0.1
  ],
  "win_S": [
    -0.1,
    -0.03
  ],
  "n_trials": 153,
  "n_valid_C": 153,
  "n_valid_S": 153,
  "use_rich_cond": false
}