{
  "sid": "20231025",
  "area": "SFEF",
  "monkey": "S",
  "analysis": "axis_covariance",
  "axes_tag": "axes_peakbin_saccCS-sacc-pooled-20mssw_nofilter",
  "a_obs": 0.0029626015521458313,
  "theta_obs_deg": 89.83025518637393,
  "null_mean": 0.27520799252850736,
  "null_std": 0.17333064576923612,
  "null_angle_mean_deg": 73.7179972735923,
  "p_orth": 0.005994005994005994,
  "p_align": 0.995004995004995,
  "n_perms_valid": 1000,
  "delta": -0.2722453909763615,
  "delta_theta_deg": 16.11225791278163,
  "z_score": -1.5706708399322276,
  "manifold_dim": 35,
  "D_eff": 4.089674621596115,
  "expected_cos": 0.4944878462222014,
  "expected_angle_deg": 60.36401599211275,
  "win_C": [
    -0.2,
    0.05
  ],
  "win_S": [
    -0.2,
    0.05
  ],
  "n_trials": 666,
  "n_valid_C": 666,
  "n_valid_S": 666,
  "use_rich_cond": false
}