{
  "sid": "20230707",
  "area": "SFEF",
  "monkey": "S",
  "analysis": "axis_covariance",
  "axes_tag": "axes_peakbin_saccCS-sacc-pooled-20mssw_nofilter",
  "a_obs": 0.12378912267061179,
  "theta_obs_deg": 82.88916547365967,
  "null_mean": 0.34945817878788643,
  "null_std": 0.15488403402350798,
  "null_angle_mean_deg": 69.26819012003276,
  "p_orth": 0.11288711288711288,
  "p_align": 0.8881118881118881,
  "n_perms_valid": 1000,
  "delta": -0.22566905611727464,
  "delta_theta_deg": 13.620975353626918,
  "z_score": -1.4570194890651096,
  "manifold_dim": 18,
  "D_eff": 1.572027768055289,
  "expected_cos": 0.797571989840931,
  "expected_angle_deg": 37.101134010946694,
  "win_C": [
    -0.3,
    -0.1
  ],
  "win_S": [
    -0.1,
    -0.03
  ],
  "n_trials": 1018,
  "n_valid_C": 1018,
  "n_valid_S": 1018,
  "use_rich_cond": false
}