{
  "sid": "20230622",
  "area": "SFEF",
  "monkey": "S",
  "analysis": "axis_covariance",
  "axes_tag": "axes_peakbin_saccCS-sacc-pooled-20mssw_nofilter",
  "a_obs": 0.017522706892548173,
  "theta_obs_deg": 88.995971464575,
  "null_mean": 0.23370263501046293,
  "null_std": 0.16249471291584833,
  "null_angle_mean_deg": 76.24400036434699,
  "p_orth": 0.03796203796203796,
  "p_align": 0.9630369630369631,
  "n_perms_valid": 1000,
  "delta": -0.21617992811791475,
  "delta_theta_deg": 12.751971100228019,
  "z_score": -1.3303813043435362,
  "manifold_dim": 45,
  "D_eff": 3.2578174914555396,
  "expected_cos": 0.5540342644200785,
  "expected_angle_deg": 56.35577695300078,
  "win_C": [
    -0.2,
    0.05
  ],
  "win_S": [
    -0.2,
    0.05
  ],
  "n_trials": 1095,
  "n_valid_C": 1095,
  "n_valid_S": 1095,
  "use_rich_cond": false
}