{
  "sid": "20230627",
  "area": "SFEF",
  "monkey": "S",
  "analysis": "axis_covariance",
  "axes_tag": "axes_peakbin_saccCS-sacc-pooled-20mssw_nofilter",
  "a_obs": 0.001893202036045887,
  "theta_obs_deg": 89.8915274487708,
  "null_mean": 0.43657167245634404,
  "null_std": 0.2237591692614791,
  "null_angle_mean_deg": 63.184073935984095,
  "p_orth": 0.001998001998001998,
  "p_align": 0.999000999000999,
  "n_perms_valid": 1000,
  "delta": -0.43467847042029817,
  "delta_theta_deg": 26.707453512786707,
  "z_score": -1.9426174661577524,
  "manifold_dim": 26,
  "D_eff": 1.9893572122296685,
  "expected_cos": 0.7089957202308601,
  "expected_angle_deg": 44.84673699460057,
  "win_C": [
    -0.2,
    0.05
  ],
  "win_S": [
    -0.2,
    0.05
  ],
  "n_trials": 1102,
  "n_valid_C": 1102,
  "n_valid_S": 1102,
  "use_rich_cond": false
}