{
  "sid": "20201216",
  "area": "MFEF",
  "monkey": "M",
  "analysis": "axis_covariance",
  "axes_tag": "axes_peakbin_saccCS-sacc-pooled-20mssw_nofilter",
  "a_obs": 0.14668526239138235,
  "theta_obs_deg": 81.56511879618284,
  "null_mean": 0.2903905799291194,
  "null_std": 0.18126364423517288,
  "null_angle_mean_deg": 72.75036764958026,
  "p_orth": 0.2547452547452547,
  "p_align": 0.7462537462537463,
  "n_perms_valid": 1000,
  "delta": -0.14370531753773702,
  "delta_theta_deg": 8.814751146602589,
  "z_score": -0.7927972437279955,
  "manifold_dim": 33,
  "D_eff": 3.6799791359162715,
  "expected_cos": 0.5212875128874874,
  "expected_angle_deg": 58.581344995741766,
  "win_C": [
    -0.2,
    0.05
  ],
  "win_S": [
    -0.2,
    0.05
  ],
  "n_trials": 519,
  "n_valid_C": 519,
  "n_valid_S": 519,
  "use_rich_cond": false
}