{
  "sid": "20200926",
  "area": "MFEF",
  "monkey": "M",
  "analysis": "axis_covariance",
  "axes_tag": "axes_peakbin_saccCS-sacc-pooled-20mssw_nofilter",
  "a_obs": 0.049341713765997566,
  "theta_obs_deg": 87.1717796548883,
  "null_mean": 0.24666236773009062,
  "null_std": 0.16993496661481855,
  "null_angle_mean_deg": 75.44027114584406,
  "p_orth": 0.11888111888111888,
  "p_align": 0.8821178821178821,
  "n_perms_valid": 1000,
  "delta": -0.19732065396409304,
  "delta_theta_deg": 11.731508509044232,
  "z_score": -1.1611539278513998,
  "manifold_dim": 34,
  "D_eff": 3.4008040204241814,
  "expected_cos": 0.5422620321971038,
  "expected_angle_deg": 57.16224165922207,
  "win_C": [
    -0.2,
    0.05
  ],
  "win_S": [
    -0.2,
    0.05
  ],
  "n_trials": 581,
  "n_valid_C": 581,
  "n_valid_S": 581,
  "use_rich_cond": false
}