{
  "sid": "20230707",
  "area": "SFEF",
  "monkey": "S",
  "analysis": "axis_covariance",
  "axes_tag": "axes_peakbin_saccCS-sacc-pooled-20mssw_nofilter",
  "a_obs": 0.05014857919706497,
  "theta_obs_deg": 87.12549236351896,
  "null_mean": 0.35027515136083054,
  "null_std": 0.20216988284393192,
  "null_angle_mean_deg": 68.90002230007154,
  "p_orth": 0.06693306693306693,
  "p_align": 0.9340659340659341,
  "n_perms_valid": 1000,
  "delta": -0.3001265721637656,
  "delta_theta_deg": 18.225470063447418,
  "z_score": -1.4845266166348468,
  "manifold_dim": 20,
  "D_eff": 1.9315852449628472,
  "expected_cos": 0.7195203150403616,
  "expected_angle_deg": 43.985109050631586,
  "win_C": [
    -0.2,
    0.05
  ],
  "win_S": [
    -0.2,
    0.05
  ],
  "n_trials": 1018,
  "n_valid_C": 1018,
  "n_valid_S": 1018,
  "use_rich_cond": false
}