{
  "sid": "20201216",
  "area": "MFEF",
  "monkey": "M",
  "analysis": "axis_covariance",
  "axes_tag": "axes_peakbin_saccCS-sacc-pooled-20mssw_nofilter",
  "a_obs": 0.1982350868501123,
  "theta_obs_deg": 78.56622934107574,
  "null_mean": 0.22773732467526855,
  "null_std": 0.11884363275083035,
  "null_angle_mean_deg": 76.73531080525342,
  "p_orth": 0.3906093906093906,
  "p_align": 0.6103896103896104,
  "n_perms_valid": 1000,
  "delta": -0.029502237825156263,
  "delta_theta_deg": 1.8309185358223203,
  "z_score": -0.24824416034985378,
  "manifold_dim": 29,
  "D_eff": 2.2443007087826503,
  "expected_cos": 0.6675126135451436,
  "expected_angle_deg": 48.12462381382337,
  "win_C": [
    -0.3,
    -0.1
  ],
  "win_S": [
    -0.1,
    -0.03
  ],
  "n_trials": 519,
  "n_valid_C": 519,
  "n_valid_S": 519,
  "use_rich_cond": false
}