{
  "sid": "20200401",
  "area": "MFEF",
  "monkey": "M",
  "analysis": "axis_covariance",
  "axes_tag": "axes_peakbin_saccCS-sacc-pooled-20mssw_nofilter",
  "a_obs": 0.11672751100206798,
  "theta_obs_deg": 83.29672471600063,
  "null_mean": 0.28465398177013457,
  "null_std": 0.19135289008571663,
  "null_angle_mean_deg": 73.04058569626677,
  "p_orth": 0.23276723276723277,
  "p_align": 0.7682317682317682,
  "n_perms_valid": 1000,
  "delta": -0.1679264707680666,
  "delta_theta_deg": 10.256139019733851,
  "z_score": -0.8775747818224425,
  "manifold_dim": 40,
  "D_eff": 6.997786102306533,
  "expected_cos": 0.3780242568101608,
  "expected_angle_deg": 67.78864584153752,
  "win_C": [
    -0.2,
    0.05
  ],
  "win_S": [
    -0.2,
    0.05
  ],
  "n_trials": 518,
  "n_valid_C": 518,
  "n_valid_S": 518,
  "use_rich_cond": false
}