{
  "sid": "20201204",
  "area": "MFEF",
  "monkey": "M",
  "analysis": "axis_covariance",
  "axes_tag": "axes_peakbin_saccCS-sacc-pooled-20mssw_nofilter",
  "a_obs": 0.2841582837953132,
  "theta_obs_deg": 73.49145826141108,
  "null_mean": 0.20509028549717434,
  "null_std": 0.1247747799641205,
  "null_angle_mean_deg": 78.05578847576987,
  "p_orth": 0.7292707292707292,
  "p_align": 0.27172827172827174,
  "n_perms_valid": 1000,
  "delta": 0.07906799829813888,
  "delta_theta_deg": -4.56433021435879,
  "z_score": 0.6336857361790196,
  "manifold_dim": 23,
  "D_eff": 2.4945034845237943,
  "expected_cos": 0.6331519409149294,
  "expected_angle_deg": 50.716948244974425,
  "win_C": [
    -0.3,
    -0.1
  ],
  "win_S": [
    -0.1,
    -0.03
  ],
  "n_trials": 525,
  "n_valid_C": 525,
  "n_valid_S": 525,
  "use_rich_cond": false
}