{
  "sid": "20230627",
  "area": "SFEF",
  "monkey": "S",
  "analysis": "axis_covariance",
  "axes_tag": "axes_peakbin_saccCS-sacc-pooled-20mssw_nofilter",
  "a_obs": 0.027965973917416422,
  "theta_obs_deg": 88.39745878815401,
  "null_mean": 0.34137919243649145,
  "null_std": 0.1494998753420646,
  "null_angle_mean_deg": 69.78261229178426,
  "p_orth": 0.02197802197802198,
  "p_align": 0.9790209790209791,
  "n_perms_valid": 1000,
  "delta": -0.31341321851907505,
  "delta_theta_deg": 18.61484649636975,
  "z_score": -2.0964112364774015,
  "manifold_dim": 23,
  "D_eff": 1.4858634830419324,
  "expected_cos": 0.8203714638009312,
  "expected_angle_deg": 34.87800399309531,
  "win_C": [
    -0.3,
    -0.1
  ],
  "win_S": [
    -0.1,
    -0.03
  ],
  "n_trials": 1102,
  "n_valid_C": 1102,
  "n_valid_S": 1102,
  "use_rich_cond": false
}