{
  "sid": "20230622",
  "area": "SFEF",
  "monkey": "S",
  "analysis": "alignment_index",
  "AI_obs": 0.11629773442571326,
  "overlap_obs": 0.08520594631645423,
  "mean_angle_obs_deg": 75.55912565087048,
  "principal_angles_deg": [
    61.958437775068305,
    67.9833580118705,
    71.5339805627865,
    78.0518215846254,
    85.8271690439785,
    87.99998692689377
  ],
  "var_explained_C": 0.6172057282546509,
  "var_explained_S": 0.8414947350345068,
  "null_AI_mean": 0.6010868828060736,
  "null_AI_std": 0.07342185454439104,
  "null_overlap_mean": 0.34929493214840246,
  "null_angle_mean_deg": 56.49202713959804,
  "p_less": 0.000999000999000999,
  "p_greater": 1.0,
  "n_perms": 1000,
  "delta_AI": -0.48478914838036036,
  "win_C": [
    -0.3,
    -0.1
  ],
  "win_S": [
    -0.1,
    -0.03
  ],
  "k": 6,
  "manifold_dim": 39,
  "n_trials": 465,
  "n_valid_C": 465,
  "n_valid_S": 465
}