{
  "sid": "20201004",
  "area": "MFEF",
  "monkey": "M",
  "analysis": "alignment_index",
  "AI_obs": 0.5836818388556557,
  "overlap_obs": 0.22767809026204333,
  "mean_angle_obs_deg": 64.9761022935836,
  "principal_angles_deg": [
    17.471118126879418,
    61.94416415816773,
    69.7431215187045,
    72.72590156872353,
    81.09154382388478,
    86.88076456514158
  ],
  "var_explained_C": 0.852615360266805,
  "var_explained_S": 0.976280145360485,
  "null_AI_mean": 0.7881651051465717,
  "null_AI_std": 0.058227639421535186,
  "null_overlap_mean": 0.44372028840459393,
  "null_angle_mean_deg": 49.71286970429302,
  "p_less": 0.007992007992007992,
  "p_greater": 0.993006993006993,
  "n_perms": 1000,
  "delta_AI": -0.20448326629091595,
  "win_C": [
    -0.3,
    -0.1
  ],
  "win_S": [
    -0.1,
    -0.03
  ],
  "k": 6,
  "manifold_dim": 31,
  "n_trials": 291,
  "n_valid_C": 291,
  "n_valid_S": 291
}