{
  "sid": "20231103",
  "area": "SFEF",
  "monkey": "S",
  "analysis": "alignment_index",
  "AI_obs": 0.22555458183800012,
  "overlap_obs": 0.14922151998816333,
  "mean_angle_obs_deg": 68.93767047317763,
  "principal_angles_deg": [
    55.54415798204399,
    60.41686914969377,
    66.26296921297546,
    71.07414917295475,
    76.9542496705939,
    83.37362765080397
  ],
  "var_explained_C": 0.4903777678033813,
  "var_explained_S": 0.8353015505970725,
  "null_AI_mean": 0.5090633749955372,
  "null_AI_std": 0.04341508921758722,
  "null_overlap_mean": 0.3227620949443848,
  "null_angle_mean_deg": 58.1882855412989,
  "p_less": 0.000999000999000999,
  "p_greater": 1.0,
  "n_perms": 1000,
  "delta_AI": -0.2835087931575371,
  "win_C": [
    -0.3,
    -0.1
  ],
  "win_S": [
    -0.1,
    -0.03
  ],
  "k": 6,
  "manifold_dim": 38,
  "n_trials": 50,
  "n_valid_C": 50,
  "n_valid_S": 50
}