{
  "sid": "20200402",
  "area": "MFEF",
  "monkey": "M",
  "analysis": "alignment_index",
  "AI_obs": 0.25459821086797724,
  "overlap_obs": 0.2018497510223174,
  "mean_angle_obs_deg": 66.2913723438684,
  "principal_angles_deg": [
    36.747974308748546,
    57.795616470273515,
    67.85729207775911,
    73.96816730458065,
    75.69814338973275,
    85.68104051211593
  ],
  "var_explained_C": 0.6876841093028453,
  "var_explained_S": 0.9392594465333859,
  "null_AI_mean": 0.5949988522483455,
  "null_AI_std": 0.06420965139064956,
  "null_overlap_mean": 0.4288774180062338,
  "null_angle_mean_deg": 51.09108796546638,
  "p_less": 0.000999000999000999,
  "p_greater": 1.0,
  "n_perms": 1000,
  "delta_AI": -0.34040064138036824,
  "win_C": [
    -0.3,
    -0.1
  ],
  "win_S": [
    -0.1,
    -0.03
  ],
  "k": 6,
  "manifold_dim": 34,
  "n_trials": 237,
  "n_valid_C": 237,
  "n_valid_S": 237
}