{
  "sid": "20201001",
  "area": "MFEF",
  "monkey": "M",
  "analysis": "alignment_index",
  "AI_obs": 0.3264708855898329,
  "overlap_obs": 0.13537738138764668,
  "mean_angle_obs_deg": 72.0742536794431,
  "principal_angles_deg": [
    43.840076637369975,
    69.69080295449132,
    71.49445035461521,
    76.17043999769209,
    83.78422982556617,
    87.46552230692384
  ],
  "var_explained_C": 0.6883295504729497,
  "var_explained_S": 0.9488589470341484,
  "null_AI_mean": 0.661512579301014,
  "null_AI_std": 0.0644437699282148,
  "null_overlap_mean": 0.3454013124362041,
  "null_angle_mean_deg": 56.81395918726581,
  "p_less": 0.000999000999000999,
  "p_greater": 1.0,
  "n_perms": 1000,
  "delta_AI": -0.33504169371118114,
  "win_C": [
    -0.3,
    -0.1
  ],
  "win_S": [
    -0.1,
    -0.03
  ],
  "k": 6,
  "manifold_dim": 35,
  "n_trials": 256,
  "n_valid_C": 256,
  "n_valid_S": 256
}