{
  "sid": "20201204",
  "area": "MFEF",
  "monkey": "M",
  "analysis": "alignment_index",
  "AI_obs": 0.43587189680073635,
  "overlap_obs": 0.2748062265704178,
  "mean_angle_obs_deg": 62.584131568963755,
  "principal_angles_deg": [
    29.597695802311126,
    46.92685012041817,
    58.201605068739816,
    68.87367444337232,
    82.11741067658583,
    89.7875533023552
  ],
  "var_explained_C": 0.8257881173956828,
  "var_explained_S": 0.9850856210253768,
  "null_AI_mean": 0.7198243493284509,
  "null_AI_std": 0.06410170831853426,
  "null_overlap_mean": 0.48534672467256484,
  "null_angle_mean_deg": 46.83050172138131,
  "p_less": 0.000999000999000999,
  "p_greater": 1.0,
  "n_perms": 1000,
  "delta_AI": -0.2839524525277145,
  "win_C": [
    -0.3,
    -0.1
  ],
  "win_S": [
    -0.1,
    -0.03
  ],
  "k": 6,
  "manifold_dim": 24,
  "n_trials": 285,
  "n_valid_C": 285,
  "n_valid_S": 285
}