{
  "sid": "20201216",
  "area": "MFEF",
  "monkey": "M",
  "analysis": "alignment_index",
  "AI_obs": 0.6023965429884057,
  "overlap_obs": 0.25039227274751663,
  "mean_angle_obs_deg": 63.06284692544572,
  "principal_angles_deg": [
    18.74765704461403,
    56.85068984235846,
    64.97187162948082,
    72.30448584987202,
    80.3418822447051,
    85.16049494164388
  ],
  "var_explained_C": 0.786378114778705,
  "var_explained_S": 0.9710037557338721,
  "null_AI_mean": 0.7452305645866768,
  "null_AI_std": 0.055135143533631095,
  "null_overlap_mean": 0.42176682898870366,
  "null_angle_mean_deg": 51.286015342086436,
  "p_less": 0.022977022977022976,
  "p_greater": 0.978021978021978,
  "n_perms": 1000,
  "delta_AI": -0.14283402159827108,
  "win_C": [
    -0.3,
    -0.1
  ],
  "win_S": [
    -0.1,
    -0.03
  ],
  "k": 6,
  "manifold_dim": 29,
  "n_trials": 251,
  "n_valid_C": 251,
  "n_valid_S": 251
}