{
  "sid": "20200328",
  "area": "MFEF",
  "monkey": "M",
  "analysis": "axis_shuffle",
  "axes_tag": "axes_peakbin_saccCS-sacc-horizontal-20mssw",
  "a_obs": 0.09184780528503779,
  "theta_obs_deg": 84.73008108916711,
  "null_mean": 0.0868520688277664,
  "null_std": 0.06373980260972059,
  "null_median": 0.07358916080620484,
  "null_angle_mean_deg": 85.00485125319584,
  "p_greater": 0.4155844155844156,
  "p_less": 0.5854145854145855,
  "n_perms_valid": 1000,
  "delta": 0.004995736457271388,
  "delta_theta_deg": -0.27477016402872323,
  "winS": [
    -0.02000000000000002,
    0.02999999999999998
  ],
  "n_trials": 247,
  "n_valid_trials": 247
}