{
  "sid": "20231109",
  "area": "SFEF",
  "monkey": "S",
  "analysis": "axis_shuffle",
  "axes_tag": "axes_peakbin_saccCS-sacc-horizontal-20mssw",
  "a_obs": 0.0008981521450535658,
  "theta_obs_deg": 89.94853966580916,
  "null_mean": 0.0975640149939807,
  "null_std": 0.07230790800632542,
  "null_median": 0.08230407406283924,
  "null_angle_mean_deg": 84.38259455940074,
  "p_greater": 0.998001998001998,
  "p_less": 0.002997002997002997,
  "n_perms_valid": 1000,
  "delta": -0.09666586284892713,
  "delta_theta_deg": 5.565945106408421,
  "winS": [
    -0.02000000000000002,
    0.02999999999999998
  ],
  "n_trials": 255,
  "n_valid_trials": 255
}