{
  "sid": "20231121",
  "area": "SFEF",
  "monkey": "S",
  "analysis": "axis_covariance",
  "axes_tag": "axes_peakbin_saccCS-sacc-horizontal-20mssw",
  "a_obs": 0.11825692987600733,
  "theta_obs_deg": 83.20848428981421,
  "null_mean": 0.2371213486390296,
  "null_std": 0.14430837078672734,
  "null_angle_mean_deg": 76.11209769504082,
  "p_orth": 0.25874125874125875,
  "p_align": 0.7422577422577422,
  "n_perms_valid": 1000,
  "delta": -0.11886441876302226,
  "delta_theta_deg": 7.096386594773392,
  "z_score": -0.8236834642024434,
  "manifold_dim": 34,
  "D_eff": 6.191043386451671,
  "expected_cos": 0.4019000648171819,
  "expected_angle_deg": 66.30298544000019,
  "win_C": [
    -0.3,
    -0.1
  ],
  "win_S": [
    -0.1,
    -0.03
  ],
  "n_trials": 308,
  "n_valid_C": 308,
  "n_valid_S": 308
}