{
  "sid": "20200926",
  "area": "MFEF",
  "monkey": "M",
  "analysis": "axis_shuffle",
  "axes_tag": "axes_peakbin_saccCS-sacc-horizontal-20mssw",
  "a_obs": 0.10965862136721585,
  "theta_obs_deg": 83.70436303204787,
  "null_mean": 0.07529310199878372,
  "null_std": 0.05318209587150616,
  "null_median": 0.06564365630877678,
  "null_angle_mean_deg": 85.67453777135272,
  "p_greater": 0.25274725274725274,
  "p_less": 0.7482517482517482,
  "n_perms_valid": 1000,
  "delta": 0.03436551936843213,
  "delta_theta_deg": -1.970174739304852,
  "winS": [
    -0.02000000000000002,
    0.02999999999999998
  ],
  "n_trials": 290,
  "n_valid_trials": 290
}