{
  "sid": "20230707",
  "area": "SFEF",
  "monkey": "S",
  "analysis": "axis_shuffle",
  "axes_tag": "axes_peakbin_saccCS-sacc-horizontal-20mssw",
  "a_obs": 0.010862462557595307,
  "theta_obs_deg": 89.37761450039004,
  "null_mean": 0.1119960767547052,
  "null_std": 0.08178093607789924,
  "null_median": 0.09617350513203157,
  "null_angle_mean_deg": 83.5424169908119,
  "p_greater": 0.948051948051948,
  "p_less": 0.052947052947052944,
  "n_perms_valid": 1000,
  "delta": -0.1011336141971099,
  "delta_theta_deg": 5.835197509578137,
  "winS": [
    -2.0816681711721685e-17,
    0.04999999999999998
  ],
  "n_trials": 386,
  "n_valid_trials": 386
}