{
  "sid": "20231123",
  "area": "SFEF",
  "monkey": "S",
  "analysis": "axis_shuffle",
  "axes_tag": "axes_peakbin_saccCS-sacc-horizontal-20mssw",
  "a_obs": 0.12213328280142063,
  "theta_obs_deg": 82.98476356943237,
  "null_mean": 0.0775817479234301,
  "null_std": 0.05932873407446387,
  "null_median": 0.06408298961088915,
  "null_angle_mean_deg": 85.54034689542415,
  "p_greater": 0.21678321678321677,
  "p_less": 0.7842157842157842,
  "n_perms_valid": 1000,
  "delta": 0.04455153487799053,
  "delta_theta_deg": -2.555583325991776,
  "winS": [
    -2.0816681711721685e-17,
    0.04999999999999998
  ],
  "n_trials": 248,
  "n_valid_trials": 248
}