{
  "sid": "20201216",
  "area": "MFEF",
  "monkey": "M",
  "analysis": "axis_shuffle",
  "axes_tag": "axes_peakbin_saccCS-sacc-horizontal-20mssw",
  "a_obs": 0.09714069828644291,
  "theta_obs_deg": 84.42545722418464,
  "null_mean": 0.08520659522565106,
  "null_std": 0.06490525772119086,
  "null_median": 0.07161805814023764,
  "null_angle_mean_deg": 85.0990487128108,
  "p_greater": 0.34865134865134867,
  "p_less": 0.6523476523476524,
  "n_perms_valid": 1000,
  "delta": 0.011934103060791845,
  "delta_theta_deg": -0.6735914886261583,
  "winS": [
    -0.02000000000000002,
    0.02999999999999998
  ],
  "n_trials": 251,
  "n_valid_trials": 251
}