{
  "sid": "20200929",
  "area": "MFEF",
  "monkey": "M",
  "analysis": "axis_shuffle",
  "axes_tag": "axes_peakbin_saccCS-sacc-horizontal-20mssw",
  "a_obs": 0.08464190632829353,
  "theta_obs_deg": 85.14456659388367,
  "null_mean": 0.08016243003669708,
  "null_std": 0.06131628447739624,
  "null_median": 0.06740227181121526,
  "null_angle_mean_deg": 85.39088573036769,
  "p_greater": 0.3886113886113886,
  "p_less": 0.6123876123876124,
  "n_perms_valid": 1000,
  "delta": 0.0044794762915964514,
  "delta_theta_deg": -0.24631913648401849,
  "winS": [
    -0.02000000000000002,
    0.02999999999999998
  ],
  "n_trials": 264,
  "n_valid_trials": 264
}