{
  "sid": "20230622",
  "area": "SFEF",
  "monkey": "S",
  "analysis": "axis_shuffle",
  "axes_tag": "axes_peakbin_saccCS-sacc-horizontal-20mssw",
  "a_obs": 0.0757794800390101,
  "theta_obs_deg": 85.65398931645086,
  "null_mean": 0.06799952621016146,
  "null_std": 0.05216015220062661,
  "null_median": 0.057361927814465634,
  "null_angle_mean_deg": 86.09415939733982,
  "p_greater": 0.3776223776223776,
  "p_less": 0.6233766233766234,
  "n_perms_valid": 1000,
  "delta": 0.007779953828848635,
  "delta_theta_deg": -0.4401700808889615,
  "winS": [
    -2.0816681711721685e-17,
    0.04999999999999998
  ],
  "n_trials": 465,
  "n_valid_trials": 465
}