{
  "sid": "20231025",
  "area": "SFEF",
  "monkey": "S",
  "analysis": "axis_shuffle",
  "axes_tag": "axes_peakbin_saccCS-sacc-horizontal-20mssw",
  "a_obs": 0.05028997241508129,
  "theta_obs_deg": 87.11738089394649,
  "null_mean": 0.09603576380676637,
  "null_std": 0.07280738713326546,
  "null_median": 0.0803452931444865,
  "null_angle_mean_deg": 84.47003860153028,
  "p_greater": 0.6753246753246753,
  "p_less": 0.3256743256743257,
  "n_perms_valid": 1000,
  "delta": -0.04574579139168508,
  "delta_theta_deg": 2.647342292416212,
  "winS": [
    -0.14000000000000004,
    0.009999999999999953
  ],
  "n_trials": 230,
  "n_valid_trials": 230
}