{
  "sid": "20230622",
  "align": "stim",
  "features": [
    "C",
    "R"
  ],
  "winC": [
    0.1,
    0.3
  ],
  "winR": [
    0.05,
    0.2
  ],
  "winS": null,
  "winT": null,
  "pt_min_ms": 200.0,
  "orientation": "vertical",
  "areas": [
    "SFEF",
    "SLIP"
  ],
  "tag": "axes_peakbin_stimCR-stim-vertical-20mssw_nofilter",
  "norm": "global",
  "baseline_win": null,
  "clf_binary": "logreg",
  "C_grid": [
    0.1,
    0.3,
    1.0,
    3.0,
    10.0
  ],
  "lda_shrinkage": null,
  "searchC": true,
  "searchS": false,
  "searchT": false,
  "searchR": true,
  "search_step_ms": 20.0,
  "search_len_ms": [
    50.0,
    100.0,
    150.0,
    200.0,
    250.0
  ],
  "search_range_C": "0.00:0.50",
  "search_range_S": null,
  "search_range_T": null,
  "search_range_R": "0.00:0.50",
  "search_score_mode": "peak_bin_auc",
  "search_tiebreak": "shortest_then_earliest",
  "search_tol": 0.01,
  "per_area_results": {
    "SFEF": {
      "winC_selected": [
        0.16,
        0.26
      ],
      "winC_cv_best": 0.7648152960323865,
      "winC_best_param": 0.1,
      "winC_peak_time_ms": 179.99999970197678,
      "winC_peak_auc": 0.7648152960323865,
      "winC_mean_bin_auc": 0.7295281410740195,
      "winC_cv_auc_original": 0.8601401610856078,
      "winR_selected": [
        0.23999999999999996,
        0.43999999999999995
      ],
      "winR_cv_best": 0.5855968826732145,
      "sC_auc": 0.7648152960323865,
      "n_trials_C": 542
    },
    "SLIP": {
      "winC_selected": [
        0.4000000000000001,
        0.45000000000000007
      ],
      "winC_cv_best": 0.6386134551472298,
      "winC_best_param": 0.1,
      "winC_peak_time_ms": 439.9999976158142,
      "winC_peak_auc": 0.6386134551472298,
      "winC_mean_bin_auc": 0.604442195385478,
      "winC_cv_auc_original": 0.6635202305967759,
      "winR_selected": [
        0.23999999999999996,
        0.43999999999999995
      ],
      "winR_cv_best": 0.45319575815807267,
      "sC_auc": 0.6386134551472298,
      "n_trials_C": 542
    }
  },
  "rebin_factor": null,
  "sliding_window_ms": 20.0,
  "sliding_step_ms": 10.0,
  "sliding_window_bins": 4,
  "sliding_step_bins": 2
}