{
  "sid": "20231205",
  "align": "sacc",
  "features": [
    "C",
    "S"
  ],
  "winC": [
    -0.3,
    -0.18
  ],
  "winR": null,
  "winS": [
    -0.1,
    -0.03
  ],
  "winT": null,
  "pt_min_ms": 200.0,
  "orientation": "horizontal",
  "areas": [
    "SFEF",
    "SLIP",
    "SSC"
  ],
  "tag": "axes_peakbin_saccCS-sacc-horizontal-20mssw_nofilter",
  "norm": "global",
  "baseline_win": null,
  "clf_binary": "logreg",
  "C_grid": [
    0.1,
    0.3,
    1.0,
    3.0,
    10.0
  ],
  "lda_shrinkage": null,
  "searchC": true,
  "searchS": true,
  "searchT": false,
  "searchR": false,
  "search_step_ms": 20.0,
  "search_len_ms": [
    50.0,
    100.0,
    150.0,
    200.0,
    250.0
  ],
  "search_range_C": "-0.20:0.05",
  "search_range_S": "-0.20:0.05",
  "search_range_T": null,
  "search_range_R": null,
  "search_score_mode": "peak_bin_auc",
  "search_tiebreak": "shortest_then_closest0",
  "search_tol": 0.01,
  "per_area_results": {
    "SFEF": {
      "winC_selected": [
        -0.02000000000000002,
        0.02999999999999998
      ],
      "winC_cv_best": 0.9500000000000001,
      "winC_best_param": 0.1,
      "winC_peak_time_ms": 0.0,
      "winC_peak_auc": 0.9500000000000001,
      "winC_mean_bin_auc": 0.9125000000000001,
      "winC_cv_auc_original": 1.0,
      "winS_selected": [
        -0.060000000000000026,
        -0.010000000000000023
      ],
      "winS_cv_best": 0.9821428571428572,
      "winS_peak_time_ms": -30.00000026077032,
      "winS_peak_auc": 0.9821428571428572,
      "sC_auc": 0.9500000000000001,
      "n_trials_C": 26
    },
    "SLIP": {
      "winC_selected": [
        -2.0816681711721685e-17,
        0.04999999999999998
      ],
      "winC_cv_best": 0.7833333333333334,
      "winC_best_param": 10.0,
      "winC_peak_time_ms": 49.999999813735485,
      "winC_peak_auc": 0.7833333333333334,
      "winC_mean_bin_auc": 0.5833333333333334,
      "winC_cv_auc_original": 0.6,
      "winS_selected": [
        -0.10000000000000003,
        -2.7755575615628914e-17
      ],
      "winS_cv_best": 0.9464285714285714,
      "winS_peak_time_ms": -70.00000029802322,
      "winS_peak_auc": 0.9464285714285714,
      "sC_auc": 0.7833333333333334,
      "n_trials_C": 26
    },
    "SSC": {
      "winC_selected": [
        -0.16000000000000003,
        -0.060000000000000026
      ],
      "winC_cv_best": 0.8,
      "winC_best_param": 1.0,
      "winC_peak_time_ms": -89.99999985098839,
      "winC_peak_auc": 0.8,
      "winC_mean_bin_auc": 0.6258333333333334,
      "winC_cv_auc_original": 0.7,
      "winS_selected": [
        -2.0816681711721685e-17,
        0.04999999999999998
      ],
      "winS_cv_best": 0.9761904761904763,
      "winS_peak_time_ms": 49.999999813735485,
      "winS_peak_auc": 0.9761904761904763,
      "sC_auc": 0.8,
      "n_trials_C": 26
    }
  },
  "rebin_factor": null,
  "sliding_window_ms": 20.0,
  "sliding_step_ms": 10.0,
  "sliding_window_bins": 4,
  "sliding_step_bins": 2
}