{
  "time": [
    -0.39000000059604645,
    -0.3799999952316284,
    -0.3700000047683716,
    -0.35999999940395355,
    -0.3499999940395355,
    -0.3400000035762787,
    -0.32999999821186066,
    -0.3199999928474426,
    -0.3100000023841858,
    -0.30000000447034836,
    -0.28999999910593033,
    -0.2800000011920929,
    -0.27000000327825546,
    -0.25999999791383743,
    -0.25,
    -0.24000000208616257,
    -0.23000000044703484,
    -0.2200000025331974,
    -0.21000000089406967,
    -0.19999999925494194,
    -0.1900000013411045,
    -0.17999999970197678,
    -0.16999999806284904,
    -0.1600000001490116,
    -0.14999999850988388,
    -0.13999999687075615,
    -0.12999999895691872,
    -0.11999999918043613,
    -0.10999999940395355,
    -0.09999999962747097,
    -0.08999999985098839,
    -0.0800000000745058,
    -0.07000000029802322,
    -0.06000000052154064,
    -0.049999999813735485,
    -0.0400000000372529,
    -0.03000000026077032,
    -0.020000000251457095,
    -0.010000000009313226,
    0.0,
    0.010000000009313226,
    0.020000000251457095,
    0.03000000026077032,
    0.0400000000372529,
    0.049999999813735485,
    0.06000000052154064,
    0.07000000029802322,
    0.0800000000745058,
    0.08999999985098839,
    0.09999999962747097,
    0.10999999940395355,
    0.11999999918043613,
    0.12999999895691872,
    0.13999999687075615,
    0.14999999850988388,
    0.1600000001490116,
    0.16999999806284904,
    0.17999999970197678,
    0.1900000013411045,
    0.19999999925494194,
    0.21000000089406967,
    0.2200000025331974,
    0.23000000044703484,
    0.24000000208616257,
    0.25,
    0.25999999791383743,
    0.27000000327825546,
    0.2800000011920929,
    0.28999999910593033
  ],
  "auc_C": [
    0.4911822083495903,
    0.485914943425673,
    0.5086227077643387,
    0.49785407725321884,
    0.5013889972688257,
    0.5066874756145143,
    0.4795005852516583,
    0.49752633632461957,
    0.509879047990636,
    0.5042606320717908,
    0.4691377292235661,
    0.5100039016777214,
    0.4948888021849395,
    0.5176355833008193,
    0.5524853687085446,
    0.5533359344518142,
    0.532813109637144,
    0.5230901287553648,
    0.5260241904018728,
    0.5205774483027701,
    0.5603979711275849,
    0.5511666016387046,
    0.5867030823253999,
    0.6000390167772142,
    0.6562153726102224,
    0.6655559890753024,
    0.5761139289894655,
    0.570120952009364,
    0.5779008973858759,
    0.6062895044869293,
    0.6090987124463519,
    0.6088255950058525,
    0.5727506827936012,
    0.5648224736636753,
    0.5614748341786968,
    0.48945766679672253,
    0.5143659773702692,
    0.5364260632071791,
    0.4300507218103785,
    0.4949512290284822,
    0.49990635973468595,
    0.4652282481467031,
    0.5058369098712446,
    0.46730394069449865,
    0.4763870464299649,
    0.47826765509168945,
    0.4338275458447133,
    0.5148809988294967,
    0.5299570815450644,
    0.5549746390948107,
    0.6027467811158799,
    0.4707296137339056,
    0.5036051502145923,
    0.5179321108076473,
    0.4870854467420991,
    0.5018025751072961,
    0.48435427233710493,
    0.5151853296917674,
    0.5100819352321498,
    0.49150994927818964,
    0.5165899336714788,
    0.5361061256340227,
    0.5142099102614124,
    0.46627389777604367,
    0.4786188060866172,
    0.4974326960593055,
    0.45407725321888415,
    0.4555598907530238,
    0.4842294186500195
  ],
  "auc_S_raw": [
    0.5518207282913166,
    0.556318082788671,
    0.5315126050420168,
    0.5129240585122938,
    0.5309757236227824,
    0.518868658574541,
    0.510566448801743,
    0.5212885154061624,
    0.5418067226890756,
    0.5298163709928416,
    0.519880174291939,
    0.5113134142545908,
    0.5049486461251167,
    0.5166199813258636,
    0.526384998443822,
    0.5022798008092126,
    0.5016651104886399,
    0.5312947401182695,
    0.5267273576097105,
    0.5275054466230937,
    0.5184640522875817,
    0.49869281045751634,
    0.5051276065981948,
    0.5357609710550887,
    0.5433473389355742,
    0.5019685652038594,
    0.510465297230003,
    0.5018751945222534,
    0.48973700591347646,
    0.4859710550887022,
    0.5241985683162154,
    0.5198023653906007,
    0.5269218798630564,
    0.5268985371926549,
    0.5025210084033613,
    0.5203003423591659,
    0.5372626828509182,
    0.5260971055088702,
    0.5326174914410209,
    0.5788748832866479,
    0.5534547152194211,
    0.5769218798630563,
    0.645658263305322,
    0.6939542483660132,
    0.7446623093681918,
    0.6981870525988174,
    0.6070806100217865,
    0.49870059134765016,
    0.40516651104886403,
    0.45532212885154066,
    0.5375194522253346,
    0.5536881419234361,
    0.5505291005291005,
    0.5835045129162776,
    0.5538593215063803,
    0.475879240585123,
    0.41146903205726737,
    0.3724556489262372,
    0.42615935262994087,
    0.4670090258325552,
    0.47713974478680354,
    0.5519763460939932,
    0.5955960161842515,
    0.5523809523809523,
    0.5103408029878619,
    0.5431139122315594,
    0.524906629318394,
    0.49487239340180517,
    0.5361033302209772
  ],
  "auc_S_inv": [
    0.5496420790538439,
    0.5523187052598817,
    0.528462496109555,
    0.5137643946467475,
    0.5326252723311546,
    0.520020230314348,
    0.5121537503890445,
    0.5248832866479926,
    0.5399393090569561,
    0.5288204170557111,
    0.5206271397447868,
    0.5122626828509181,
    0.5057734204793027,
    0.5072206660441955,
    0.5282368502956739,
    0.5044895736072207,
    0.5008558979147215,
    0.536943666355431,
    0.5259803921568628,
    0.526151571739807,
    0.5149315281668223,
    0.49309056956115777,
    0.5003034547152193,
    0.5355119825708061,
    0.5436896981014627,
    0.5051431683784624,
    0.5136865857454092,
    0.49778244631185803,
    0.48754279489573604,
    0.48080454403983813,
    0.5223934018051666,
    0.5093759726112668,
    0.525412387177093,
    0.5286258948023654,
    0.4952069716775599,
    0.5215608465608466,
    0.542662620603797,
    0.5225178960473078,
    0.5223622782446311,
    0.5724478680361033,
    0.5513538748832866,
    0.5752878929349518,
    0.6490507314036725,
    0.6905306567071272,
    0.7429505135387489,
    0.7002412075941487,
    0.6097416744475568,
    0.4995253657018363,
    0.4020697167755991,
    0.4567071272953626,
    0.5382664176781824,
    0.553968253968254,
    0.5524276377217554,
    0.5851851851851853,
    0.5522097727980081,
    0.4685340802987862,
    0.40241207594148776,
    0.3675381263616558,
    0.41615312791783377,
    0.4554466230936819,
    0.4673358232181762,
    0.5420323685029568,
    0.5902116402116402,
    0.545113600995954,
    0.5073685029567382,
    0.5404684095860567,
    0.5196156240273888,
    0.4899704326174915,
    0.5314814814814814
  ],
  "acc_R_macro": null,
  "auc_T": null,
  "latencies_ms": {
    "C": null,
    "S_raw": 30.00000026077032,
    "S_inv": 30.00000026077032,
    "T": null
  },
  "meta": {
    "align": "sacc",
    "orientation": null,
    "pt_min_ms": 200.0,
    "n_trials": 508,
    "n_bins": 69,
    "n_units": 28,
    "thr": 0.6,
    "k_bins": 5,
    "norm": "global",
    "baseline_win": null,
    "used_axes_mu_sd": false,
    "correct_mode": "correctonly"
  }
}