{
  "time": [
    -0.39000000059604645,
    -0.3799999952316284,
    -0.3700000047683716,
    -0.35999999940395355,
    -0.3499999940395355,
    -0.3400000035762787,
    -0.32999999821186066,
    -0.3199999928474426,
    -0.3100000023841858,
    -0.30000000447034836,
    -0.28999999910593033,
    -0.2800000011920929,
    -0.27000000327825546,
    -0.25999999791383743,
    -0.25,
    -0.24000000208616257,
    -0.23000000044703484,
    -0.2200000025331974,
    -0.21000000089406967,
    -0.19999999925494194,
    -0.1900000013411045,
    -0.17999999970197678,
    -0.16999999806284904,
    -0.1600000001490116,
    -0.14999999850988388,
    -0.13999999687075615,
    -0.12999999895691872,
    -0.11999999918043613,
    -0.10999999940395355,
    -0.09999999962747097,
    -0.08999999985098839,
    -0.0800000000745058,
    -0.07000000029802322,
    -0.06000000052154064,
    -0.049999999813735485,
    -0.0400000000372529,
    -0.03000000026077032,
    -0.020000000251457095,
    -0.010000000009313226,
    0.0,
    0.010000000009313226,
    0.020000000251457095,
    0.03000000026077032,
    0.0400000000372529,
    0.049999999813735485,
    0.06000000052154064,
    0.07000000029802322,
    0.0800000000745058,
    0.08999999985098839,
    0.09999999962747097,
    0.10999999940395355,
    0.11999999918043613,
    0.12999999895691872,
    0.13999999687075615,
    0.14999999850988388,
    0.1600000001490116,
    0.16999999806284904,
    0.17999999970197678,
    0.1900000013411045,
    0.19999999925494194,
    0.21000000089406967,
    0.2200000025331974,
    0.23000000044703484,
    0.24000000208616257,
    0.25,
    0.25999999791383743,
    0.27000000327825546,
    0.2800000011920929,
    0.28999999910593033
  ],
  "auc_C": [
    0.5096995708154506,
    0.49601248536870857,
    0.47364806866952786,
    0.5059071400702302,
    0.5360593055013656,
    0.5172844323058915,
    0.5211392898946546,
    0.5313928989465471,
    0.4902848224736637,
    0.5263675380413577,
    0.5382130316035896,
    0.4709325009754195,
    0.5064689816621147,
    0.528802184939524,
    0.5157393679282091,
    0.5060476004682013,
    0.46389387436597734,
    0.4871946937182988,
    0.5201404603979711,
    0.5059383534920016,
    0.5601872805306283,
    0.5634802965275068,
    0.5445337495122903,
    0.5066718689036286,
    0.512274678111588,
    0.5953023800234101,
    0.6171361685524775,
    0.6126726492391729,
    0.6071946937182988,
    0.6372532188841202,
    0.6941552867733125,
    0.6821849395239954,
    0.7034568864611783,
    0.7217167381974249,
    0.6878033554428404,
    0.6412329301599689,
    0.6766289504486931,
    0.6978696839641045,
    0.601607491221225,
    0.6440577448302771,
    0.6999297698010143,
    0.6441825985173625,
    0.6229418650019508,
    0.6377526336324619,
    0.6207413187670698,
    0.6359110417479517,
    0.6800780335544283,
    0.6677019118220835,
    0.6165587202497074,
    0.6187436597737026,
    0.6496917674600079,
    0.6223644166991805,
    0.5895435037065939,
    0.5634802965275069,
    0.5715333593445181,
    0.5920093640265314,
    0.5742489270386265,
    0.5204838080374561,
    0.5769488880218494,
    0.6343035505267265,
    0.6249707374170893,
    0.6079750292625828,
    0.5689894654701522,
    0.6037456106125634,
    0.6150292625829107,
    0.5746859149434257,
    0.6233632461958643,
    0.5899960983222786,
    0.6059773702692157
  ],
  "auc_S_raw": [
    0.4839869281045751,
    0.5165732959850606,
    0.5519763460939932,
    0.5192654839713663,
    0.5016339869281046,
    0.4824774354186119,
    0.4612978524743231,
    0.4500311235605353,
    0.5032057267351385,
    0.5354964207905385,
    0.5151571739807035,
    0.5171646436352318,
    0.4813103018985372,
    0.4542794895736072,
    0.4978057889822596,
    0.47822906940554,
    0.4515094926859633,
    0.5002489884842827,
    0.5283535636476814,
    0.5108932461873639,
    0.4884998443821974,
    0.507796451914099,
    0.5221599751011516,
    0.5173513849984439,
    0.5002489884842826,
    0.4672891378773732,
    0.4632897603485838,
    0.4878929349517585,
    0.5330065359477124,
    0.5644257703081232,
    0.5638966697790226,
    0.6065203859321506,
    0.6607531901649549,
    0.6593059446000622,
    0.6703236850295674,
    0.6630407718643013,
    0.6765795206971676,
    0.7331932773109244,
    0.7924680983504513,
    0.8281979458450046,
    0.8204637410519763,
    0.8104419545596017,
    0.8555399937752879,
    0.9268285091814503,
    0.9724400871459695,
    0.9503423591658886,
    0.7715063803299097,
    0.6531746031746031,
    0.6509959539371304,
    0.6590569561157797,
    0.6326174914410208,
    0.5960006224712108,
    0.5999221910986617,
    0.5760659819483349,
    0.530765639589169,
    0.5321195144724558,
    0.5607843137254902,
    0.5673358232181762,
    0.5544662309368192,
    0.5642079053843759,
    0.5928104575163399,
    0.6199813258636788,
    0.6605664488017429,
    0.6628695922813569,
    0.6391845627139745,
    0.5870681605975723,
    0.6019140989729225,
    0.6290382819794584,
    0.6474789915966386
  ],
  "auc_S_inv": [
    0.484593837535014,
    0.5148615001556178,
    0.5516806722689076,
    0.5139900404606287,
    0.4967942732648615,
    0.4822906940553999,
    0.4617802676626206,
    0.4500311235605353,
    0.5038126361655774,
    0.5404295051353876,
    0.5142390289449112,
    0.5120759414877062,
    0.4770619358854653,
    0.45238095238095233,
    0.49635854341736696,
    0.4751945222533458,
    0.455119825708061,
    0.5019763460939931,
    0.528369125427949,
    0.5098972922502334,
    0.4838001867413632,
    0.5076408341114224,
    0.5245564892623715,
    0.5204014939309056,
    0.5005757858699036,
    0.4694989106753813,
    0.4667444755680049,
    0.4877061935885465,
    0.5281045751633986,
    0.5645191409897292,
    0.5631185807656396,
    0.6067071272953626,
    0.6610333022097727,
    0.6553688141923436,
    0.6648459383753501,
    0.6624338624338624,
    0.6800497976968567,
    0.7338779956427015,
    0.7902583255524431,
    0.8229536258948023,
    0.8170557111733582,
    0.8083255524431994,
    0.8543417366946778,
    0.9268596327419856,
    0.9739340180516651,
    0.9529567382508558,
    0.7690320572673515,
    0.6504824151882975,
    0.6552754435107376,
    0.6643946467475879,
    0.6437597261126673,
    0.6132897603485838,
    0.6159508247743541,
    0.5911764705882353,
    0.5438375350140057,
    0.5420634920634921,
    0.5710084033613445,
    0.5780267662620604,
    0.5638499844382197,
    0.5727668845315904,
    0.6051509492685964,
    0.6284469343292874,
    0.6695767195767195,
    0.6680205415499534,
    0.642483660130719,
    0.5911142234671647,
    0.6101151571739807,
    0.6397136632430751,
    0.6557578586990351
  ],
  "acc_R_macro": null,
  "auc_T": null,
  "latencies_ms": {
    "C": -129.99999895691872,
    "S_raw": -80.0000000745058,
    "S_inv": -80.0000000745058,
    "T": null
  },
  "meta": {
    "align": "sacc",
    "orientation": null,
    "pt_min_ms": 200.0,
    "n_trials": 508,
    "n_bins": 69,
    "n_units": 66,
    "thr": 0.6,
    "k_bins": 5,
    "norm": "global",
    "baseline_win": null,
    "used_axes_mu_sd": false,
    "correct_mode": "correctonly"
  }
}