{
  "time": [
    -0.39000000059604645,
    -0.3799999952316284,
    -0.3700000047683716,
    -0.35999999940395355,
    -0.3499999940395355,
    -0.3400000035762787,
    -0.32999999821186066,
    -0.3199999928474426,
    -0.3100000023841858,
    -0.30000000447034836,
    -0.28999999910593033,
    -0.2800000011920929,
    -0.27000000327825546,
    -0.25999999791383743,
    -0.25,
    -0.24000000208616257,
    -0.23000000044703484,
    -0.2200000025331974,
    -0.21000000089406967,
    -0.19999999925494194,
    -0.1900000013411045,
    -0.17999999970197678,
    -0.16999999806284904,
    -0.1600000001490116,
    -0.14999999850988388,
    -0.13999999687075615,
    -0.12999999895691872,
    -0.11999999918043613,
    -0.10999999940395355,
    -0.09999999962747097,
    -0.08999999985098839,
    -0.0800000000745058,
    -0.07000000029802322,
    -0.06000000052154064,
    -0.049999999813735485,
    -0.0400000000372529,
    -0.03000000026077032,
    -0.020000000251457095,
    -0.010000000009313226,
    0.0,
    0.010000000009313226,
    0.020000000251457095,
    0.03000000026077032,
    0.0400000000372529,
    0.049999999813735485,
    0.06000000052154064,
    0.07000000029802322,
    0.0800000000745058,
    0.08999999985098839,
    0.09999999962747097,
    0.10999999940395355,
    0.11999999918043613,
    0.12999999895691872,
    0.13999999687075615,
    0.14999999850988388,
    0.1600000001490116,
    0.16999999806284904,
    0.17999999970197678,
    0.1900000013411045
  ],
  "auc_C": null,
  "auc_S_raw": [
    0.5028985507246377,
    0.5049242424242424,
    0.4675559947299078,
    0.5012022397891963,
    0.500098814229249,
    0.49118906455862976,
    0.49832015810276675,
    0.495405138339921,
    0.45853096179183134,
    0.45505599472990776,
    0.5014328063241107,
    0.5202075098814228,
    0.5189723320158104,
    0.5161725955204216,
    0.5614130434782608,
    0.5238306982872201,
    0.48527667984189726,
    0.5158102766798419,
    0.5401679841897233,
    0.5284584980237155,
    0.5204216073781291,
    0.5740777338603426,
    0.5651185770750988,
    0.49878129117259556,
    0.4975955204216074,
    0.5532114624505928,
    0.5953886693017127,
    0.6005434782608695,
    0.6054183135704875,
    0.6363801054018445,
    0.6997200263504612,
    0.6848978919631094,
    0.7270915678524374,
    0.7349143610013176,
    0.762598814229249,
    0.7497200263504611,
    0.789937417654809,
    0.8048089591567852,
    0.8187252964426878,
    0.8357213438735178,
    0.8330698287220027,
    0.8348484848484848,
    0.874324769433465,
    0.8939888010540185,
    0.9033926218708828,
    0.8829874835309618,
    0.8106554677206852,
    0.7532608695652174,
    0.7434947299077734,
    0.7392786561264822,
    0.7484189723320158,
    0.7431653491436101,
    0.7581686429512516,
    0.7125823451910408,
    0.7259057971014492,
    0.7887187088274046,
    0.758498023715415,
    0.7389163372859024,
    0.6937417654808959
  ],
  "auc_S_inv": [
    0.5028985507246377,
    0.5049242424242424,
    0.4675559947299078,
    0.5012022397891963,
    0.500098814229249,
    0.49118906455862976,
    0.49832015810276675,
    0.495405138339921,
    0.45853096179183134,
    0.45505599472990776,
    0.5014328063241107,
    0.5202075098814228,
    0.5189723320158104,
    0.5161725955204216,
    0.5614130434782608,
    0.5238306982872201,
    0.48527667984189726,
    0.5158102766798419,
    0.5401679841897233,
    0.5284584980237155,
    0.5204216073781291,
    0.5740777338603426,
    0.5651185770750988,
    0.49878129117259556,
    0.4975955204216074,
    0.5532114624505928,
    0.5953886693017127,
    0.6005434782608695,
    0.6054183135704875,
    0.6363801054018445,
    0.6997200263504612,
    0.6848978919631094,
    0.7270915678524374,
    0.7349143610013176,
    0.762598814229249,
    0.7497200263504611,
    0.789937417654809,
    0.8048089591567852,
    0.8187252964426878,
    0.8357213438735178,
    0.8330698287220027,
    0.8348484848484848,
    0.874324769433465,
    0.8939888010540185,
    0.9033926218708828,
    0.8829874835309618,
    0.8106554677206852,
    0.7532608695652174,
    0.7434947299077734,
    0.7392786561264822,
    0.7484189723320158,
    0.7431653491436101,
    0.7581686429512516,
    0.7125823451910408,
    0.7259057971014492,
    0.7887187088274046,
    0.758498023715415,
    0.7389163372859024,
    0.6937417654808959
  ],
  "acc_R_macro": null,
  "auc_T": null,
  "latencies_ms": {
    "C": null,
    "S_raw": -119.99999918043613,
    "S_inv": -119.99999918043613,
    "T": null
  },
  "meta": {
    "align": "sacc",
    "orientation": "horizontal",
    "pt_min_ms": 200.0,
    "n_trials": 493,
    "n_bins": 59,
    "n_units": 83,
    "thr": 0.6,
    "k_bins": 5,
    "norm": "global",
    "baseline_win": null,
    "used_axes_mu_sd": false
  }
}