{
  "time": [
    -0.39000000059604645,
    -0.3799999952316284,
    -0.3700000047683716,
    -0.35999999940395355,
    -0.3499999940395355,
    -0.3400000035762787,
    -0.32999999821186066,
    -0.3199999928474426,
    -0.3100000023841858,
    -0.30000000447034836,
    -0.28999999910593033,
    -0.2800000011920929,
    -0.27000000327825546,
    -0.25999999791383743,
    -0.25,
    -0.24000000208616257,
    -0.23000000044703484,
    -0.2200000025331974,
    -0.21000000089406967,
    -0.19999999925494194,
    -0.1900000013411045,
    -0.17999999970197678,
    -0.16999999806284904,
    -0.1600000001490116,
    -0.14999999850988388,
    -0.13999999687075615,
    -0.12999999895691872,
    -0.11999999918043613,
    -0.10999999940395355,
    -0.09999999962747097,
    -0.08999999985098839,
    -0.0800000000745058,
    -0.07000000029802322,
    -0.06000000052154064,
    -0.049999999813735485,
    -0.0400000000372529,
    -0.03000000026077032,
    -0.020000000251457095,
    -0.010000000009313226,
    0.0,
    0.010000000009313226,
    0.020000000251457095,
    0.03000000026077032,
    0.0400000000372529,
    0.049999999813735485,
    0.06000000052154064,
    0.07000000029802322,
    0.0800000000745058,
    0.08999999985098839,
    0.09999999962747097,
    0.10999999940395355,
    0.11999999918043613,
    0.12999999895691872,
    0.13999999687075615,
    0.14999999850988388,
    0.1600000001490116,
    0.16999999806284904,
    0.17999999970197678,
    0.1900000013411045
  ],
  "auc_C": null,
  "auc_S_raw": [
    0.5492588932806324,
    0.48698122529644267,
    0.4736495388669302,
    0.4963603425559947,
    0.49784255599472993,
    0.5417737154150197,
    0.5361166007905138,
    0.493552371541502,
    0.4925230566534914,
    0.5007246376811594,
    0.5482542819499341,
    0.5111166007905139,
    0.47355895915678525,
    0.5029479578392622,
    0.5167160737812911,
    0.55116930171278,
    0.5335638998682477,
    0.5530550065876153,
    0.5709568511198946,
    0.5367259552042161,
    0.5251399868247695,
    0.5654397233201581,
    0.5905385375494071,
    0.5587615283267456,
    0.615431488801054,
    0.5809700263504611,
    0.5450592885375494,
    0.5805418313570488,
    0.5486577733860343,
    0.6062005928853754,
    0.642959486166008,
    0.6516469038208169,
    0.6575592885375494,
    0.6630105401844532,
    0.6659584980237153,
    0.7181900527009224,
    0.7822463768115941,
    0.828129117259552,
    0.8570981554677206,
    0.8321475625823451,
    0.8225790513833992,
    0.8375247035573122,
    0.792572463768116,
    0.7853425559947298,
    0.7694911067193675,
    0.70215744400527,
    0.6583745059288537,
    0.6099720026350461,
    0.6226613965744401,
    0.6501317523056653,
    0.6061841238471672,
    0.6047348484848485,
    0.6153656126482213,
    0.6431735836627142,
    0.5929924242424243,
    0.5676712779973649,
    0.6268115942028986,
    0.5824934123847167,
    0.5604001976284585
  ],
  "auc_S_inv": [
    0.5492588932806324,
    0.48698122529644267,
    0.4736495388669302,
    0.4963603425559947,
    0.49784255599472993,
    0.5417737154150197,
    0.5361166007905138,
    0.493552371541502,
    0.4925230566534914,
    0.5007246376811594,
    0.5482542819499341,
    0.5111166007905139,
    0.47355895915678525,
    0.5029479578392622,
    0.5167160737812911,
    0.55116930171278,
    0.5335638998682477,
    0.5530550065876153,
    0.5709568511198946,
    0.5367259552042161,
    0.5251399868247695,
    0.5654397233201581,
    0.5905385375494071,
    0.5587615283267456,
    0.615431488801054,
    0.5809700263504611,
    0.5450592885375494,
    0.5805418313570488,
    0.5486577733860343,
    0.6062005928853754,
    0.642959486166008,
    0.6516469038208169,
    0.6575592885375494,
    0.6630105401844532,
    0.6659584980237153,
    0.7181900527009224,
    0.7822463768115941,
    0.828129117259552,
    0.8570981554677206,
    0.8321475625823451,
    0.8225790513833992,
    0.8375247035573122,
    0.792572463768116,
    0.7853425559947298,
    0.7694911067193675,
    0.70215744400527,
    0.6583745059288537,
    0.6099720026350461,
    0.6226613965744401,
    0.6501317523056653,
    0.6061841238471672,
    0.6047348484848485,
    0.6153656126482213,
    0.6431735836627142,
    0.5929924242424243,
    0.5676712779973649,
    0.6268115942028986,
    0.5824934123847167,
    0.5604001976284585
  ],
  "acc_R_macro": null,
  "auc_T": null,
  "latencies_ms": {
    "C": null,
    "S_raw": -99.99999962747097,
    "S_inv": -99.99999962747097,
    "T": null
  },
  "meta": {
    "align": "sacc",
    "orientation": "horizontal",
    "pt_min_ms": 200.0,
    "n_trials": 493,
    "n_bins": 59,
    "n_units": 66,
    "thr": 0.6,
    "k_bins": 5,
    "norm": "global",
    "baseline_win": null,
    "used_axes_mu_sd": false
  }
}