{
  "time": [
    -0.39000000059604645,
    -0.3799999952316284,
    -0.3700000047683716,
    -0.35999999940395355,
    -0.3499999940395355,
    -0.3400000035762787,
    -0.32999999821186066,
    -0.3199999928474426,
    -0.3100000023841858,
    -0.30000000447034836,
    -0.28999999910593033,
    -0.2800000011920929,
    -0.27000000327825546,
    -0.25999999791383743,
    -0.25,
    -0.24000000208616257,
    -0.23000000044703484,
    -0.2200000025331974,
    -0.21000000089406967,
    -0.19999999925494194,
    -0.1900000013411045,
    -0.17999999970197678,
    -0.16999999806284904,
    -0.1600000001490116,
    -0.14999999850988388,
    -0.13999999687075615,
    -0.12999999895691872,
    -0.11999999918043613,
    -0.10999999940395355,
    -0.09999999962747097,
    -0.08999999985098839,
    -0.0800000000745058,
    -0.07000000029802322,
    -0.06000000052154064,
    -0.049999999813735485,
    -0.0400000000372529,
    -0.03000000026077032,
    -0.020000000251457095,
    -0.010000000009313226,
    0.0,
    0.010000000009313226,
    0.020000000251457095,
    0.03000000026077032,
    0.0400000000372529,
    0.049999999813735485,
    0.06000000052154064,
    0.07000000029802322,
    0.0800000000745058,
    0.08999999985098839,
    0.09999999962747097,
    0.10999999940395355,
    0.11999999918043613,
    0.12999999895691872,
    0.13999999687075615,
    0.14999999850988388,
    0.1600000001490116,
    0.16999999806284904,
    0.17999999970197678,
    0.1900000013411045,
    0.19999999925494194,
    0.21000000089406967,
    0.2200000025331974,
    0.23000000044703484,
    0.24000000208616257,
    0.25,
    0.25999999791383743,
    0.27000000327825546,
    0.2800000011920929,
    0.28999999910593033
  ],
  "auc_C": null,
  "auc_S_raw": [
    0.48187988218721983,
    0.5538481239595338,
    0.4935757886199683,
    0.45759166773381144,
    0.49212447176334995,
    0.49622230759380204,
    0.4778247321466683,
    0.45114611345882955,
    0.45485977718017667,
    0.4695010031160627,
    0.518418918342084,
    0.5496649165492807,
    0.5414692448883767,
    0.5116745635377983,
    0.5031800913475903,
    0.5328894011183676,
    0.5545310965979425,
    0.554488410808042,
    0.5253340163059717,
    0.56063516455372,
    0.5655867161821828,
    0.5059973534810261,
    0.53463951850429,
    0.56456225722457,
    0.53621889273061,
    0.5819780595039911,
    0.5964485422802749,
    0.5349383190335937,
    0.5679771204166133,
    0.6169804072224356,
    0.6724719340931403,
    0.6594100823835745,
    0.6798992615358347,
    0.7229692235454817,
    0.7149016092542793,
    0.7461049216715755,
    0.7560933965083023,
    0.795833866905707,
    0.8280616382806164,
    0.8326717035898749,
    0.8272506082725061,
    0.8135911555043326,
    0.803389251718103,
    0.8009134759038715,
    0.7771801767191702,
    0.7431596021684381,
    0.7361164468348488,
    0.7694113629572714,
    0.7359883894651471,
    0.7128526913390532,
    0.6928757416655995,
    0.7216459640585648,
    0.6847654415844964,
    0.7312075809962864,
    0.7241644256626968,
    0.6521534981004823,
    0.6477995475306271,
    0.6813932641823536,
    0.6284201989157809,
    0.5846672642677252,
    0.6357621547786741,
    0.6740513083194605,
    0.6390062748111154,
    0.5547872113373458,
    0.5692150083237291,
    0.638024501643403,
    0.5596960771759081,
    0.617236521961839,
    0.6669654671959706
  ],
  "auc_S_inv": [
    0.48187988218721983,
    0.5538481239595338,
    0.4935757886199683,
    0.45759166773381144,
    0.49212447176334995,
    0.49622230759380204,
    0.4778247321466683,
    0.45114611345882955,
    0.45485977718017667,
    0.4695010031160627,
    0.518418918342084,
    0.5496649165492807,
    0.5414692448883767,
    0.5116745635377983,
    0.5031800913475903,
    0.5328894011183676,
    0.5545310965979425,
    0.554488410808042,
    0.5253340163059717,
    0.56063516455372,
    0.5655867161821828,
    0.5059973534810261,
    0.53463951850429,
    0.56456225722457,
    0.53621889273061,
    0.5819780595039911,
    0.5964485422802749,
    0.5349383190335937,
    0.5679771204166133,
    0.6169804072224356,
    0.6724719340931403,
    0.6594100823835745,
    0.6798992615358347,
    0.7229692235454817,
    0.7149016092542793,
    0.7461049216715755,
    0.7560933965083023,
    0.795833866905707,
    0.8280616382806164,
    0.8326717035898749,
    0.8272506082725061,
    0.8135911555043326,
    0.803389251718103,
    0.8009134759038715,
    0.7771801767191702,
    0.7431596021684381,
    0.7361164468348488,
    0.7694113629572714,
    0.7359883894651471,
    0.7128526913390532,
    0.6928757416655995,
    0.7216459640585648,
    0.6847654415844964,
    0.7312075809962864,
    0.7241644256626968,
    0.6521534981004823,
    0.6477995475306271,
    0.6813932641823536,
    0.6284201989157809,
    0.5846672642677252,
    0.6357621547786741,
    0.6740513083194605,
    0.6390062748111154,
    0.5547872113373458,
    0.5692150083237291,
    0.638024501643403,
    0.5596960771759081,
    0.617236521961839,
    0.6669654671959706
  ],
  "acc_R_macro": null,
  "auc_T": null,
  "latencies_ms": {
    "C": null,
    "S_raw": -99.99999962747097,
    "S_inv": -99.99999962747097,
    "T": null
  },
  "meta": {
    "align": "sacc",
    "orientation": "horizontal",
    "pt_min_ms": 200.0,
    "n_trials": 308,
    "n_bins": 69,
    "n_units": 61,
    "thr": 0.6,
    "k_bins": 5,
    "norm": "global",
    "baseline_win": null,
    "used_axes_mu_sd": false
  }
}