{
  "time": [
    -0.39000000059604645,
    -0.3799999952316284,
    -0.3700000047683716,
    -0.35999999940395355,
    -0.3499999940395355,
    -0.3400000035762787,
    -0.32999999821186066,
    -0.3199999928474426,
    -0.3100000023841858,
    -0.30000000447034836,
    -0.28999999910593033,
    -0.2800000011920929,
    -0.27000000327825546,
    -0.25999999791383743,
    -0.25,
    -0.24000000208616257,
    -0.23000000044703484,
    -0.2200000025331974,
    -0.21000000089406967,
    -0.19999999925494194,
    -0.1900000013411045,
    -0.17999999970197678,
    -0.16999999806284904,
    -0.1600000001490116,
    -0.14999999850988388,
    -0.13999999687075615,
    -0.12999999895691872,
    -0.11999999918043613,
    -0.10999999940395355,
    -0.09999999962747097,
    -0.08999999985098839,
    -0.0800000000745058,
    -0.07000000029802322,
    -0.06000000052154064,
    -0.049999999813735485,
    -0.0400000000372529,
    -0.03000000026077032,
    -0.020000000251457095,
    -0.010000000009313226,
    0.0,
    0.010000000009313226,
    0.020000000251457095,
    0.03000000026077032,
    0.0400000000372529,
    0.049999999813735485,
    0.06000000052154064,
    0.07000000029802322,
    0.0800000000745058,
    0.08999999985098839,
    0.09999999962747097,
    0.10999999940395355,
    0.11999999918043613,
    0.12999999895691872,
    0.13999999687075615,
    0.14999999850988388,
    0.1600000001490116,
    0.16999999806284904,
    0.17999999970197678,
    0.1900000013411045,
    0.19999999925494194,
    0.21000000089406967,
    0.2200000025331974,
    0.23000000044703484,
    0.24000000208616257,
    0.25,
    0.25999999791383743,
    0.27000000327825546,
    0.2800000011920929,
    0.28999999910593033
  ],
  "auc_C": null,
  "auc_S_raw": [
    0.5034362060869936,
    0.5048234942587613,
    0.47509284159303367,
    0.5109275622145388,
    0.5212575233704699,
    0.48962735305416827,
    0.47709907371835925,
    0.4743031544798736,
    0.48698083408033466,
    0.4963503649635036,
    0.4875570922439919,
    0.5415973022580782,
    0.5552994408161522,
    0.5556836129252571,
    0.5533145515857771,
    0.5346608613992402,
    0.5475519699492039,
    0.5145345114611346,
    0.47908396294873434,
    0.5664190890852434,
    0.5544030392282409,
    0.5196568062491996,
    0.5175865454390233,
    0.5409143296196697,
    0.5862679813889955,
    0.5999274341571691,
    0.5389080974943441,
    0.5799718273786656,
    0.6096384513595423,
    0.6588765100098175,
    0.608742049771631,
    0.5907926751184531,
    0.6315362615785205,
    0.622444188329705,
    0.5593119050668032,
    0.5227942118068895,
    0.5715200409783583,
    0.5240320997140052,
    0.49733213813121613,
    0.5054210953173688,
    0.5326546292739147,
    0.5183122038673326,
    0.4985273402484312,
    0.5029666623980876,
    0.573782387843087,
    0.5089426729841636,
    0.48405685747214744,
    0.5272548768514962,
    0.5315661416314508,
    0.514875997780339,
    0.5253980449908225,
    0.516775515430913,
    0.4847184872156059,
    0.49500576258163653,
    0.48503863063985997,
    0.524096128398856,
    0.5351517479830964,
    0.5053784095274683,
    0.5521193494685619,
    0.5536773807999318,
    0.5140222819823281,
    0.4638451359542408,
    0.5339138600759807,
    0.5173517735945704,
    0.501814146070773,
    0.5184616041319845,
    0.5078328424467494,
    0.49142015622999097,
    0.4859136893328211
  ],
  "auc_S_inv": [
    0.5034362060869936,
    0.5048234942587613,
    0.47509284159303367,
    0.5109275622145388,
    0.5212575233704699,
    0.48962735305416827,
    0.47709907371835925,
    0.4743031544798736,
    0.48698083408033466,
    0.4963503649635036,
    0.4875570922439919,
    0.5415973022580782,
    0.5552994408161522,
    0.5556836129252571,
    0.5533145515857771,
    0.5346608613992402,
    0.5475519699492039,
    0.5145345114611346,
    0.47908396294873434,
    0.5664190890852434,
    0.5544030392282409,
    0.5196568062491996,
    0.5175865454390233,
    0.5409143296196697,
    0.5862679813889955,
    0.5999274341571691,
    0.5389080974943441,
    0.5799718273786656,
    0.6096384513595423,
    0.6588765100098175,
    0.608742049771631,
    0.5907926751184531,
    0.6315362615785205,
    0.622444188329705,
    0.5593119050668032,
    0.5227942118068895,
    0.5715200409783583,
    0.5240320997140052,
    0.49733213813121613,
    0.5054210953173688,
    0.5326546292739147,
    0.5183122038673326,
    0.4985273402484312,
    0.5029666623980876,
    0.573782387843087,
    0.5089426729841636,
    0.48405685747214744,
    0.5272548768514962,
    0.5315661416314508,
    0.514875997780339,
    0.5253980449908225,
    0.516775515430913,
    0.4847184872156059,
    0.49500576258163653,
    0.48503863063985997,
    0.524096128398856,
    0.5351517479830964,
    0.5053784095274683,
    0.5521193494685619,
    0.5536773807999318,
    0.5140222819823281,
    0.4638451359542408,
    0.5339138600759807,
    0.5173517735945704,
    0.501814146070773,
    0.5184616041319845,
    0.5078328424467494,
    0.49142015622999097,
    0.4859136893328211
  ],
  "acc_R_macro": null,
  "auc_T": null,
  "latencies_ms": {
    "C": null,
    "S_raw": null,
    "S_inv": null,
    "T": null
  },
  "meta": {
    "align": "sacc",
    "orientation": "horizontal",
    "pt_min_ms": 200.0,
    "n_trials": 308,
    "n_bins": 69,
    "n_units": 31,
    "thr": 0.6,
    "k_bins": 5,
    "norm": "global",
    "baseline_win": null,
    "used_axes_mu_sd": false
  }
}