{
  "time": [
    -0.39000000059604645,
    -0.3799999952316284,
    -0.3700000047683716,
    -0.35999999940395355,
    -0.3499999940395355,
    -0.3400000035762787,
    -0.32999999821186066,
    -0.3199999928474426,
    -0.3100000023841858,
    -0.30000000447034836,
    -0.28999999910593033,
    -0.2800000011920929,
    -0.27000000327825546,
    -0.25999999791383743,
    -0.25,
    -0.24000000208616257,
    -0.23000000044703484,
    -0.2200000025331974,
    -0.21000000089406967,
    -0.19999999925494194,
    -0.1900000013411045,
    -0.17999999970197678,
    -0.16999999806284904,
    -0.1600000001490116,
    -0.14999999850988388,
    -0.13999999687075615,
    -0.12999999895691872,
    -0.11999999918043613,
    -0.10999999940395355,
    -0.09999999962747097,
    -0.08999999985098839,
    -0.0800000000745058,
    -0.07000000029802322,
    -0.06000000052154064,
    -0.049999999813735485,
    -0.0400000000372529,
    -0.03000000026077032,
    -0.020000000251457095,
    -0.010000000009313226,
    0.0,
    0.010000000009313226,
    0.020000000251457095,
    0.03000000026077032,
    0.0400000000372529,
    0.049999999813735485,
    0.06000000052154064,
    0.07000000029802322,
    0.0800000000745058,
    0.08999999985098839,
    0.09999999962747097,
    0.10999999940395355,
    0.11999999918043613,
    0.12999999895691872,
    0.13999999687075615,
    0.14999999850988388,
    0.1600000001490116,
    0.16999999806284904,
    0.17999999970197678,
    0.1900000013411045,
    0.19999999925494194,
    0.21000000089406967,
    0.2200000025331974,
    0.23000000044703484,
    0.24000000208616257,
    0.25,
    0.25999999791383743,
    0.27000000327825546,
    0.2800000011920929,
    0.28999999910593033
  ],
  "auc_C": null,
  "auc_S_raw": [
    0.5151291633884081,
    0.49519735116706004,
    0.4917551796485707,
    0.5200957251507999,
    0.5009015211119854,
    0.5156864673485444,
    0.46893849986886965,
    0.5018686073957515,
    0.5419289273537897,
    0.4686762391817466,
    0.47426567007605563,
    0.4857067925517965,
    0.4743640178337268,
    0.5008031733543141,
    0.49383687385260944,
    0.49480396013637556,
    0.5188991607658012,
    0.4968036978756884,
    0.4995410437975347,
    0.4862804878048781,
    0.4748885392079727,
    0.47996984002098086,
    0.5129491214266981,
    0.548862444269604,
    0.5333398898505114,
    0.5575826121164438,
    0.5895784159454498,
    0.5643030422239705,
    0.5658438237608182,
    0.550255704169945,
    0.589250590086546,
    0.6082317073170731,
    0.6484395489116181,
    0.6116247049567269,
    0.5938401521111984,
    0.6927124311565696,
    0.7461808287437712,
    0.7354609231576187,
    0.7246754523996852,
    0.6497016784683975,
    0.6468987673747705,
    0.6267046944662995,
    0.649390243902439,
    0.6234592184631523,
    0.6146407028586416,
    0.6482428533962759,
    0.5925288486755835,
    0.5619918699186992,
    0.5560910044584317,
    0.5753999475478626,
    0.5495180959874114,
    0.4953120902176764,
    0.47505245213742453,
    0.47498688696564384,
    0.5263408077629163,
    0.607166273275636,
    0.5641227380015735,
    0.4981150013113035,
    0.5145062942564909,
    0.47421649619722006,
    0.4844610542879622,
    0.44961316548649355,
    0.47438040912667195,
    0.5012457382638342,
    0.4803796223446105,
    0.45759572515079994,
    0.43130409126671915,
    0.49105035405192754,
    0.5096380802517703
  ],
  "auc_S_inv": [
    0.5151291633884081,
    0.49519735116706004,
    0.4917551796485707,
    0.5200957251507999,
    0.5009015211119854,
    0.5156864673485444,
    0.46893849986886965,
    0.5018686073957515,
    0.5419289273537897,
    0.4686762391817466,
    0.47426567007605563,
    0.4857067925517965,
    0.4743640178337268,
    0.5008031733543141,
    0.49383687385260944,
    0.49480396013637556,
    0.5188991607658012,
    0.4968036978756884,
    0.4995410437975347,
    0.4862804878048781,
    0.4748885392079727,
    0.47996984002098086,
    0.5129491214266981,
    0.548862444269604,
    0.5333398898505114,
    0.5575826121164438,
    0.5895784159454498,
    0.5643030422239705,
    0.5658438237608182,
    0.550255704169945,
    0.589250590086546,
    0.6082317073170731,
    0.6484395489116181,
    0.6116247049567269,
    0.5938401521111984,
    0.6927124311565696,
    0.7461808287437712,
    0.7354609231576187,
    0.7246754523996852,
    0.6497016784683975,
    0.6468987673747705,
    0.6267046944662995,
    0.649390243902439,
    0.6234592184631523,
    0.6146407028586416,
    0.6482428533962759,
    0.5925288486755835,
    0.5619918699186992,
    0.5560910044584317,
    0.5753999475478626,
    0.5495180959874114,
    0.4953120902176764,
    0.47505245213742453,
    0.47498688696564384,
    0.5263408077629163,
    0.607166273275636,
    0.5641227380015735,
    0.4981150013113035,
    0.5145062942564909,
    0.47421649619722006,
    0.4844610542879622,
    0.44961316548649355,
    0.47438040912667195,
    0.5012457382638342,
    0.4803796223446105,
    0.45759572515079994,
    0.43130409126671915,
    0.49105035405192754,
    0.5096380802517703
  ],
  "acc_R_macro": null,
  "auc_T": null,
  "latencies_ms": {
    "C": null,
    "S_raw": -40.0000000372529,
    "S_inv": -40.0000000372529,
    "T": null
  },
  "meta": {
    "align": "sacc",
    "orientation": "horizontal",
    "pt_min_ms": 200.0,
    "n_trials": 350,
    "n_bins": 69,
    "n_units": 27,
    "thr": 0.6,
    "k_bins": 5,
    "norm": "global",
    "baseline_win": null,
    "used_axes_mu_sd": false
  }
}