{
  "time": [
    -0.39000000059604645,
    -0.3799999952316284,
    -0.3700000047683716,
    -0.35999999940395355,
    -0.3499999940395355,
    -0.3400000035762787,
    -0.32999999821186066,
    -0.3199999928474426,
    -0.3100000023841858,
    -0.30000000447034836,
    -0.28999999910593033,
    -0.2800000011920929,
    -0.27000000327825546,
    -0.25999999791383743,
    -0.25,
    -0.24000000208616257,
    -0.23000000044703484,
    -0.2200000025331974,
    -0.21000000089406967,
    -0.19999999925494194,
    -0.1900000013411045,
    -0.17999999970197678,
    -0.16999999806284904,
    -0.1600000001490116,
    -0.14999999850988388,
    -0.13999999687075615,
    -0.12999999895691872,
    -0.11999999918043613,
    -0.10999999940395355,
    -0.09999999962747097,
    -0.08999999985098839,
    -0.0800000000745058,
    -0.07000000029802322,
    -0.06000000052154064,
    -0.049999999813735485,
    -0.0400000000372529,
    -0.03000000026077032,
    -0.020000000251457095,
    -0.010000000009313226,
    0.0,
    0.010000000009313226,
    0.020000000251457095,
    0.03000000026077032,
    0.0400000000372529,
    0.049999999813735485,
    0.06000000052154064,
    0.07000000029802322,
    0.0800000000745058,
    0.08999999985098839,
    0.09999999962747097,
    0.10999999940395355,
    0.11999999918043613,
    0.12999999895691872,
    0.13999999687075615,
    0.14999999850988388,
    0.1600000001490116,
    0.16999999806284904,
    0.17999999970197678,
    0.1900000013411045,
    0.19999999925494194,
    0.21000000089406967,
    0.2200000025331974,
    0.23000000044703484,
    0.24000000208616257,
    0.25,
    0.25999999791383743,
    0.27000000327825546,
    0.2800000011920929,
    0.28999999910593033
  ],
  "auc_C": null,
  "auc_S_raw": [
    0.53937764118325,
    0.5230716694412431,
    0.5042472360951039,
    0.5160071712127033,
    0.5073846416527937,
    0.5127843940752124,
    0.4575062961540103,
    0.49178298544414556,
    0.535749349041704,
    0.47129380629188544,
    0.4851880309045119,
    0.4893498954198148,
    0.4795961924275409,
    0.5092841593033679,
    0.5134246809237205,
    0.5200623212532548,
    0.5169676014854655,
    0.5115678490630469,
    0.503308148717292,
    0.4803858795407009,
    0.4633542493703846,
    0.4770563879284586,
    0.5345541469244889,
    0.5630042258932002,
    0.5134246809237205,
    0.5386092969650403,
    0.5856063516455372,
    0.5833653476757588,
    0.6047936142058308,
    0.5453963375592266,
    0.5701540957015409,
    0.6068211892261066,
    0.6613522858240491,
    0.6418235369445512,
    0.621419729372092,
    0.7208135911555044,
    0.7576514278396721,
    0.7439492892815982,
    0.7226277372262775,
    0.6429547103769155,
    0.6245998207196823,
    0.6362957271524309,
    0.670316301703163,
    0.6099585947837965,
    0.6257309941520467,
    0.6681606693131857,
    0.6184744098689545,
    0.6005890639006275,
    0.6141204592990993,
    0.5968327143893798,
    0.5596533913860076,
    0.5406582148802663,
    0.4836086566781918,
    0.4654458530755112,
    0.5422375891065864,
    0.6063943313271012,
    0.5307977974132412,
    0.4949203910018355,
    0.515196141204593,
    0.4681137149442951,
    0.49129209886028935,
    0.44986553976181326,
    0.4661928543987707,
    0.5115251632731463,
    0.49013958253297474,
    0.47490075553848127,
    0.44344132838178163,
    0.4817731677124685,
    0.5184616041319845
  ],
  "auc_S_inv": [
    0.53937764118325,
    0.5230716694412431,
    0.5042472360951039,
    0.5160071712127033,
    0.5073846416527937,
    0.5127843940752124,
    0.4575062961540103,
    0.49178298544414556,
    0.535749349041704,
    0.47129380629188544,
    0.4851880309045119,
    0.4893498954198148,
    0.4795961924275409,
    0.5092841593033679,
    0.5134246809237205,
    0.5200623212532548,
    0.5169676014854655,
    0.5115678490630469,
    0.503308148717292,
    0.4803858795407009,
    0.4633542493703846,
    0.4770563879284586,
    0.5345541469244889,
    0.5630042258932002,
    0.5134246809237205,
    0.5386092969650403,
    0.5856063516455372,
    0.5833653476757588,
    0.6047936142058308,
    0.5453963375592266,
    0.5701540957015409,
    0.6068211892261066,
    0.6613522858240491,
    0.6418235369445512,
    0.621419729372092,
    0.7208135911555044,
    0.7576514278396721,
    0.7439492892815982,
    0.7226277372262775,
    0.6429547103769155,
    0.6245998207196823,
    0.6362957271524309,
    0.670316301703163,
    0.6099585947837965,
    0.6257309941520467,
    0.6681606693131857,
    0.6184744098689545,
    0.6005890639006275,
    0.6141204592990993,
    0.5968327143893798,
    0.5596533913860076,
    0.5406582148802663,
    0.4836086566781918,
    0.4654458530755112,
    0.5422375891065864,
    0.6063943313271012,
    0.5307977974132412,
    0.4949203910018355,
    0.515196141204593,
    0.4681137149442951,
    0.49129209886028935,
    0.44986553976181326,
    0.4661928543987707,
    0.5115251632731463,
    0.49013958253297474,
    0.47490075553848127,
    0.44344132838178163,
    0.4817731677124685,
    0.5184616041319845
  ],
  "acc_R_macro": null,
  "auc_T": null,
  "latencies_ms": {
    "C": null,
    "S_raw": -80.0000000745058,
    "S_inv": -80.0000000745058,
    "T": null
  },
  "meta": {
    "align": "sacc",
    "orientation": "horizontal",
    "pt_min_ms": 200.0,
    "n_trials": 308,
    "n_bins": 69,
    "n_units": 27,
    "thr": 0.6,
    "k_bins": 5,
    "norm": "global",
    "baseline_win": null,
    "used_axes_mu_sd": false
  }
}