{
  "sid": "20230710",
  "monkey": "S",
  "orientation": "vertical",
  "area": "SFEF",
  "axes_tag": "axes_peakbin_saccCS-sacc-vertical-20mssw",
  "window_centers_ms": [
    -350.0,
    -329.99999999999994,
    -309.99999999999994,
    -289.99999999999994,
    -269.9999999999999,
    -249.99999999999991,
    -229.99999999999991,
    -209.99999999999994,
    -189.99999999999994,
    -169.99999999999994,
    -149.99999999999997,
    -129.99999999999997,
    -109.99999999999997,
    -89.99999999999997,
    -69.99999999999997,
    -49.999999999999964,
    -29.99999999999996,
    -9.999999999999961,
    10.00000000000004,
    30.00000000000004,
    50.00000000000004,
    70.00000000000004,
    90.00000000000006,
    110.00000000000006,
    130.00000000000006,
    150.00000000000006,
    170.00000000000003,
    190.00000000000003
  ],
  "alignments": [
    0.03687681923478114,
    0.14950146125383812,
    0.017171763400801496,
    0.042098944162737024,
    0.043369828934381675,
    0.06312953509934448,
    0.062012696128212405,
    0.2844480910188502,
    0.29509932930968147,
    0.12033570689100034,
    0.10179647899095658,
    0.05606198810181779,
    0.09957306009956397,
    0.13769739475816967,
    0.11864133633196564,
    0.061242962557778426,
    0.20259805463156355,
    0.11185265474863683,
    0.11753833565110196,
    0.1780116937114678,
    0.14062262259753977,
    0.05142290055453487,
    0.08587591327334297,
    0.10079392619060869,
    0.08624761097195965,
    0.1104342155337668,
    0.024315625748843685,
    0.03948646262031161
  ],
  "alignment_mean": 0.10493776473241279,
  "alignment_std": 0.0683050187921009,
  "alignment_max": 0.29509932930968147,
  "alignment_min": 0.017171763400801496,
  "peak_time_ms": -189.99999999999994,
  "n_trials": 413,
  "rt_mean_ms": 313.2802663438321,
  "rt_std_ms": 50.60494622201582,
  "null_mean": 0.10559762746506184,
  "null_std": 0.0730967587554227,
  "null_median": 0.09440586513046012,
  "D_eff": 4.360432147979736,
  "expected_cos": 0.3820984661579132,
  "manifold_dim": 65,
  "window_length_ms": 50.0,
  "step_ms": 20.0,
  "time_range_ms": [
    -350.0,
    200.0
  ],
  "pt_min_ms": 200.0,
  "winS_selected": [
    -0.02000000000000002,
    0.02999999999999998
  ]
}