{
  "sid": "20201204",
  "monkey": "M",
  "orientation": "vertical",
  "area": "MFEF",
  "axes_tag": "axes_peakbin_saccCS-sacc-vertical-20mssw",
  "window_centers_ms": [
    -300.0,
    -279.99999999999994,
    -259.99999999999994,
    -239.99999999999997,
    -219.99999999999997,
    -199.99999999999997,
    -180.0,
    -160.0,
    -140.0,
    -120.00000000000001,
    -100.0,
    -80.0,
    -60.0,
    -39.99999999999999,
    -19.999999999999993,
    6.938893903907228e-15,
    20.000000000000007,
    40.00000000000001,
    60.000000000000014,
    80.00000000000001
  ],
  "alignments": [
    0.14827326927678863,
    0.051976174524373316,
    0.11341866787043843,
    0.11326537166175019,
    0.07219685080494895,
    0.051702893700030644,
    0.07695168558544559,
    0.20329606128221536,
    0.11847556625236852,
    0.20844650363310244,
    0.22302860956642725,
    0.20910808917819354,
    0.12747563774574502,
    0.07718649775485706,
    0.029012587031597002,
    0.017730548932876053,
    0.013029383605730598,
    0.05806114699716508,
    0.08148440377572723,
    0.029739434393878512
  ],
  "alignment_mean": 0.10119296917868296,
  "alignment_std": 0.0656119907627485,
  "alignment_max": 0.22302860956642725,
  "alignment_min": 0.013029383605730598,
  "peak_time_ms": -100.0,
  "n_trials": 229,
  "rt_mean_ms": 248.13635371174985,
  "rt_std_ms": 39.40464821850748,
  "window_length_ms": 50.0,
  "step_ms": 20.0,
  "time_range_ms": [
    -300.0,
    100.0
  ],
  "pt_min_ms": 200.0,
  "winS_selected": [
    -0.02000000000000002,
    0.02999999999999998
  ]
}