{
  "sid": "20200402",
  "monkey": "M",
  "orientation": "vertical",
  "area": "MLIP",
  "axes_tag": "axes_peakbin_saccCS-sacc-vertical-20mssw",
  "window_centers_ms": [
    -350.0,
    -329.99999999999994,
    -309.99999999999994,
    -289.99999999999994,
    -269.9999999999999,
    -249.99999999999991,
    -229.99999999999991,
    -209.99999999999994,
    -189.99999999999994,
    -169.99999999999994,
    -149.99999999999997,
    -129.99999999999997,
    -109.99999999999997,
    -89.99999999999997,
    -69.99999999999997,
    -49.999999999999964,
    -29.99999999999996,
    -9.999999999999961,
    10.00000000000004,
    30.00000000000004,
    50.00000000000004,
    70.00000000000004,
    90.00000000000006,
    110.00000000000006,
    130.00000000000006,
    150.00000000000006,
    170.00000000000003,
    190.00000000000003
  ],
  "alignments": [
    0.05846690804229811,
    0.12058752498042453,
    0.058058259347621974,
    0.020435549542476318,
    0.12442655764269551,
    0.030398431470321403,
    0.1373752686425831,
    0.22372715134580354,
    0.2421228565208846,
    0.19641139219993287,
    0.18800839322685828,
    0.16552530654750505,
    0.06400980100942288,
    0.016306623807298554,
    0.039022103072301965,
    0.03558149761624475,
    0.06354665064163212,
    0.04492675547735038,
    0.00978494859194021,
    0.13970565421027584,
    0.02032405878722597,
    0.0028472831348358182,
    0.12838305490254265,
    0.043456889181758857,
    0.025381037786174857,
    0.0199178518149231,
    0.026290566670468293,
    0.02714726715231799
  ],
  "alignment_mean": 0.08114913012021854,
  "alignment_std": 0.0698785838803827,
  "alignment_max": 0.2421228565208846,
  "alignment_min": 0.0028472831348358182,
  "peak_time_ms": -189.99999999999994,
  "n_trials": 217,
  "rt_mean_ms": 262.8472350230391,
  "rt_std_ms": 41.100038449575194,
  "null_mean": 0.1345978009090685,
  "null_std": 0.08215272390387575,
  "null_median": 0.12895146404960664,
  "D_eff": 5.779951095581055,
  "expected_cos": 0.33187761902809143,
  "manifold_dim": 85,
  "window_length_ms": 50.0,
  "step_ms": 20.0,
  "time_range_ms": [
    -350.0,
    200.0
  ],
  "pt_min_ms": 200.0,
  "winS_selected": [
    -2.0816681711721685e-17,
    0.04999999999999998
  ]
}