{
  "sid": "20231103",
  "monkey": "S",
  "orientation": "vertical",
  "area": "SLIP",
  "axes_tag": "axes_peakbin_saccCS-sacc-vertical-20mssw",
  "window_centers_ms": [
    -350.0,
    -329.99999999999994,
    -309.99999999999994,
    -289.99999999999994,
    -269.9999999999999,
    -249.99999999999991,
    -229.99999999999991,
    -209.99999999999994,
    -189.99999999999994,
    -169.99999999999994,
    -149.99999999999997,
    -129.99999999999997,
    -109.99999999999997,
    -89.99999999999997,
    -69.99999999999997,
    -49.999999999999964,
    -29.99999999999996,
    -9.999999999999961,
    10.00000000000004,
    30.00000000000004,
    50.00000000000004,
    70.00000000000004,
    90.00000000000006,
    110.00000000000006,
    130.00000000000006,
    150.00000000000006,
    170.00000000000003,
    190.00000000000003
  ],
  "alignments": [
    0.16590280257278323,
    0.17466862654859203,
    0.0309623791392245,
    0.12491284569312237,
    0.17755031515724146,
    0.060443171583653345,
    0.06937810151939533,
    0.10430526626016431,
    0.03437088067998518,
    0.032782130864832254,
    0.049273508277232286,
    0.20543301166015163,
    0.19732048486537873,
    0.034597086266113186,
    0.25870121730572465,
    0.20027942246373764,
    0.25045832327113504,
    0.11483992286571142,
    0.2752794841073254,
    0.3898026674998202,
    0.45514873419730606,
    0.644562421606031,
    0.396048464016038,
    0.02725018720599324,
    0.0847055708169447,
    0.007715673164645346,
    0.15082898830085126,
    0.0569057909877467
  ],
  "alignment_mean": 0.17051526710346002,
  "alignment_std": 0.14910354291806494,
  "alignment_max": 0.644562421606031,
  "alignment_min": 0.007715673164645346,
  "peak_time_ms": 70.00000000000004,
  "n_trials": 62,
  "rt_mean_ms": 270.17862903225097,
  "rt_std_ms": 42.59148096681076,
  "null_mean": 0.1362703245361219,
  "null_std": 0.09370606764115699,
  "null_median": 0.1244961751586908,
  "D_eff": 7.305946350097656,
  "expected_cos": 0.29519012570381165,
  "manifold_dim": 27,
  "window_length_ms": 50.0,
  "step_ms": 20.0,
  "time_range_ms": [
    -350.0,
    200.0
  ],
  "pt_min_ms": 200.0,
  "winS_selected": [
    -2.0816681711721685e-17,
    0.04999999999999998
  ]
}