{
  "sid": "20201204",
  "monkey": "M",
  "orientation": "vertical",
  "area": "MLIP",
  "axes_tag": "axes_peakbin_saccCS-sacc-vertical-20mssw",
  "window_centers_ms": [
    -300.0,
    -279.99999999999994,
    -259.99999999999994,
    -239.99999999999997,
    -219.99999999999997,
    -199.99999999999997,
    -180.0,
    -160.0,
    -140.0,
    -120.00000000000001,
    -100.0,
    -80.0,
    -60.0,
    -39.99999999999999,
    -19.999999999999993,
    6.938893903907228e-15,
    20.000000000000007,
    40.00000000000001,
    60.000000000000014,
    80.00000000000001
  ],
  "alignments": [
    0.01954495975160293,
    0.07849287986654488,
    0.17045822900120797,
    0.27208462505175074,
    0.20825036199417604,
    0.2006354142352298,
    0.11139084004100942,
    0.023653371031095022,
    0.17134707143136182,
    0.14466245157901034,
    0.0975044904937516,
    0.09191525013066575,
    0.15423128950443382,
    0.10485490474784716,
    0.09256908656820008,
    0.14314618884824953,
    0.0003841852401461233,
    0.03950752429345343,
    0.03648208291946195,
    0.10674925710050527
  ],
  "alignment_mean": 0.11339322319148519,
  "alignment_std": 0.06907624090518459,
  "alignment_max": 0.27208462505175074,
  "alignment_min": 0.0003841852401461233,
  "peak_time_ms": -239.99999999999997,
  "n_trials": 229,
  "rt_mean_ms": 248.13635371174985,
  "rt_std_ms": 39.40464821850748,
  "window_length_ms": 50.0,
  "step_ms": 20.0,
  "time_range_ms": [
    -300.0,
    100.0
  ],
  "pt_min_ms": 200.0,
  "winS_selected": [
    -2.0816681711721685e-17,
    0.04999999999999998
  ]
}