{
  "sid": "20201216",
  "monkey": "M",
  "orientation": "vertical",
  "area": "MLIP",
  "axes_tag": "axes_peakbin_saccCS-sacc-vertical-20mssw",
  "window_centers_ms": [
    -350.0,
    -329.99999999999994,
    -309.99999999999994,
    -289.99999999999994,
    -269.9999999999999,
    -249.99999999999991,
    -229.99999999999991,
    -209.99999999999994,
    -189.99999999999994,
    -169.99999999999994,
    -149.99999999999997,
    -129.99999999999997,
    -109.99999999999997,
    -89.99999999999997,
    -69.99999999999997,
    -49.999999999999964,
    -29.99999999999996,
    -9.999999999999961,
    10.00000000000004,
    30.00000000000004,
    50.00000000000004,
    70.00000000000004,
    90.00000000000006,
    110.00000000000006,
    130.00000000000006,
    150.00000000000006,
    170.00000000000003,
    190.00000000000003
  ],
  "alignments": [
    0.17917009751478846,
    0.007311686738177303,
    0.03540840064396917,
    0.030518491306279906,
    0.03372743032627402,
    0.019314261845463226,
    0.0011776901991268878,
    0.028049719555952944,
    0.08248938418811827,
    0.006879962504665623,
    0.09130481865337732,
    0.06027382158864805,
    0.013667092027270447,
    0.018460343557847203,
    0.03802506635449516,
    0.060431944067252524,
    0.0558631259715677,
    0.004287968396365822,
    0.07413129295688288,
    0.11448088087641027,
    0.11786965920083192,
    0.009024184480114794,
    0.03823814901494906,
    0.04929334308015642,
    0.11029571365710326,
    0.19643488213635132,
    0.09105921292482547,
    0.11415025290587176
  ],
  "alignment_mean": 0.06004781702404061,
  "alignment_std": 0.050641006765511275,
  "alignment_max": 0.19643488213635132,
  "alignment_min": 0.0011776901991268878,
  "peak_time_ms": 150.00000000000006,
  "n_trials": 257,
  "rt_mean_ms": 249.3556420233143,
  "rt_std_ms": 35.157320588041635,
  "null_mean": 0.20230533343456175,
  "null_std": 0.12829886980771238,
  "null_median": 0.19231687878603326,
  "D_eff": 2.5787994861602783,
  "expected_cos": 0.49685683846473694,
  "manifold_dim": 65,
  "window_length_ms": 50.0,
  "step_ms": 20.0,
  "time_range_ms": [
    -350.0,
    200.0
  ],
  "pt_min_ms": 200.0,
  "winS_selected": [
    -2.0816681711721685e-17,
    0.04999999999999998
  ]
}