{
  "sid": "20201204",
  "monkey": "M",
  "orientation": "vertical",
  "area": "MFEF",
  "axes_tag": "axes_peakbin_saccCS-sacc-vertical-20mssw",
  "window_centers_ms": [
    -350.0,
    -329.99999999999994,
    -309.99999999999994,
    -289.99999999999994,
    -269.9999999999999,
    -249.99999999999991,
    -229.99999999999991,
    -209.99999999999994,
    -189.99999999999994,
    -169.99999999999994,
    -149.99999999999997,
    -129.99999999999997,
    -109.99999999999997,
    -89.99999999999997,
    -69.99999999999997,
    -49.999999999999964,
    -29.99999999999996,
    -9.999999999999961,
    10.00000000000004,
    30.00000000000004,
    50.00000000000004,
    70.00000000000004,
    90.00000000000006,
    110.00000000000006,
    130.00000000000006,
    150.00000000000006,
    170.00000000000003,
    190.00000000000003
  ],
  "alignments": [
    0.17465149957544576,
    0.11568992746821384,
    0.13330147094258837,
    0.16135423490579714,
    0.11340853164351965,
    0.005008095673289313,
    0.1129114327135497,
    0.023381276624172016,
    0.056780242586730756,
    0.15709399386067277,
    0.1324687944193989,
    0.16137901504518581,
    0.20700680837613328,
    0.2501358191171616,
    0.14459595499219835,
    0.10731034567380072,
    0.049113143108613616,
    0.03958240829870318,
    0.004569407471505384,
    0.03028628419426728,
    0.08980515602918572,
    0.055103394051010716,
    0.03030885951686571,
    0.12924294935616126,
    0.1000403103139491,
    0.010008048433931459,
    0.11879313511100607,
    0.013567311195949436
  ],
  "alignment_mean": 0.09738920895353598,
  "alignment_std": 0.06427768085309987,
  "alignment_max": 0.2501358191171616,
  "alignment_min": 0.004569407471505384,
  "peak_time_ms": -89.99999999999997,
  "n_trials": 229,
  "rt_mean_ms": 248.13635371174985,
  "rt_std_ms": 39.40464821850748,
  "null_mean": 0.22206986818720148,
  "null_std": 0.14634823759114157,
  "null_median": 0.20181316797381865,
  "D_eff": 2.956026554107666,
  "expected_cos": 0.4640725553035736,
  "manifold_dim": 58,
  "window_length_ms": 50.0,
  "step_ms": 20.0,
  "time_range_ms": [
    -350.0,
    200.0
  ],
  "pt_min_ms": 200.0,
  "winS_selected": [
    -0.02000000000000002,
    0.02999999999999998
  ]
}