{
  "sid": "20200401",
  "monkey": "M",
  "orientation": "vertical",
  "area": "MLIP",
  "axes_tag": "axes_peakbin_saccCS-sacc-vertical-20mssw",
  "window_centers_ms": [
    -300.0,
    -279.99999999999994,
    -259.99999999999994,
    -239.99999999999997,
    -219.99999999999997,
    -199.99999999999997,
    -180.0,
    -160.0,
    -140.0,
    -120.00000000000001,
    -100.0,
    -80.0,
    -60.0,
    -39.99999999999999,
    -19.999999999999993,
    6.938893903907228e-15,
    20.000000000000007,
    40.00000000000001,
    60.000000000000014,
    80.00000000000001
  ],
  "alignments": [
    0.002586237071808994,
    0.03676342414363115,
    0.08576379285916519,
    0.02945273950294766,
    0.013258851367526223,
    0.0016728073835646754,
    0.06597894855579525,
    0.0067934184149292835,
    0.0757744350321786,
    0.0736171545289984,
    0.15681911820816946,
    0.11152667878313627,
    0.06870766333371037,
    0.0014819007916919418,
    0.037283297574168296,
    0.027118214270507607,
    0.034770351023371546,
    0.038552241506506484,
    0.08137631389374535,
    0.1132544680070437
  ],
  "alignment_mean": 0.05312760281262983,
  "alignment_std": 0.04176856045050748,
  "alignment_max": 0.15681911820816946,
  "alignment_min": 0.0014819007916919418,
  "peak_time_ms": -100.0,
  "n_trials": 253,
  "rt_mean_ms": 266.01907114622117,
  "rt_std_ms": 43.53539799842196,
  "window_length_ms": 50.0,
  "step_ms": 20.0,
  "time_range_ms": [
    -300.0,
    100.0
  ],
  "pt_min_ms": 200.0,
  "winS_selected": [
    -2.0816681711721685e-17,
    0.04999999999999998
  ]
}