{
  "sid": "20230622",
  "monkey": "S",
  "orientation": "vertical",
  "area": "SLIP",
  "axes_tag": "axes_peakbin_saccCS-sacc-vertical-20mssw",
  "window_centers_ms": [
    -350.0,
    -329.99999999999994,
    -309.99999999999994,
    -289.99999999999994,
    -269.9999999999999,
    -249.99999999999991,
    -229.99999999999991,
    -209.99999999999994,
    -189.99999999999994,
    -169.99999999999994,
    -149.99999999999997,
    -129.99999999999997,
    -109.99999999999997,
    -89.99999999999997,
    -69.99999999999997,
    -49.999999999999964,
    -29.99999999999996,
    -9.999999999999961,
    10.00000000000004,
    30.00000000000004,
    50.00000000000004,
    70.00000000000004,
    90.00000000000006,
    110.00000000000006,
    130.00000000000006,
    150.00000000000006,
    170.00000000000003,
    190.00000000000003
  ],
  "alignments": [
    0.002932784893160893,
    0.2527110791066978,
    0.25966689624791506,
    0.0820117389068424,
    0.06639936182716577,
    0.02063602415386673,
    0.04004471594759255,
    0.019371337616072015,
    0.03330521193208555,
    0.10214301604210745,
    0.06926086796723908,
    0.06266476475408914,
    0.1225571565087096,
    0.1602434668392231,
    0.026565251549122735,
    0.0198451052734286,
    0.15098377140020694,
    0.07589797418821047,
    0.00209199174326267,
    0.033964008714038145,
    0.12862256737983024,
    0.1532509290386518,
    0.03168160521487943,
    0.12978396742500406,
    0.010620377931149724,
    0.01773121281642263,
    0.04874183142144627,
    0.07326182350711186
  ],
  "alignment_mean": 0.07846395858376902,
  "alignment_std": 0.06821169743632505,
  "alignment_max": 0.25966689624791506,
  "alignment_min": 0.00209199174326267,
  "peak_time_ms": -309.99999999999994,
  "n_trials": 401,
  "rt_mean_ms": 325.12693266833134,
  "rt_std_ms": 56.93414813194277,
  "null_mean": 0.1315416527316425,
  "null_std": 0.08202777308105734,
  "null_median": 0.12504720949691447,
  "D_eff": 1.9345182180404663,
  "expected_cos": 0.5736587643623352,
  "manifold_dim": 34,
  "window_length_ms": 50.0,
  "step_ms": 20.0,
  "time_range_ms": [
    -350.0,
    200.0
  ],
  "pt_min_ms": 200.0,
  "winS_selected": [
    -2.0816681711721685e-17,
    0.04999999999999998
  ]
}