{
  "sid": "20200929",
  "monkey": "M",
  "orientation": "vertical",
  "area": "MFEF",
  "axes_tag": "axes_peakbin_saccCS-sacc-vertical-20mssw",
  "window_centers_ms": [
    -300.0,
    -279.99999999999994,
    -259.99999999999994,
    -239.99999999999997,
    -219.99999999999997,
    -199.99999999999997,
    -180.0,
    -160.0,
    -140.0,
    -120.00000000000001,
    -100.0,
    -80.0,
    -60.0,
    -39.99999999999999,
    -19.999999999999993,
    6.938893903907228e-15,
    20.000000000000007,
    40.00000000000001,
    60.000000000000014,
    80.00000000000001
  ],
  "alignments": [
    0.02436608830141958,
    0.09706342895893574,
    0.07780750605041342,
    0.1615125600500393,
    0.07637535458703966,
    0.054956917646672945,
    0.006814253495162335,
    0.047298875558421855,
    0.010150279804830976,
    0.04681003467954778,
    0.04628582031184558,
    0.07388517452511115,
    0.0419551106916704,
    0.019076396138972454,
    0.09959787841588022,
    0.02907197534402437,
    0.06245334633202598,
    0.08713051387077068,
    0.05207007441052839,
    0.05279435133197573
  ],
  "alignment_mean": 0.05837379702526444,
  "alignment_std": 0.03529712904267159,
  "alignment_max": 0.1615125600500393,
  "alignment_min": 0.006814253495162335,
  "peak_time_ms": -239.99999999999997,
  "n_trials": 284,
  "rt_mean_ms": 257.13345070422247,
  "rt_std_ms": 40.262753139615064,
  "window_length_ms": 50.0,
  "step_ms": 20.0,
  "time_range_ms": [
    -300.0,
    100.0
  ],
  "pt_min_ms": 200.0,
  "winS_selected": [
    -2.0816681711721685e-17,
    0.04999999999999998
  ]
}