{
  "sid": "20200926",
  "monkey": "M",
  "orientation": "vertical",
  "area": "MLIP",
  "axes_tag": "axes_peakbin_saccCS-sacc-vertical-20mssw",
  "window_centers_ms": [
    -350.0,
    -329.99999999999994,
    -309.99999999999994,
    -289.99999999999994,
    -269.9999999999999,
    -249.99999999999991,
    -229.99999999999991,
    -209.99999999999994,
    -189.99999999999994,
    -169.99999999999994,
    -149.99999999999997,
    -129.99999999999997,
    -109.99999999999997,
    -89.99999999999997,
    -69.99999999999997,
    -49.999999999999964,
    -29.99999999999996,
    -9.999999999999961,
    10.00000000000004,
    30.00000000000004,
    50.00000000000004,
    70.00000000000004,
    90.00000000000006,
    110.00000000000006,
    130.00000000000006,
    150.00000000000006,
    170.00000000000003,
    190.00000000000003
  ],
  "alignments": [
    0.07019624618072022,
    0.10996535615510512,
    0.03839054753517424,
    0.11571804819225051,
    0.13799659254899005,
    0.04208804518299242,
    0.06218273123218905,
    0.08257402233131439,
    0.05948139248028605,
    0.04515743961575923,
    0.07464643137761429,
    0.0364969216016511,
    0.09134462351000015,
    0.07748168429947644,
    0.09980670150225912,
    0.0013671169323341474,
    0.02777026772133879,
    0.08486496301072588,
    0.14964283329351685,
    0.19286503785322529,
    0.14907489701769627,
    0.15700042648120277,
    0.06921543782782276,
    0.18172430640910583,
    0.18477139728615272,
    0.16975898709929493,
    0.09691488158433571,
    0.0014243179306222859
  ],
  "alignment_mean": 0.09321148764975559,
  "alignment_std": 0.053952491200425105,
  "alignment_max": 0.19286503785322529,
  "alignment_min": 0.0013671169323341474,
  "peak_time_ms": 30.00000000000004,
  "n_trials": 279,
  "rt_mean_ms": 256.3991039426287,
  "rt_std_ms": 40.152162130449646,
  "null_mean": 0.053855868618257814,
  "null_std": 0.03358527171234871,
  "null_median": 0.04937889595773835,
  "D_eff": 1.3345812559127808,
  "expected_cos": 0.6906651258468628,
  "manifold_dim": 76,
  "window_length_ms": 50.0,
  "step_ms": 20.0,
  "time_range_ms": [
    -350.0,
    200.0
  ],
  "pt_min_ms": 200.0,
  "winS_selected": [
    -0.02000000000000002,
    0.02999999999999998
  ]
}