{
  "sid": "20231121",
  "monkey": "S",
  "orientation": "vertical",
  "area": "SFEF",
  "axes_tag": "axes_peakbin_saccCS-sacc-vertical-20mssw",
  "window_centers_ms": [
    -350.0,
    -329.99999999999994,
    -309.99999999999994,
    -289.99999999999994,
    -269.9999999999999,
    -249.99999999999991,
    -229.99999999999991,
    -209.99999999999994,
    -189.99999999999994,
    -169.99999999999994,
    -149.99999999999997,
    -129.99999999999997,
    -109.99999999999997,
    -89.99999999999997,
    -69.99999999999997,
    -49.999999999999964,
    -29.99999999999996,
    -9.999999999999961,
    10.00000000000004,
    30.00000000000004,
    50.00000000000004,
    70.00000000000004,
    90.00000000000006,
    110.00000000000006,
    130.00000000000006,
    150.00000000000006,
    170.00000000000003,
    190.00000000000003
  ],
  "alignments": [
    0.019723412261346142,
    0.09442580461897154,
    0.14425803027863354,
    0.02810834196449119,
    0.16893810134286474,
    0.08306501556354826,
    0.050294397548862384,
    0.08044796171000013,
    0.06302376993295167,
    0.1872021202990222,
    0.07560215816983444,
    0.016212938725880307,
    0.007593961986434333,
    0.13108535685171005,
    0.31149771773822577,
    0.172768691307999,
    0.010551815717286153,
    0.07867157248367651,
    0.022618120007504804,
    0.033354146058244646,
    0.058777432112827356,
    0.17769332728427478,
    0.13194618633689403,
    0.051554562503054374,
    0.033597523616599886,
    0.05564229256116434,
    0.08806042820940109,
    0.08950806419820878
  ],
  "alignment_mean": 0.08807940183535402,
  "alignment_std": 0.06820472815187852,
  "alignment_max": 0.31149771773822577,
  "alignment_min": 0.007593961986434333,
  "peak_time_ms": -69.99999999999997,
  "n_trials": 441,
  "rt_mean_ms": 304.2433106575922,
  "rt_std_ms": 53.617142009545915,
  "null_mean": 0.1419355020658718,
  "null_std": 0.09013006029191031,
  "null_median": 0.13146260825693373,
  "D_eff": 5.11182975769043,
  "expected_cos": 0.3529001772403717,
  "manifold_dim": 60,
  "window_length_ms": 50.0,
  "step_ms": 20.0,
  "time_range_ms": [
    -350.0,
    200.0
  ],
  "pt_min_ms": 200.0,
  "winS_selected": [
    -0.02000000000000002,
    0.02999999999999998
  ]
}