{
  "sid": "20201204",
  "monkey": "M",
  "orientation": "vertical",
  "area": "MLIP",
  "axes_tag": "axes_peakbin_saccCS-sacc-vertical-20mssw",
  "window_centers_ms": [
    -350.0,
    -329.99999999999994,
    -309.99999999999994,
    -289.99999999999994,
    -269.9999999999999,
    -249.99999999999991,
    -229.99999999999991,
    -209.99999999999994,
    -189.99999999999994,
    -169.99999999999994,
    -149.99999999999997,
    -129.99999999999997,
    -109.99999999999997,
    -89.99999999999997,
    -69.99999999999997,
    -49.999999999999964,
    -29.99999999999996,
    -9.999999999999961,
    10.00000000000004,
    30.00000000000004,
    50.00000000000004,
    70.00000000000004,
    90.00000000000006,
    110.00000000000006,
    130.00000000000006,
    150.00000000000006,
    170.00000000000003,
    190.00000000000003
  ],
  "alignments": [
    0.09124551197984168,
    0.021512442444143534,
    0.03934813570906494,
    0.056408761432283905,
    0.15445950225672997,
    0.17783688179203247,
    0.23550826432770688,
    0.20168479488531288,
    0.1720243755395766,
    0.047765673884838065,
    0.10228075559633493,
    0.18733845084710243,
    0.09416703002211824,
    0.04855558439902616,
    0.14517248189401424,
    0.12989749557484853,
    0.07269831363571812,
    0.11534719725880194,
    0.09763738347837315,
    0.022064016168926785,
    0.0364485278185553,
    0.033657685511259944,
    0.18185926803331579,
    0.20200316118569933,
    0.010084856092829128,
    0.046274534876569955,
    0.10941911206902634,
    0.09952456558072155
  ],
  "alignment_mean": 0.1047223130105276,
  "alignment_std": 0.06373732005673956,
  "alignment_max": 0.23550826432770688,
  "alignment_min": 0.010084856092829128,
  "peak_time_ms": -229.99999999999991,
  "n_trials": 229,
  "rt_mean_ms": 248.13635371174985,
  "rt_std_ms": 39.40464821850748,
  "null_mean": 0.1013180460239477,
  "null_std": 0.07103363973481285,
  "null_median": 0.08988063689146593,
  "D_eff": 3.776853084564209,
  "expected_cos": 0.41055846214294434,
  "manifold_dim": 91,
  "window_length_ms": 50.0,
  "step_ms": 20.0,
  "time_range_ms": [
    -350.0,
    200.0
  ],
  "pt_min_ms": 200.0,
  "winS_selected": [
    -2.0816681711721685e-17,
    0.04999999999999998
  ]
}