{
  "sid": "20231130",
  "monkey": "S",
  "orientation": "vertical",
  "area": "SLIP",
  "axes_tag": "axes_peakbin_saccCS-sacc-vertical-20mssw",
  "window_centers_ms": [
    -350.0,
    -329.99999999999994,
    -309.99999999999994,
    -289.99999999999994,
    -269.9999999999999,
    -249.99999999999991,
    -229.99999999999991,
    -209.99999999999994,
    -189.99999999999994,
    -169.99999999999994,
    -149.99999999999997,
    -129.99999999999997,
    -109.99999999999997,
    -89.99999999999997,
    -69.99999999999997,
    -49.999999999999964,
    -29.99999999999996,
    -9.999999999999961,
    10.00000000000004,
    30.00000000000004,
    50.00000000000004,
    70.00000000000004,
    90.00000000000006,
    110.00000000000006,
    130.00000000000006,
    150.00000000000006,
    170.00000000000003,
    190.00000000000003
  ],
  "alignments": [
    0.05235028034426888,
    0.0026827561340474334,
    0.158952926010659,
    0.1865125872838193,
    0.11037696453846148,
    0.0186702458766982,
    0.04743803760635091,
    0.03617320675584514,
    0.06967282485811051,
    0.010767702213320685,
    0.0873397353912209,
    0.04418913921339732,
    0.042561783022834816,
    0.04286219978855503,
    0.04671899425137957,
    0.07347320541082875,
    0.08420448534968059,
    0.028765392538568635,
    0.185305779223773,
    0.1584123174094131,
    0.17367191658884604,
    0.15786856869234941,
    0.10978588297760243,
    0.08678858259555056,
    0.1160318740496468,
    0.07973879948407216,
    0.04761100011700994,
    0.05729202292880133
  ],
  "alignment_mean": 0.082722114666254,
  "alignment_std": 0.05360587384717883,
  "alignment_max": 0.1865125872838193,
  "alignment_min": 0.0026827561340474334,
  "peak_time_ms": -289.99999999999994,
  "n_trials": 86,
  "rt_mean_ms": 287.7869186046462,
  "rt_std_ms": 61.60300396707693,
  "null_mean": 0.17912932062498468,
  "null_std": 0.11730117814793511,
  "null_median": 0.16304335209839382,
  "D_eff": 5.837584495544434,
  "expected_cos": 0.3302352726459503,
  "manifold_dim": 41,
  "window_length_ms": 100.0,
  "step_ms": 20.0,
  "time_range_ms": [
    -350.0,
    200.0
  ],
  "pt_min_ms": 200.0,
  "winS_selected": [
    -0.10000000000000003,
    0.04999999999999996
  ]
}