{
  "sid": "20201211",
  "monkey": "M",
  "orientation": "vertical",
  "area": "MFEF",
  "axes_tag": "axes_peakbin_saccCS-sacc-vertical-20mssw",
  "window_centers_ms": [
    -350.0,
    -329.99999999999994,
    -309.99999999999994,
    -289.99999999999994,
    -269.9999999999999,
    -249.99999999999991,
    -229.99999999999991,
    -209.99999999999994,
    -189.99999999999994,
    -169.99999999999994,
    -149.99999999999997,
    -129.99999999999997,
    -109.99999999999997,
    -89.99999999999997,
    -69.99999999999997,
    -49.999999999999964,
    -29.99999999999996,
    -9.999999999999961,
    10.00000000000004,
    30.00000000000004,
    50.00000000000004,
    70.00000000000004,
    90.00000000000006,
    110.00000000000006,
    130.00000000000006,
    150.00000000000006,
    170.00000000000003,
    190.00000000000003
  ],
  "alignments": [
    0.28906854978808993,
    0.20730466504854536,
    0.016333478805480403,
    0.005737076266104425,
    0.15852741502720527,
    0.04712434525473253,
    0.2624038986917788,
    0.4775459320258482,
    0.3047308434296479,
    0.1703603887092626,
    0.06843222469310904,
    0.06905392385637374,
    0.11274733805153662,
    0.09996149949557792,
    0.047833951862887344,
    0.025678831653498466,
    0.04509816026141262,
    0.04679596404225484,
    0.020725581669961374,
    0.07530638627387257,
    0.009900248939479469,
    0.05661765527693658,
    0.1321946572026945,
    0.1474216833858639,
    0.22789242385391545,
    0.3120004396618188,
    0.25285528524588863,
    0.27405329450564886
  ],
  "alignment_mean": 0.14156093367783665,
  "alignment_std": 0.11773617381340497,
  "alignment_max": 0.4775459320258482,
  "alignment_min": 0.005737076266104425,
  "peak_time_ms": -209.99999999999994,
  "n_trials": 249,
  "rt_mean_ms": 257.5248995983538,
  "rt_std_ms": 39.4726392516014,
  "null_mean": 0.2196914364466653,
  "null_std": 0.13115469139109098,
  "null_median": 0.21436255134840268,
  "D_eff": 2.724921941757202,
  "expected_cos": 0.483351469039917,
  "manifold_dim": 59,
  "window_length_ms": 50.0,
  "step_ms": 20.0,
  "time_range_ms": [
    -350.0,
    200.0
  ],
  "pt_min_ms": 200.0,
  "winS_selected": [
    -0.02000000000000002,
    0.02999999999999998
  ]
}