{
  "sid": "20231109",
  "monkey": "S",
  "orientation": "vertical",
  "area": "SLIP",
  "axes_tag": "axes_peakbin_saccCS-sacc-vertical-20mssw",
  "window_centers_ms": [
    -350.0,
    -329.99999999999994,
    -309.99999999999994,
    -289.99999999999994,
    -269.9999999999999,
    -249.99999999999991,
    -229.99999999999991,
    -209.99999999999994,
    -189.99999999999994,
    -169.99999999999994,
    -149.99999999999997,
    -129.99999999999997,
    -109.99999999999997,
    -89.99999999999997,
    -69.99999999999997,
    -49.999999999999964,
    -29.99999999999996,
    -9.999999999999961,
    10.00000000000004,
    30.00000000000004,
    50.00000000000004,
    70.00000000000004,
    90.00000000000006,
    110.00000000000006,
    130.00000000000006,
    150.00000000000006,
    170.00000000000003,
    190.00000000000003
  ],
  "alignments": [
    0.1733209326334114,
    0.0945637273955194,
    0.030299297018599767,
    0.041336063329389126,
    0.15373298788054535,
    0.1733492754008471,
    0.029096588155897465,
    0.19403538017218686,
    0.3481960903371423,
    0.30447147535534314,
    0.3343110250729106,
    0.45917457246505344,
    0.5777807506583621,
    0.567814179186434,
    0.5996046749895911,
    0.46451485360241673,
    0.4074808094394908,
    0.3361445346446845,
    0.3128013211853897,
    0.21856761352664622,
    0.25020594545096597,
    0.17540981467498235,
    0.21769739455322798,
    0.1860098669589852,
    0.06872069594796683,
    0.126185012739052,
    0.004545868370414092,
    0.02941337460984843
  ],
  "alignment_mean": 0.24567086163411803,
  "alignment_std": 0.172534577802109,
  "alignment_max": 0.5996046749895911,
  "alignment_min": 0.004545868370414092,
  "peak_time_ms": -69.99999999999997,
  "n_trials": 396,
  "rt_mean_ms": 307.16818181818354,
  "rt_std_ms": 51.06488810893593,
  "null_mean": 0.2235511160159514,
  "null_std": 0.14043363821186364,
  "null_median": 0.2123519504856918,
  "D_eff": 9.411721229553223,
  "expected_cos": 0.26007914543151855,
  "manifold_dim": 41,
  "window_length_ms": 50.0,
  "step_ms": 20.0,
  "time_range_ms": [
    -350.0,
    200.0
  ],
  "pt_min_ms": 200.0,
  "winS_selected": [
    -2.0816681711721685e-17,
    0.04999999999999998
  ]
}