{
  "sid": "20200402",
  "monkey": "M",
  "orientation": "vertical",
  "area": "MLIP",
  "axes_tag": "axes_peakbin_saccCS-sacc-vertical-20mssw",
  "window_centers_ms": [
    -300.0,
    -279.99999999999994,
    -259.99999999999994,
    -239.99999999999997,
    -219.99999999999997,
    -199.99999999999997,
    -180.0,
    -160.0,
    -140.0,
    -120.00000000000001,
    -100.0,
    -80.0,
    -60.0,
    -39.99999999999999,
    -19.999999999999993,
    6.938893903907228e-15,
    20.000000000000007,
    40.00000000000001,
    60.000000000000014,
    80.00000000000001
  ],
  "alignments": [
    0.011444598333629492,
    0.09840351092514348,
    0.07226103981980088,
    0.09022426647781857,
    0.2104384717437703,
    0.1890207841856338,
    0.2737938736942305,
    0.14122682712512014,
    0.2118993578082503,
    0.084772769252389,
    0.008069815137654904,
    0.03321236510192958,
    0.03189823510589242,
    0.028638353620038814,
    0.06936780236971699,
    0.014596488227340868,
    0.16242863534410484,
    0.09201097482351124,
    0.019637421119086583,
    0.17109853735788605
  ],
  "alignment_mean": 0.10072220637864744,
  "alignment_std": 0.0774035924188014,
  "alignment_max": 0.2737938736942305,
  "alignment_min": 0.008069815137654904,
  "peak_time_ms": -180.0,
  "n_trials": 217,
  "rt_mean_ms": 262.8472350230391,
  "rt_std_ms": 41.100038449575194,
  "window_length_ms": 50.0,
  "step_ms": 20.0,
  "time_range_ms": [
    -300.0,
    100.0
  ],
  "pt_min_ms": 200.0,
  "winS_selected": [
    -2.0816681711721685e-17,
    0.04999999999999998
  ]
}