{
  "sid": "20230707",
  "monkey": "S",
  "orientation": "vertical",
  "area": "SLIP",
  "axes_tag": "axes_peakbin_saccCS-sacc-vertical-20mssw",
  "window_centers_ms": [
    -350.0,
    -329.99999999999994,
    -309.99999999999994,
    -289.99999999999994,
    -269.9999999999999,
    -249.99999999999991,
    -229.99999999999991,
    -209.99999999999994,
    -189.99999999999994,
    -169.99999999999994,
    -149.99999999999997,
    -129.99999999999997,
    -109.99999999999997,
    -89.99999999999997,
    -69.99999999999997,
    -49.999999999999964,
    -29.99999999999996,
    -9.999999999999961,
    10.00000000000004,
    30.00000000000004,
    50.00000000000004,
    70.00000000000004,
    90.00000000000006,
    110.00000000000006,
    130.00000000000006,
    150.00000000000006,
    170.00000000000003,
    190.00000000000003
  ],
  "alignments": [
    0.11226804771394379,
    0.04569243677139565,
    0.03845212643381573,
    0.036041502929332996,
    0.12034811608971127,
    0.19027068840175554,
    0.0594373368583664,
    0.02592125399494615,
    0.07653572537965037,
    0.080346951939215,
    0.11172494175620738,
    0.05551366425105479,
    0.03514531115480916,
    0.009859017005659197,
    0.06342493207967416,
    0.15330942888796403,
    0.05950449134244533,
    0.036601897878105444,
    0.09948294462006299,
    0.12011671036690921,
    0.02438007498622556,
    0.011226335961910892,
    0.011623274006980596,
    0.055134293595743476,
    0.057002067148570645,
    0.09668535175935057,
    0.16454848137562983,
    0.2627961801645485
  ],
  "alignment_mean": 0.07904977088764231,
  "alignment_std": 0.058543330308958065,
  "alignment_max": 0.2627961801645485,
  "alignment_min": 0.009859017005659197,
  "peak_time_ms": 190.00000000000003,
  "n_trials": 399,
  "rt_mean_ms": 293.87794486216507,
  "rt_std_ms": 54.0615805217254,
  "null_mean": 0.29530314037214417,
  "null_std": 0.19639425903222155,
  "null_median": 0.27319446781497425,
  "D_eff": 3.3074965476989746,
  "expected_cos": 0.4387229382991791,
  "manifold_dim": 99,
  "window_length_ms": 50.0,
  "step_ms": 20.0,
  "time_range_ms": [
    -350.0,
    200.0
  ],
  "pt_min_ms": 200.0,
  "winS_selected": [
    -2.0816681711721685e-17,
    0.04999999999999998
  ]
}