{
  "sid": "20201001",
  "monkey": "M",
  "orientation": "vertical",
  "area": "MFEF",
  "axes_tag": "axes_peakbin_saccCS-sacc-vertical-20mssw",
  "window_centers_ms": [
    -350.0,
    -329.99999999999994,
    -309.99999999999994,
    -289.99999999999994,
    -269.9999999999999,
    -249.99999999999991,
    -229.99999999999991,
    -209.99999999999994,
    -189.99999999999994,
    -169.99999999999994,
    -149.99999999999997,
    -129.99999999999997,
    -109.99999999999997,
    -89.99999999999997,
    -69.99999999999997,
    -49.999999999999964,
    -29.99999999999996,
    -9.999999999999961,
    10.00000000000004,
    30.00000000000004,
    50.00000000000004,
    70.00000000000004,
    90.00000000000006,
    110.00000000000006,
    130.00000000000006,
    150.00000000000006,
    170.00000000000003,
    190.00000000000003
  ],
  "alignments": [
    0.011551905303331673,
    0.08061272094129472,
    0.00016456491376010005,
    0.03393237233467511,
    0.1494884360043205,
    0.07139112360777766,
    0.03033960586854492,
    0.0039991639469352126,
    0.19498196852689856,
    0.15590454082469998,
    0.055698629697915364,
    0.15968910960721727,
    0.18406789793951045,
    0.1486406833318521,
    0.11005179523813576,
    0.11784392221999013,
    0.09578382966255385,
    0.05111148133506658,
    0.025878235775913846,
    0.03062652499909179,
    0.005306465052140511,
    0.03743643788192853,
    0.0371670870888516,
    0.009128191941929521,
    0.000509624670523727,
    0.022389219874587255,
    0.0781924828632416,
    0.1685408026639721
  ],
  "alignment_mean": 0.073943886575595,
  "alignment_std": 0.06189825706230652,
  "alignment_max": 0.19498196852689856,
  "alignment_min": 0.00016456491376010005,
  "peak_time_ms": -189.99999999999994,
  "n_trials": 292,
  "rt_mean_ms": 259.2743150684692,
  "rt_std_ms": 42.50938141273676,
  "null_mean": 0.18156239921460804,
  "null_std": 0.13035153362416102,
  "null_median": 0.15390283944305064,
  "D_eff": 5.656439781188965,
  "expected_cos": 0.3354814350605011,
  "manifold_dim": 137,
  "window_length_ms": 50.0,
  "step_ms": 20.0,
  "time_range_ms": [
    -350.0,
    200.0
  ],
  "pt_min_ms": 200.0,
  "winS_selected": [
    -0.02000000000000002,
    0.02999999999999998
  ]
}