{
  "sid": "20200328",
  "monkey": "M",
  "orientation": "vertical",
  "area": "MFEF",
  "axes_tag": "axes_peakbin_saccCS-sacc-vertical-20mssw",
  "window_centers_ms": [
    -350.0,
    -329.99999999999994,
    -309.99999999999994,
    -289.99999999999994,
    -269.9999999999999,
    -249.99999999999991,
    -229.99999999999991,
    -209.99999999999994,
    -189.99999999999994,
    -169.99999999999994,
    -149.99999999999997,
    -129.99999999999997,
    -109.99999999999997,
    -89.99999999999997,
    -69.99999999999997,
    -49.999999999999964,
    -29.99999999999996,
    -9.999999999999961,
    10.00000000000004,
    30.00000000000004,
    50.00000000000004,
    70.00000000000004,
    90.00000000000006,
    110.00000000000006,
    130.00000000000006,
    150.00000000000006,
    170.00000000000003,
    190.00000000000003
  ],
  "alignments": [
    0.1794148840772266,
    0.12184098608400369,
    0.01589791453856042,
    0.07451635374233842,
    0.015028147595207347,
    0.038013188177916005,
    0.03464636148057162,
    0.08435763114278305,
    0.3087690496501502,
    0.3002607912915506,
    0.13169525186182893,
    0.024745302655250684,
    0.04202617167294384,
    0.06669703471711767,
    0.04376112363227844,
    0.007685989599104608,
    0.11125580727326677,
    0.14683668377050546,
    0.09903008257299616,
    0.046378013608018374,
    0.039476387323323085,
    0.01354037899588175,
    0.021537773916352452,
    0.03671028662963959,
    0.01485553679998752,
    0.138590571944108,
    0.235872802905733,
    0.29730079654407726
  ],
  "alignment_mean": 0.09609790372152575,
  "alignment_std": 0.09039488696104468,
  "alignment_max": 0.3087690496501502,
  "alignment_min": 0.007685989599104608,
  "peak_time_ms": -189.99999999999994,
  "n_trials": 277,
  "rt_mean_ms": 271.99232851985136,
  "rt_std_ms": 45.706956752450616,
  "null_mean": 0.09052236087563469,
  "null_std": 0.07194270888308486,
  "null_median": 0.073690639605981,
  "D_eff": 3.267606258392334,
  "expected_cos": 0.4413927495479584,
  "manifold_dim": 59,
  "window_length_ms": 50.0,
  "step_ms": 20.0,
  "time_range_ms": [
    -350.0,
    200.0
  ],
  "pt_min_ms": 200.0,
  "winS_selected": [
    -0.02000000000000002,
    0.02999999999999998
  ]
}