{
  "sid": "20231103",
  "monkey": "S",
  "orientation": "vertical",
  "area": "SFEF",
  "axes_tag": "axes_peakbin_saccCS-sacc-vertical-20mssw",
  "window_centers_ms": [
    -350.0,
    -329.99999999999994,
    -309.99999999999994,
    -289.99999999999994,
    -269.9999999999999,
    -249.99999999999991,
    -229.99999999999991,
    -209.99999999999994,
    -189.99999999999994,
    -169.99999999999994,
    -149.99999999999997,
    -129.99999999999997,
    -109.99999999999997,
    -89.99999999999997,
    -69.99999999999997,
    -49.999999999999964,
    -29.99999999999996,
    -9.999999999999961,
    10.00000000000004,
    30.00000000000004,
    50.00000000000004,
    70.00000000000004,
    90.00000000000006,
    110.00000000000006,
    130.00000000000006,
    150.00000000000006,
    170.00000000000003,
    190.00000000000003
  ],
  "alignments": [
    0.08993915341877724,
    0.12586019704700754,
    0.2166924959228007,
    0.0003311963820456769,
    0.10769435567968155,
    0.09723915014926142,
    0.06432881936995014,
    0.023843060425150445,
    0.08942615805305429,
    0.09895745843044894,
    0.04865888762917608,
    0.05512587414612608,
    0.033402691139816545,
    0.08349600203333146,
    0.11717708813932949,
    0.15300683061152415,
    0.19690128158816672,
    0.2845134528565557,
    0.3569134022563861,
    0.41200541129772295,
    0.4273610986318649,
    0.5118302964037821,
    0.5110385702903789,
    0.4288886637603436,
    0.26712037811519573,
    0.20016805466214918,
    0.1458116890613743,
    0.1655303411106641
  ],
  "alignment_mean": 0.1897593592361452,
  "alignment_std": 0.14922165425614148,
  "alignment_max": 0.5118302964037821,
  "alignment_min": 0.0003311963820456769,
  "peak_time_ms": 70.00000000000004,
  "n_trials": 62,
  "rt_mean_ms": 270.17862903225097,
  "rt_std_ms": 42.59148096681076,
  "null_mean": 0.22746374405688471,
  "null_std": 0.11000904856153658,
  "null_median": 0.23803841770366277,
  "D_eff": 2.219982385635376,
  "expected_cos": 0.5355071425437927,
  "manifold_dim": 71,
  "window_length_ms": 50.0,
  "step_ms": 20.0,
  "time_range_ms": [
    -350.0,
    200.0
  ],
  "pt_min_ms": 200.0,
  "winS_selected": [
    -2.0816681711721685e-17,
    0.04999999999999998
  ]
}