{
  "sid": "20231121",
  "monkey": "S",
  "orientation": "vertical",
  "area": "SLIP",
  "axes_tag": "axes_peakbin_saccCS-sacc-vertical-20mssw",
  "window_centers_ms": [
    -350.0,
    -329.99999999999994,
    -309.99999999999994,
    -289.99999999999994,
    -269.9999999999999,
    -249.99999999999991,
    -229.99999999999991,
    -209.99999999999994,
    -189.99999999999994,
    -169.99999999999994,
    -149.99999999999997,
    -129.99999999999997,
    -109.99999999999997,
    -89.99999999999997,
    -69.99999999999997,
    -49.999999999999964,
    -29.99999999999996,
    -9.999999999999961,
    10.00000000000004,
    30.00000000000004,
    50.00000000000004,
    70.00000000000004,
    90.00000000000006,
    110.00000000000006,
    130.00000000000006,
    150.00000000000006,
    170.00000000000003,
    190.00000000000003
  ],
  "alignments": [
    0.27776974061047693,
    0.3102101524632411,
    0.30638019785420023,
    0.4790169409184889,
    0.37873261794522967,
    0.18821055295210357,
    0.3062922530682048,
    0.22975506278983968,
    0.3246793363546355,
    0.06384170649795123,
    0.08262070196679742,
    0.13255219317375555,
    0.26028657870717237,
    0.33463380034446916,
    0.24532525412182823,
    0.09107033979326332,
    0.11142646465310622,
    0.21421998674921924,
    0.11605357832371578,
    0.16005781321665477,
    0.19108446360243175,
    0.017541643765508153,
    0.08602649850472353,
    0.18920521684884464,
    0.12465293916624641,
    0.08885395353556329,
    0.09038854520485679,
    0.03546150698965757
  ],
  "alignment_mean": 0.1941553585757924,
  "alignment_std": 0.11323961332791294,
  "alignment_max": 0.4790169409184889,
  "alignment_min": 0.017541643765508153,
  "peak_time_ms": -289.99999999999994,
  "n_trials": 441,
  "rt_mean_ms": 304.2433106575922,
  "rt_std_ms": 53.617142009545915,
  "null_mean": 0.18761902974470485,
  "null_std": 0.07491133817769363,
  "null_median": 0.20068631037097714,
  "D_eff": 1.1987781524658203,
  "expected_cos": 0.7287366986274719,
  "manifold_dim": 30,
  "window_length_ms": 50.0,
  "step_ms": 20.0,
  "time_range_ms": [
    -350.0,
    200.0
  ],
  "pt_min_ms": 200.0,
  "winS_selected": [
    -0.04000000000000002,
    0.009999999999999981
  ]
}