{
  "sid": "20201216",
  "monkey": "M",
  "orientation": "vertical",
  "area": "MLIP",
  "axes_tag": "axes_peakbin_saccCS-sacc-vertical-20mssw",
  "window_centers_ms": [
    -300.0,
    -279.99999999999994,
    -259.99999999999994,
    -239.99999999999997,
    -219.99999999999997,
    -199.99999999999997,
    -180.0,
    -160.0,
    -140.0,
    -120.00000000000001,
    -100.0,
    -80.0,
    -60.0,
    -39.99999999999999,
    -19.999999999999993,
    6.938893903907228e-15,
    20.000000000000007,
    40.00000000000001,
    60.000000000000014,
    80.00000000000001
  ],
  "alignments": [
    0.08259818044506433,
    0.0757793903386481,
    0.02917006077539906,
    0.0492970446251026,
    0.05731745011543953,
    0.1064125795439371,
    0.004747209575609701,
    0.09470404213800374,
    0.047749403071880636,
    0.051288678120313895,
    0.04838208017806049,
    0.013521164562262086,
    0.001948471923410162,
    0.04226613691415698,
    0.043591947518283256,
    0.07028533737731371,
    0.02785937583696588,
    0.1385677990339072,
    0.07123360460399587,
    0.045926052408872244
  ],
  "alignment_mean": 0.05513230045533133,
  "alignment_std": 0.03307587762548553,
  "alignment_max": 0.1385677990339072,
  "alignment_min": 0.001948471923410162,
  "peak_time_ms": 40.00000000000001,
  "n_trials": 257,
  "rt_mean_ms": 249.3556420233143,
  "rt_std_ms": 35.157320588041635,
  "window_length_ms": 50.0,
  "step_ms": 20.0,
  "time_range_ms": [
    -300.0,
    100.0
  ],
  "pt_min_ms": 200.0,
  "winS_selected": [
    -2.0816681711721685e-17,
    0.04999999999999998
  ]
}