{
  "sid": "20200929",
  "monkey": "M",
  "orientation": "vertical",
  "area": "MFEF",
  "axes_tag": "axes_peakbin_saccCS-sacc-vertical-20mssw",
  "window_centers_ms": [
    -350.0,
    -329.99999999999994,
    -309.99999999999994,
    -289.99999999999994,
    -269.9999999999999,
    -249.99999999999991,
    -229.99999999999991,
    -209.99999999999994,
    -189.99999999999994,
    -169.99999999999994,
    -149.99999999999997,
    -129.99999999999997,
    -109.99999999999997,
    -89.99999999999997,
    -69.99999999999997,
    -49.999999999999964,
    -29.99999999999996,
    -9.999999999999961,
    10.00000000000004,
    30.00000000000004,
    50.00000000000004,
    70.00000000000004,
    90.00000000000006,
    110.00000000000006,
    130.00000000000006,
    150.00000000000006,
    170.00000000000003,
    190.00000000000003
  ],
  "alignments": [
    0.09757650436531602,
    0.01577063596982879,
    0.04072241811495946,
    0.0335435694823777,
    0.06725231810223432,
    0.13009313868338038,
    0.11869240311022407,
    0.07664720877988503,
    0.00741318357453727,
    0.04060259649376804,
    0.031230732321132416,
    0.03082514618425865,
    0.0788555659161175,
    0.037234871092903805,
    0.06231875833718832,
    0.016340838077892522,
    0.07026320453094616,
    0.07219663471353321,
    0.02084183058204132,
    0.08099200897351908,
    0.07779236885876642,
    0.032440720217987024,
    0.0475456534562681,
    0.026442021370845236,
    0.07637577079263796,
    0.12871313144287533,
    0.11214092062439293,
    0.06868090080711847
  ],
  "alignment_mean": 0.060698037677747695,
  "alignment_std": 0.034376397489999586,
  "alignment_max": 0.13009313868338038,
  "alignment_min": 0.00741318357453727,
  "peak_time_ms": -249.99999999999991,
  "n_trials": 284,
  "rt_mean_ms": 257.13345070422247,
  "rt_std_ms": 40.262753139615064,
  "null_mean": 0.36902604992637905,
  "null_std": 0.19468022637277568,
  "null_median": 0.37312238779222673,
  "D_eff": 3.0233452320098877,
  "expected_cos": 0.4588768780231476,
  "manifold_dim": 75,
  "window_length_ms": 50.0,
  "step_ms": 20.0,
  "time_range_ms": [
    -350.0,
    200.0
  ],
  "pt_min_ms": 200.0,
  "winS_selected": [
    -2.0816681711721685e-17,
    0.04999999999999998
  ]
}