{
  "sid": "20231123",
  "monkey": "S",
  "orientation": "vertical",
  "area": "SLIP",
  "axes_tag": "axes_peakbin_saccCS-sacc-vertical-20mssw",
  "window_centers_ms": [
    -350.0,
    -329.99999999999994,
    -309.99999999999994,
    -289.99999999999994,
    -269.9999999999999,
    -249.99999999999991,
    -229.99999999999991,
    -209.99999999999994,
    -189.99999999999994,
    -169.99999999999994,
    -149.99999999999997,
    -129.99999999999997,
    -109.99999999999997,
    -89.99999999999997,
    -69.99999999999997,
    -49.999999999999964,
    -29.99999999999996,
    -9.999999999999961,
    10.00000000000004,
    30.00000000000004,
    50.00000000000004,
    70.00000000000004,
    90.00000000000006,
    110.00000000000006,
    130.00000000000006,
    150.00000000000006,
    170.00000000000003,
    190.00000000000003
  ],
  "alignments": [
    0.10357251835387743,
    0.3428869961144878,
    0.28682350869725476,
    0.12417934935510659,
    0.04031282768635705,
    0.003746226810537943,
    0.051794294250284235,
    0.07319943672021663,
    0.07576136667657216,
    0.08493740602532764,
    0.3366148802676668,
    0.4014963468032274,
    0.4595947496383844,
    0.4614543555544194,
    0.511492874841343,
    0.5796215458256138,
    0.45146735390496057,
    0.19777035934543405,
    0.010817696974914692,
    0.03852821514743451,
    0.11578220178153309,
    0.13691995741613755,
    0.17933143868094598,
    0.23743917323353875,
    0.0241285938496629,
    0.18798547058107626,
    0.07183016210684617,
    0.04445609334414987
  ],
  "alignment_mean": 0.20121233571383254,
  "alignment_std": 0.17108351506185776,
  "alignment_max": 0.5796215458256138,
  "alignment_min": 0.003746226810537943,
  "peak_time_ms": -49.999999999999964,
  "n_trials": 488,
  "rt_mean_ms": 302.5584016393399,
  "rt_std_ms": 55.51671093682405,
  "null_mean": 0.129907985980693,
  "null_std": 0.09365314175403666,
  "null_median": 0.10750191029132655,
  "D_eff": 3.3591065406799316,
  "expected_cos": 0.4353395700454712,
  "manifold_dim": 41,
  "window_length_ms": 50.0,
  "step_ms": 20.0,
  "time_range_ms": [
    -350.0,
    200.0
  ],
  "pt_min_ms": 200.0,
  "winS_selected": [
    -2.0816681711721685e-17,
    0.04999999999999998
  ]
}