{
  "sid": "20200402",
  "monkey": "M",
  "orientation": "vertical",
  "area": "MFEF",
  "axes_tag": "axes_peakbin_saccCS-sacc-vertical-20mssw",
  "window_centers_ms": [
    -300.0,
    -279.99999999999994,
    -259.99999999999994,
    -239.99999999999997,
    -219.99999999999997,
    -199.99999999999997,
    -180.0,
    -160.0,
    -140.0,
    -120.00000000000001,
    -100.0,
    -80.0,
    -60.0,
    -39.99999999999999,
    -19.999999999999993,
    6.938893903907228e-15,
    20.000000000000007,
    40.00000000000001,
    60.000000000000014,
    80.00000000000001
  ],
  "alignments": [
    0.032342685561312576,
    0.046441860309293245,
    0.07458753905119356,
    0.017248442516604224,
    0.017182744695632808,
    0.0457783716969967,
    0.17565951128985335,
    0.1806678033329353,
    0.11233228574205384,
    0.14389480354167128,
    0.13554580799708038,
    0.1443619618353531,
    0.08897952074217298,
    0.1623954945395118,
    0.1613731461407001,
    0.16357046264955513,
    0.15778242894819372,
    0.15161645667006202,
    0.14056672523461272,
    0.21109253132524136
  ],
  "alignment_mean": 0.1181710291910015,
  "alignment_std": 0.058090159618732956,
  "alignment_max": 0.21109253132524136,
  "alignment_min": 0.017182744695632808,
  "peak_time_ms": 80.00000000000001,
  "n_trials": 217,
  "rt_mean_ms": 262.8472350230391,
  "rt_std_ms": 41.100038449575194,
  "window_length_ms": 50.0,
  "step_ms": 20.0,
  "time_range_ms": [
    -300.0,
    100.0
  ],
  "pt_min_ms": 200.0,
  "winS_selected": [
    -0.02000000000000002,
    0.02999999999999998
  ]
}