{
  "time": [
    -0.39000000059604645,
    -0.3799999952316284,
    -0.3700000047683716,
    -0.35999999940395355,
    -0.3499999940395355,
    -0.3400000035762787,
    -0.32999999821186066,
    -0.3199999928474426,
    -0.3100000023841858,
    -0.30000000447034836,
    -0.28999999910593033,
    -0.2800000011920929,
    -0.27000000327825546,
    -0.25999999791383743,
    -0.25,
    -0.24000000208616257,
    -0.23000000044703484,
    -0.2200000025331974,
    -0.21000000089406967,
    -0.19999999925494194,
    -0.1900000013411045,
    -0.17999999970197678,
    -0.16999999806284904,
    -0.1600000001490116,
    -0.14999999850988388,
    -0.13999999687075615,
    -0.12999999895691872,
    -0.11999999918043613,
    -0.10999999940395355,
    -0.09999999962747097,
    -0.08999999985098839,
    -0.0800000000745058,
    -0.07000000029802322,
    -0.06000000052154064,
    -0.049999999813735485,
    -0.0400000000372529,
    -0.03000000026077032,
    -0.020000000251457095,
    -0.010000000009313226,
    0.0,
    0.010000000009313226,
    0.020000000251457095,
    0.03000000026077032,
    0.0400000000372529,
    0.049999999813735485,
    0.06000000052154064,
    0.07000000029802322,
    0.0800000000745058,
    0.08999999985098839,
    0.09999999962747097,
    0.10999999940395355,
    0.11999999918043613,
    0.12999999895691872,
    0.13999999687075615,
    0.14999999850988388,
    0.1600000001490116,
    0.16999999806284904,
    0.17999999970197678,
    0.1900000013411045,
    0.19999999925494194,
    0.21000000089406967,
    0.2200000025331974,
    0.23000000044703484,
    0.24000000208616257,
    0.25,
    0.25999999791383743,
    0.27000000327825546,
    0.2800000011920929,
    0.28999999910593033
  ],
  "auc_C": [
    0.5039296848392758,
    0.47769248906237716,
    0.5140813706740719,
    0.5288569856697494,
    0.5264860758167195,
    0.5339000812134866,
    0.523198239501192,
    0.5503523617405884,
    0.5275601896727882,
    0.5102695763799743,
    0.5172775143433497,
    0.5479683529380943,
    0.5810824971837258,
    0.5658353200073355,
    0.5427418721018574,
    0.5460690052657777,
    0.5531162400775458,
    0.5357994288858035,
    0.5542427497314715,
    0.5630583427209138,
    0.5653113620287653,
    0.6108826072149013,
    0.6343821225537711,
    0.6253176495245082,
    0.6243745251630819,
    0.6350239710775196,
    0.6738099604411726,
    0.6687930627963636,
    0.6753425375284903,
    0.7316680202247781,
    0.8020617746456735,
    0.7981058919074691,
    0.7495218883445547,
    0.7257210971680073,
    0.6746875900552776,
    0.6563883576537162,
    0.6600953603520997,
    0.6731419140184957,
    0.6684655890597574,
    0.6235754892457623,
    0.6382463126457258,
    0.5902910586570957,
    0.5461475989625632,
    0.5594954284666369,
    0.6066516465379477,
    0.6010714940661759,
    0.5349872940190197,
    0.5687825836367923,
    0.6313955620759215,
    0.6069005265777684,
    0.5856409315972859,
    0.5757512247517749,
    0.5579235545309267,
    0.5526053810484399,
    0.5646040187576956,
    0.5734851064944592,
    0.5293809436483193,
    0.4995546357182154,
    0.4983233344685756,
    0.5377249744570485,
    0.5361007047234811,
    0.5099552015928323,
    0.5340965654554505,
    0.503523617405884,
    0.5106756438133662,
    0.541012810772576,
    0.5326294831154542,
    0.5527232715936181,
    0.5473658012627387
  ],
  "auc_S_raw": [
    0.4709723858133752,
    0.47820965842167257,
    0.5027090694935219,
    0.522483968067007,
    0.4988614055751865,
    0.5026305457400864,
    0.48383719408454395,
    0.4987697945295118,
    0.5162936788378485,
    0.5042402826855124,
    0.5093443266588142,
    0.5151681717052742,
    0.49750032718230597,
    0.48178248920298394,
    0.5023949744797802,
    0.5171967020023557,
    0.4914801727522575,
    0.5006020154430049,
    0.5221436984687868,
    0.5084020416175894,
    0.5099856039785369,
    0.5003271823059808,
    0.48755398508048686,
    0.488561706582908,
    0.5024865855254548,
    0.5250359900536579,
    0.5401779871744536,
    0.5359507917811804,
    0.501557387776469,
    0.5510666143174977,
    0.5917157440125638,
    0.6115168171705274,
    0.666012302054705,
    0.7215809449024997,
    0.7751864939144092,
    0.7796885224447062,
    0.7856039785368407,
    0.7963486454652532,
    0.8501505038607513,
    0.8883784844915588,
    0.8616673210312786,
    0.8509095668106269,
    0.8389870435806832,
    0.8045674649914933,
    0.7743881690878158,
    0.7431226279282815,
    0.732639706844654,
    0.7145923308467478,
    0.724211490642586,
    0.7551236749116608,
    0.7462112288967413,
    0.7686951969637481,
    0.7299175500588928,
    0.6333856825022902,
    0.6266849888758017,
    0.6699123151419972,
    0.7022379269729093,
    0.7020677921737992,
    0.6735505823845047,
    0.6604632901452689,
    0.6730140034026959,
    0.6848056537102473,
    0.6694149980369061,
    0.6500719801073157,
    0.6459625703441958,
    0.6314225886664048,
    0.6054574008637613,
    0.603167124721895,
    0.5906556733411857
  ],
  "auc_S_inv": [
    0.46636565894516424,
    0.4796099986912708,
    0.5071456615626226,
    0.5242245779348254,
    0.4989922784975788,
    0.5064651223661825,
    0.4883392226148409,
    0.503612092658029,
    0.5167909959429394,
    0.5042664572699909,
    0.5067399555032064,
    0.5106268812982594,
    0.5006936264886794,
    0.48564324041355844,
    0.5022641015573878,
    0.5207040963224709,
    0.4966496531867557,
    0.5003533568904593,
    0.5208349692448633,
    0.5071194869781442,
    0.5082842559874362,
    0.5022902761418663,
    0.48725297735898443,
    0.4857086768747546,
    0.5026828949090434,
    0.5260698861405575,
    0.5440387383850281,
    0.5386336866902237,
    0.5023557126030624,
    0.548750163591153,
    0.5922392357021332,
    0.6130872922392356,
    0.6656196832875277,
    0.7212145007198011,
    0.7759848187410024,
    0.7794267765999214,
    0.7896348645465252,
    0.7967412642324303,
    0.8472843868603586,
    0.8885093574139511,
    0.8609606072503598,
    0.8490904331893729,
    0.8361601884570082,
    0.8058107577542205,
    0.7716398377175763,
    0.7394974479780134,
    0.7294464075382803,
    0.7095144614579243,
    0.719486978144222,
    0.7492474806962441,
    0.7428739693757361,
    0.7658290799633555,
    0.724604109409763,
    0.6279151943462896,
    0.6227326266195524,
    0.6650961915979583,
    0.6989137547441435,
    0.6985865724381626,
    0.668904593639576,
    0.6557780395236227,
    0.6720848056537102,
    0.6842298128517209,
    0.6647951838764561,
    0.6457139117916503,
    0.642429001439602,
    0.6296950660908258,
    0.6031671247218949,
    0.6003795314749378,
    0.5884308336605157
  ],
  "acc_R_macro": null,
  "auc_T": null,
  "latencies_ms": {
    "C": -179.99999970197678,
    "S_raw": -80.0000000745058,
    "S_inv": -80.0000000745058,
    "T": null
  },
  "meta": {
    "align": "sacc",
    "orientation": "horizontal",
    "pt_min_ms": 200.0,
    "n_trials": 553,
    "n_bins": 69,
    "n_units": 118,
    "thr": 0.6,
    "k_bins": 5,
    "norm": "global",
    "baseline_win": null,
    "used_axes_mu_sd": false
  }
}