{
  "time": [
    -0.39000000059604645,
    -0.3799999952316284,
    -0.3700000047683716,
    -0.35999999940395355,
    -0.3499999940395355,
    -0.3400000035762787,
    -0.32999999821186066,
    -0.3199999928474426,
    -0.3100000023841858,
    -0.30000000447034836,
    -0.28999999910593033,
    -0.2800000011920929,
    -0.27000000327825546,
    -0.25999999791383743,
    -0.25,
    -0.24000000208616257,
    -0.23000000044703484,
    -0.2200000025331974,
    -0.21000000089406967,
    -0.19999999925494194,
    -0.1900000013411045,
    -0.17999999970197678,
    -0.16999999806284904,
    -0.1600000001490116,
    -0.14999999850988388,
    -0.13999999687075615,
    -0.12999999895691872,
    -0.11999999918043613,
    -0.10999999940395355,
    -0.09999999962747097,
    -0.08999999985098839,
    -0.0800000000745058,
    -0.07000000029802322,
    -0.06000000052154064,
    -0.049999999813735485,
    -0.0400000000372529,
    -0.03000000026077032,
    -0.020000000251457095,
    -0.010000000009313226,
    0.0,
    0.010000000009313226,
    0.020000000251457095,
    0.03000000026077032,
    0.0400000000372529,
    0.049999999813735485,
    0.06000000052154064,
    0.07000000029802322,
    0.0800000000745058,
    0.08999999985098839,
    0.09999999962747097,
    0.10999999940395355,
    0.11999999918043613,
    0.12999999895691872,
    0.13999999687075615,
    0.14999999850988388,
    0.1600000001490116,
    0.16999999806284904,
    0.17999999970197678,
    0.1900000013411045,
    0.19999999925494194,
    0.21000000089406967,
    0.2200000025331974,
    0.23000000044703484,
    0.24000000208616257,
    0.25,
    0.25999999791383743,
    0.27000000327825546,
    0.2800000011920929,
    0.28999999910593033
  ],
  "auc_C": [
    0.45713205406938273,
    0.4837413744210227,
    0.5156442007751205,
    0.5322573022024766,
    0.4965970318555629,
    0.5,
    0.5273182720483978,
    0.5384724454107194,
    0.51559693732867,
    0.5142262973816051,
    0.48364684752812176,
    0.506144248038567,
    0.5320918801398997,
    0.5244352018149164,
    0.4869080253332073,
    0.5096890065223556,
    0.5429152093770677,
    0.5063333018243691,
    0.4657340013233765,
    0.5033557046979866,
    0.5383306550713678,
    0.5644200775120523,
    0.5784100576614046,
    0.5916438226675489,
    0.6247282351829095,
    0.6290292088099064,
    0.644767936477928,
    0.671093676150865,
    0.7001134322714813,
    0.7522450137063994,
    0.7811702429341147,
    0.8374137442102277,
    0.8513091974666793,
    0.8110407410908403,
    0.7688344834105304,
    0.7914736742603271,
    0.786700066168825,
    0.763493713961622,
    0.7515360620096418,
    0.7815956139521694,
    0.8181775215048681,
    0.800642782871727,
    0.7536156536534645,
    0.7337177426977975,
    0.7014368087720957,
    0.7187824936194348,
    0.7837224690424426,
    0.7693071178750354,
    0.791190093581624,
    0.7752623121278004,
    0.7401928348615181,
    0.7022402873617544,
    0.6319122790433878,
    0.6129123735702808,
    0.5979771244919179,
    0.6046885338878911,
    0.6459967860856414,
    0.6582852821627752,
    0.6067681255317138,
    0.5734946592305511,
    0.6160790244824652,
    0.6422157103696001,
    0.5493430380943378,
    0.4947064939975423,
    0.520465072313073,
    0.5011815861612628,
    0.4993383117496928,
    0.4978258814632763,
    0.5138954532564515
  ],
  "auc_S_raw": [
    0.44870651204281886,
    0.43081573991475863,
    0.4794330458915651,
    0.4924918227772822,
    0.5078798691644366,
    0.4623352165725047,
    0.45425711170581823,
    0.48399246704331444,
    0.49628308058281295,
    0.543760531271682,
    0.5359797799583704,
    0.5224997522053723,
    0.47452671226087817,
    0.508226781643374,
    0.5262166716225591,
    0.48319952423431456,
    0.4946971949648132,
    0.4951927842204381,
    0.4726434730895034,
    0.49112895232431364,
    0.4155020319159481,
    0.3780354841907027,
    0.41029834473188626,
    0.43909208048369514,
    0.4315591237981961,
    0.46962037863019124,
    0.4718505302805035,
    0.4861235008425017,
    0.5662602834770543,
    0.5783031023887402,
    0.5832589949449896,
    0.623054812171672,
    0.6729606502131035,
    0.7806026365348399,
    0.8177222717811476,
    0.8311527406085836,
    0.8598473585092674,
    0.8846763802160769,
    0.9096540786995737,
    0.930964416691446,
    0.9361185449499455,
    0.9662008127663793,
    0.9596590345921301,
    0.9683318465655664,
    0.9771037763901278,
    0.9651600753295668,
    0.967489344831004,
    0.9698681732580038,
    0.9445931212211319,
    0.8851224105461394,
    0.8483001288532066,
    0.804390920804837,
    0.7547824363167807,
    0.6973932005154129,
    0.6601248884924175,
    0.7029933591039746,
    0.7292100307265339,
    0.6597284170879175,
    0.6103181683021113,
    0.5934681336108633,
    0.6091287540886113,
    0.664287838239667,
    0.6659232827832292,
    0.6244920210129844,
    0.6750421250867281,
    0.7337198929527208,
    0.7194469223907225,
    0.6923877490336009,
    0.683070671027852
  ],
  "auc_S_inv": [
    0.45083754584200614,
    0.4319060362771335,
    0.4670928734265041,
    0.48431460005947075,
    0.5025275052036872,
    0.460352859550005,
    0.4552978491426306,
    0.4741302408563782,
    0.49776984834968774,
    0.5487659827534939,
    0.5379125780553078,
    0.5224006343542471,
    0.48196055109525227,
    0.5014372088413123,
    0.5248290217068093,
    0.48072157795618986,
    0.487957181088314,
    0.48448805629893943,
    0.47308950341956585,
    0.47794627812469026,
    0.40390524333432454,
    0.3786301912974527,
    0.4060858360590742,
    0.4199623352165725,
    0.4093567251461988,
    0.4519774011299435,
    0.4542571117058182,
    0.4722965606105659,
    0.5449499454851818,
    0.5581821786103677,
    0.5674496976905541,
    0.596144315591238,
    0.6382198433937951,
    0.7417979978194073,
    0.7825849935573397,
    0.7906135394984636,
    0.8198533055803351,
    0.8655466349489543,
    0.8905738923580137,
    0.9137179105956983,
    0.9300227971057587,
    0.956041233026068,
    0.9567350579839429,
    0.9619387451680047,
    0.9662008127663793,
    0.9562394687283179,
    0.9582218257508177,
    0.964168896818317,
    0.9341857468530081,
    0.8693131132917038,
    0.8284269997026464,
    0.7837744077708395,
    0.7356526910496579,
    0.6779661016949151,
    0.6554663494895432,
    0.7148875012389732,
    0.7284666468430965,
    0.6629001883239172,
    0.6009019724452374,
    0.5922291604718009,
    0.6199325998612351,
    0.6636435722073546,
    0.6512538408167311,
    0.6102190504509862,
    0.669293289721479,
    0.7078501338090991,
    0.6904549509366636,
    0.6717712359996035,
    0.6618594508871048
  ],
  "acc_R_macro": null,
  "auc_T": null,
  "latencies_ms": {
    "C": -149.99999850988388,
    "S_raw": -80.0000000745058,
    "S_inv": -70.00000029802322,
    "T": null
  },
  "meta": {
    "align": "sacc",
    "orientation": "horizontal",
    "pt_min_ms": 200.0,
    "n_trials": 291,
    "n_bins": 69,
    "n_units": 82,
    "thr": 0.6,
    "k_bins": 5,
    "norm": "global",
    "baseline_win": null,
    "used_axes_mu_sd": false
  }
}