{
  "time": [
    -0.39000000059604645,
    -0.3799999952316284,
    -0.3700000047683716,
    -0.35999999940395355,
    -0.3499999940395355,
    -0.3400000035762787,
    -0.32999999821186066,
    -0.3199999928474426,
    -0.3100000023841858,
    -0.30000000447034836,
    -0.28999999910593033,
    -0.2800000011920929,
    -0.27000000327825546,
    -0.25999999791383743,
    -0.25,
    -0.24000000208616257,
    -0.23000000044703484,
    -0.2200000025331974,
    -0.21000000089406967,
    -0.19999999925494194,
    -0.1900000013411045,
    -0.17999999970197678,
    -0.16999999806284904,
    -0.1600000001490116,
    -0.14999999850988388,
    -0.13999999687075615,
    -0.12999999895691872,
    -0.11999999918043613,
    -0.10999999940395355,
    -0.09999999962747097,
    -0.08999999985098839,
    -0.0800000000745058,
    -0.07000000029802322,
    -0.06000000052154064,
    -0.049999999813735485,
    -0.0400000000372529,
    -0.03000000026077032,
    -0.020000000251457095,
    -0.010000000009313226,
    0.0,
    0.010000000009313226,
    0.020000000251457095,
    0.03000000026077032,
    0.0400000000372529,
    0.049999999813735485,
    0.06000000052154064,
    0.07000000029802322,
    0.0800000000745058,
    0.08999999985098839,
    0.09999999962747097,
    0.10999999940395355,
    0.11999999918043613,
    0.12999999895691872,
    0.13999999687075615,
    0.14999999850988388,
    0.1600000001490116,
    0.16999999806284904,
    0.17999999970197678,
    0.1900000013411045,
    0.19999999925494194,
    0.21000000089406967,
    0.2200000025331974,
    0.23000000044703484,
    0.24000000208616257,
    0.25,
    0.25999999791383743,
    0.27000000327825546,
    0.2800000011920929,
    0.28999999910593033
  ],
  "auc_C": [
    0.5653889781642877,
    0.5179364779279705,
    0.5036156536534644,
    0.5142971925512808,
    0.5997967671802628,
    0.6317704887040363,
    0.5831600340296814,
    0.5497684091123924,
    0.5493430380943378,
    0.5756924094905,
    0.6324321769543435,
    0.6772615559126571,
    0.6993572171282729,
    0.651644767936478,
    0.6734568484733907,
    0.7109131297854239,
    0.6271386709518858,
    0.590367709613385,
    0.6152991776160318,
    0.6338264486246337,
    0.6208526325739674,
    0.5679412042726155,
    0.5900368654882315,
    0.5275309575574251,
    0.5315719822289442,
    0.5224501370639947,
    0.505317137725683,
    0.5658852443520181,
    0.5629076472256357,
    0.56512902920881,
    0.4947301257207676,
    0.45221665563852914,
    0.48031477455336047,
    0.4982039890348804,
    0.5378580206068627,
    0.4970460345968428,
    0.48563191227904334,
    0.5115086492107004,
    0.5185509027318271,
    0.5599300500992532,
    0.5270346913696946,
    0.5276254844503261,
    0.5401266660364874,
    0.5039701295018433,
    0.48877493146800266,
    0.5613243217695434,
    0.5367473296152756,
    0.45528877965781267,
    0.485324699877115,
    0.48712071084223474,
    0.43033367993194066,
    0.44281122979487664,
    0.44035353057944987,
    0.41998298515927784,
    0.4629454579827962,
    0.45862085263257396,
    0.5253095755742507,
    0.5097835334152566,
    0.48151999243784854,
    0.4975423007845733,
    0.4349418659608659,
    0.44706493997542296,
    0.4729180451838548,
    0.49671519047168927,
    0.4693260232536156,
    0.4231260043482371,
    0.4740287361754419,
    0.4770772284715001,
    0.5033084412515361
  ],
  "auc_S_raw": [
    0.494994548518188,
    0.4722717811477847,
    0.4915006442660324,
    0.4694964813162851,
    0.40172465060957474,
    0.4228615323619784,
    0.4320299335910397,
    0.37322826841114076,
    0.3417087917533948,
    0.35479234810189314,
    0.38088512241054606,
    0.35660124888492417,
    0.3762513628704529,
    0.4226632966597284,
    0.37129547031420357,
    0.39451382694023196,
    0.4306670631380711,
    0.4332441272673208,
    0.4284616909505402,
    0.4556199821587868,
    0.509440975319655,
    0.5570423233224303,
    0.5877440777083953,
    0.5894786401030826,
    0.5868024581227079,
    0.6605956982852612,
    0.6992516602240063,
    0.7061651303399743,
    0.7404103479036575,
    0.7346862920011894,
    0.6640896025374171,
    0.5505253246109625,
    0.5366736049162454,
    0.5748587570621468,
    0.5678957280206165,
    0.5975319655069877,
    0.5205917335712162,
    0.49960352859550006,
    0.5043611854494995,
    0.5336009515313708,
    0.5149420160570919,
    0.48577658836356424,
    0.4862969570819704,
    0.4853057785707206,
    0.5085736941223115,
    0.5598671820794925,
    0.5453959758152442,
    0.5560759242739617,
    0.5663098424026167,
    0.5995638814550501,
    0.6235504014272971,
    0.5653434433541481,
    0.5294875607096838,
    0.4562890276538804,
    0.4097036376251363,
    0.45918822479928634,
    0.4594360194270989,
    0.47420457924472204,
    0.47789671919912774,
    0.5056992764396868,
    0.49412726732084444,
    0.5095896520963425,
    0.47180097135494103,
    0.44801268708494396,
    0.45497571612647436,
    0.5034939042521558,
    0.47601348002775307,
    0.44290811775200706,
    0.47499752205372187
  ],
  "auc_S_inv": [
    0.4927643968678759,
    0.4690504509862226,
    0.48485974824065814,
    0.4730151650312221,
    0.4054911289523243,
    0.42310932698979087,
    0.42826345524829024,
    0.3762761423332342,
    0.34790365744870644,
    0.36269699672911093,
    0.3843542471999207,
    0.35717117652889285,
    0.37312915056001583,
    0.42424918227772823,
    0.36690950540192285,
    0.3973882446228566,
    0.42967588462682127,
    0.4309644166914461,
    0.4299236792546337,
    0.46364852809991075,
    0.50973832887303,
    0.5543661413420558,
    0.5848696600257706,
    0.585414808206958,
    0.5825403905243334,
    0.6589602537416989,
    0.6969223907225692,
    0.708246605213599,
    0.744275944097532,
    0.7382049757161265,
    0.6696402022004162,
    0.5519129745267122,
    0.5330062444246209,
    0.5718356626028347,
    0.5727029438001784,
    0.6011002081474874,
    0.5186589354742789,
    0.495787491327188,
    0.49995044107443753,
    0.5290415303796214,
    0.5156358410149667,
    0.4892952720785014,
    0.48619783923084553,
    0.47435325602140954,
    0.5063931013975617,
    0.5612052730696799,
    0.5507483397759936,
    0.5525076816334622,
    0.5601893150956487,
    0.5925265140251759,
    0.6233026067994845,
    0.5648726335613043,
    0.5258202002180593,
    0.4526712260878184,
    0.40690355833085534,
    0.45356328674794333,
    0.45881653285756774,
    0.4705372187530975,
    0.4773020120923778,
    0.5035682426404995,
    0.4944741797997819,
    0.5077807513133115,
    0.4666220636336604,
    0.44712062642481915,
    0.4642432352066607,
    0.51033303597978,
    0.4806720190306274,
    0.45517395182872433,
    0.4800525324610963
  ],
  "acc_R_macro": null,
  "auc_T": null,
  "latencies_ms": {
    "C": -289.9999991059303,
    "S_raw": -139.99999687075615,
    "S_inv": -139.99999687075615,
    "T": null
  },
  "meta": {
    "align": "sacc",
    "orientation": "horizontal",
    "pt_min_ms": 200.0,
    "n_trials": 291,
    "n_bins": 69,
    "n_units": 23,
    "thr": 0.6,
    "k_bins": 5,
    "norm": "global",
    "baseline_win": null,
    "used_axes_mu_sd": false
  }
}