{
  "time": [
    -0.39000000059604645,
    -0.3799999952316284,
    -0.3700000047683716,
    -0.35999999940395355,
    -0.3499999940395355,
    -0.3400000035762787,
    -0.32999999821186066,
    -0.3199999928474426,
    -0.3100000023841858,
    -0.30000000447034836,
    -0.28999999910593033,
    -0.2800000011920929,
    -0.27000000327825546,
    -0.25999999791383743,
    -0.25,
    -0.24000000208616257,
    -0.23000000044703484,
    -0.2200000025331974,
    -0.21000000089406967,
    -0.19999999925494194,
    -0.1900000013411045,
    -0.17999999970197678,
    -0.16999999806284904,
    -0.1600000001490116,
    -0.14999999850988388,
    -0.13999999687075615,
    -0.12999999895691872,
    -0.11999999918043613,
    -0.10999999940395355,
    -0.09999999962747097,
    -0.08999999985098839,
    -0.0800000000745058,
    -0.07000000029802322,
    -0.06000000052154064,
    -0.049999999813735485,
    -0.0400000000372529,
    -0.03000000026077032,
    -0.020000000251457095,
    -0.010000000009313226,
    0.0,
    0.010000000009313226,
    0.020000000251457095,
    0.03000000026077032,
    0.0400000000372529,
    0.049999999813735485,
    0.06000000052154064,
    0.07000000029802322,
    0.0800000000745058,
    0.08999999985098839,
    0.09999999962747097,
    0.10999999940395355,
    0.11999999918043613,
    0.12999999895691872,
    0.13999999687075615,
    0.14999999850988388,
    0.1600000001490116,
    0.16999999806284904,
    0.17999999970197678,
    0.1900000013411045,
    0.19999999925494194,
    0.21000000089406967,
    0.2200000025331974,
    0.23000000044703484,
    0.24000000208616257,
    0.25,
    0.25999999791383743,
    0.27000000327825546,
    0.2800000011920929,
    0.28999999910593033
  ],
  "auc_C": null,
  "auc_S_raw": [
    0.49859118852459017,
    0.5178662909836066,
    0.45946465163934425,
    0.43717981557377045,
    0.5003201844262295,
    0.44652920081967207,
    0.4287589651639344,
    0.4816854508196722,
    0.4960297131147541,
    0.4788037909836065,
    0.5521260245901638,
    0.5815189549180328,
    0.5416239754098361,
    0.5007044057377049,
    0.5051869877049181,
    0.5402792008196722,
    0.531890368852459,
    0.5282402663934427,
    0.5427126024590163,
    0.5259989754098361,
    0.5062756147540983,
    0.4950051229508197,
    0.4907786885245902,
    0.4725922131147541,
    0.5503329918032787,
    0.6205174180327868,
    0.6202932889344261,
    0.6771900614754098,
    0.5861296106557377,
    0.5603867827868854,
    0.6512551229508197,
    0.6805199795081966,
    0.5854252049180328,
    0.5174180327868853,
    0.4898181352459017,
    0.5449538934426229,
    0.5151127049180327,
    0.45120389344262296,
    0.48440701844262296,
    0.5052510245901639,
    0.5556480532786886,
    0.5395747950819673,
    0.5159772028688525,
    0.5203637295081968,
    0.47957223360655743,
    0.4839907786885246,
    0.5322105532786885,
    0.6561859631147542,
    0.5762679303278689,
    0.5103099385245902,
    0.5242379610655739,
    0.5212922643442622,
    0.5531826331967213,
    0.5101498463114753,
    0.5125832479508197,
    0.5095414959016393,
    0.4757940573770492,
    0.5290407274590164,
    0.5083247950819672,
    0.47496157786885246,
    0.5080046106557377,
    0.4837986680327869,
    0.5100537909836065,
    0.5286885245901639,
    0.4748335040983606,
    0.4779392930327869,
    0.5628201844262295,
    0.5576331967213115,
    0.5506211577868853
  ],
  "auc_S_inv": [
    0.49859118852459017,
    0.5178662909836066,
    0.45946465163934425,
    0.43717981557377045,
    0.5003201844262295,
    0.44652920081967207,
    0.4287589651639344,
    0.4816854508196722,
    0.4960297131147541,
    0.4788037909836065,
    0.5521260245901638,
    0.5815189549180328,
    0.5416239754098361,
    0.5007044057377049,
    0.5051869877049181,
    0.5402792008196722,
    0.531890368852459,
    0.5282402663934427,
    0.5427126024590163,
    0.5259989754098361,
    0.5062756147540983,
    0.4950051229508197,
    0.4907786885245902,
    0.4725922131147541,
    0.5503329918032787,
    0.6205174180327868,
    0.6202932889344261,
    0.6771900614754098,
    0.5861296106557377,
    0.5603867827868854,
    0.6512551229508197,
    0.6805199795081966,
    0.5854252049180328,
    0.5174180327868853,
    0.4898181352459017,
    0.5449538934426229,
    0.5151127049180327,
    0.45120389344262296,
    0.48440701844262296,
    0.5052510245901639,
    0.5556480532786886,
    0.5395747950819673,
    0.5159772028688525,
    0.5203637295081968,
    0.47957223360655743,
    0.4839907786885246,
    0.5322105532786885,
    0.6561859631147542,
    0.5762679303278689,
    0.5103099385245902,
    0.5242379610655739,
    0.5212922643442622,
    0.5531826331967213,
    0.5101498463114753,
    0.5125832479508197,
    0.5095414959016393,
    0.4757940573770492,
    0.5290407274590164,
    0.5083247950819672,
    0.47496157786885246,
    0.5080046106557377,
    0.4837986680327869,
    0.5100537909836065,
    0.5286885245901639,
    0.4748335040983606,
    0.4779392930327869,
    0.5628201844262295,
    0.5576331967213115,
    0.5506211577868853
  ],
  "acc_R_macro": null,
  "auc_T": null,
  "latencies_ms": {
    "C": null,
    "S_raw": null,
    "S_inv": null,
    "T": null
  },
  "meta": {
    "align": "sacc",
    "orientation": "horizontal",
    "pt_min_ms": 200.0,
    "n_trials": 250,
    "n_bins": 69,
    "n_units": 48,
    "thr": 0.6,
    "k_bins": 5,
    "norm": "global",
    "baseline_win": null,
    "used_axes_mu_sd": false
  }
}