{
  "time": [
    -0.39000000059604645,
    -0.3799999952316284,
    -0.3700000047683716,
    -0.35999999940395355,
    -0.3499999940395355,
    -0.3400000035762787,
    -0.32999999821186066,
    -0.3199999928474426,
    -0.3100000023841858,
    -0.30000000447034836,
    -0.28999999910593033,
    -0.2800000011920929,
    -0.27000000327825546,
    -0.25999999791383743,
    -0.25,
    -0.24000000208616257,
    -0.23000000044703484,
    -0.2200000025331974,
    -0.21000000089406967,
    -0.19999999925494194,
    -0.1900000013411045,
    -0.17999999970197678,
    -0.16999999806284904,
    -0.1600000001490116,
    -0.14999999850988388,
    -0.13999999687075615,
    -0.12999999895691872,
    -0.11999999918043613,
    -0.10999999940395355,
    -0.09999999962747097,
    -0.08999999985098839,
    -0.0800000000745058,
    -0.07000000029802322,
    -0.06000000052154064,
    -0.049999999813735485,
    -0.0400000000372529,
    -0.03000000026077032,
    -0.020000000251457095,
    -0.010000000009313226,
    0.0,
    0.010000000009313226,
    0.020000000251457095,
    0.03000000026077032,
    0.0400000000372529,
    0.049999999813735485,
    0.06000000052154064,
    0.07000000029802322,
    0.0800000000745058,
    0.08999999985098839,
    0.09999999962747097,
    0.10999999940395355,
    0.11999999918043613,
    0.12999999895691872,
    0.13999999687075615,
    0.14999999850988388,
    0.1600000001490116,
    0.16999999806284904,
    0.17999999970197678,
    0.1900000013411045,
    0.19999999925494194,
    0.21000000089406967,
    0.2200000025331974,
    0.23000000044703484,
    0.24000000208616257,
    0.25,
    0.25999999791383743,
    0.27000000327825546,
    0.2800000011920929,
    0.28999999910593033
  ],
  "auc_C": null,
  "auc_S_raw": [
    0.5600756143667296,
    0.5297542533081285,
    0.5382986767485822,
    0.528468809073724,
    0.4961058601134215,
    0.5392060491493383,
    0.533156899810964,
    0.5209829867674858,
    0.5250661625708883,
    0.49776937618147443,
    0.4415122873345936,
    0.44045368620037806,
    0.46903591682419665,
    0.48173913043478256,
    0.44211720226843093,
    0.43092627599243855,
    0.4410586011342155,
    0.43879017013232513,
    0.4126275992438563,
    0.4383364839319471,
    0.45247637051039696,
    0.39667296786389417,
    0.44302457466918715,
    0.5024574669187145,
    0.5143289224952742,
    0.4570888468809074,
    0.43516068052930057,
    0.5014744801512288,
    0.5368620037807184,
    0.5026086956521738,
    0.4760680529300567,
    0.4914177693761815,
    0.5741398865784499,
    0.622079395085066,
    0.6729678638941399,
    0.7773913043478261,
    0.7685444234404537,
    0.7747448015122873,
    0.8780340264650283,
    0.9265028355387523,
    0.9615879017013232,
    0.9712665406427221,
    0.9690737240075614,
    0.9785255198487713,
    0.9872211720226842,
    0.9887334593572779,
    0.9901701323251417,
    0.9916824196597354,
    0.9915311909262761,
    0.9907750472589792,
    0.9911531190926276,
    0.9950094517958412,
    0.9977315689981097,
    0.991304347826087,
    0.9942533081285444,
    0.9778449905482042,
    0.976030245746692,
    0.9892627599243856,
    0.9744423440453687,
    0.9841965973534972,
    0.9725519848771267,
    0.9453308128544423,
    0.9489603024574669,
    0.9604536862003781,
    0.9264272211720227,
    0.9351984877126653,
    0.9184120982986769,
    0.8985255198487713,
    0.9175803402646503
  ],
  "auc_S_inv": [
    0.5600756143667296,
    0.5297542533081285,
    0.5382986767485822,
    0.528468809073724,
    0.4961058601134215,
    0.5392060491493383,
    0.533156899810964,
    0.5209829867674858,
    0.5250661625708883,
    0.49776937618147443,
    0.4415122873345936,
    0.44045368620037806,
    0.46903591682419665,
    0.48173913043478256,
    0.44211720226843093,
    0.43092627599243855,
    0.4410586011342155,
    0.43879017013232513,
    0.4126275992438563,
    0.4383364839319471,
    0.45247637051039696,
    0.39667296786389417,
    0.44302457466918715,
    0.5024574669187145,
    0.5143289224952742,
    0.4570888468809074,
    0.43516068052930057,
    0.5014744801512288,
    0.5368620037807184,
    0.5026086956521738,
    0.4760680529300567,
    0.4914177693761815,
    0.5741398865784499,
    0.622079395085066,
    0.6729678638941399,
    0.7773913043478261,
    0.7685444234404537,
    0.7747448015122873,
    0.8780340264650283,
    0.9265028355387523,
    0.9615879017013232,
    0.9712665406427221,
    0.9690737240075614,
    0.9785255198487713,
    0.9872211720226842,
    0.9887334593572779,
    0.9901701323251417,
    0.9916824196597354,
    0.9915311909262761,
    0.9907750472589792,
    0.9911531190926276,
    0.9950094517958412,
    0.9977315689981097,
    0.991304347826087,
    0.9942533081285444,
    0.9778449905482042,
    0.976030245746692,
    0.9892627599243856,
    0.9744423440453687,
    0.9841965973534972,
    0.9725519848771267,
    0.9453308128544423,
    0.9489603024574669,
    0.9604536862003781,
    0.9264272211720227,
    0.9351984877126653,
    0.9184120982986769,
    0.8985255198487713,
    0.9175803402646503
  ],
  "acc_R_macro": null,
  "auc_T": null,
  "latencies_ms": {
    "C": null,
    "S_raw": -60.00000052154064,
    "S_inv": -60.00000052154064,
    "T": null
  },
  "meta": {
    "align": "sacc",
    "orientation": "horizontal",
    "pt_min_ms": 200.0,
    "n_trials": 230,
    "n_bins": 69,
    "n_units": 98,
    "thr": 0.6,
    "k_bins": 5,
    "norm": "global",
    "baseline_win": null,
    "used_axes_mu_sd": false
  }
}