{
  "time": [
    -0.39000000059604645,
    -0.3799999952316284,
    -0.3700000047683716,
    -0.35999999940395355,
    -0.3499999940395355,
    -0.3400000035762787,
    -0.32999999821186066,
    -0.3199999928474426,
    -0.3100000023841858,
    -0.30000000447034836,
    -0.28999999910593033,
    -0.2800000011920929,
    -0.27000000327825546,
    -0.25999999791383743,
    -0.25,
    -0.24000000208616257,
    -0.23000000044703484,
    -0.2200000025331974,
    -0.21000000089406967,
    -0.19999999925494194,
    -0.1900000013411045,
    -0.17999999970197678,
    -0.16999999806284904,
    -0.1600000001490116,
    -0.14999999850988388,
    -0.13999999687075615,
    -0.12999999895691872,
    -0.11999999918043613,
    -0.10999999940395355,
    -0.09999999962747097,
    -0.08999999985098839,
    -0.0800000000745058,
    -0.07000000029802322,
    -0.06000000052154064,
    -0.049999999813735485,
    -0.0400000000372529,
    -0.03000000026077032,
    -0.020000000251457095,
    -0.010000000009313226,
    0.0,
    0.010000000009313226,
    0.020000000251457095,
    0.03000000026077032,
    0.0400000000372529,
    0.049999999813735485,
    0.06000000052154064,
    0.07000000029802322,
    0.0800000000745058,
    0.08999999985098839,
    0.09999999962747097,
    0.10999999940395355,
    0.11999999918043613,
    0.12999999895691872,
    0.13999999687075615,
    0.14999999850988388,
    0.1600000001490116,
    0.16999999806284904,
    0.17999999970197678,
    0.1900000013411045,
    0.19999999925494194,
    0.21000000089406967,
    0.2200000025331974,
    0.23000000044703484,
    0.24000000208616257,
    0.25,
    0.25999999791383743,
    0.27000000327825546,
    0.2800000011920929,
    0.28999999910593033
  ],
  "auc_C": [
    0.530016583747927,
    0.5422885572139304,
    0.5475953565505804,
    0.5492537313432836,
    0.4835820895522388,
    0.48656716417910445,
    0.5177446102819236,
    0.49353233830845766,
    0.4610281923714759,
    0.48026533996683246,
    0.45207296849087897,
    0.48225538971807635,
    0.5306799336650083,
    0.44842454394693204,
    0.49751243781094523,
    0.466334991708126,
    0.4092868988391376,
    0.4935323383084577,
    0.5150912106135986,
    0.48822553897180765,
    0.4126036484245439,
    0.49220563847429516,
    0.5840796019900497,
    0.5592039800995025,
    0.49386401326699836,
    0.639469320066335,
    0.7502487562189054,
    0.7034825870646767,
    0.7827529021558872,
    0.7897180762852405,
    0.8,
    0.8693200663349917,
    0.9058043117744611,
    0.8912106135986734,
    0.8477611940298507,
    0.8348258706467662,
    0.834162520729685,
    0.8411276948590382,
    0.8650082918739636,
    0.8650082918739634,
    0.8822553897180763,
    0.8955223880597015,
    0.84212271973466,
    0.820563847429519,
    0.8480928689883913,
    0.7893864013266998,
    0.7854063018242122,
    0.8023217247097845,
    0.7592039800995025,
    0.7824212271973466,
    0.7986733001658375,
    0.7349917081260364,
    0.7306799336650083,
    0.7665008291873964,
    0.8019900497512438,
    0.7416252072968491,
    0.738971807628524,
    0.7442786069651742,
    0.6859038142620232,
    0.7386401326699834,
    0.7638474295190713,
    0.699502487562189,
    0.6265339966832505,
    0.6238805970149254,
    0.6142620232172471,
    0.5920398009950248,
    0.6868988391376452,
    0.686898839137645,
    0.6417910447761195
  ],
  "auc_S_raw": [
    0.508133971291866,
    0.5537480063795853,
    0.6688995215311004,
    0.6478468899521531,
    0.5843700159489633,
    0.5712918660287081,
    0.554066985645933,
    0.5964912280701755,
    0.5317384370015948,
    0.5317384370015948,
    0.49569377990430624,
    0.4258373205741627,
    0.4861244019138756,
    0.5687400318979265,
    0.5792663476874004,
    0.6188197767145136,
    0.5971291866028708,
    0.5250398724082934,
    0.5534290271132377,
    0.6188197767145136,
    0.6118022328548643,
    0.5687400318979267,
    0.5087719298245614,
    0.5460925039872409,
    0.5897926634768741,
    0.5799043062200957,
    0.559170653907496,
    0.5840510366826156,
    0.6312599681020734,
    0.672408293460925,
    0.7046251993620415,
    0.7196172248803828,
    0.7480063795853269,
    0.8070175438596491,
    0.8207336523125998,
    0.836682615629984,
    0.8354066985645933,
    0.8548644338118022,
    0.9110047846889952,
    0.9228070175438595,
    0.9036682615629984,
    0.9218500797448166,
    0.9240829346092505,
    0.9451355661881977,
    0.9543859649122808,
    0.8749601275917065,
    0.860287081339713,
    0.8775119617224879,
    0.8519936204146731,
    0.8787878787878788,
    0.8475279106858055,
    0.7779904306220096,
    0.7113237639553427,
    0.7473684210526316,
    0.727591706539075,
    0.7304625199362041,
    0.7543859649122807,
    0.6861244019138756,
    0.7304625199362041,
    0.7585326953748006,
    0.6771929824561403,
    0.5614035087719298,
    0.55311004784689,
    0.6500797448165869,
    0.6165869218500797,
    0.6098883572567783,
    0.6223285486443382,
    0.6025518341307815,
    0.6066985645933014
  ],
  "auc_S_inv": [
    0.5100478468899522,
    0.5473684210526316,
    0.6682615629984051,
    0.6472089314194577,
    0.5789473684210527,
    0.5636363636363636,
    0.5470494417862839,
    0.5824561403508772,
    0.5253588516746411,
    0.5221690590111643,
    0.4851674641148325,
    0.4267942583732057,
    0.47974481658692186,
    0.5677830940988836,
    0.5760765550239234,
    0.6149920255183413,
    0.6092503987240829,
    0.5291866028708134,
    0.5502392344497608,
    0.621371610845295,
    0.6108452950558214,
    0.5645933014354066,
    0.503030303030303,
    0.5416267942583732,
    0.5920255183413079,
    0.5722488038277512,
    0.5470494417862839,
    0.579585326953748,
    0.6191387559808612,
    0.656140350877193,
    0.6909090909090909,
    0.7023923444976077,
    0.7272727272727273,
    0.8009569377990431,
    0.8102073365231259,
    0.8261562998405103,
    0.8280701754385965,
    0.8421052631578947,
    0.9062200956937799,
    0.9189792663476873,
    0.9033492822966507,
    0.9196172248803828,
    0.9170653907496013,
    0.9390749601275916,
    0.9534290271132376,
    0.8720893141945774,
    0.8596491228070177,
    0.8787878787878788,
    0.8500797448165869,
    0.8679425837320573,
    0.8408293460925039,
    0.7748006379585327,
    0.7030303030303032,
    0.7403508771929824,
    0.7135566188197767,
    0.7199362041467304,
    0.7483253588516746,
    0.6740031897926635,
    0.7320574162679425,
    0.7483253588516745,
    0.6599681020733652,
    0.5537480063795853,
    0.5419457735247208,
    0.6296650717703349,
    0.6086124401913876,
    0.6,
    0.6124401913875599,
    0.5894736842105264,
    0.5945773524720893
  ],
  "acc_R_macro": null,
  "auc_T": null,
  "latencies_ms": {
    "C": -139.99999687075615,
    "S_raw": -109.99999940395355,
    "S_inv": -109.99999940395355,
    "T": null
  },
  "meta": {
    "align": "sacc",
    "orientation": null,
    "pt_min_ms": 200.0,
    "n_trials": 112,
    "n_bins": 69,
    "n_units": 72,
    "thr": 0.6,
    "k_bins": 5,
    "norm": "global",
    "baseline_win": null,
    "used_axes_mu_sd": false,
    "correct_mode": "correctonly"
  }
}