{
  "time": [
    -0.24000000208616257,
    -0.2199999988079071,
    -0.19999999552965164,
    -0.17999999970197678,
    -0.1600000038743019,
    -0.14000000059604645,
    -0.12000000104308128,
    -0.09999999776482582,
    -0.08000000193715096,
    -0.05999999865889549,
    -0.04000000096857548,
    -0.02000000001862645,
    0.0,
    0.02000000001862645,
    0.04000000096857548,
    0.05999999865889549,
    0.08000000193715096,
    0.09999999776482582,
    0.12000000104308128,
    0.14000000059604645,
    0.1600000038743019,
    0.17999999970197678,
    0.19999999552965164,
    0.2199999988079071,
    0.24000000208616257,
    0.25999999046325684,
    0.2800000011920929,
    0.29999999701976776,
    0.3199999928474426,
    0.3400000035762787,
    0.35999999940395355,
    0.3799999952316284,
    0.4000000059604645,
    0.42000000178813934,
    0.4399999976158142,
    0.46000000834465027,
    0.48000000417232513,
    0.5,
    0.5199999809265137,
    0.5400000214576721,
    0.5600000023841858,
    0.5799999833106995,
    0.6000000238418579,
    0.6200000047683716,
    0.6399999856948853,
    0.6599999964237213,
    0.6800000071525574,
    0.699999988079071,
    0.7199999988079071,
    0.7400000095367432,
    0.7599999904632568,
    0.7800000011920929
  ],
  "auc_C": [
    0.5014681700728214,
    0.49794456189805025,
    0.4708715057552266,
    0.505050505050505,
    0.46212121212121215,
    0.48666901573878313,
    0.5523843081982617,
    0.5165609584214236,
    0.4766854592435988,
    0.5302443035001174,
    0.5354122621564482,
    0.5299506694855531,
    0.5613695090439277,
    0.47879962414846133,
    0.5529128494244773,
    0.5107470049330514,
    0.5785177354944797,
    0.4944796805261922,
    0.472692036645525,
    0.5064012215175006,
    0.5190274841437632,
    0.5691801738313367,
    0.5562015503875969,
    0.5352948085506226,
    0.5590791637303265,
    0.5177354944796805,
    0.6410030537937514,
    0.6929762743716232,
    0.6555673009161381,
    0.7188160676532769,
    0.7673831336622035,
    0.7651515151515151,
    0.7959243598778483,
    0.8449025135071646,
    0.8711533944092085,
    0.8987549917782476,
    0.9010453370918488,
    0.9217758985200846,
    0.8990486257928119,
    0.9194268264035705,
    0.8446088794926004,
    0.8677472398402631,
    0.8948790227859994,
    0.8563542400751704,
    0.8422598073760865,
    0.7845900869156682,
    0.789346957951609,
    0.7489429175475687,
    0.73989898989899,
    0.7111815832746065,
    0.6844608879492601,
    0.7224864928353301
  ],
  "auc_S_raw": null,
  "auc_S_inv": null,
  "acc_R_macro": [
    0.45207892882311485,
    0.4100599013389711,
    0.42899929527836506,
    0.40988372093023256,
    0.4178118393234672,
    0.4021317829457365,
    0.3487491190979563,
    0.4635306553911205,
    0.41402396053558843,
    0.36804087385482737,
    0.41375968992248063,
    0.46678999295278367,
    0.42177589852008457,
    0.4095313601127555,
    0.41014799154334036,
    0.40997181113460185,
    0.42071881606765327,
    0.43261099365750527,
    0.5289816772374911,
    0.4593904157857646,
    0.5442212825933757,
    0.4704897815362932,
    0.5554087385482734,
    0.5706483439041579,
    0.49356941508104296,
    0.5864164904862579,
    0.4829105003523608,
    0.4977977448907681,
    0.4794749823819592,
    0.42891120507399577,
    0.46379492600422834,
    0.39455602536997886,
    0.4825581395348837,
    0.3835447498238196,
    0.43278717406624384,
    0.4365750528541226,
    0.46000704721634955,
    0.41402396053558843,
    0.41331923890063427,
    0.4024841437632135,
    0.3868040873854827,
    0.42917547568710357,
    0.42521141649048627,
    0.4095313601127555,
    0.4445031712473573,
    0.42186398872445385,
    0.4369274136715997,
    0.41737138830162085,
    0.4482029598308668,
    0.4365750528541226,
    0.39437984496124034,
    0.41358350951374206
  ],
  "auc_T": null,
  "latencies_ms": {
    "C": 280.0000011920929,
    "S_raw": null,
    "S_inv": null,
    "T": null
  },
  "meta": {
    "align": "stim",
    "orientation": "vertical",
    "pt_min_ms": 200.0,
    "n_trials": 261,
    "n_bins": 52,
    "n_units": 78,
    "thr": 0.6,
    "k_bins": 5,
    "norm": "global",
    "baseline_win": null,
    "used_axes_mu_sd": false
  }
}