{
  "sid": "20201216",
  "align": "stim",
  "features": [
    "C",
    "R"
  ],
  "winC": [
    0.1,
    0.3
  ],
  "winR": [
    0.05,
    0.2
  ],
  "winS": null,
  "winT": null,
  "pt_min_ms": 200.0,
  "orientation": "vertical",
  "areas": [
    "MFEF",
    "MLIP",
    "MSC"
  ],
  "tag": "axes_peakbin_stimCR-stim-vertical-20msbin",
  "norm": "global",
  "baseline_win": null,
  "clf_binary": "logreg",
  "C_grid": [
    0.1,
    0.3,
    1.0,
    3.0,
    10.0
  ],
  "lda_shrinkage": null,
  "searchC": true,
  "searchS": false,
  "searchT": false,
  "searchR": true,
  "search_step_ms": 20.0,
  "search_len_ms": [
    60.0,
    100.0,
    140.0,
    200.0,
    240.0
  ],
  "search_range_C": "0.00:0.50",
  "search_range_S": null,
  "search_range_T": null,
  "search_range_R": "0.00:0.50",
  "search_score_mode": "peak_bin_auc",
  "search_tiebreak": "shortest_then_earliest",
  "search_tol": 0.01,
  "per_area_results": {
    "MFEF": {
      "winC_selected": [
        0.23999999999999996,
        0.29999999999999993
      ],
      "winC_cv_best": 0.9338301716350497,
      "winC_best_param": 0.3,
      "winC_peak_time_ms": 240.00000208616257,
      "winC_peak_auc": 0.9338301716350497,
      "winC_mean_bin_auc": 0.9031588753387534,
      "winC_cv_auc_original": 0.9825714285714285,
      "winR_selected": [
        0.23999999999999996,
        0.43999999999999995
      ],
      "winR_cv_best": 0.6092922824302135,
      "sC_auc": 0.9338301716350497,
      "n_trials_C": 267
    },
    "MLIP": {
      "winC_selected": [
        0.4400000000000001,
        0.5000000000000001
      ],
      "winC_cv_best": 0.9599706413730803,
      "winC_best_param": 0.1,
      "winC_peak_time_ms": 500.0,
      "winC_peak_auc": 0.9599706413730803,
      "winC_mean_bin_auc": 0.9410004516711833,
      "winC_cv_auc_original": 0.9780804597701149,
      "winR_selected": [
        0.16,
        0.26
      ],
      "winR_cv_best": 0.7779638752052545,
      "sC_auc": 0.9599706413730803,
      "n_trials_C": 267
    },
    "MSC": {
      "winC_selected": [
        0.25999999999999995,
        0.36
      ],
      "winC_cv_best": 0.6759259259259259,
      "winC_best_param": 10.0,
      "winC_peak_time_ms": 340.0000035762787,
      "winC_peak_auc": 0.6759259259259259,
      "winC_mean_bin_auc": 0.6132734869015357,
      "winC_cv_auc_original": 0.7816699507389163,
      "winR_selected": [
        0.08,
        0.18
      ],
      "winR_cv_best": 0.6010977011494254,
      "sC_auc": 0.6759259259259259,
      "n_trials_C": 267
    }
  },
  "rebin_factor": 2
}