{
  "time": [
    -0.39000000059604645,
    -0.3799999952316284,
    -0.3700000047683716,
    -0.35999999940395355,
    -0.3499999940395355,
    -0.3400000035762787,
    -0.32999999821186066,
    -0.3199999928474426,
    -0.3100000023841858,
    -0.30000000447034836,
    -0.28999999910593033,
    -0.2800000011920929,
    -0.27000000327825546,
    -0.25999999791383743,
    -0.25,
    -0.24000000208616257,
    -0.23000000044703484,
    -0.2200000025331974,
    -0.21000000089406967,
    -0.19999999925494194,
    -0.1900000013411045,
    -0.17999999970197678,
    -0.16999999806284904,
    -0.1600000001490116,
    -0.14999999850988388,
    -0.13999999687075615,
    -0.12999999895691872,
    -0.11999999918043613,
    -0.10999999940395355,
    -0.09999999962747097,
    -0.08999999985098839,
    -0.0800000000745058,
    -0.07000000029802322,
    -0.06000000052154064,
    -0.049999999813735485,
    -0.0400000000372529,
    -0.03000000026077032,
    -0.020000000251457095,
    -0.010000000009313226,
    0.0,
    0.010000000009313226,
    0.020000000251457095,
    0.03000000026077032,
    0.0400000000372529,
    0.049999999813735485,
    0.06000000052154064,
    0.07000000029802322,
    0.0800000000745058,
    0.08999999985098839,
    0.09999999962747097,
    0.10999999940395355,
    0.11999999918043613,
    0.12999999895691872,
    0.13999999687075615,
    0.14999999850988388,
    0.1600000001490116,
    0.16999999806284904,
    0.17999999970197678,
    0.1900000013411045,
    0.19999999925494194,
    0.21000000089406967,
    0.2200000025331974,
    0.23000000044703484,
    0.24000000208616257,
    0.25,
    0.25999999791383743,
    0.27000000327825546,
    0.2800000011920929,
    0.28999999910593033
  ],
  "auc_C": null,
  "auc_S_raw": [
    0.5502689549180328,
    0.5103739754098361,
    0.5304815573770492,
    0.5315701844262295,
    0.5113985655737705,
    0.5635245901639345,
    0.5342597336065574,
    0.5165855532786885,
    0.5220286885245902,
    0.49500512295081966,
    0.4488345286885245,
    0.44140625000000006,
    0.47765112704918034,
    0.49346823770491804,
    0.438780737704918,
    0.4501793032786885,
    0.47713883196721313,
    0.4531890368852459,
    0.4364754098360656,
    0.4656762295081967,
    0.46599641393442626,
    0.4143826844262295,
    0.45901639344262296,
    0.5126152663934426,
    0.5125512295081968,
    0.4572873975409836,
    0.45037141393442626,
    0.490906762295082,
    0.5085169057377049,
    0.49334016393442615,
    0.49141905737704916,
    0.4976306352459016,
    0.553983094262295,
    0.5986168032786886,
    0.6602202868852458,
    0.7551229508196722,
    0.7542264344262295,
    0.7781121926229508,
    0.8764728483606558,
    0.9287269467213114,
    0.9608094262295082,
    0.9663165983606558,
    0.963563012295082,
    0.9757940573770492,
    0.9813652663934427,
    0.9887295081967213,
    0.9907146516393442,
    0.9931480532786885,
    0.9935322745901639,
    0.9924436475409836,
    0.9932120901639344,
    0.9951331967213115,
    0.9981429303278688,
    0.9900742827868853,
    0.9943007172131147,
    0.979764344262295,
    0.9791239754098361,
    0.9877049180327868,
    0.9750896516393442,
    0.9839267418032787,
    0.9741931352459017,
    0.9491547131147541,
    0.9551101434426229,
    0.9631147540983607,
    0.9321209016393444,
    0.9403816598360655,
    0.9201460040983607,
    0.9108606557377049,
    0.9264856557377049
  ],
  "auc_S_inv": [
    0.5502689549180328,
    0.5103739754098361,
    0.5304815573770492,
    0.5315701844262295,
    0.5113985655737705,
    0.5635245901639345,
    0.5342597336065574,
    0.5165855532786885,
    0.5220286885245902,
    0.49500512295081966,
    0.4488345286885245,
    0.44140625000000006,
    0.47765112704918034,
    0.49346823770491804,
    0.438780737704918,
    0.4501793032786885,
    0.47713883196721313,
    0.4531890368852459,
    0.4364754098360656,
    0.4656762295081967,
    0.46599641393442626,
    0.4143826844262295,
    0.45901639344262296,
    0.5126152663934426,
    0.5125512295081968,
    0.4572873975409836,
    0.45037141393442626,
    0.490906762295082,
    0.5085169057377049,
    0.49334016393442615,
    0.49141905737704916,
    0.4976306352459016,
    0.553983094262295,
    0.5986168032786886,
    0.6602202868852458,
    0.7551229508196722,
    0.7542264344262295,
    0.7781121926229508,
    0.8764728483606558,
    0.9287269467213114,
    0.9608094262295082,
    0.9663165983606558,
    0.963563012295082,
    0.9757940573770492,
    0.9813652663934427,
    0.9887295081967213,
    0.9907146516393442,
    0.9931480532786885,
    0.9935322745901639,
    0.9924436475409836,
    0.9932120901639344,
    0.9951331967213115,
    0.9981429303278688,
    0.9900742827868853,
    0.9943007172131147,
    0.979764344262295,
    0.9791239754098361,
    0.9877049180327868,
    0.9750896516393442,
    0.9839267418032787,
    0.9741931352459017,
    0.9491547131147541,
    0.9551101434426229,
    0.9631147540983607,
    0.9321209016393444,
    0.9403816598360655,
    0.9201460040983607,
    0.9108606557377049,
    0.9264856557377049
  ],
  "acc_R_macro": null,
  "auc_T": null,
  "latencies_ms": {
    "C": null,
    "S_raw": -49.999999813735485,
    "S_inv": -49.999999813735485,
    "T": null
  },
  "meta": {
    "align": "sacc",
    "orientation": "horizontal",
    "pt_min_ms": 200.0,
    "n_trials": 250,
    "n_bins": 69,
    "n_units": 98,
    "thr": 0.6,
    "k_bins": 5,
    "norm": "global",
    "baseline_win": null,
    "used_axes_mu_sd": false
  }
}