{
  "time": [
    -0.24000000208616257,
    -0.2199999988079071,
    -0.19999999552965164,
    -0.17999999970197678,
    -0.1600000038743019,
    -0.14000000059604645,
    -0.12000000104308128,
    -0.09999999776482582,
    -0.08000000193715096,
    -0.05999999865889549,
    -0.04000000096857548,
    -0.02000000001862645,
    0.0,
    0.02000000001862645,
    0.04000000096857548,
    0.05999999865889549,
    0.08000000193715096,
    0.09999999776482582,
    0.12000000104308128,
    0.14000000059604645,
    0.1600000038743019,
    0.17999999970197678,
    0.19999999552965164,
    0.2199999988079071,
    0.24000000208616257,
    0.25999999046325684,
    0.2800000011920929,
    0.29999999701976776,
    0.3199999928474426,
    0.3400000035762787,
    0.35999999940395355,
    0.3799999952316284,
    0.4000000059604645,
    0.42000000178813934,
    0.4399999976158142,
    0.46000000834465027,
    0.48000000417232513,
    0.5,
    0.5199999809265137,
    0.5400000214576721,
    0.5600000023841858,
    0.5799999833106995,
    0.6000000238418579,
    0.6200000047683716,
    0.6399999856948853,
    0.6599999964237213,
    0.6800000071525574,
    0.699999988079071,
    0.7199999988079071,
    0.7400000095367432,
    0.7599999904632568,
    0.7800000011920929
  ],
  "auc_C": [
    0.5197435897435898,
    0.5448717948717949,
    0.52,
    0.4915384615384616,
    0.4715384615384616,
    0.39743589743589747,
    0.5964102564102564,
    0.4651282051282052,
    0.4523076923076923,
    0.4805128205128205,
    0.5684615384615385,
    0.5107692307692308,
    0.4523076923076923,
    0.5092307692307693,
    0.4874358974358975,
    0.5364102564102564,
    0.4802564102564103,
    0.5133333333333333,
    0.46923076923076923,
    0.5194871794871794,
    0.4671794871794872,
    0.5333333333333333,
    0.4984615384615384,
    0.528974358974359,
    0.4689743589743589,
    0.4543589743589744,
    0.6061538461538463,
    0.5328205128205128,
    0.5900000000000001,
    0.5041025641025642,
    0.5492307692307692,
    0.5923076923076923,
    0.5679487179487179,
    0.6246153846153847,
    0.7179487179487178,
    0.7338461538461538,
    0.7589743589743589,
    0.8371794871794872,
    0.6153846153846153,
    0.5982051282051282,
    0.7284615384615385,
    0.5343589743589744,
    0.7271794871794872,
    0.6264102564102564,
    0.5376923076923076,
    0.46307692307692305,
    0.512051282051282,
    0.5302564102564102,
    0.5433333333333333,
    0.48307692307692307,
    0.5143589743589744,
    0.5007692307692307
  ],
  "auc_S_raw": null,
  "auc_S_inv": null,
  "acc_R_macro": [
    0.4207692307692308,
    0.5064102564102564,
    0.5092307692307692,
    0.4551282051282051,
    0.5248717948717949,
    0.48205128205128206,
    0.4520512820512821,
    0.522051282051282,
    0.5164102564102564,
    0.4607692307692308,
    0.5564102564102564,
    0.5479487179487179,
    0.5792307692307692,
    0.5405128205128206,
    0.7017948717948719,
    0.6376923076923078,
    0.5676923076923077,
    0.4951282051282051,
    0.5064102564102564,
    0.5548717948717949,
    0.5805128205128205,
    0.42512820512820515,
    0.4907692307692308,
    0.43358974358974356,
    0.5035897435897436,
    0.598974358974359,
    0.522051282051282,
    0.43358974358974356,
    0.5192307692307692,
    0.5307692307692308,
    0.5192307692307692,
    0.512051282051282,
    0.5520512820512821,
    0.5364102564102564,
    0.5135897435897436,
    0.5292307692307692,
    0.5007692307692309,
    0.5976923076923077,
    0.4607692307692308,
    0.532051282051282,
    0.5051282051282051,
    0.4635897435897436,
    0.4807692307692308,
    0.47923076923076924,
    0.4451282051282051,
    0.5035897435897436,
    0.4407692307692308,
    0.4294871794871795,
    0.4935897435897436,
    0.4107692307692308,
    0.4735897435897436,
    0.47923076923076924
  ],
  "auc_T": null,
  "latencies_ms": {
    "C": 420.00000178813934,
    "S_raw": null,
    "S_inv": null,
    "T": null
  },
  "meta": {
    "align": "stim",
    "orientation": "vertical",
    "pt_min_ms": 200.0,
    "n_trials": 89,
    "n_bins": 52,
    "n_units": 27,
    "thr": 0.6,
    "k_bins": 5,
    "norm": "global",
    "baseline_win": null,
    "used_axes_mu_sd": false
  }
}