{
  "sid": "20200327",
  "align": "sacc",
  "features": [
    "C",
    "S"
  ],
  "winC": [
    -0.3,
    -0.18
  ],
  "winR": null,
  "winS": [
    -0.1,
    -0.03
  ],
  "winT": null,
  "pt_min_ms": 200.0,
  "orientation": "pooled",
  "areas": [
    "MFEF",
    "MLIP"
  ],
  "tag": "axes_peakbin_saccCS-sacc-pooled-20mssw",
  "norm": "global",
  "baseline_win": null,
  "clf_binary": "logreg",
  "C_grid": [
    0.1,
    0.3,
    1.0,
    3.0,
    10.0
  ],
  "lda_shrinkage": null,
  "searchC": true,
  "searchS": true,
  "searchT": false,
  "searchR": false,
  "search_step_ms": 20.0,
  "search_len_ms": [
    50.0,
    100.0,
    150.0,
    200.0,
    250.0
  ],
  "search_range_C": "-0.20:0.05",
  "search_range_S": "-0.20:0.05",
  "search_range_T": null,
  "search_range_R": null,
  "search_score_mode": "peak_bin_auc",
  "search_tiebreak": "shortest_then_closest0",
  "search_tol": 0.01,
  "per_area_results": {
    "MFEF": {
      "winC_selected": [
        -2.0816681711721685e-17,
        0.04999999999999998
      ],
      "winC_cv_best": 0.5667218810601163,
      "winC_best_param": 10.0,
      "winC_peak_time_ms": 20.000000251457095,
      "winC_peak_auc": 0.5667218810601163,
      "winC_mean_bin_auc": 0.5313083566760037,
      "winC_cv_auc_original": 0.5587542087542088,
      "winS_selected": [
        -0.2,
        -0.1
      ],
      "winS_cv_best": 0.5751633986928105,
      "winS_peak_time_ms": -109.99999940395355,
      "winS_peak_auc": 0.5751633986928105,
      "sC_auc": 0.5667218810601163,
      "n_trials_C": 545
    },
    "MLIP": {
      "winC_selected": [
        -0.16000000000000003,
        -0.11000000000000003
      ],
      "winC_cv_best": 0.5769500107735402,
      "winC_best_param": 0.3,
      "winC_peak_time_ms": -119.99999918043613,
      "winC_peak_auc": 0.5769500107735402,
      "winC_mean_bin_auc": 0.5506238553113554,
      "winC_cv_auc_original": 0.5748148148148149,
      "winS_selected": [
        -0.060000000000000026,
        -0.010000000000000023
      ],
      "winS_cv_best": 0.5810772007547789,
      "winS_peak_time_ms": -49.999999813735485,
      "winS_peak_auc": 0.5810772007547789,
      "sC_auc": 0.5769500107735402,
      "n_trials_C": 545
    }
  },
  "rebin_factor": null,
  "sliding_window_ms": 20.0,
  "sliding_step_ms": 10.0,
  "sliding_window_bins": 4,
  "sliding_step_bins": 2
}