{
  "time": [
    -0.39000000059604645,
    -0.3799999952316284,
    -0.3700000047683716,
    -0.35999999940395355,
    -0.3499999940395355,
    -0.3400000035762787,
    -0.32999999821186066,
    -0.3199999928474426,
    -0.3100000023841858,
    -0.30000000447034836,
    -0.28999999910593033,
    -0.2800000011920929,
    -0.27000000327825546,
    -0.25999999791383743,
    -0.25,
    -0.24000000208616257,
    -0.23000000044703484,
    -0.2200000025331974,
    -0.21000000089406967,
    -0.19999999925494194,
    -0.1900000013411045,
    -0.17999999970197678,
    -0.16999999806284904,
    -0.1600000001490116,
    -0.14999999850988388,
    -0.13999999687075615,
    -0.12999999895691872,
    -0.11999999918043613,
    -0.10999999940395355,
    -0.09999999962747097,
    -0.08999999985098839,
    -0.0800000000745058,
    -0.07000000029802322,
    -0.06000000052154064,
    -0.049999999813735485,
    -0.0400000000372529,
    -0.03000000026077032,
    -0.020000000251457095,
    -0.010000000009313226,
    0.0,
    0.010000000009313226,
    0.020000000251457095,
    0.03000000026077032,
    0.0400000000372529,
    0.049999999813735485,
    0.06000000052154064,
    0.07000000029802322,
    0.0800000000745058,
    0.08999999985098839,
    0.09999999962747097,
    0.10999999940395355,
    0.11999999918043613,
    0.12999999895691872,
    0.13999999687075615,
    0.14999999850988388,
    0.1600000001490116,
    0.16999999806284904,
    0.17999999970197678,
    0.1900000013411045,
    0.19999999925494194,
    0.21000000089406967,
    0.2200000025331974,
    0.23000000044703484,
    0.24000000208616257,
    0.25,
    0.25999999791383743,
    0.27000000327825546,
    0.2800000011920929,
    0.28999999910593033
  ],
  "auc_C": null,
  "auc_S_raw": [
    0.5091851395730707,
    0.5154454022988506,
    0.5083897783251232,
    0.5089285714285714,
    0.5215004105090312,
    0.5534688013136289,
    0.5258107553366174,
    0.5226806239737274,
    0.5153940886699507,
    0.510314039408867,
    0.5124178981937602,
    0.4919694170771757,
    0.506568144499179,
    0.5345853858784894,
    0.5263238916256158,
    0.5348419540229885,
    0.5228858784893268,
    0.5311473727422004,
    0.5356116584564861,
    0.5465414614121511,
    0.541871921182266,
    0.5310960591133005,
    0.539973316912972,
    0.5578817733990148,
    0.5356629720853858,
    0.4929700328407225,
    0.49722906403940886,
    0.5169848111658456,
    0.5414357553366174,
    0.549697249589491,
    0.5386391625615764,
    0.5635262725779967,
    0.5552134646962233,
    0.561268472906404,
    0.5789716748768473,
    0.58125513136289,
    0.5979577175697867,
    0.6189449917898194,
    0.607245484400657,
    0.6553263546798029,
    0.6610734811165845,
    0.6521449096880132,
    0.6693093185550083,
    0.6877565681444993,
    0.6484503284072249,
    0.5768421592775042,
    0.560601395730706,
    0.5426672824302134,
    0.535303776683087,
    0.5295566502463054,
    0.530942118226601,
    0.5636288998357964,
    0.5635262725779968,
    0.5583435960591133,
    0.5514162561576355,
    0.4849137931034483,
    0.47988505747126436,
    0.4963567323481116,
    0.4759852216748769,
    0.48842877668308704,
    0.4747536945812808,
    0.45941091954022983,
    0.4785765599343186,
    0.4797311165845649,
    0.5302750410509031,
    0.5543924466338259,
    0.5457461001642036,
    0.5697352216748768,
    0.5859503284072249
  ],
  "auc_S_inv": [
    0.5091851395730707,
    0.5154454022988506,
    0.5083897783251232,
    0.5089285714285714,
    0.5215004105090312,
    0.5534688013136289,
    0.5258107553366174,
    0.5226806239737274,
    0.5153940886699507,
    0.510314039408867,
    0.5124178981937602,
    0.4919694170771757,
    0.506568144499179,
    0.5345853858784894,
    0.5263238916256158,
    0.5348419540229885,
    0.5228858784893268,
    0.5311473727422004,
    0.5356116584564861,
    0.5465414614121511,
    0.541871921182266,
    0.5310960591133005,
    0.539973316912972,
    0.5578817733990148,
    0.5356629720853858,
    0.4929700328407225,
    0.49722906403940886,
    0.5169848111658456,
    0.5414357553366174,
    0.549697249589491,
    0.5386391625615764,
    0.5635262725779967,
    0.5552134646962233,
    0.561268472906404,
    0.5789716748768473,
    0.58125513136289,
    0.5979577175697867,
    0.6189449917898194,
    0.607245484400657,
    0.6553263546798029,
    0.6610734811165845,
    0.6521449096880132,
    0.6693093185550083,
    0.6877565681444993,
    0.6484503284072249,
    0.5768421592775042,
    0.560601395730706,
    0.5426672824302134,
    0.535303776683087,
    0.5295566502463054,
    0.530942118226601,
    0.5636288998357964,
    0.5635262725779968,
    0.5583435960591133,
    0.5514162561576355,
    0.4849137931034483,
    0.47988505747126436,
    0.4963567323481116,
    0.4759852216748769,
    0.48842877668308704,
    0.4747536945812808,
    0.45941091954022983,
    0.4785765599343186,
    0.4797311165845649,
    0.5302750410509031,
    0.5543924466338259,
    0.5457461001642036,
    0.5697352216748768,
    0.5859503284072249
  ],
  "acc_R_macro": null,
  "auc_T": null,
  "latencies_ms": {
    "C": null,
    "S_raw": -20.000000251457095,
    "S_inv": -20.000000251457095,
    "T": null
  },
  "meta": {
    "align": "sacc",
    "orientation": "horizontal",
    "pt_min_ms": 200.0,
    "n_trials": 284,
    "n_bins": 69,
    "n_units": 120,
    "thr": 0.6,
    "k_bins": 5,
    "norm": "global",
    "baseline_win": null,
    "used_axes_mu_sd": false
  }
}