{
  "time": [
    -0.39000000059604645,
    -0.3799999952316284,
    -0.3700000047683716,
    -0.35999999940395355,
    -0.3499999940395355,
    -0.3400000035762787,
    -0.32999999821186066,
    -0.3199999928474426,
    -0.3100000023841858,
    -0.30000000447034836,
    -0.28999999910593033,
    -0.2800000011920929,
    -0.27000000327825546,
    -0.25999999791383743,
    -0.25,
    -0.24000000208616257,
    -0.23000000044703484,
    -0.2200000025331974,
    -0.21000000089406967,
    -0.19999999925494194,
    -0.1900000013411045,
    -0.17999999970197678,
    -0.16999999806284904,
    -0.1600000001490116,
    -0.14999999850988388,
    -0.13999999687075615,
    -0.12999999895691872,
    -0.11999999918043613,
    -0.10999999940395355,
    -0.09999999962747097,
    -0.08999999985098839,
    -0.0800000000745058,
    -0.07000000029802322,
    -0.06000000052154064,
    -0.049999999813735485,
    -0.0400000000372529,
    -0.03000000026077032,
    -0.020000000251457095,
    -0.010000000009313226,
    0.0,
    0.010000000009313226,
    0.020000000251457095,
    0.03000000026077032,
    0.0400000000372529,
    0.049999999813735485,
    0.06000000052154064,
    0.07000000029802322,
    0.0800000000745058,
    0.08999999985098839,
    0.09999999962747097,
    0.10999999940395355,
    0.11999999918043613,
    0.12999999895691872,
    0.13999999687075615,
    0.14999999850988388,
    0.1600000001490116,
    0.16999999806284904,
    0.17999999970197678,
    0.1900000013411045,
    0.19999999925494194,
    0.21000000089406967,
    0.2200000025331974,
    0.23000000044703484,
    0.24000000208616257,
    0.25,
    0.25999999791383743,
    0.27000000327825546,
    0.2800000011920929,
    0.28999999910593033
  ],
  "auc_C": null,
  "auc_S_raw": [
    0.5309677750410509,
    0.496254105090312,
    0.486889367816092,
    0.4723676108374385,
    0.5205254515599342,
    0.48101395730706076,
    0.44737787356321834,
    0.44825020525451564,
    0.4891728243021346,
    0.49507389162561577,
    0.476549671592775,
    0.4770114942528736,
    0.4795258620689655,
    0.4912766830870279,
    0.4874281609195402,
    0.46690270935960587,
    0.5194478653530378,
    0.5208076765188834,
    0.5026426518883416,
    0.5259646962233169,
    0.4699302134646962,
    0.46402914614121504,
    0.43365147783251234,
    0.4565886699507389,
    0.487787356321839,
    0.4627463054187192,
    0.5189860426929392,
    0.4808600164203613,
    0.455305829228243,
    0.48896756978653527,
    0.5085180623973727,
    0.5217569786535303,
    0.49014778325123154,
    0.46977627257799676,
    0.5296079638752053,
    0.5313013136288999,
    0.52811986863711,
    0.5374589490968801,
    0.48250205254515605,
    0.5766112479474549,
    0.6382389162561577,
    0.5980860016420362,
    0.649681855500821,
    0.6862684729064039,
    0.6461412151067324,
    0.5507491789819375,
    0.4954330870279146,
    0.5156506568144499,
    0.5405377668308703,
    0.5096469622331691,
    0.520628078817734,
    0.5160611658456487,
    0.5333538587848933,
    0.5387674466338259,
    0.5567015599343186,
    0.5615250410509032,
    0.538126026272578,
    0.5376385467980296,
    0.5161124794745485,
    0.5328407224958949,
    0.5709667487684729,
    0.5327380952380951,
    0.4887110016420361,
    0.5130849753694582,
    0.5407943349753694,
    0.5182676518883416,
    0.5274527914614121,
    0.5111863711001642,
    0.5136494252873562
  ],
  "auc_S_inv": [
    0.5309677750410509,
    0.496254105090312,
    0.486889367816092,
    0.4723676108374385,
    0.5205254515599342,
    0.48101395730706076,
    0.44737787356321834,
    0.44825020525451564,
    0.4891728243021346,
    0.49507389162561577,
    0.476549671592775,
    0.4770114942528736,
    0.4795258620689655,
    0.4912766830870279,
    0.4874281609195402,
    0.46690270935960587,
    0.5194478653530378,
    0.5208076765188834,
    0.5026426518883416,
    0.5259646962233169,
    0.4699302134646962,
    0.46402914614121504,
    0.43365147783251234,
    0.4565886699507389,
    0.487787356321839,
    0.4627463054187192,
    0.5189860426929392,
    0.4808600164203613,
    0.455305829228243,
    0.48896756978653527,
    0.5085180623973727,
    0.5217569786535303,
    0.49014778325123154,
    0.46977627257799676,
    0.5296079638752053,
    0.5313013136288999,
    0.52811986863711,
    0.5374589490968801,
    0.48250205254515605,
    0.5766112479474549,
    0.6382389162561577,
    0.5980860016420362,
    0.649681855500821,
    0.6862684729064039,
    0.6461412151067324,
    0.5507491789819375,
    0.4954330870279146,
    0.5156506568144499,
    0.5405377668308703,
    0.5096469622331691,
    0.520628078817734,
    0.5160611658456487,
    0.5333538587848933,
    0.5387674466338259,
    0.5567015599343186,
    0.5615250410509032,
    0.538126026272578,
    0.5376385467980296,
    0.5161124794745485,
    0.5328407224958949,
    0.5709667487684729,
    0.5327380952380951,
    0.4887110016420361,
    0.5130849753694582,
    0.5407943349753694,
    0.5182676518883416,
    0.5274527914614121,
    0.5111863711001642,
    0.5136494252873562
  ],
  "acc_R_macro": null,
  "auc_T": null,
  "latencies_ms": {
    "C": null,
    "S_raw": null,
    "S_inv": null,
    "T": null
  },
  "meta": {
    "align": "sacc",
    "orientation": "horizontal",
    "pt_min_ms": 200.0,
    "n_trials": 284,
    "n_bins": 69,
    "n_units": 41,
    "thr": 0.6,
    "k_bins": 5,
    "norm": "global",
    "baseline_win": null,
    "used_axes_mu_sd": false
  }
}