{
  "time": [
    -0.39000000059604645,
    -0.3799999952316284,
    -0.3700000047683716,
    -0.35999999940395355,
    -0.3499999940395355,
    -0.3400000035762787,
    -0.32999999821186066,
    -0.3199999928474426,
    -0.3100000023841858,
    -0.30000000447034836,
    -0.28999999910593033,
    -0.2800000011920929,
    -0.27000000327825546,
    -0.25999999791383743,
    -0.25,
    -0.24000000208616257,
    -0.23000000044703484,
    -0.2200000025331974,
    -0.21000000089406967,
    -0.19999999925494194,
    -0.1900000013411045,
    -0.17999999970197678,
    -0.16999999806284904,
    -0.1600000001490116,
    -0.14999999850988388,
    -0.13999999687075615,
    -0.12999999895691872,
    -0.11999999918043613,
    -0.10999999940395355,
    -0.09999999962747097,
    -0.08999999985098839,
    -0.0800000000745058,
    -0.07000000029802322,
    -0.06000000052154064,
    -0.049999999813735485,
    -0.0400000000372529,
    -0.03000000026077032,
    -0.020000000251457095,
    -0.010000000009313226,
    0.0,
    0.010000000009313226,
    0.020000000251457095,
    0.03000000026077032,
    0.0400000000372529,
    0.049999999813735485,
    0.06000000052154064,
    0.07000000029802322,
    0.0800000000745058,
    0.08999999985098839,
    0.09999999962747097,
    0.10999999940395355,
    0.11999999918043613,
    0.12999999895691872,
    0.13999999687075615,
    0.14999999850988388,
    0.1600000001490116,
    0.16999999806284904,
    0.17999999970197678,
    0.1900000013411045,
    0.19999999925494194,
    0.21000000089406967,
    0.2200000025331974,
    0.23000000044703484,
    0.24000000208616257,
    0.25,
    0.25999999791383743,
    0.27000000327825546,
    0.2800000011920929,
    0.28999999910593033
  ],
  "auc_C": [
    0.523391993413605,
    0.5205721930637028,
    0.5191931666152104,
    0.536091386230318,
    0.5508078625090048,
    0.5580323145003602,
    0.5418133168673459,
    0.5473911701142328,
    0.5665740454872903,
    0.5568591128949265,
    0.527384995368941,
    0.5532571781414017,
    0.5749511165997736,
    0.5554595039621282,
    0.548790779047031,
    0.5112071627045385,
    0.4893897293403314,
    0.538684779252856,
    0.5054440670988989,
    0.5120510445610785,
    0.5283729546156222,
    0.4838942060306679,
    0.4744880107028918,
    0.5078728002469898,
    0.5572090151281259,
    0.575321601317279,
    0.548502624266749,
    0.5775445096223115,
    0.5930431203046208,
    0.6344962436966142,
    0.714253370381805,
    0.6989194195739425,
    0.6550169805495523,
    0.6385509931048677,
    0.6220644231758773,
    0.5877945868066276,
    0.5901204075331893,
    0.5814140166718123,
    0.5598641556035813,
    0.5459915611814345,
    0.5615725018009674,
    0.5523515488319439,
    0.5463414634146342,
    0.5247504373777915,
    0.4635175465678708,
    0.489163322012967,
    0.570772872285685,
    0.5566944530204796,
    0.5169085108572604,
    0.5291345065349389,
    0.5254708243284965,
    0.49550272717917054,
    0.5558094061953278,
    0.5849336214881136,
    0.5460327261500463,
    0.532242461665123,
    0.5375733251003396,
    0.5257178141401667,
    0.5179170525882474,
    0.5065761037357208,
    0.5234537408665226,
    0.4976227230626737,
    0.5470206853967274,
    0.5551919316661521,
    0.5148708449109807,
    0.4906452608829886,
    0.4870433261294639,
    0.5350005145621076,
    0.5351445919522486
  ],
  "auc_S_raw": [
    0.5174904084856692,
    0.5272973472025604,
    0.48657187993680884,
    0.5032108491824132,
    0.5142693009991588,
    0.5184752056789971,
    0.5004411070761781,
    0.5224143944523092,
    0.5466445087298167,
    0.4961941691799511,
    0.4853408834451489,
    0.5375351346915328,
    0.5468701914199544,
    0.4911676001723395,
    0.4895878213413758,
    0.4944297408752385,
    0.5317494511807307,
    0.5042982294167128,
    0.5144744670811022,
    0.5612318171559878,
    0.4838021378305739,
    0.48031431443753714,
    0.4887261237972138,
    0.4784883363082415,
    0.4240372581604809,
    0.45803327793849125,
    0.48540243326973187,
    0.5199318848607948,
    0.5188650212346895,
    0.5078886358507212,
    0.5751420775117458,
    0.5885394226626455,
    0.5991670257073101,
    0.6485505016310704,
    0.6996573726431546,
    0.7167066740526455,
    0.7521183397960649,
    0.8179356188834862,
    0.8483617488356825,
    0.8749717896637328,
    0.8786647791387128,
    0.9057467019552328,
    0.9125787324839457,
    0.9232063355286104,
    0.9424919472312838,
    0.9510473728483209,
    0.9539402146037217,
    0.939188773311996,
    0.9505549742516567,
    0.9453642723784904,
    0.9386963747153321,
    0.8997968855788759,
    0.8485258817012372,
    0.7982807082333148,
    0.756796126464373,
    0.742639666810283,
    0.6911634968507007,
    0.664348289940707,
    0.6851316140415666,
    0.628895590980899,
    0.6334707946082354,
    0.6381075480601547,
    0.6449806118052563,
    0.7103260089042079,
    0.72042018013582,
    0.666379434151946,
    0.6839416507662953,
    0.7261853470384276,
    0.7322787796721446
  ],
  "auc_S_inv": [
    0.5169980098890051,
    0.5277076793664471,
    0.4891364559611005,
    0.5002154243860405,
    0.51545926427443,
    0.5259227344535401,
    0.5019798526907532,
    0.5226195605342525,
    0.5492501179704972,
    0.4971174165486961,
    0.48780287642846887,
    0.5402433269731848,
    0.5485525532918898,
    0.49264479596233146,
    0.4914343160788658,
    0.4947374899981535,
    0.5325290822921155,
    0.5083605178391908,
    0.5173262756201145,
    0.5660121868652673,
    0.4881721753759668,
    0.4848279682402905,
    0.49424509140148953,
    0.47914486777046017,
    0.42178043125910425,
    0.45996183910875854,
    0.4881106255513838,
    0.5227836933998071,
    0.5243634722307707,
    0.5138589688352722,
    0.5779323362261751,
    0.5860158798547423,
    0.5929915266408158,
    0.6447959623315074,
    0.6996984058595432,
    0.7150243121807103,
    0.7488561990931659,
    0.8116780533842144,
    0.8437865452083462,
    0.874930756447344,
    0.8771055169159434,
    0.9057056687388441,
    0.9126197657003344,
    0.9224677376336143,
    0.9425534970558667,
    0.9527707679366447,
    0.953037483843171,
    0.9372396955335345,
    0.948852095771527,
    0.940727518926571,
    0.9317002113210643,
    0.8888615334112964,
    0.8278451406413492,
    0.7836523665907552,
    0.751995240146899,
    0.7339406249358857,
    0.6782995835128536,
    0.6478734535606574,
    0.6676104306436059,
    0.6120104224369627,
    0.6172216409183233,
    0.623725405715927,
    0.6347633409244783,
    0.707063868201309,
    0.7149217291397387,
    0.656839211341581,
    0.6756119078393961,
    0.7182249030590261,
    0.7322377464557559
  ],
  "acc_R_macro": null,
  "auc_T": null,
  "latencies_ms": {
    "C": -99.99999962747097,
    "S_raw": -60.00000052154064,
    "S_inv": -60.00000052154064,
    "T": null
  },
  "meta": {
    "align": "sacc",
    "orientation": "horizontal",
    "pt_min_ms": 200.0,
    "n_trials": 442,
    "n_bins": 69,
    "n_units": 87,
    "thr": 0.6,
    "k_bins": 5,
    "norm": "global",
    "baseline_win": null,
    "used_axes_mu_sd": false
  }
}