case,description,n_sessions,n_significant,pct_significant,a_obs_mean,a_obs_std,theta_obs_mean_deg,theta_obs_std_deg,p_orth_median,null_mean_mean,D_eff_mean
case_i_correctonly,"Case i: Sacc C&S, horizontal (correct-only)",21,3,14.285714285714286,0.10190469685191583,0.07470105560690478,84.12811283588645,4.352695198795843,0.2937062937062937,0.1766487760221248,6.036075702328584
case_ii_correctonly,"Case ii: Sacc C&S, pooled (correct-only)",22,3,13.636363636363637,0.10502357461636684,0.08659192088313006,83.94194572288978,5.031078986974963,0.2137862137862138,0.21084760949462808,4.9718980039583816
case_iii_correctonly,Case iii: Stim-C (vert) vs Sacc-S (horiz) (correct-only),21,0,0.0,0.41302726965425857,0.23383106481737548,64.46411103128578,15.853061001952359,0.9440559440559441,0.18841126957340212,6.939132181490005
case_iv_correctonly,Case iv: Stim-C (pooled) vs Sacc-S (pooled) (correct-only),23,1,4.3478260869565215,0.20178221667171514,0.13318231130447522,78.2436020817557,7.854081523533645,0.5504495504495505,0.18115380098407158,5.795245336700541
case_i_alltrials,"Case i: Sacc C&S, horizontal (all-trials)",21,2,9.523809523809524,0.09510021976507484,0.07966684437354887,84.51885046852175,4.628016881929387,0.22477522477522477,0.1816828088370414,5.694674005166296
case_ii_alltrials,"Case ii: Sacc C&S, pooled (all-trials)",23,3,13.043478260869565,0.11865578062622928,0.08768905264991003,83.15634081607648,5.080185200304454,0.29270729270729273,0.22006072767453927,4.560654640087856
case_iii_alltrials,Case iii: Stim-C (vert) vs Sacc-S (horiz) (all-trials),21,2,9.523809523809524,0.35106054200362447,0.23310160109330857,68.61625789087613,15.01964483657902,0.8821178821178821,0.17816737481283823,6.466025391132697
case_iv_alltrials,Case iv: Stim-C (pooled) vs Sacc-S (pooled) (all-trials),23,3,13.043478260869565,0.18935464361384538,0.14394338362749884,78.93631743260406,8.58614768166923,0.5564435564435565,0.1670796074998707,5.210629752113897
