{
  "time": [
    -0.39000000059604645,
    -0.3799999952316284,
    -0.3700000047683716,
    -0.35999999940395355,
    -0.3499999940395355,
    -0.3400000035762787,
    -0.32999999821186066,
    -0.3199999928474426,
    -0.3100000023841858,
    -0.30000000447034836,
    -0.28999999910593033,
    -0.2800000011920929,
    -0.27000000327825546,
    -0.25999999791383743,
    -0.25,
    -0.24000000208616257,
    -0.23000000044703484,
    -0.2200000025331974,
    -0.21000000089406967,
    -0.19999999925494194,
    -0.1900000013411045,
    -0.17999999970197678,
    -0.16999999806284904,
    -0.1600000001490116,
    -0.14999999850988388,
    -0.13999999687075615,
    -0.12999999895691872,
    -0.11999999918043613,
    -0.10999999940395355,
    -0.09999999962747097,
    -0.08999999985098839,
    -0.0800000000745058,
    -0.07000000029802322,
    -0.06000000052154064,
    -0.049999999813735485,
    -0.0400000000372529,
    -0.03000000026077032,
    -0.020000000251457095,
    -0.010000000009313226,
    0.0,
    0.010000000009313226,
    0.020000000251457095,
    0.03000000026077032,
    0.0400000000372529,
    0.049999999813735485,
    0.06000000052154064,
    0.07000000029802322,
    0.0800000000745058,
    0.08999999985098839,
    0.09999999962747097,
    0.10999999940395355,
    0.11999999918043613,
    0.12999999895691872,
    0.13999999687075615,
    0.14999999850988388,
    0.1600000001490116,
    0.16999999806284904,
    0.17999999970197678,
    0.1900000013411045,
    0.19999999925494194,
    0.21000000089406967,
    0.2200000025331974,
    0.23000000044703484,
    0.24000000208616257,
    0.25,
    0.25999999791383743,
    0.27000000327825546,
    0.2800000011920929,
    0.28999999910593033
  ],
  "auc_C": [
    0.5055159649659715,
    0.5390635246797535,
    0.4875180343636602,
    0.4921814657747854,
    0.4954458677625731,
    0.47126889054052085,
    0.48164502543027443,
    0.5040732158731547,
    0.521692242673312,
    0.5120884886110261,
    0.4798816654279427,
    0.502251562978184,
    0.5046561447995453,
    0.49820020693976885,
    0.5156443550620091,
    0.5313980092977164,
    0.5176700330812166,
    0.5001530188431775,
    0.5332342354158468,
    0.5568137104883488,
    0.6122356781649397,
    0.6421982249814191,
    0.6593217621941443,
    0.6876375347935701,
    0.7038575321703902,
    0.7224238184759323,
    0.7606202363776797,
    0.7978402483277225,
    0.8093093749544586,
    0.784476602690217,
    0.7524155117387312,
    0.7733280869729959,
    0.7717833253180606,
    0.7597021233186144,
    0.7171774581384165,
    0.7002579460499279,
    0.7442107870997828,
    0.7630976843148399,
    0.7718124717643802,
    0.7594106588554191,
    0.7601538932365671,
    0.757924190093123,
    0.7653565339046036,
    0.6844314256984217,
    0.6605459129395648,
    0.6868214342966235,
    0.702429356300733,
    0.6236610851221964,
    0.6334397178623996,
    0.6501114851571722,
    0.6542502805345458,
    0.6362814963785541,
    0.617584051064574,
    0.6071641965053411,
    0.6225826666083738,
    0.6474883049884144,
    0.6641892187295064,
    0.6358588729069209,
    0.6267797548783863,
    0.5984785555021205,
    0.5902155379705329,
    0.5840510645739518,
    0.5809761144872412,
    0.5877672364796922,
    0.5626429997522552,
    0.5304653230154913,
    0.5337588714495985,
    0.5388012066628776,
    0.5711829085238782
  ],
  "auc_S_raw": [
    0.5019530392802282,
    0.5076731767976008,
    0.459132470192378,
    0.4417233560090703,
    0.46028820130202613,
    0.5037085802062761,
    0.5176358715529222,
    0.4669738863287251,
    0.4870602004242557,
    0.4919464560017555,
    0.49591105259308027,
    0.49417014117474944,
    0.46635944700460835,
    0.43789042498719916,
    0.45453880476921954,
    0.4834467120181406,
    0.48884500036573775,
    0.488025747933582,
    0.4932923707117256,
    0.5095603832931023,
    0.5198741862336332,
    0.5062394850413283,
    0.5072489210738058,
    0.4882744495647722,
    0.5116377733889255,
    0.5385706970960427,
    0.5599736668861093,
    0.5412478970082657,
    0.5303781727744862,
    0.5818155219076878,
    0.5898178626289226,
    0.6149513568868408,
    0.6449564772145417,
    0.6637992831541218,
    0.6729280959695707,
    0.6780630531782605,
    0.65957135542389,
    0.6740691975715017,
    0.7472606246799796,
    0.7873454758247385,
    0.8133567405456805,
    0.8254553434276937,
    0.8785750859483579,
    0.9380440348182284,
    0.9694682173944847,
    0.9073805866432595,
    0.8053982883475971,
    0.711754809450662,
    0.6546850998463901,
    0.5584814570989687,
    0.5334211103796357,
    0.5964889181479044,
    0.6542608441225953,
    0.6351985955672591,
    0.5550288932777411,
    0.5540633457684149,
    0.5317094579767392,
    0.5355277594908932,
    0.5546777850925316,
    0.5590227488845001,
    0.5189671567551751,
    0.5187330846317022,
    0.5154268158876454,
    0.5095750128008193,
    0.5485187623436472,
    0.5593299685465585,
    0.5488552410211396,
    0.5484456148050618,
    0.5332455562870309
  ],
  "auc_S_inv": [
    0.4991441737985517,
    0.5053324555628703,
    0.45708433911198887,
    0.4398507790212859,
    0.4582546997293541,
    0.5027576622046668,
    0.5137590520079,
    0.4635798405383659,
    0.4873966791017482,
    0.49286811498793065,
    0.495647721454173,
    0.494053105113013,
    0.4657303781727744,
    0.43620803159973665,
    0.45272474581230343,
    0.48382707921878426,
    0.4882744495647722,
    0.48730890205544586,
    0.49190256747860434,
    0.5075853997512983,
    0.5207080681735059,
    0.5096481603394045,
    0.5091361275693073,
    0.49087850193840976,
    0.5137297929924658,
    0.5415258576548899,
    0.5619925389510643,
    0.5438665788896203,
    0.52991002852754,
    0.579869797381318,
    0.5908565576768342,
    0.6155072781800892,
    0.6435227854582692,
    0.6628629946602298,
    0.6729427254772877,
    0.6735279057859703,
    0.6542901031380295,
    0.6721966205837173,
    0.7437788018433179,
    0.7831321776022239,
    0.8095238095238094,
    0.8241240582254407,
    0.8767317679760076,
    0.9360983102918587,
    0.9697022895179577,
    0.9070148489503329,
    0.8079145636749323,
    0.7172408748445616,
    0.6586350669299977,
    0.5597834832857875,
    0.5369907102625997,
    0.6081340062906884,
    0.6675736961451246,
    0.6470631263257991,
    0.5674932338526808,
    0.5657523224343501,
    0.5397995757442762,
    0.5403993855606759,
    0.5597688537780703,
    0.5637773388925462,
    0.5239265598712604,
    0.5241313729792992,
    0.5212932484821886,
    0.5152658913027577,
    0.5521761392729134,
    0.5653134372028382,
    0.55608221783337,
    0.5550435227854582,
    0.5400775363909004
  ],
  "acc_R_macro": null,
  "auc_T": null,
  "latencies_ms": {
    "C": -190.0000013411045,
    "S_raw": -80.0000000745058,
    "S_inv": -80.0000000745058,
    "T": null
  },
  "meta": {
    "align": "sacc",
    "orientation": null,
    "pt_min_ms": 200.0,
    "n_trials": 524,
    "n_bins": 69,
    "n_units": 122,
    "thr": 0.6,
    "k_bins": 5,
    "norm": "global",
    "baseline_win": null,
    "used_axes_mu_sd": false,
    "correct_mode": "correctonly"
  }
}