{
  "time": [
    -0.39000000059604645,
    -0.3799999952316284,
    -0.3700000047683716,
    -0.35999999940395355,
    -0.3499999940395355,
    -0.3400000035762787,
    -0.32999999821186066,
    -0.3199999928474426,
    -0.3100000023841858,
    -0.30000000447034836,
    -0.28999999910593033,
    -0.2800000011920929,
    -0.27000000327825546,
    -0.25999999791383743,
    -0.25,
    -0.24000000208616257,
    -0.23000000044703484,
    -0.2200000025331974,
    -0.21000000089406967,
    -0.19999999925494194,
    -0.1900000013411045,
    -0.17999999970197678,
    -0.16999999806284904,
    -0.1600000001490116,
    -0.14999999850988388,
    -0.13999999687075615,
    -0.12999999895691872,
    -0.11999999918043613,
    -0.10999999940395355,
    -0.09999999962747097,
    -0.08999999985098839,
    -0.0800000000745058,
    -0.07000000029802322,
    -0.06000000052154064,
    -0.049999999813735485,
    -0.0400000000372529,
    -0.03000000026077032,
    -0.020000000251457095,
    -0.010000000009313226,
    0.0,
    0.010000000009313226,
    0.020000000251457095,
    0.03000000026077032,
    0.0400000000372529,
    0.049999999813735485,
    0.06000000052154064,
    0.07000000029802322,
    0.0800000000745058,
    0.08999999985098839,
    0.09999999962747097,
    0.10999999940395355,
    0.11999999918043613,
    0.12999999895691872,
    0.13999999687075615,
    0.14999999850988388,
    0.1600000001490116,
    0.16999999806284904,
    0.17999999970197678,
    0.1900000013411045,
    0.19999999925494194,
    0.21000000089406967,
    0.2200000025331974,
    0.23000000044703484,
    0.24000000208616257,
    0.25,
    0.25999999791383743,
    0.27000000327825546,
    0.2800000011920929,
    0.28999999910593033
  ],
  "auc_C": [
    0.5803571428571428,
    0.5753968253968255,
    0.5188492063492064,
    0.5555555555555556,
    0.39384920634920634,
    0.3551587301587302,
    0.4841269841269841,
    0.3888888888888889,
    0.5089285714285714,
    0.5793650793650794,
    0.4345238095238096,
    0.44047619047619047,
    0.5674603174603174,
    0.447420634920635,
    0.4831349206349207,
    0.558531746031746,
    0.5565476190476191,
    0.6101190476190477,
    0.6785714285714286,
    0.5406746031746033,
    0.5396825396825397,
    0.558531746031746,
    0.6220238095238095,
    0.4900793650793651,
    0.5783730158730159,
    0.8313492063492064,
    0.8442460317460317,
    0.8432539682539683,
    0.9246031746031745,
    0.8571428571428571,
    0.6924603174603174,
    0.5922619047619048,
    0.7291666666666667,
    0.6666666666666666,
    0.4930555555555556,
    0.5396825396825397,
    0.6061507936507937,
    0.6378968253968254,
    0.5674603174603174,
    0.5307539682539683,
    0.6736111111111112,
    0.6240079365079365,
    0.5625,
    0.630952380952381,
    0.5515873015873016,
    0.48511904761904767,
    0.5099206349206349,
    0.5158730158730158,
    0.5982142857142857,
    0.5972222222222222,
    0.5138888888888888,
    0.5257936507936509,
    0.5277777777777778,
    0.5416666666666666,
    0.6051587301587302,
    0.49007936507936506,
    0.4732142857142857,
    0.46825396825396826,
    0.4662698412698413,
    0.4444444444444444,
    0.4920634920634921,
    0.5297619047619048,
    0.5307539682539683,
    0.5,
    0.5376984126984128,
    0.6359126984126985,
    0.5922619047619048,
    0.5724206349206349,
    0.5783730158730158
  ],
  "auc_S_raw": [
    0.5587044534412955,
    0.5657894736842106,
    0.6194331983805668,
    0.5860323886639677,
    0.5779352226720648,
    0.6609311740890688,
    0.631578947368421,
    0.597165991902834,
    0.5809716599190283,
    0.48785425101214575,
    0.5040485829959515,
    0.541497975708502,
    0.6234817813765182,
    0.6720647773279352,
    0.6194331983805668,
    0.6133603238866397,
    0.5981781376518218,
    0.4726720647773279,
    0.5242914979757085,
    0.6265182186234818,
    0.6406882591093117,
    0.6700404858299596,
    0.6508097165991903,
    0.6194331983805668,
    0.6244939271255061,
    0.541497975708502,
    0.5384615384615385,
    0.6082995951417004,
    0.6336032388663968,
    0.6447368421052632,
    0.6963562753036436,
    0.694331983805668,
    0.7216599190283401,
    0.7854251012145749,
    0.8390688259109312,
    0.8987854251012146,
    0.9240890688259109,
    0.909919028340081,
    0.9402834008097166,
    0.9574898785425101,
    0.9493927125506073,
    0.9443319838056681,
    0.9109311740890689,
    0.8552631578947368,
    0.8643724696356275,
    0.8643724696356274,
    0.8502024291497975,
    0.8815789473684209,
    0.8502024291497975,
    0.7864372469635627,
    0.8572874493927126,
    0.8036437246963563,
    0.7176113360323886,
    0.7024291497975708,
    0.6366396761133603,
    0.757085020242915,
    0.729757085020243,
    0.659919028340081,
    0.798582995951417,
    0.7327935222672064,
    0.6022267206477733,
    0.548582995951417,
    0.6062753036437246,
    0.6842105263157894,
    0.5840080971659919,
    0.6153846153846154,
    0.5334008097165992,
    0.43218623481781376,
    0.5192307692307692
  ],
  "auc_S_inv": [
    0.5556680161943319,
    0.5647773279352227,
    0.6194331983805668,
    0.5860323886639677,
    0.5748987854251013,
    0.6629554655870444,
    0.6366396761133604,
    0.6002024291497976,
    0.5799595141700404,
    0.4868421052631579,
    0.5020242914979757,
    0.5435222672064777,
    0.6244939271255061,
    0.673076923076923,
    0.6214574898785425,
    0.6123481781376519,
    0.5981781376518218,
    0.4726720647773279,
    0.5232793522267207,
    0.6244939271255061,
    0.6417004048582997,
    0.6680161943319838,
    0.6497975708502024,
    0.6174089068825912,
    0.6224696356275303,
    0.5394736842105263,
    0.5374493927125508,
    0.6072874493927125,
    0.6305668016194332,
    0.6437246963562754,
    0.6963562753036436,
    0.6892712550607287,
    0.7196356275303644,
    0.7823886639676113,
    0.8370445344129556,
    0.8987854251012146,
    0.9240890688259109,
    0.9109311740890689,
    0.9392712550607287,
    0.9564777327935222,
    0.9483805668016194,
    0.9443319838056681,
    0.9109311740890689,
    0.854251012145749,
    0.8643724696356275,
    0.8633603238866396,
    0.8512145748987853,
    0.8805668016194331,
    0.8522267206477734,
    0.7894736842105263,
    0.8562753036437247,
    0.8036437246963564,
    0.7165991902834008,
    0.7054655870445343,
    0.6356275303643725,
    0.7560728744939271,
    0.7307692307692307,
    0.6629554655870445,
    0.7975708502024292,
    0.7348178137651822,
    0.6012145748987854,
    0.5475708502024291,
    0.6052631578947368,
    0.6842105263157894,
    0.5840080971659919,
    0.6143724696356276,
    0.5303643724696356,
    0.4342105263157895,
    0.5192307692307692
  ],
  "acc_R_macro": null,
  "auc_T": null,
  "latencies_ms": {
    "C": -139.99999687075615,
    "S_raw": -199.99999925494194,
    "S_inv": -199.99999925494194,
    "T": null
  },
  "meta": {
    "align": "sacc",
    "orientation": "horizontal",
    "pt_min_ms": 200.0,
    "n_trials": 64,
    "n_bins": 69,
    "n_units": 72,
    "thr": 0.6,
    "k_bins": 5,
    "norm": "global",
    "baseline_win": null,
    "used_axes_mu_sd": false
  }
}