sid,A,B,IC,pIC,IR,pIR,win,step,k,ridge,int_win,perms,bandC_start,bandC_end,bandR_start,bandR_end,no_x0,cond_b_only,pt_cov,evoked_sigma_ms
20231121,SFEF,SLIP,0.0069549843035974146,0.3193612774451098,0.03625504729591954,0.001996007984031936,0.16,0.02,5,0.01,0.16,500,0.12,0.28,0.08,0.2,True,True,False,10.0
20231121,SFEF,SSC,0.07641969029311856,0.001996007984031936,0.041142697531071,0.001996007984031936,0.16,0.02,5,0.01,0.16,500,0.12,0.28,0.08,0.2,True,True,False,10.0
