{
  "time": [
    -0.39000000059604645,
    -0.3799999952316284,
    -0.3700000047683716,
    -0.35999999940395355,
    -0.3499999940395355,
    -0.3400000035762787,
    -0.32999999821186066,
    -0.3199999928474426,
    -0.3100000023841858,
    -0.30000000447034836,
    -0.28999999910593033,
    -0.2800000011920929,
    -0.27000000327825546,
    -0.25999999791383743,
    -0.25,
    -0.24000000208616257,
    -0.23000000044703484,
    -0.2200000025331974,
    -0.21000000089406967,
    -0.19999999925494194,
    -0.1900000013411045,
    -0.17999999970197678,
    -0.16999999806284904,
    -0.1600000001490116,
    -0.14999999850988388,
    -0.13999999687075615,
    -0.12999999895691872,
    -0.11999999918043613,
    -0.10999999940395355,
    -0.09999999962747097,
    -0.08999999985098839,
    -0.0800000000745058,
    -0.07000000029802322,
    -0.06000000052154064,
    -0.049999999813735485,
    -0.0400000000372529,
    -0.03000000026077032,
    -0.020000000251457095,
    -0.010000000009313226,
    0.0,
    0.010000000009313226,
    0.020000000251457095,
    0.03000000026077032,
    0.0400000000372529,
    0.049999999813735485,
    0.06000000052154064,
    0.07000000029802322,
    0.0800000000745058,
    0.08999999985098839,
    0.09999999962747097,
    0.10999999940395355,
    0.11999999918043613,
    0.12999999895691872,
    0.13999999687075615,
    0.14999999850988388,
    0.1600000001490116,
    0.16999999806284904,
    0.17999999970197678,
    0.1900000013411045,
    0.19999999925494194,
    0.21000000089406967,
    0.2200000025331974,
    0.23000000044703484,
    0.24000000208616257,
    0.25,
    0.25999999791383743,
    0.27000000327825546,
    0.2800000011920929,
    0.28999999910593033
  ],
  "auc_C": [
    0.532972059514885,
    0.5316887539229762,
    0.5346746629734571,
    0.5182839281857109,
    0.5159015539433058,
    0.5058828761292453,
    0.5339567742017458,
    0.5337439487694243,
    0.5384229317815078,
    0.5502077430339377,
    0.541446958819867,
    0.5004891808444405,
    0.48548975261425864,
    0.5253611679351486,
    0.5409196599875481,
    0.5373238631310115,
    0.5241413923230371,
    0.5354179637370875,
    0.578160934144823,
    0.5794760047266305,
    0.5777162242862408,
    0.5978552278820375,
    0.5884591438699922,
    0.5967625122295211,
    0.6167299848798647,
    0.6341435523423503,
    0.6284131481646189,
    0.6152306773566446,
    0.6495432194452562,
    0.6751966252874732,
    0.7139880309518062,
    0.7418840450808737,
    0.746165965719223,
    0.7372654155495978,
    0.7564768814403517,
    0.7719464315210347,
    0.7643101279493794,
    0.759431025500934,
    0.7477097442283013,
    0.7523156677636177,
    0.7340889165597245,
    0.711783540652834,
    0.686911553562126,
    0.6362908656595047,
    0.6530945453159346,
    0.7050938337801609,
    0.7137593230245353,
    0.7309950065435878,
    0.703638997242799,
    0.6875023823742423,
    0.6964029325438675,
    0.6404774913281578,
    0.6370849904069731,
    0.6373454633241427,
    0.6369515774493983,
    0.6089475623546752,
    0.6249507642656569,
    0.6225683900232519,
    0.6029693912557336,
    0.6369515774493983,
    0.6628781622047445,
    0.6324790668716568,
    0.5771444544680634,
    0.5659028245429019,
    0.5869725423427316,
    0.5603407748116336,
    0.5482446666581959,
    0.5498900931349504,
    0.5408053060239126
  ],
  "auc_S_raw": [
    0.49173156062044954,
    0.492408990186768,
    0.4718708452041785,
    0.4880785058562836,
    0.4714023425134536,
    0.46067109844887627,
    0.5095979740424185,
    0.4723646723646724,
    0.4504400126622349,
    0.49149730927508706,
    0.4932826843937955,
    0.4586894586894587,
    0.4480531813865147,
    0.4838429882874327,
    0.4969230769230769,
    0.49169357391579616,
    0.48427350427350424,
    0.5270402025957581,
    0.5173029439696106,
    0.47494776828110163,
    0.4487052864830643,
    0.4589743589743589,
    0.5051155428933207,
    0.4886103197214308,
    0.4613105413105413,
    0.49535929091484643,
    0.5399050332383666,
    0.5812852168407724,
    0.5732573599240266,
    0.5994618550174106,
    0.6736752136752135,
    0.7194491927825262,
    0.7498828743273188,
    0.8001836024058245,
    0.8256410256410256,
    0.8112947135169357,
    0.8069958847736625,
    0.8359480848369736,
    0.8357138334916113,
    0.8600126622348845,
    0.8936182336182337,
    0.9023045267489712,
    0.9060272238050017,
    0.9369484013928457,
    0.8875973409306743,
    0.8217600506489395,
    0.8669958847736626,
    0.8580943336498892,
    0.8073124406457739,
    0.7692624248179804,
    0.7876289965178854,
    0.7908958531180753,
    0.7681228236783793,
    0.7123963279518835,
    0.7135106046217157,
    0.7310604621715733,
    0.7083127572016461,
    0.6784615384615384,
    0.6665337132003799,
    0.6478189300411523,
    0.635346628679962,
    0.6259702437480215,
    0.6210762899651788,
    0.6171509971509972,
    0.60880658436214,
    0.5904020259575815,
    0.5440392529281418,
    0.5544159544159544,
    0.6020069642291865
  ],
  "auc_S_inv": [
    0.49204811649256086,
    0.4933776511554289,
    0.47113643558088003,
    0.4874327318771763,
    0.46996517885406774,
    0.4595821462488129,
    0.5088382399493511,
    0.4708008863564419,
    0.4492750870528648,
    0.4909528331750554,
    0.4946945235834125,
    0.4597150997150998,
    0.4477619499841722,
    0.48313390313390314,
    0.49716365938588164,
    0.49220639442861663,
    0.48518518518518516,
    0.5264007597340931,
    0.5181006647673315,
    0.4751566951566952,
    0.4488002532446977,
    0.4590376701487813,
    0.5038556505223172,
    0.4892877492877493,
    0.4620512820512821,
    0.49627097182652735,
    0.5410509654954099,
    0.5817283950617284,
    0.5750300728078506,
    0.6004938271604938,
    0.6738904716682493,
    0.7205951250395695,
    0.7502690724912947,
    0.8009559987337765,
    0.826318455207344,
    0.8114403292181069,
    0.8071604938271606,
    0.8371826527382084,
    0.8366381766381767,
    0.8604685026907248,
    0.8932763532763532,
    0.902323520101298,
    0.9054194365305477,
    0.9359670781893004,
    0.8863564419119974,
    0.8206964229186452,
    0.8661601772712884,
    0.8577397910731245,
    0.8072997784108896,
    0.7692750870528648,
    0.787508705286483,
    0.7904210193099083,
    0.7684583729028174,
    0.7136119025007913,
    0.7147704969927192,
    0.7323836657169991,
    0.7107945552389998,
    0.6799810066476734,
    0.6677302943969611,
    0.6483190883190884,
    0.6363469452358341,
    0.6264134219689774,
    0.6211839189616967,
    0.618556505223172,
    0.6099335232668566,
    0.5918771763216208,
    0.5466413421968978,
    0.5566065210509655,
    0.6025577714466603
  ],
  "acc_R_macro": null,
  "auc_T": null,
  "latencies_ms": {
    "C": -149.99999850988388,
    "S_raw": -89.99999985098839,
    "S_inv": -99.99999962747097,
    "T": null
  },
  "meta": {
    "align": "sacc",
    "orientation": null,
    "pt_min_ms": 200.0,
    "n_trials": 795,
    "n_bins": 69,
    "n_units": 84,
    "thr": 0.6,
    "k_bins": 5,
    "norm": "global",
    "baseline_win": null,
    "used_axes_mu_sd": false,
    "correct_mode": "correctonly"
  }
}