{
  "time": [
    -0.39000000059604645,
    -0.3799999952316284,
    -0.3700000047683716,
    -0.35999999940395355,
    -0.3499999940395355,
    -0.3400000035762787,
    -0.32999999821186066,
    -0.3199999928474426,
    -0.3100000023841858,
    -0.30000000447034836,
    -0.28999999910593033,
    -0.2800000011920929,
    -0.27000000327825546,
    -0.25999999791383743,
    -0.25,
    -0.24000000208616257,
    -0.23000000044703484,
    -0.2200000025331974,
    -0.21000000089406967,
    -0.19999999925494194,
    -0.1900000013411045,
    -0.17999999970197678,
    -0.16999999806284904,
    -0.1600000001490116,
    -0.14999999850988388,
    -0.13999999687075615,
    -0.12999999895691872,
    -0.11999999918043613,
    -0.10999999940395355,
    -0.09999999962747097,
    -0.08999999985098839,
    -0.0800000000745058,
    -0.07000000029802322,
    -0.06000000052154064,
    -0.049999999813735485,
    -0.0400000000372529,
    -0.03000000026077032,
    -0.020000000251457095,
    -0.010000000009313226,
    0.0,
    0.010000000009313226,
    0.020000000251457095,
    0.03000000026077032,
    0.0400000000372529,
    0.049999999813735485,
    0.06000000052154064,
    0.07000000029802322,
    0.0800000000745058,
    0.08999999985098839,
    0.09999999962747097,
    0.10999999940395355,
    0.11999999918043613,
    0.12999999895691872,
    0.13999999687075615,
    0.14999999850988388,
    0.1600000001490116,
    0.16999999806284904,
    0.17999999970197678,
    0.1900000013411045,
    0.19999999925494194,
    0.21000000089406967,
    0.2200000025331974,
    0.23000000044703484,
    0.24000000208616257,
    0.25,
    0.25999999791383743,
    0.27000000327825546,
    0.2800000011920929,
    0.28999999910593033
  ],
  "auc_C": [
    0.5037948717948717,
    0.4601709401709402,
    0.5492649572649573,
    0.5885128205128205,
    0.49094017094017095,
    0.45524786324786337,
    0.5202735042735043,
    0.47671794871794876,
    0.4307692307692308,
    0.41463247863247865,
    0.45907692307692305,
    0.521982905982906,
    0.49381196581196585,
    0.481982905982906,
    0.4877948717948718,
    0.48136752136752137,
    0.47911111111111115,
    0.49210256410256414,
    0.5180170940170941,
    0.5162393162393162,
    0.5626666666666666,
    0.600068376068376,
    0.5606837606837608,
    0.6166837606837607,
    0.6714529914529914,
    0.6901880341880342,
    0.7742905982905983,
    0.7900170940170941,
    0.7998632478632478,
    0.8890940170940171,
    0.9033162393162394,
    0.9137094017094017,
    0.9481709401709402,
    0.8991452991452991,
    0.8693333333333333,
    0.8512820512820514,
    0.8223589743589744,
    0.8312478632478633,
    0.8621538461538463,
    0.9217094017094016,
    0.8776752136752136,
    0.8016410256410256,
    0.7870769230769231,
    0.8065641025641025,
    0.8117606837606837,
    0.7799658119658119,
    0.724991452991453,
    0.7121367521367522,
    0.783042735042735,
    0.716991452991453,
    0.6491623931623931,
    0.6697435897435897,
    0.7038632478632478,
    0.6866324786324786,
    0.6775384615384615,
    0.6737094017094017,
    0.6882051282051282,
    0.6980512820512821,
    0.6827350427350428,
    0.6486837606837608,
    0.6496410256410257,
    0.6391794871794872,
    0.6624957264957264,
    0.6281025641025643,
    0.6160683760683761,
    0.6461538461538462,
    0.640888888888889,
    0.6341880341880342,
    0.6298803418803419
  ],
  "auc_S_raw": [
    0.4611900780379041,
    0.4294871794871795,
    0.4418199554069119,
    0.45415273132664435,
    0.45227146042363436,
    0.4564520624303233,
    0.45714882943143814,
    0.4763099219620959,
    0.479933110367893,
    0.4885033444816054,
    0.4965858416945374,
    0.47275641025641024,
    0.47296544035674465,
    0.48118729096989965,
    0.5007664437012264,
    0.5055741360089185,
    0.527870680044593,
    0.5198578595317725,
    0.5005574136008918,
    0.5086399108138239,
    0.5621516164994426,
    0.5598522853957636,
    0.5374163879598661,
    0.5674470457079153,
    0.576644370122631,
    0.5758779264214046,
    0.658932552954292,
    0.7360646599777034,
    0.7510451505016722,
    0.7726449275362319,
    0.7670707915273133,
    0.7830964325529544,
    0.8720039018952062,
    0.9283723522853957,
    0.929417502787068,
    0.9021042363433668,
    0.9206382385730212,
    0.9512959866220736,
    0.9630713489409142,
    0.9896181716833892,
    0.9834866220735786,
    0.9756828316610925,
    0.951783723522854,
    0.9480211817168338,
    0.953246934225195,
    0.9303232998885173,
    0.8988294314381271,
    0.9255852842809364,
    0.905448717948718,
    0.8876811594202898,
    0.8614827201783724,
    0.8382107023411371,
    0.826226309921962,
    0.7607998885172798,
    0.7287486064659979,
    0.7106326644370123,
    0.7182971014492754,
    0.7000418060200669,
    0.7098662207357859,
    0.7460284280936454,
    0.7100055741360088,
    0.6160813823857303,
    0.5789437012263099,
    0.6175445930880714,
    0.6054208472686733,
    0.6197742474916388,
    0.636984392419175,
    0.5824972129319955,
    0.5303790412486066
  ],
  "auc_S_inv": [
    0.46711259754738016,
    0.43164715719063546,
    0.43875418060200666,
    0.4520624303232999,
    0.45338628762541805,
    0.45415273132664435,
    0.46746098104793754,
    0.4840440356744705,
    0.4749860646599777,
    0.48334726867335565,
    0.5015328874024526,
    0.4747073578595318,
    0.47644927536231885,
    0.4892697881828316,
    0.5116360089186176,
    0.5121934225195095,
    0.5290551839464883,
    0.5259197324414716,
    0.5066192865105908,
    0.5152591973244147,
    0.5673773690078038,
    0.5607580824972129,
    0.5318422519509476,
    0.560340022296544,
    0.578386287625418,
    0.5741360089186176,
    0.6487597547380156,
    0.725473801560758,
    0.7359253065774805,
    0.7644927536231884,
    0.7626114827201784,
    0.7766861761426979,
    0.8698439241917503,
    0.9223801560758083,
    0.920916945373467,
    0.8884476031215162,
    0.9090022296544036,
    0.9479515050167224,
    0.9580546265328873,
    0.9873188405797101,
    0.9817447045707915,
    0.9740802675585285,
    0.9487179487179488,
    0.9429347826086957,
    0.953525641025641,
    0.929696209587514,
    0.892906911928651,
    0.9221711259754738,
    0.8996655518394648,
    0.8894927536231885,
    0.8614130434782609,
    0.8329152731326644,
    0.8265746934225194,
    0.7591276477146042,
    0.7325808249721293,
    0.7118171683389074,
    0.714046822742475,
    0.7015746934225195,
    0.7174609810479375,
    0.7458890746934225,
    0.71146878483835,
    0.6215161649944259,
    0.5820791527313266,
    0.6213768115942029,
    0.6082079152731327,
    0.6187290969899665,
    0.6417224080267558,
    0.5778288740245262,
    0.5249442586399108
  ],
  "acc_R_macro": null,
  "auc_T": null,
  "latencies_ms": {
    "C": -160.0000001490116,
    "S_raw": -129.99999895691872,
    "S_inv": -129.99999895691872,
    "T": null
  },
  "meta": {
    "align": "sacc",
    "orientation": "horizontal",
    "pt_min_ms": 200.0,
    "n_trials": 242,
    "n_bins": 69,
    "n_units": 80,
    "thr": 0.6,
    "k_bins": 5,
    "norm": "global",
    "baseline_win": null,
    "used_axes_mu_sd": false
  }
}