sid,A,B,IC,pIC,IR,pIR,win,step,k,ridge,int_win,perms,bandC_start,bandC_end,bandR_start,bandR_end,no_x0,cond_b_only,pt_cov,evoked_sigma_ms
20200926,MFEF,MLIP,0.1145894555848461,0.009966777408637873,0.010003749429722457,0.14285714285714285,0.16,0.02,2,0.01,0.16,300,0.12,0.28,0.08,0.2,True,True,False,10.0
20200926,MFEF,MSC,0.03040036009473502,0.1760797342192691,0.008126228728314576,0.09966777408637874,0.16,0.02,2,0.01,0.16,300,0.12,0.28,0.08,0.2,True,True,False,10.0
20200926,MLIP,MFEF,0.07891036396342646,0.46511627906976744,0.007869588917614972,0.2724252491694352,0.16,0.02,2,0.01,0.16,300,0.12,0.28,0.08,0.2,True,True,False,10.0
20200926,MLIP,MSC,0.017994593949426263,0.45182724252491696,0.00940480269855022,0.08637873754152824,0.16,0.02,2,0.01,0.16,300,0.12,0.28,0.08,0.2,True,True,False,10.0
20200926,MSC,MFEF,0.031023045403371544,0.009966777408637873,0.005127840789414457,0.5780730897009967,0.16,0.02,2,0.01,0.16,300,0.12,0.28,0.08,0.2,True,True,False,10.0
20200926,MSC,MLIP,0.01185562248295785,0.707641196013289,0.00687284814329187,0.26578073089701,0.16,0.02,2,0.01,0.16,300,0.12,0.28,0.08,0.2,True,True,False,10.0
