{
  "time": [
    -0.39000000059604645,
    -0.3799999952316284,
    -0.3700000047683716,
    -0.35999999940395355,
    -0.3499999940395355,
    -0.3400000035762787,
    -0.32999999821186066,
    -0.3199999928474426,
    -0.3100000023841858,
    -0.30000000447034836,
    -0.28999999910593033,
    -0.2800000011920929,
    -0.27000000327825546,
    -0.25999999791383743,
    -0.25,
    -0.24000000208616257,
    -0.23000000044703484,
    -0.2200000025331974,
    -0.21000000089406967,
    -0.19999999925494194,
    -0.1900000013411045,
    -0.17999999970197678,
    -0.16999999806284904,
    -0.1600000001490116,
    -0.14999999850988388,
    -0.13999999687075615,
    -0.12999999895691872,
    -0.11999999918043613,
    -0.10999999940395355,
    -0.09999999962747097,
    -0.08999999985098839,
    -0.0800000000745058,
    -0.07000000029802322,
    -0.06000000052154064,
    -0.049999999813735485,
    -0.0400000000372529,
    -0.03000000026077032,
    -0.020000000251457095,
    -0.010000000009313226,
    0.0,
    0.010000000009313226,
    0.020000000251457095,
    0.03000000026077032,
    0.0400000000372529,
    0.049999999813735485,
    0.06000000052154064,
    0.07000000029802322,
    0.0800000000745058,
    0.08999999985098839,
    0.09999999962747097,
    0.10999999940395355,
    0.11999999918043613,
    0.12999999895691872,
    0.13999999687075615,
    0.14999999850988388,
    0.1600000001490116,
    0.16999999806284904,
    0.17999999970197678,
    0.1900000013411045,
    0.19999999925494194,
    0.21000000089406967,
    0.2200000025331974,
    0.23000000044703484,
    0.24000000208616257,
    0.25,
    0.25999999791383743,
    0.27000000327825546,
    0.2800000011920929,
    0.28999999910593033
  ],
  "auc_C": [
    0.524463559008509,
    0.48940991490936,
    0.4567147613762486,
    0.45657602663707,
    0.5241860895301516,
    0.5174343322234554,
    0.461015538290788,
    0.4282741398446171,
    0.44099149093599704,
    0.47192933777284496,
    0.4897798742138365,
    0.5048557158712541,
    0.5061968183499815,
    0.4548187199408066,
    0.4174990751017388,
    0.46369774324824264,
    0.5112375138734739,
    0.524787273399926,
    0.5632630410654829,
    0.5715408805031447,
    0.5090177580466149,
    0.46702737698853125,
    0.5287180910099889,
    0.5988716241213466,
    0.5787550869404365,
    0.5969755826859047,
    0.6878005919348871,
    0.7322419533851275,
    0.7582315945246023,
    0.7889382167961524,
    0.8380040695523492,
    0.9043192748797633,
    0.9150943396226415,
    0.9156955234924159,
    0.8897058823529412,
    0.8627450980392157,
    0.8595541990381059,
    0.8864687384387718,
    0.8438771735109138,
    0.8051239363669996,
    0.7925453200147984,
    0.7533296337402885,
    0.7302534221235664,
    0.7260913799482056,
    0.7171198668146503,
    0.6260173880873103,
    0.6113115057343692,
    0.6857195708472068,
    0.6798002219755828,
    0.622040325564188,
    0.6545042545320013,
    0.6510821309655938,
    0.5855068442471328,
    0.5555863854975953,
    0.581668516463189,
    0.6156122826489085,
    0.6366074731779504,
    0.6101553829078801,
    0.585183129855716,
    0.5800961894191639,
    0.5657140214576396,
    0.5553551609322975,
    0.6063633000369959,
    0.5887902330743618,
    0.5791712911579725,
    0.6051609322974473,
    0.5615057343692194,
    0.5566037735849056,
    0.5513318534961155
  ],
  "auc_S_raw": [
    0.4599889624724061,
    0.47424576894775566,
    0.47134841795437826,
    0.48716887417218546,
    0.46743929359823394,
    0.4541942604856512,
    0.5000919793966152,
    0.4999080206033848,
    0.4747056659308315,
    0.46426600441501104,
    0.5227189109639441,
    0.5464955849889624,
    0.5384013980868285,
    0.5043690213392201,
    0.4688189845474614,
    0.4940213392200147,
    0.45207873436350254,
    0.47824687270051514,
    0.5518763796909493,
    0.5034492273730684,
    0.4614606328182487,
    0.5250183958793231,
    0.5573491537895511,
    0.5188557763061075,
    0.5082321559970567,
    0.5209713024282561,
    0.5823675496688742,
    0.611019131714496,
    0.6796817512877116,
    0.7293966151582045,
    0.745309050772627,
    0.8212840323767477,
    0.8628127299484916,
    0.872930463576159,
    0.9198399558498896,
    0.9403973509933775,
    0.9472958057395143,
    0.9494573215599706,
    0.9821100073583517,
    0.9674852832965417,
    0.9581953642384107,
    0.9294518027961737,
    0.9396155261221486,
    0.926462472406181,
    0.9036975717439293,
    0.9058590875643856,
    0.9190581309786607,
    0.85904157468727,
    0.8064293598233996,
    0.7876655629139072,
    0.7715691685062546,
    0.7111846946284032,
    0.7045161883738043,
    0.7051600441501105,
    0.7024006622516556,
    0.6957781456953642,
    0.6422921265636496,
    0.6032468727005151,
    0.6086736571008095,
    0.6161239882266373,
    0.6158020603384842,
    0.6507542310522443,
    0.6372792494481236,
    0.5990618101545253,
    0.6256898454746137,
    0.6519039735099337,
    0.60904157468727,
    0.5796081677704195,
    0.5805279617365711
  ],
  "auc_S_inv": [
    0.460448859455482,
    0.47994849153789554,
    0.4815581309786608,
    0.49816041206769685,
    0.4719922737306843,
    0.45525202354672556,
    0.5084621044885946,
    0.5123712288447388,
    0.4752575423105225,
    0.46633554083885215,
    0.5292954378219279,
    0.540424944812362,
    0.5269039735099338,
    0.503173289183223,
    0.4701986754966887,
    0.4932855040470935,
    0.4499172185430464,
    0.4798105224429728,
    0.5549116997792495,
    0.5046449595290655,
    0.45883922001471666,
    0.5261681383370125,
    0.5514164827078735,
    0.5097958057395144,
    0.513980868285504,
    0.522396983075791,
    0.5748712288447388,
    0.6013153053715968,
    0.6687362030905077,
    0.7224061810154524,
    0.7318800588668138,
    0.8146155261221486,
    0.8514532744665195,
    0.8646983075791024,
    0.9152869757174394,
    0.9351085356880059,
    0.943064753495217,
    0.9471578366445916,
    0.9808222958057395,
    0.9656456953642384,
    0.9560338484179542,
    0.9299576894775571,
    0.9382358351729212,
    0.9231972038263428,
    0.89969646799117,
    0.901444076526858,
    0.9162067696835908,
    0.8479120676968358,
    0.801140544518028,
    0.7903789551140544,
    0.7706953642384106,
    0.7070456217807211,
    0.6983995584988962,
    0.7042862398822664,
    0.7003771155261221,
    0.6978016924208977,
    0.634611846946284,
    0.5930371596762325,
    0.6084896983075792,
    0.6100073583517293,
    0.6065121412803531,
    0.6473050036791759,
    0.6359455481972038,
    0.6060982339955849,
    0.6306567328918322,
    0.6515820456217809,
    0.6096394407652685,
    0.5860467255334806,
    0.5821835908756439
  ],
  "acc_R_macro": null,
  "auc_T": null,
  "latencies_ms": {
    "C": -129.99999895691872,
    "S_raw": -119.99999918043613,
    "S_inv": -119.99999918043613,
    "T": null
  },
  "meta": {
    "align": "sacc",
    "orientation": "horizontal",
    "pt_min_ms": 200.0,
    "n_trials": 295,
    "n_bins": 69,
    "n_units": 82,
    "thr": 0.6,
    "k_bins": 5,
    "norm": "global",
    "baseline_win": null,
    "used_axes_mu_sd": false
  }
}