{
  "time": [
    -0.39000000059604645,
    -0.3799999952316284,
    -0.3700000047683716,
    -0.35999999940395355,
    -0.3499999940395355,
    -0.3400000035762787,
    -0.32999999821186066,
    -0.3199999928474426,
    -0.3100000023841858,
    -0.30000000447034836,
    -0.28999999910593033,
    -0.2800000011920929,
    -0.27000000327825546,
    -0.25999999791383743,
    -0.25,
    -0.24000000208616257,
    -0.23000000044703484,
    -0.2200000025331974,
    -0.21000000089406967,
    -0.19999999925494194,
    -0.1900000013411045,
    -0.17999999970197678,
    -0.16999999806284904,
    -0.1600000001490116,
    -0.14999999850988388,
    -0.13999999687075615,
    -0.12999999895691872,
    -0.11999999918043613,
    -0.10999999940395355,
    -0.09999999962747097,
    -0.08999999985098839,
    -0.0800000000745058,
    -0.07000000029802322,
    -0.06000000052154064,
    -0.049999999813735485,
    -0.0400000000372529,
    -0.03000000026077032,
    -0.020000000251457095,
    -0.010000000009313226,
    0.0,
    0.010000000009313226,
    0.020000000251457095,
    0.03000000026077032,
    0.0400000000372529,
    0.049999999813735485,
    0.06000000052154064,
    0.07000000029802322,
    0.0800000000745058,
    0.08999999985098839,
    0.09999999962747097,
    0.10999999940395355,
    0.11999999918043613,
    0.12999999895691872,
    0.13999999687075615,
    0.14999999850988388,
    0.1600000001490116,
    0.16999999806284904,
    0.17999999970197678,
    0.1900000013411045
  ],
  "auc_C": null,
  "auc_S_raw": [
    0.5043798483395799,
    0.5470888172230455,
    0.5465658502571255,
    0.5328161771114791,
    0.5244487056567593,
    0.5172143292948662,
    0.45766146605072777,
    0.5321188878235857,
    0.5412054388564456,
    0.4695153839449141,
    0.4524535866817746,
    0.4817833173537871,
    0.45184345855486796,
    0.5094134053865597,
    0.5312908567942125,
    0.5430576135274122,
    0.5621023272029984,
    0.5446700950056654,
    0.5432101455591389,
    0.5010023533513467,
    0.526758476422906,
    0.5437331125250588,
    0.5365641070339057,
    0.5306153577965659,
    0.5008062407391267,
    0.4751808594090473,
    0.5343197071384991,
    0.551686568465092,
    0.5577660594439118,
    0.575176501350998,
    0.5572648827682385,
    0.5429922426566722,
    0.5759609517998779,
    0.6224832214765101,
    0.6864595136407216,
    0.6913405386559748,
    0.7018216682646212,
    0.7530942212150267,
    0.8248932275777914,
    0.8574479212063105,
    0.853765362154624,
    0.8858624596879632,
    0.8583631133966705,
    0.8933583195328162,
    0.9349341933234551,
    0.964438246317441,
    0.9567244835701212,
    0.8998082454458293,
    0.827464481826898,
    0.7291466922339406,
    0.6818617623986751,
    0.7209099625207008,
    0.7226967663209274,
    0.7218469450013075,
    0.6386516168395363,
    0.5588773642464917,
    0.47936459513640717,
    0.45297655364769457,
    0.5185653272901595
  ],
  "auc_S_inv": [
    0.5043798483395799,
    0.5470888172230455,
    0.5465658502571255,
    0.5328161771114791,
    0.5244487056567593,
    0.5172143292948662,
    0.45766146605072777,
    0.5321188878235857,
    0.5412054388564456,
    0.4695153839449141,
    0.4524535866817746,
    0.4817833173537871,
    0.45184345855486796,
    0.5094134053865597,
    0.5312908567942125,
    0.5430576135274122,
    0.5621023272029984,
    0.5446700950056654,
    0.5432101455591389,
    0.5010023533513467,
    0.526758476422906,
    0.5437331125250588,
    0.5365641070339057,
    0.5306153577965659,
    0.5008062407391267,
    0.4751808594090473,
    0.5343197071384991,
    0.551686568465092,
    0.5577660594439118,
    0.575176501350998,
    0.5572648827682385,
    0.5429922426566722,
    0.5759609517998779,
    0.6224832214765101,
    0.6864595136407216,
    0.6913405386559748,
    0.7018216682646212,
    0.7530942212150267,
    0.8248932275777914,
    0.8574479212063105,
    0.853765362154624,
    0.8858624596879632,
    0.8583631133966705,
    0.8933583195328162,
    0.9349341933234551,
    0.964438246317441,
    0.9567244835701212,
    0.8998082454458293,
    0.827464481826898,
    0.7291466922339406,
    0.6818617623986751,
    0.7209099625207008,
    0.7226967663209274,
    0.7218469450013075,
    0.6386516168395363,
    0.5588773642464917,
    0.47936459513640717,
    0.45297655364769457,
    0.5185653272901595
  ],
  "acc_R_macro": null,
  "auc_T": null,
  "latencies_ms": {
    "C": null,
    "S_raw": -60.00000052154064,
    "S_inv": -60.00000052154064,
    "T": null
  },
  "meta": {
    "align": "sacc",
    "orientation": "horizontal",
    "pt_min_ms": 200.0,
    "n_trials": 303,
    "n_bins": 59,
    "n_units": 42,
    "thr": 0.6,
    "k_bins": 5,
    "norm": "global",
    "baseline_win": null,
    "used_axes_mu_sd": false
  }
}