{
  "time": [
    -0.39000000059604645,
    -0.3799999952316284,
    -0.3700000047683716,
    -0.35999999940395355,
    -0.3499999940395355,
    -0.3400000035762787,
    -0.32999999821186066,
    -0.3199999928474426,
    -0.3100000023841858,
    -0.30000000447034836,
    -0.28999999910593033,
    -0.2800000011920929,
    -0.27000000327825546,
    -0.25999999791383743,
    -0.25,
    -0.24000000208616257,
    -0.23000000044703484,
    -0.2200000025331974,
    -0.21000000089406967,
    -0.19999999925494194,
    -0.1900000013411045,
    -0.17999999970197678,
    -0.16999999806284904,
    -0.1600000001490116,
    -0.14999999850988388,
    -0.13999999687075615,
    -0.12999999895691872,
    -0.11999999918043613,
    -0.10999999940395355,
    -0.09999999962747097,
    -0.08999999985098839,
    -0.0800000000745058,
    -0.07000000029802322,
    -0.06000000052154064,
    -0.049999999813735485,
    -0.0400000000372529,
    -0.03000000026077032,
    -0.020000000251457095,
    -0.010000000009313226,
    0.0,
    0.010000000009313226,
    0.020000000251457095,
    0.03000000026077032,
    0.0400000000372529,
    0.049999999813735485,
    0.06000000052154064,
    0.07000000029802322,
    0.0800000000745058,
    0.08999999985098839,
    0.09999999962747097,
    0.10999999940395355,
    0.11999999918043613,
    0.12999999895691872,
    0.13999999687075615,
    0.14999999850988388,
    0.1600000001490116,
    0.16999999806284904,
    0.17999999970197678,
    0.1900000013411045
  ],
  "auc_C": null,
  "auc_S_raw": [
    0.47385165170400073,
    0.5548679508411052,
    0.5618408437200383,
    0.45441471280397455,
    0.44826985095441474,
    0.43510851564542835,
    0.41571515732589553,
    0.4693628519131875,
    0.47006014120108086,
    0.4555478078968012,
    0.462607861936721,
    0.46483047154188084,
    0.4336703564891484,
    0.46504837444434755,
    0.488320404427787,
    0.46016734942909443,
    0.47890699904122724,
    0.5261919288764926,
    0.5537784363287719,
    0.5420988407565589,
    0.5053604114006799,
    0.4681861762398676,
    0.4297481042447485,
    0.44848775385688133,
    0.462869345419681,
    0.4829164124466139,
    0.564281356227665,
    0.5926958947093175,
    0.5573520439292251,
    0.5557831430314653,
    0.5919550248409309,
    0.5958336965048374,
    0.6544931578488624,
    0.7072692408262878,
    0.6978558354397281,
    0.692059618234115,
    0.7131526191928876,
    0.7835352566896191,
    0.8523054127080972,
    0.9154536738429356,
    0.9168918329992155,
    0.894927220430576,
    0.87039135361283,
    0.8306458642029112,
    0.8597576919724571,
    0.8689967750370435,
    0.8587989192016038,
    0.810555216595485,
    0.799006362764752,
    0.842674104419071,
    0.8124727621371917,
    0.7667131526191929,
    0.7811819053429793,
    0.7169005491153142,
    0.7218687352915542,
    0.684607338969755,
    0.6313954501873965,
    0.6021528806763706,
    0.640373049769023
  ],
  "auc_S_inv": [
    0.47385165170400073,
    0.5548679508411052,
    0.5618408437200383,
    0.45441471280397455,
    0.44826985095441474,
    0.43510851564542835,
    0.41571515732589553,
    0.4693628519131875,
    0.47006014120108086,
    0.4555478078968012,
    0.462607861936721,
    0.46483047154188084,
    0.4336703564891484,
    0.46504837444434755,
    0.488320404427787,
    0.46016734942909443,
    0.47890699904122724,
    0.5261919288764926,
    0.5537784363287719,
    0.5420988407565589,
    0.5053604114006799,
    0.4681861762398676,
    0.4297481042447485,
    0.44848775385688133,
    0.462869345419681,
    0.4829164124466139,
    0.564281356227665,
    0.5926958947093175,
    0.5573520439292251,
    0.5557831430314653,
    0.5919550248409309,
    0.5958336965048374,
    0.6544931578488624,
    0.7072692408262878,
    0.6978558354397281,
    0.692059618234115,
    0.7131526191928876,
    0.7835352566896191,
    0.8523054127080972,
    0.9154536738429356,
    0.9168918329992155,
    0.894927220430576,
    0.87039135361283,
    0.8306458642029112,
    0.8597576919724571,
    0.8689967750370435,
    0.8587989192016038,
    0.810555216595485,
    0.799006362764752,
    0.842674104419071,
    0.8124727621371917,
    0.7667131526191929,
    0.7811819053429793,
    0.7169005491153142,
    0.7218687352915542,
    0.684607338969755,
    0.6313954501873965,
    0.6021528806763706,
    0.640373049769023
  ],
  "acc_R_macro": null,
  "auc_T": null,
  "latencies_ms": {
    "C": null,
    "S_raw": -70.00000029802322,
    "S_inv": -70.00000029802322,
    "T": null
  },
  "meta": {
    "align": "sacc",
    "orientation": "horizontal",
    "pt_min_ms": 200.0,
    "n_trials": 303,
    "n_bins": 59,
    "n_units": 102,
    "thr": 0.6,
    "k_bins": 5,
    "norm": "global",
    "baseline_win": null,
    "used_axes_mu_sd": false
  }
}