sid,area,pool_start,pool_end,aucC,accC,macroAccR,macroAucR
20200926,MLIP,0.05,0.2,0.8567267332464901,0.7515893470790378,0.5327155306567071,0.7046459797686453
