sid,area,pool_start,pool_end,aucC,accC,macroAccR,macroAucR
20200926,MSC,0.05,0.2,0.5777572731220147,0.5610824742268041,0.32420362589480234,0.4938130900525329
