{
  "time": [
    -0.39500001072883606,
    -0.38499999046325684,
    -0.375,
    -0.36500000953674316,
    -0.35499998927116394,
    -0.3449999988079071,
    -0.33500000834465027,
    -0.32499998807907104,
    -0.3149999976158142,
    -0.3050000071525574,
    -0.29500000178813934,
    -0.2849999964237213,
    -0.2750000059604645,
    -0.26500000059604645,
    -0.2549999952316284,
    -0.24500000476837158,
    -0.23499999940395355,
    -0.22500000149011612,
    -0.2150000035762787,
    -0.20499999821186066,
    -0.19500000029802322,
    -0.1850000023841858,
    -0.17499999701976776,
    -0.16499999910593033,
    -0.1550000011920929,
    -0.14499999582767487,
    -0.13499999791383743,
    -0.125,
    -0.11499999836087227,
    -0.10500000044703484,
    -0.0949999988079071,
    -0.08500000089406967,
    -0.07499999925494194,
    -0.06500000134110451,
    -0.054999999701976776,
    -0.044999999925494194,
    -0.03500000014901161,
    -0.02500000037252903,
    -0.01500000013038516,
    -0.004999999888241291,
    0.004999999888241291,
    0.01500000013038516,
    0.02500000037252903,
    0.03500000014901161,
    0.044999999925494194,
    0.054999999701976776,
    0.06500000134110451,
    0.07499999925494194,
    0.08500000089406967,
    0.0949999988079071,
    0.10500000044703484,
    0.11499999836087227,
    0.125,
    0.13499999791383743,
    0.14499999582767487,
    0.1550000011920929,
    0.16499999910593033,
    0.17499999701976776,
    0.1850000023841858,
    0.19500000029802322,
    0.20499999821186066,
    0.2150000035762787,
    0.22500000149011612,
    0.23499999940395355,
    0.24500000476837158,
    0.2549999952316284,
    0.26500000059604645,
    0.2750000059604645,
    0.2849999964237213,
    0.29500000178813934
  ],
  "auc_C": null,
  "auc_S_raw": [
    0.4724298452661946,
    0.5173747705218987,
    0.4976232625229478,
    0.49670535011801736,
    0.4829694466299502,
    0.539863624442696,
    0.46374246000524516,
    0.49147652766850247,
    0.47585562549173865,
    0.4963119590873328,
    0.5032126934172567,
    0.5276029373196958,
    0.5246361132966169,
    0.5223413322842906,
    0.4887719643325466,
    0.5248492001049043,
    0.514342381327039,
    0.544567925517965,
    0.5291765014424338,
    0.5033766063467087,
    0.5702366902701285,
    0.5189811172305271,
    0.5081628638867033,
    0.4873623131392604,
    0.5308975872016783,
    0.5249475478625755,
    0.5565991345397325,
    0.508392341987936,
    0.5208333333333333,
    0.5739902963545764,
    0.5573531340152111,
    0.6129523996852871,
    0.5380441909257802,
    0.6469807238394965,
    0.6350478625754,
    0.68576252294781,
    0.6387522947810124,
    0.7504589562024653,
    0.7097102019407291,
    0.6813532651455546,
    0.6597823236296878,
    0.6830579596118542,
    0.6748950957251507,
    0.6638965381589299,
    0.6503245476003148,
    0.6166896144767899,
    0.6609133228429059,
    0.6587824547600315,
    0.6317532126934172,
    0.6303763440860215,
    0.6025603199580383,
    0.6262293469708891,
    0.6397849462365591,
    0.6290978232362968,
    0.6231313926042485,
    0.5835464201416207,
    0.5743509047993707,
    0.616525701547338,
    0.5981346708628377,
    0.5521407028586414,
    0.5286519800681877,
    0.5786782061369,
    0.623869000786782,
    0.565286519800682,
    0.49290257015473377,
    0.5991837136113297,
    0.5510260949383687,
    0.5268161552583267,
    0.6256064778389719,
    0.5260785470757933
  ],
  "auc_S_inv": [
    0.4724298452661946,
    0.5173747705218987,
    0.4976232625229478,
    0.49670535011801736,
    0.4829694466299502,
    0.539863624442696,
    0.46374246000524516,
    0.49147652766850247,
    0.47585562549173865,
    0.4963119590873328,
    0.5032126934172567,
    0.5276029373196958,
    0.5246361132966169,
    0.5223413322842906,
    0.4887719643325466,
    0.5248492001049043,
    0.514342381327039,
    0.544567925517965,
    0.5291765014424338,
    0.5033766063467087,
    0.5702366902701285,
    0.5189811172305271,
    0.5081628638867033,
    0.4873623131392604,
    0.5308975872016783,
    0.5249475478625755,
    0.5565991345397325,
    0.508392341987936,
    0.5208333333333333,
    0.5739902963545764,
    0.5573531340152111,
    0.6129523996852871,
    0.5380441909257802,
    0.6469807238394965,
    0.6350478625754,
    0.68576252294781,
    0.6387522947810124,
    0.7504589562024653,
    0.7097102019407291,
    0.6813532651455546,
    0.6597823236296878,
    0.6830579596118542,
    0.6748950957251507,
    0.6638965381589299,
    0.6503245476003148,
    0.6166896144767899,
    0.6609133228429059,
    0.6587824547600315,
    0.6317532126934172,
    0.6303763440860215,
    0.6025603199580383,
    0.6262293469708891,
    0.6397849462365591,
    0.6290978232362968,
    0.6231313926042485,
    0.5835464201416207,
    0.5743509047993707,
    0.616525701547338,
    0.5981346708628377,
    0.5521407028586414,
    0.5286519800681877,
    0.5786782061369,
    0.623869000786782,
    0.565286519800682,
    0.49290257015473377,
    0.5991837136113297,
    0.5510260949383687,
    0.5268161552583267,
    0.6256064778389719,
    0.5260785470757933
  ],
  "acc_R_macro": null,
  "auc_T": null,
  "latencies_ms": {
    "C": null,
    "S_raw": -65.00000134110451,
    "S_inv": -65.00000134110451,
    "T": null
  },
  "meta": {
    "align": "sacc",
    "orientation": "horizontal",
    "pt_min_ms": 200.0,
    "n_trials": 350,
    "n_bins": 70,
    "n_units": 61,
    "thr": 0.6,
    "k_bins": 5,
    "norm": "global",
    "baseline_win": null,
    "used_axes_mu_sd": false
  }
}