{
  "time": [
    -0.39000000059604645,
    -0.3799999952316284,
    -0.3700000047683716,
    -0.35999999940395355,
    -0.3499999940395355,
    -0.3400000035762787,
    -0.32999999821186066,
    -0.3199999928474426,
    -0.3100000023841858,
    -0.30000000447034836,
    -0.28999999910593033,
    -0.2800000011920929,
    -0.27000000327825546,
    -0.25999999791383743,
    -0.25,
    -0.24000000208616257,
    -0.23000000044703484,
    -0.2200000025331974,
    -0.21000000089406967,
    -0.19999999925494194,
    -0.1900000013411045,
    -0.17999999970197678,
    -0.16999999806284904,
    -0.1600000001490116,
    -0.14999999850988388,
    -0.13999999687075615,
    -0.12999999895691872,
    -0.11999999918043613,
    -0.10999999940395355,
    -0.09999999962747097,
    -0.08999999985098839,
    -0.0800000000745058,
    -0.07000000029802322,
    -0.06000000052154064,
    -0.049999999813735485,
    -0.0400000000372529,
    -0.03000000026077032,
    -0.020000000251457095,
    -0.010000000009313226,
    0.0,
    0.010000000009313226,
    0.020000000251457095,
    0.03000000026077032,
    0.0400000000372529,
    0.049999999813735485,
    0.06000000052154064,
    0.07000000029802322,
    0.0800000000745058,
    0.08999999985098839,
    0.09999999962747097,
    0.10999999940395355,
    0.11999999918043613,
    0.12999999895691872,
    0.13999999687075615,
    0.14999999850988388,
    0.1600000001490116,
    0.16999999806284904,
    0.17999999970197678,
    0.1900000013411045,
    0.19999999925494194,
    0.21000000089406967,
    0.2200000025331974,
    0.23000000044703484,
    0.24000000208616257,
    0.25,
    0.25999999791383743,
    0.27000000327825546,
    0.2800000011920929,
    0.28999999910593033
  ],
  "auc_C": [
    0.5231129024232473,
    0.5225531173807036,
    0.4953848833159178,
    0.4829203363686122,
    0.5182116733840871,
    0.4939045628700801,
    0.4521321590287108,
    0.4785042543663234,
    0.4948624172762104,
    0.4967034880827984,
    0.48308205204756927,
    0.5034955465989949,
    0.5320445837687218,
    0.5333258695327661,
    0.5321814201124546,
    0.49625566004876354,
    0.4885928247997213,
    0.563268149475046,
    0.5711922177439419,
    0.5086828879932328,
    0.48349256107876804,
    0.5206000895656068,
    0.5543364681295715,
    0.5324426531323083,
    0.5450689157585709,
    0.5637781758471413,
    0.5588893864755934,
    0.5546474598198736,
    0.6007239886550232,
    0.6235632183908045,
    0.6417500124396676,
    0.6753371149922873,
    0.6535552570035329,
    0.602527740458775,
    0.5938572921331542,
    0.5960466736328804,
    0.572286908493805,
    0.546773150221426,
    0.5404040404040404,
    0.5794770363735882,
    0.6027640941434045,
    0.5909090909090909,
    0.5629322784495198,
    0.5411877394636015,
    0.5578942130666269,
    0.5434641986366124,
    0.5689530775737672,
    0.5765910334875852,
    0.560655819276509,
    0.5633925461511669,
    0.5303776683087028,
    0.5650594616111858,
    0.5802234164303129,
    0.5412126187988257,
    0.5572100313479624,
    0.5378041498731154,
    0.5290217445389859,
    0.5555555555555556,
    0.5306015823257202,
    0.5453923471164851,
    0.5425187838980943,
    0.5263472160023884,
    0.5497337911131015,
    0.5785938199731303,
    0.5569114793252724,
    0.5119296412399861,
    0.5369458128078818,
    0.5477807632980047,
    0.5324799721351445
  ],
  "auc_S_raw": [
    0.5129976232917409,
    0.4807635175282233,
    0.48633392751039817,
    0.5196326005149534,
    0.5072786690433749,
    0.5149782135076253,
    0.5351678550207961,
    0.5422360863537334,
    0.5208704693998811,
    0.5418647256882552,
    0.5242869875222816,
    0.5094820756585463,
    0.5485863537334126,
    0.5573257080610021,
    0.5281491384432561,
    0.513269954446425,
    0.5015102000396118,
    0.49936868686868685,
    0.5076376510200039,
    0.5087393543275895,
    0.5004208754208754,
    0.47963705684293917,
    0.5074767280649634,
    0.5130223806694395,
    0.4950361457714399,
    0.5165874430580313,
    0.5327416320063378,
    0.5427807486631017,
    0.5590587244999009,
    0.5187041988512577,
    0.5259085957615369,
    0.5251658744305803,
    0.5277406417112299,
    0.5379035452564864,
    0.5547509407803526,
    0.5621410180233709,
    0.5692092493563081,
    0.5974697959992077,
    0.6041295306001189,
    0.6322662903545256,
    0.6301742919389979,
    0.5939913844325608,
    0.5252030104971281,
    0.503218459100812,
    0.4952960982372747,
    0.5088755199049317,
    0.525772430184195,
    0.523185284214696,
    0.54811596355714,
    0.5003837393543276,
    0.5118340265399088,
    0.5190384234501881,
    0.5076500297088532,
    0.5033174886116062,
    0.5495147553971084,
    0.5238908694791047,
    0.5097420281243811,
    0.5265399088928501,
    0.5140498118439294,
    0.4967072687660923,
    0.5174415725886314,
    0.5261314121608239,
    0.5061769657357893,
    0.47646811249752424,
    0.4822613388789859,
    0.47854773222420277,
    0.4998762131115072,
    0.5187289562289562,
    0.5237051891463657
  ],
  "auc_S_inv": [
    0.5173177857001385,
    0.4900970489205783,
    0.49957912457912457,
    0.5187784709843533,
    0.5043820558526441,
    0.5213408595761536,
    0.5376312141018023,
    0.5451326995444642,
    0.530154486036839,
    0.5447365815012873,
    0.5239527629233511,
    0.5144211725094078,
    0.5525103980986333,
    0.5648148148148148,
    0.529263220439691,
    0.5171692414339473,
    0.5161913250148544,
    0.5064369182016241,
    0.5104476133887899,
    0.510497128144187,
    0.4964349376114081,
    0.4887601505248564,
    0.5136660724896018,
    0.500532283620519,
    0.4859130520895226,
    0.5216750841750841,
    0.5437586650821944,
    0.5485492176668647,
    0.5536863735393147,
    0.5076005149534562,
    0.5180728857199446,
    0.5180233709645474,
    0.5152010299069123,
    0.5264903941374529,
    0.5505669439492968,
    0.554639532580709,
    0.5626361655773421,
    0.5956872648049119,
    0.5988066943949297,
    0.6302114280055456,
    0.6234279065161419,
    0.5852767874826698,
    0.5283224400871459,
    0.5093706674589028,
    0.4883268964151317,
    0.4989601901366607,
    0.5179367201426025,
    0.5213161021984551,
    0.5554565260447613,
    0.4939591998415528,
    0.500358981976629,
    0.519075559516736,
    0.5178995840760546,
    0.5148049118637353,
    0.5471875618934442,
    0.5258467023172906,
    0.5189517726282432,
    0.5281986531986532,
    0.5186423054070113,
    0.503973559120618,
    0.5150524856407209,
    0.5305753614577143,
    0.5077243018419489,
    0.47401713210536744,
    0.489366706278471,
    0.48309071103188755,
    0.4993067934244405,
    0.5221826104179046,
    0.525821944939592
  ],
  "acc_R_macro": null,
  "auc_T": null,
  "latencies_ms": {
    "C": -109.99999940395355,
    "S_raw": null,
    "S_inv": null,
    "T": null
  },
  "meta": {
    "align": "sacc",
    "orientation": null,
    "pt_min_ms": 200.0,
    "n_trials": 569,
    "n_bins": 69,
    "n_units": 47,
    "thr": 0.6,
    "k_bins": 5,
    "norm": "global",
    "baseline_win": null,
    "used_axes_mu_sd": false,
    "correct_mode": "correctonly"
  }
}