{
  "sid": "20200929",
  "align": "stim",
  "features": [
    "C",
    "R"
  ],
  "winC": [
    0.1,
    0.3
  ],
  "winR": [
    0.05,
    0.2
  ],
  "winS": null,
  "winT": null,
  "pt_min_ms": 200.0,
  "orientation": "vertical",
  "areas": [
    "MFEF",
    "MLIP",
    "MSC"
  ],
  "tag": "axes_peakbin_stimCR-stim-vertical-20msbin",
  "norm": "global",
  "baseline_win": null,
  "clf_binary": "logreg",
  "C_grid": [
    0.1,
    0.3,
    1.0,
    3.0,
    10.0
  ],
  "lda_shrinkage": null,
  "searchC": true,
  "searchS": false,
  "searchT": false,
  "searchR": true,
  "search_step_ms": 20.0,
  "search_len_ms": [
    60.0,
    100.0,
    140.0,
    200.0,
    240.0
  ],
  "search_range_C": "0.00:0.50",
  "search_range_S": null,
  "search_range_T": null,
  "search_range_R": "0.00:0.50",
  "search_score_mode": "peak_bin_auc",
  "search_tiebreak": "shortest_then_earliest",
  "search_tol": 0.01,
  "per_area_results": {
    "MFEF": {
      "winC_selected": [
        0.25999999999999995,
        0.31999999999999995
      ],
      "winC_cv_best": 0.9582383873794916,
      "winC_best_param": 1.0,
      "winC_peak_time_ms": 319.9999928474426,
      "winC_peak_auc": 0.9582383873794916,
      "winC_mean_bin_auc": 0.941644756061934,
      "winC_cv_auc_original": 0.986018668831169,
      "winR_selected": [
        0.23999999999999996,
        0.48
      ],
      "winR_cv_best": 0.6882711038961038,
      "sC_auc": 0.9582383873794916,
      "n_trials_C": 303
    },
    "MLIP": {
      "winC_selected": [
        0.38000000000000006,
        0.4800000000000001
      ],
      "winC_cv_best": 0.8474145486415425,
      "winC_best_param": 0.3,
      "winC_peak_time_ms": 460.00000834465027,
      "winC_peak_auc": 0.8474145486415425,
      "winC_mean_bin_auc": 0.8263584574934268,
      "winC_cv_auc_original": 0.9246415043290043,
      "winR_selected": [
        0.1,
        0.30000000000000004
      ],
      "winR_cv_best": 0.5460633116883118,
      "sC_auc": 0.8474145486415425,
      "n_trials_C": 303
    },
    "MSC": {
      "winC_selected": [
        0.32,
        0.38
      ],
      "winC_cv_best": 0.605170902716915,
      "winC_best_param": 0.1,
      "winC_peak_time_ms": 340.0000035762787,
      "winC_peak_auc": 0.605170902716915,
      "winC_mean_bin_auc": 0.5556456324861233,
      "winC_cv_auc_original": 0.5875338203463203,
      "winR_selected": [
        0.3,
        0.36
      ],
      "winR_cv_best": 0.4873241341991342,
      "sC_auc": 0.605170902716915,
      "n_trials_C": 303
    }
  },
  "rebin_factor": 2
}