{
  "time": [
    -0.39000000059604645,
    -0.3799999952316284,
    -0.3700000047683716,
    -0.35999999940395355,
    -0.3499999940395355,
    -0.3400000035762787,
    -0.32999999821186066,
    -0.3199999928474426,
    -0.3100000023841858,
    -0.30000000447034836,
    -0.28999999910593033,
    -0.2800000011920929,
    -0.27000000327825546,
    -0.25999999791383743,
    -0.25,
    -0.24000000208616257,
    -0.23000000044703484,
    -0.2200000025331974,
    -0.21000000089406967,
    -0.19999999925494194,
    -0.1900000013411045,
    -0.17999999970197678,
    -0.16999999806284904,
    -0.1600000001490116,
    -0.14999999850988388,
    -0.13999999687075615,
    -0.12999999895691872,
    -0.11999999918043613,
    -0.10999999940395355,
    -0.09999999962747097,
    -0.08999999985098839,
    -0.0800000000745058,
    -0.07000000029802322,
    -0.06000000052154064,
    -0.049999999813735485,
    -0.0400000000372529,
    -0.03000000026077032,
    -0.020000000251457095,
    -0.010000000009313226,
    0.0,
    0.010000000009313226,
    0.020000000251457095,
    0.03000000026077032,
    0.0400000000372529,
    0.049999999813735485,
    0.06000000052154064,
    0.07000000029802322,
    0.0800000000745058,
    0.08999999985098839,
    0.09999999962747097,
    0.10999999940395355,
    0.11999999918043613,
    0.12999999895691872,
    0.13999999687075615,
    0.14999999850988388,
    0.1600000001490116,
    0.16999999806284904,
    0.17999999970197678,
    0.1900000013411045,
    0.19999999925494194,
    0.21000000089406967,
    0.2200000025331974,
    0.23000000044703484,
    0.24000000208616257,
    0.25,
    0.25999999791383743,
    0.27000000327825546,
    0.2800000011920929,
    0.28999999910593033
  ],
  "auc_C": [
    0.5182056074766355,
    0.5153084112149533,
    0.4622056074766355,
    0.4994392523364486,
    0.5418691588785046,
    0.4886728971962617,
    0.5038317757009345,
    0.5073831775700934,
    0.4705981308411215,
    0.4530841121495327,
    0.49228037383177575,
    0.5161495327102804,
    0.537177570093458,
    0.4732149532710281,
    0.4372523364485981,
    0.44657943925233645,
    0.46794392523364486,
    0.48248598130841114,
    0.493588785046729,
    0.493214953271028,
    0.4987476635514019,
    0.5496635514018691,
    0.5277383177570093,
    0.4631588785046729,
    0.5314766355140187,
    0.5766542056074766,
    0.557570093457944,
    0.561981308411215,
    0.603214953271028,
    0.6701028037383177,
    0.7144672897196263,
    0.7341682242990655,
    0.7439626168224298,
    0.7566915887850467,
    0.7499439252336448,
    0.7203644859813084,
    0.7459065420560747,
    0.7633271028037383,
    0.7587663551401869,
    0.7851214953271028,
    0.7736261682242991,
    0.7469719626168224,
    0.7320747663551401,
    0.7049532710280374,
    0.6797383177570093,
    0.6445607476635513,
    0.6760000000000002,
    0.6710654205607477,
    0.6029345794392523,
    0.620411214953271,
    0.644429906542056,
    0.6025233644859813,
    0.5932897196261682,
    0.606,
    0.5909906542056076,
    0.5673084112149532,
    0.5490093457943925,
    0.5227663551401869,
    0.5301121495327102,
    0.5552710280373832,
    0.5674953271028037,
    0.5425420560747664,
    0.5351214953271028,
    0.5147476635514019,
    0.5129906542056075,
    0.5321869158878505,
    0.4962803738317757,
    0.5211401869158878,
    0.5361121495327102
  ],
  "auc_S_raw": [
    0.5640982534790324,
    0.5415709349024003,
    0.5064163631269263,
    0.5515457177547399,
    0.5495096665732698,
    0.5137386756327637,
    0.5301765200336228,
    0.5015223685439432,
    0.5349210796675072,
    0.5619314467171009,
    0.5054263565891473,
    0.45394601662463807,
    0.4926309890725693,
    0.5483515457177548,
    0.5311665265714018,
    0.5002895302138788,
    0.5038946483608854,
    0.4967404501727842,
    0.49009059493789114,
    0.5228542075277856,
    0.5157934061828711,
    0.5224806201550388,
    0.5574297188755021,
    0.5383394041281405,
    0.5133464088913795,
    0.5151956663864762,
    0.5249276174465303,
    0.5414588586905763,
    0.5544970579994397,
    0.5761464462501167,
    0.560343700382927,
    0.6067992901839918,
    0.67036518165686,
    0.6981974409264966,
    0.716129634818343,
    0.7463528532735595,
    0.7990473521994957,
    0.7921173064350424,
    0.8026898290837768,
    0.8217801438311384,
    0.8414308396376202,
    0.8497057999439619,
    0.8739142616979547,
    0.8971327169141683,
    0.8757635191930513,
    0.8276267862146259,
    0.8063509853366956,
    0.7656859998132063,
    0.7592602970019613,
    0.6710002801905295,
    0.625217147660409,
    0.6536658260950778,
    0.6543382833660222,
    0.6627439992528252,
    0.6190155972728122,
    0.5826281871672737,
    0.5678154478378632,
    0.5730083123190436,
    0.5480339964509199,
    0.540786401419632,
    0.5054450359577846,
    0.47023442607639865,
    0.49771177734192584,
    0.47449332212571216,
    0.4613617259736621,
    0.4832913047538993,
    0.44697861212291023,
    0.4624638087232652,
    0.45519753432333987
  ],
  "auc_S_inv": [
    0.565555244232745,
    0.5410105538432801,
    0.5021948258148875,
    0.5497898571028299,
    0.5511534510133557,
    0.5179602129448024,
    0.5302138787708974,
    0.5023069020267115,
    0.5371252451667133,
    0.560343700382927,
    0.503819930886336,
    0.45446903894648355,
    0.4907256934715607,
    0.5453254879985057,
    0.529690856449052,
    0.5012608573830204,
    0.5027365275053702,
    0.4961427103763893,
    0.4898477631456057,
    0.5245727094424208,
    0.516671336508826,
    0.52380685532829,
    0.5592229382646867,
    0.5388063883440739,
    0.5133464088913794,
    0.5159801998692444,
    0.5267021574670776,
    0.5408797982628187,
    0.5572616045577661,
    0.5775287195292799,
    0.5616886149248155,
    0.6060894741757727,
    0.6682730923694779,
    0.6969646025964323,
    0.7162043522928925,
    0.7487251330905016,
    0.7984682917717381,
    0.7922667413841411,
    0.8050807882693565,
    0.8233678901653124,
    0.8432800971327169,
    0.8487905108807323,
    0.8738395442234053,
    0.8955823293172691,
    0.874754833286635,
    0.8276081068459886,
    0.8054730550107406,
    0.7630708882039787,
    0.7559727281217895,
    0.669655365648641,
    0.6248062015503877,
    0.6513682637526853,
    0.6508826001681143,
    0.6610628560754647,
    0.6174465303072756,
    0.5781638180629494,
    0.563687307369011,
    0.5691043242738395,
    0.5446903894648361,
    0.5409545157373681,
    0.5029793592976557,
    0.468441206687214,
    0.4949472307835995,
    0.46963668628000377,
    0.45753245540300735,
    0.4792565611282339,
    0.445204072102363,
    0.46371532642196694,
    0.4534229943027926
  ],
  "acc_R_macro": null,
  "auc_T": null,
  "latencies_ms": {
    "C": -109.99999940395355,
    "S_raw": -80.0000000745058,
    "S_inv": -80.0000000745058,
    "T": null
  },
  "meta": {
    "align": "sacc",
    "orientation": "horizontal",
    "pt_min_ms": 200.0,
    "n_trials": 464,
    "n_bins": 69,
    "n_units": 32,
    "thr": 0.6,
    "k_bins": 5,
    "norm": "global",
    "baseline_win": null,
    "used_axes_mu_sd": false
  }
}