{
  "sid": "20200402",
  "align": "stim",
  "features": [
    "C",
    "R"
  ],
  "winC": [
    0.1,
    0.3
  ],
  "winR": [
    0.05,
    0.2
  ],
  "winS": null,
  "winT": null,
  "pt_min_ms": 200.0,
  "orientation": "vertical",
  "areas": [
    "MFEF",
    "MLIP"
  ],
  "tag": "axes_peakbin_stimCR-stim-vertical-10msnative",
  "norm": "global",
  "baseline_win": null,
  "clf_binary": "logreg",
  "C_grid": [
    0.1,
    0.3,
    1.0,
    3.0,
    10.0
  ],
  "lda_shrinkage": null,
  "searchC": true,
  "searchS": false,
  "searchT": false,
  "searchR": true,
  "search_step_ms": 20.0,
  "search_len_ms": [
    50.0,
    100.0,
    150.0,
    200.0,
    250.0
  ],
  "search_range_C": "0.00:0.50",
  "search_range_S": null,
  "search_range_T": null,
  "search_range_R": "0.00:0.50",
  "search_score_mode": "peak_bin_auc",
  "search_tiebreak": "shortest_then_earliest",
  "search_tol": 0.01,
  "per_area_results": {
    "MFEF": {
      "winC_selected": [
        0.27999999999999997,
        0.32999999999999996
      ],
      "winC_cv_best": 0.9137084440151332,
      "winC_best_param": 0.3,
      "winC_peak_time_ms": 294.99998688697815,
      "winC_peak_auc": 0.9137084440151332,
      "winC_mean_bin_auc": 0.867874104483619,
      "winC_cv_auc_original": 0.992736507936508,
      "winR_selected": [
        0.14,
        0.39
      ],
      "winR_cv_best": 0.6392619047619048,
      "sC_auc": 0.9137084440151332,
      "n_trials_C": 224
    },
    "MLIP": {
      "winC_selected": [
        0.4400000000000001,
        0.4900000000000001
      ],
      "winC_cv_best": 0.7754165660468485,
      "winC_best_param": 0.3,
      "winC_peak_time_ms": 444.9999928474426,
      "winC_peak_auc": 0.7754165660468485,
      "winC_mean_bin_auc": 0.742630604523867,
      "winC_cv_auc_original": 0.9159579365079364,
      "winR_selected": [
        0.14,
        0.34
      ],
      "winR_cv_best": 0.5143095238095239,
      "sC_auc": 0.7754165660468485,
      "n_trials_C": 224
    }
  },
  "rebin_factor": null,
  "sliding_window_ms": null,
  "sliding_step_ms": null,
  "sliding_window_bins": null,
  "sliding_step_bins": null
}