{
  "time": [
    -0.39000000059604645,
    -0.3799999952316284,
    -0.3700000047683716,
    -0.35999999940395355,
    -0.3499999940395355,
    -0.3400000035762787,
    -0.32999999821186066,
    -0.3199999928474426,
    -0.3100000023841858,
    -0.30000000447034836,
    -0.28999999910593033,
    -0.2800000011920929,
    -0.27000000327825546,
    -0.25999999791383743,
    -0.25,
    -0.24000000208616257,
    -0.23000000044703484,
    -0.2200000025331974,
    -0.21000000089406967,
    -0.19999999925494194,
    -0.1900000013411045,
    -0.17999999970197678,
    -0.16999999806284904,
    -0.1600000001490116,
    -0.14999999850988388,
    -0.13999999687075615,
    -0.12999999895691872,
    -0.11999999918043613,
    -0.10999999940395355,
    -0.09999999962747097,
    -0.08999999985098839,
    -0.0800000000745058,
    -0.07000000029802322,
    -0.06000000052154064,
    -0.049999999813735485,
    -0.0400000000372529,
    -0.03000000026077032,
    -0.020000000251457095,
    -0.010000000009313226,
    0.0,
    0.010000000009313226,
    0.020000000251457095,
    0.03000000026077032,
    0.0400000000372529,
    0.049999999813735485,
    0.06000000052154064,
    0.07000000029802322,
    0.0800000000745058,
    0.08999999985098839,
    0.09999999962747097,
    0.10999999940395355,
    0.11999999918043613,
    0.12999999895691872,
    0.13999999687075615,
    0.14999999850988388,
    0.1600000001490116,
    0.16999999806284904,
    0.17999999970197678,
    0.1900000013411045,
    0.19999999925494194,
    0.21000000089406967,
    0.2200000025331974,
    0.23000000044703484,
    0.24000000208616257,
    0.25,
    0.25999999791383743,
    0.27000000327825546,
    0.2800000011920929,
    0.28999999910593033
  ],
  "auc_C": null,
  "auc_S_raw": [
    0.4893446661739345,
    0.5240822862774082,
    0.5463168268046318,
    0.5431756590293175,
    0.5208179354520818,
    0.4474624291697462,
    0.4996920423749692,
    0.4942719881744272,
    0.4275683665927568,
    0.4544838630204484,
    0.5450234047795024,
    0.5249753633899975,
    0.5121951219512195,
    0.5440379403794038,
    0.5066518847006651,
    0.5198940625769894,
    0.5052968711505297,
    0.48805124414880513,
    0.48601872382360184,
    0.4699433357969944,
    0.5144124168514412,
    0.5322739591032275,
    0.5104089677260409,
    0.5056664203005666,
    0.4977827050997783,
    0.5023404779502341,
    0.5708302537570831,
    0.5819783197831978,
    0.5787139689578714,
    0.5959595959595959,
    0.5711382113821138,
    0.6218280364621828,
    0.6813254496181326,
    0.6581054446908106,
    0.6681448632668143,
    0.7171101256467111,
    0.6572431633407243,
    0.716309435821631,
    0.8056171470805618,
    0.8375831485587584,
    0.8651761517615175,
    0.8093742301059375,
    0.7215447154471544,
    0.6652500615915251,
    0.6627864005912787,
    0.7410692288741069,
    0.7353720128110373,
    0.6763365360926336,
    0.713661000246366,
    0.6739960581423995,
    0.637041143138704,
    0.6000862281350086,
    0.6130820399113083,
    0.6136979551613697,
    0.5891845282089185,
    0.5999630450849963,
    0.5827790096082779,
    0.5849963045084996,
    0.5766198571076621,
    0.5689209164818921,
    0.5212798718896279,
    0.5456701157920671,
    0.5590662724809067,
    0.5455161369795516,
    0.5569105691056911,
    0.5509361911800936,
    0.5882606553338261,
    0.5987928061098793,
    0.5694752402069475
  ],
  "auc_S_inv": [
    0.4893446661739345,
    0.5240822862774082,
    0.5463168268046318,
    0.5431756590293175,
    0.5208179354520818,
    0.4474624291697462,
    0.4996920423749692,
    0.4942719881744272,
    0.4275683665927568,
    0.4544838630204484,
    0.5450234047795024,
    0.5249753633899975,
    0.5121951219512195,
    0.5440379403794038,
    0.5066518847006651,
    0.5198940625769894,
    0.5052968711505297,
    0.48805124414880513,
    0.48601872382360184,
    0.4699433357969944,
    0.5144124168514412,
    0.5322739591032275,
    0.5104089677260409,
    0.5056664203005666,
    0.4977827050997783,
    0.5023404779502341,
    0.5708302537570831,
    0.5819783197831978,
    0.5787139689578714,
    0.5959595959595959,
    0.5711382113821138,
    0.6218280364621828,
    0.6813254496181326,
    0.6581054446908106,
    0.6681448632668143,
    0.7171101256467111,
    0.6572431633407243,
    0.716309435821631,
    0.8056171470805618,
    0.8375831485587584,
    0.8651761517615175,
    0.8093742301059375,
    0.7215447154471544,
    0.6652500615915251,
    0.6627864005912787,
    0.7410692288741069,
    0.7353720128110373,
    0.6763365360926336,
    0.713661000246366,
    0.6739960581423995,
    0.637041143138704,
    0.6000862281350086,
    0.6130820399113083,
    0.6136979551613697,
    0.5891845282089185,
    0.5999630450849963,
    0.5827790096082779,
    0.5849963045084996,
    0.5766198571076621,
    0.5689209164818921,
    0.5212798718896279,
    0.5456701157920671,
    0.5590662724809067,
    0.5455161369795516,
    0.5569105691056911,
    0.5509361911800936,
    0.5882606553338261,
    0.5987928061098793,
    0.5694752402069475
  ],
  "acc_R_macro": null,
  "auc_T": null,
  "latencies_ms": {
    "C": null,
    "S_raw": -80.0000000745058,
    "S_inv": -80.0000000745058,
    "T": null
  },
  "meta": {
    "align": "sacc",
    "orientation": "horizontal",
    "pt_min_ms": 200.0,
    "n_trials": 255,
    "n_bins": 69,
    "n_units": 77,
    "thr": 0.6,
    "k_bins": 5,
    "norm": "global",
    "baseline_win": null,
    "used_axes_mu_sd": false
  }
}