{
  "time": [
    -0.39000000059604645,
    -0.3799999952316284,
    -0.3700000047683716,
    -0.35999999940395355,
    -0.3499999940395355,
    -0.3400000035762787,
    -0.32999999821186066,
    -0.3199999928474426,
    -0.3100000023841858,
    -0.30000000447034836,
    -0.28999999910593033,
    -0.2800000011920929,
    -0.27000000327825546,
    -0.25999999791383743,
    -0.25,
    -0.24000000208616257,
    -0.23000000044703484,
    -0.2200000025331974,
    -0.21000000089406967,
    -0.19999999925494194,
    -0.1900000013411045,
    -0.17999999970197678,
    -0.16999999806284904,
    -0.1600000001490116,
    -0.14999999850988388,
    -0.13999999687075615,
    -0.12999999895691872,
    -0.11999999918043613,
    -0.10999999940395355,
    -0.09999999962747097,
    -0.08999999985098839,
    -0.0800000000745058,
    -0.07000000029802322,
    -0.06000000052154064,
    -0.049999999813735485,
    -0.0400000000372529,
    -0.03000000026077032,
    -0.020000000251457095,
    -0.010000000009313226,
    0.0,
    0.010000000009313226,
    0.020000000251457095,
    0.03000000026077032,
    0.0400000000372529,
    0.049999999813735485,
    0.06000000052154064,
    0.07000000029802322,
    0.0800000000745058,
    0.08999999985098839,
    0.09999999962747097,
    0.10999999940395355,
    0.11999999918043613,
    0.12999999895691872,
    0.13999999687075615,
    0.14999999850988388,
    0.1600000001490116,
    0.16999999806284904,
    0.17999999970197678,
    0.1900000013411045,
    0.19999999925494194,
    0.21000000089406967,
    0.2200000025331974,
    0.23000000044703484,
    0.24000000208616257,
    0.25,
    0.25999999791383743,
    0.27000000327825546,
    0.2800000011920929,
    0.28999999910593033
  ],
  "auc_C": null,
  "auc_S_raw": [
    0.5047425474254742,
    0.5276237989652625,
    0.49645848731214587,
    0.44484478935698446,
    0.4918083271741808,
    0.501170238975117,
    0.4914079822616408,
    0.4690194629219019,
    0.43335796994333586,
    0.45408351810790837,
    0.47782705099778267,
    0.46113574772111354,
    0.5030179847253018,
    0.549550381867455,
    0.5473022912047303,
    0.5340909090909092,
    0.5058511948755852,
    0.4553461443705346,
    0.44136486819413645,
    0.4735156442473515,
    0.5044345898004434,
    0.4610741561961074,
    0.46415373244641533,
    0.5372320768662232,
    0.5423133776792314,
    0.5721852673072185,
    0.5770817935452083,
    0.5007390983000739,
    0.5126878541512687,
    0.5672271495442227,
    0.5633160877063317,
    0.5894308943089431,
    0.6067073170731707,
    0.5933419561468342,
    0.6007021433850702,
    0.67070091155457,
    0.6837583148558759,
    0.7191118502094112,
    0.7314917467356492,
    0.7230229120473022,
    0.7404841093865484,
    0.7143077112589309,
    0.7886178861788619,
    0.849809066272481,
    0.8511332840601133,
    0.8569228874106923,
    0.8600640551860064,
    0.7931140675043115,
    0.7509854644000985,
    0.7015890613451589,
    0.7090724316334073,
    0.653270509977827,
    0.5521372259177137,
    0.5013550135501356,
    0.47253017984725304,
    0.5177691549642769,
    0.5462860310421287,
    0.5129958117762996,
    0.482169253510717,
    0.507729736388273,
    0.5135809312638581,
    0.4343742301059374,
    0.42282581916728257,
    0.43446661739344666,
    0.4110310421286031,
    0.44515274698201523,
    0.4656319290465632,
    0.4301244148805125,
    0.3577543729982755
  ],
  "auc_S_inv": [
    0.5047425474254742,
    0.5276237989652625,
    0.49645848731214587,
    0.44484478935698446,
    0.4918083271741808,
    0.501170238975117,
    0.4914079822616408,
    0.4690194629219019,
    0.43335796994333586,
    0.45408351810790837,
    0.47782705099778267,
    0.46113574772111354,
    0.5030179847253018,
    0.549550381867455,
    0.5473022912047303,
    0.5340909090909092,
    0.5058511948755852,
    0.4553461443705346,
    0.44136486819413645,
    0.4735156442473515,
    0.5044345898004434,
    0.4610741561961074,
    0.46415373244641533,
    0.5372320768662232,
    0.5423133776792314,
    0.5721852673072185,
    0.5770817935452083,
    0.5007390983000739,
    0.5126878541512687,
    0.5672271495442227,
    0.5633160877063317,
    0.5894308943089431,
    0.6067073170731707,
    0.5933419561468342,
    0.6007021433850702,
    0.67070091155457,
    0.6837583148558759,
    0.7191118502094112,
    0.7314917467356492,
    0.7230229120473022,
    0.7404841093865484,
    0.7143077112589309,
    0.7886178861788619,
    0.849809066272481,
    0.8511332840601133,
    0.8569228874106923,
    0.8600640551860064,
    0.7931140675043115,
    0.7509854644000985,
    0.7015890613451589,
    0.7090724316334073,
    0.653270509977827,
    0.5521372259177137,
    0.5013550135501356,
    0.47253017984725304,
    0.5177691549642769,
    0.5462860310421287,
    0.5129958117762996,
    0.482169253510717,
    0.507729736388273,
    0.5135809312638581,
    0.4343742301059374,
    0.42282581916728257,
    0.43446661739344666,
    0.4110310421286031,
    0.44515274698201523,
    0.4656319290465632,
    0.4301244148805125,
    0.3577543729982755
  ],
  "acc_R_macro": null,
  "auc_T": null,
  "latencies_ms": {
    "C": null,
    "S_raw": -49.999999813735485,
    "S_inv": -49.999999813735485,
    "T": null
  },
  "meta": {
    "align": "sacc",
    "orientation": "horizontal",
    "pt_min_ms": 200.0,
    "n_trials": 255,
    "n_bins": 69,
    "n_units": 42,
    "thr": 0.6,
    "k_bins": 5,
    "norm": "global",
    "baseline_win": null,
    "used_axes_mu_sd": false
  }
}