{
  "time": [
    -0.39000000059604645,
    -0.3799999952316284,
    -0.3700000047683716,
    -0.35999999940395355,
    -0.3499999940395355,
    -0.3400000035762787,
    -0.32999999821186066,
    -0.3199999928474426,
    -0.3100000023841858,
    -0.30000000447034836,
    -0.28999999910593033,
    -0.2800000011920929,
    -0.27000000327825546,
    -0.25999999791383743,
    -0.25,
    -0.24000000208616257,
    -0.23000000044703484,
    -0.2200000025331974,
    -0.21000000089406967,
    -0.19999999925494194,
    -0.1900000013411045,
    -0.17999999970197678,
    -0.16999999806284904,
    -0.1600000001490116,
    -0.14999999850988388,
    -0.13999999687075615,
    -0.12999999895691872,
    -0.11999999918043613,
    -0.10999999940395355,
    -0.09999999962747097,
    -0.08999999985098839,
    -0.0800000000745058,
    -0.07000000029802322,
    -0.06000000052154064,
    -0.049999999813735485,
    -0.0400000000372529,
    -0.03000000026077032,
    -0.020000000251457095,
    -0.010000000009313226,
    0.0,
    0.010000000009313226,
    0.020000000251457095,
    0.03000000026077032,
    0.0400000000372529,
    0.049999999813735485,
    0.06000000052154064,
    0.07000000029802322,
    0.0800000000745058,
    0.08999999985098839,
    0.09999999962747097,
    0.10999999940395355,
    0.11999999918043613,
    0.12999999895691872,
    0.13999999687075615,
    0.14999999850988388,
    0.1600000001490116,
    0.16999999806284904,
    0.17999999970197678,
    0.1900000013411045,
    0.19999999925494194,
    0.21000000089406967,
    0.2200000025331974,
    0.23000000044703484,
    0.24000000208616257,
    0.25,
    0.25999999791383743,
    0.27000000327825546,
    0.2800000011920929,
    0.28999999910593033
  ],
  "auc_C": null,
  "auc_S_raw": [
    0.5314352314352314,
    0.576123876123876,
    0.5574425574425574,
    0.542091242091242,
    0.4802863802863803,
    0.4502164502164501,
    0.49460539460539454,
    0.5233766233766234,
    0.5068931068931068,
    0.5135864135864137,
    0.5415917415917416,
    0.5632034632034632,
    0.504029304029304,
    0.497002997002997,
    0.5247419247419248,
    0.5200799200799201,
    0.4955710955710956,
    0.4911088911088911,
    0.5251082251082251,
    0.4975357975357976,
    0.4107559107559107,
    0.4688311688311689,
    0.4721278721278721,
    0.49264069264069266,
    0.507092907092907,
    0.4789543789543789,
    0.5388611388611388,
    0.5471528471528471,
    0.5264402264402265,
    0.5792873792873793,
    0.5763236763236764,
    0.5942723942723943,
    0.6679986679986679,
    0.7084915084915085,
    0.7295371295371295,
    0.837895437895438,
    0.9772893772893774,
    0.9997335997335998,
    0.9999999999999999,
    0.9996003996003996,
    0.9292707292707293,
    0.7385281385281386,
    0.828904428904429,
    0.8225774225774226,
    0.8159174159174158,
    0.8235431235431234,
    0.8056277056277055,
    0.7524808524808526,
    0.7277056277056276,
    0.7204129204129204,
    0.6510156510156511,
    0.6856143856143856,
    0.7021312021312022,
    0.6662004662004662,
    0.6404595404595403,
    0.5481185481185481,
    0.5314019314019314,
    0.5066933066933067,
    0.46207126207126215,
    0.4703962703962704,
    0.42034632034632036,
    0.42314352314352316,
    0.461005661005661,
    0.4085914085914086,
    0.3748251748251748,
    0.42340992340992334,
    0.39150849150849154,
    0.43066933066933066,
    0.4302031302031302
  ],
  "auc_S_inv": [
    0.5314352314352314,
    0.576123876123876,
    0.5574425574425574,
    0.542091242091242,
    0.4802863802863803,
    0.4502164502164501,
    0.49460539460539454,
    0.5233766233766234,
    0.5068931068931068,
    0.5135864135864137,
    0.5415917415917416,
    0.5632034632034632,
    0.504029304029304,
    0.497002997002997,
    0.5247419247419248,
    0.5200799200799201,
    0.4955710955710956,
    0.4911088911088911,
    0.5251082251082251,
    0.4975357975357976,
    0.4107559107559107,
    0.4688311688311689,
    0.4721278721278721,
    0.49264069264069266,
    0.507092907092907,
    0.4789543789543789,
    0.5388611388611388,
    0.5471528471528471,
    0.5264402264402265,
    0.5792873792873793,
    0.5763236763236764,
    0.5942723942723943,
    0.6679986679986679,
    0.7084915084915085,
    0.7295371295371295,
    0.837895437895438,
    0.9772893772893774,
    0.9997335997335998,
    0.9999999999999999,
    0.9996003996003996,
    0.9292707292707293,
    0.7385281385281386,
    0.828904428904429,
    0.8225774225774226,
    0.8159174159174158,
    0.8235431235431234,
    0.8056277056277055,
    0.7524808524808526,
    0.7277056277056276,
    0.7204129204129204,
    0.6510156510156511,
    0.6856143856143856,
    0.7021312021312022,
    0.6662004662004662,
    0.6404595404595403,
    0.5481185481185481,
    0.5314019314019314,
    0.5066933066933067,
    0.46207126207126215,
    0.4703962703962704,
    0.42034632034632036,
    0.42314352314352316,
    0.461005661005661,
    0.4085914085914086,
    0.3748251748251748,
    0.42340992340992334,
    0.39150849150849154,
    0.43066933066933066,
    0.4302031302031302
  ],
  "acc_R_macro": null,
  "auc_T": null,
  "latencies_ms": {
    "C": null,
    "S_raw": -70.00000029802322,
    "S_inv": -70.00000029802322,
    "T": null
  },
  "meta": {
    "align": "sacc",
    "orientation": "horizontal",
    "pt_min_ms": 200.0,
    "n_trials": 248,
    "n_bins": 69,
    "n_units": 23,
    "thr": 0.6,
    "k_bins": 5,
    "norm": "global",
    "baseline_win": null,
    "used_axes_mu_sd": false
  }
}