{
  "time": [
    -0.39000000059604645,
    -0.3799999952316284,
    -0.3700000047683716,
    -0.35999999940395355,
    -0.3499999940395355,
    -0.3400000035762787,
    -0.32999999821186066,
    -0.3199999928474426,
    -0.3100000023841858,
    -0.30000000447034836,
    -0.28999999910593033,
    -0.2800000011920929,
    -0.27000000327825546,
    -0.25999999791383743,
    -0.25,
    -0.24000000208616257,
    -0.23000000044703484,
    -0.2200000025331974,
    -0.21000000089406967,
    -0.19999999925494194,
    -0.1900000013411045,
    -0.17999999970197678,
    -0.16999999806284904,
    -0.1600000001490116,
    -0.14999999850988388,
    -0.13999999687075615,
    -0.12999999895691872,
    -0.11999999918043613,
    -0.10999999940395355,
    -0.09999999962747097,
    -0.08999999985098839,
    -0.0800000000745058,
    -0.07000000029802322,
    -0.06000000052154064,
    -0.049999999813735485,
    -0.0400000000372529,
    -0.03000000026077032,
    -0.020000000251457095,
    -0.010000000009313226,
    0.0,
    0.010000000009313226,
    0.020000000251457095,
    0.03000000026077032,
    0.0400000000372529,
    0.049999999813735485,
    0.06000000052154064,
    0.07000000029802322,
    0.0800000000745058,
    0.08999999985098839,
    0.09999999962747097,
    0.10999999940395355,
    0.11999999918043613,
    0.12999999895691872,
    0.13999999687075615,
    0.14999999850988388,
    0.1600000001490116,
    0.16999999806284904,
    0.17999999970197678,
    0.1900000013411045,
    0.19999999925494194,
    0.21000000089406967,
    0.2200000025331974,
    0.23000000044703484,
    0.24000000208616257,
    0.25,
    0.25999999791383743,
    0.27000000327825546,
    0.2800000011920929,
    0.28999999910593033
  ],
  "auc_C": null,
  "auc_S_raw": [
    0.5026973026973027,
    0.523010323010323,
    0.5327672327672328,
    0.5245421245421246,
    0.5311688311688312,
    0.5032301032301032,
    0.4436563436563436,
    0.5285381285381285,
    0.5564435564435564,
    0.4687312687312687,
    0.4477189477189477,
    0.4994338994338995,
    0.4821844821844821,
    0.5111888111888112,
    0.5203130203130203,
    0.5361305361305362,
    0.5508824508824508,
    0.5366633366633367,
    0.5546786546786546,
    0.49190809190809187,
    0.5292374292374291,
    0.5444222444222444,
    0.5252414252414253,
    0.5070596070596071,
    0.4887112887112887,
    0.45447885447885444,
    0.5086580086580086,
    0.5496503496503496,
    0.5612387612387612,
    0.5822510822510824,
    0.565001665001665,
    0.5383283383283384,
    0.5574758574758575,
    0.6075591075591075,
    0.713020313020313,
    0.7171828171828171,
    0.6904761904761904,
    0.7582084582084582,
    0.8197136197136197,
    0.8617382617382617,
    0.875024975024975,
    0.9002997002997004,
    0.897968697968698,
    0.9121545121545122,
    0.9343989343989344,
    0.978887778887779,
    0.9604395604395604,
    0.9096237096237096,
    0.8704628704628705,
    0.7826839826839828,
    0.6909090909090909,
    0.7200799200799202,
    0.7335997335997335,
    0.7397269397269398,
    0.6199800199800201,
    0.544988344988345,
    0.475990675990676,
    0.46230436230436234,
    0.531002331002331,
    0.5428571428571429,
    0.4889110889110889,
    0.46293706293706294,
    0.47662337662337656,
    0.527938727938728,
    0.5182817182817183,
    0.4623709623709624,
    0.3875124875124875,
    0.4085914085914086,
    0.3741258741258741
  ],
  "auc_S_inv": [
    0.5026973026973027,
    0.523010323010323,
    0.5327672327672328,
    0.5245421245421246,
    0.5311688311688312,
    0.5032301032301032,
    0.4436563436563436,
    0.5285381285381285,
    0.5564435564435564,
    0.4687312687312687,
    0.4477189477189477,
    0.4994338994338995,
    0.4821844821844821,
    0.5111888111888112,
    0.5203130203130203,
    0.5361305361305362,
    0.5508824508824508,
    0.5366633366633367,
    0.5546786546786546,
    0.49190809190809187,
    0.5292374292374291,
    0.5444222444222444,
    0.5252414252414253,
    0.5070596070596071,
    0.4887112887112887,
    0.45447885447885444,
    0.5086580086580086,
    0.5496503496503496,
    0.5612387612387612,
    0.5822510822510824,
    0.565001665001665,
    0.5383283383283384,
    0.5574758574758575,
    0.6075591075591075,
    0.713020313020313,
    0.7171828171828171,
    0.6904761904761904,
    0.7582084582084582,
    0.8197136197136197,
    0.8617382617382617,
    0.875024975024975,
    0.9002997002997004,
    0.897968697968698,
    0.9121545121545122,
    0.9343989343989344,
    0.978887778887779,
    0.9604395604395604,
    0.9096237096237096,
    0.8704628704628705,
    0.7826839826839828,
    0.6909090909090909,
    0.7200799200799202,
    0.7335997335997335,
    0.7397269397269398,
    0.6199800199800201,
    0.544988344988345,
    0.475990675990676,
    0.46230436230436234,
    0.531002331002331,
    0.5428571428571429,
    0.4889110889110889,
    0.46293706293706294,
    0.47662337662337656,
    0.527938727938728,
    0.5182817182817183,
    0.4623709623709624,
    0.3875124875124875,
    0.4085914085914086,
    0.3741258741258741
  ],
  "acc_R_macro": null,
  "auc_T": null,
  "latencies_ms": {
    "C": null,
    "S_raw": -60.00000052154064,
    "S_inv": -60.00000052154064,
    "T": null
  },
  "meta": {
    "align": "sacc",
    "orientation": "horizontal",
    "pt_min_ms": 200.0,
    "n_trials": 248,
    "n_bins": 69,
    "n_units": 42,
    "thr": 0.6,
    "k_bins": 5,
    "norm": "global",
    "baseline_win": null,
    "used_axes_mu_sd": false
  }
}