{
  "sid": "20231025",
  "align": "stim",
  "features": [
    "C"
  ],
  "winC": [
    0.1,
    0.3
  ],
  "winR": null,
  "winS": null,
  "winT": null,
  "pt_min_ms": 200.0,
  "orientation": "horizontal",
  "areas": [
    "SFEF",
    "SLIP",
    "SSC"
  ],
  "tag": "axes_peakbin_stimC-stim-horizontal-20mssw_nofilter",
  "norm": "global",
  "baseline_win": null,
  "clf_binary": "logreg",
  "C_grid": [
    0.1,
    0.3,
    1.0,
    3.0,
    10.0
  ],
  "lda_shrinkage": null,
  "searchC": true,
  "searchS": false,
  "searchT": false,
  "searchR": false,
  "search_step_ms": 20.0,
  "search_len_ms": [
    50.0,
    100.0,
    150.0,
    200.0,
    250.0
  ],
  "search_range_C": "0.00:0.50",
  "search_range_S": null,
  "search_range_T": null,
  "search_range_R": null,
  "search_score_mode": "peak_bin_auc",
  "search_tiebreak": "shortest_then_earliest",
  "search_tol": 0.01,
  "per_area_results": {
    "SFEF": {
      "winC_selected": [
        0.16,
        0.26
      ],
      "winC_cv_best": 0.7166233766233765,
      "winC_best_param": 0.1,
      "winC_peak_time_ms": 210.00000089406967,
      "winC_peak_auc": 0.7166233766233765,
      "winC_mean_bin_auc": 0.65698347107438,
      "winC_cv_auc_original": 0.8214285714285715,
      "sC_auc": 0.7166233766233765,
      "n_trials_C": 250
    },
    "SLIP": {
      "winC_selected": [
        0.38000000000000006,
        0.4800000000000001
      ],
      "winC_cv_best": 0.710974025974026,
      "winC_best_param": 0.1,
      "winC_peak_time_ms": 390.00000059604645,
      "winC_peak_auc": 0.710974025974026,
      "winC_mean_bin_auc": 0.6517243867243868,
      "winC_cv_auc_original": 0.7685064935064936,
      "sC_auc": 0.710974025974026,
      "n_trials_C": 250
    },
    "SSC": {
      "winC_selected": [
        0.36000000000000004,
        0.41000000000000003
      ],
      "winC_cv_best": 0.7305519480519481,
      "winC_best_param": 0.3,
      "winC_peak_time_ms": 390.00000059604645,
      "winC_peak_auc": 0.7305519480519481,
      "winC_mean_bin_auc": 0.6865974025974027,
      "winC_cv_auc_original": 0.8556818181818182,
      "sC_auc": 0.7305519480519481,
      "n_trials_C": 250
    }
  },
  "rebin_factor": null,
  "sliding_window_ms": 20.0,
  "sliding_step_ms": 10.0,
  "sliding_window_bins": 2,
  "sliding_step_bins": 1
}