{
  "sid": "20200401",
  "area": "MFEF",
  "monkey": "M",
  "analysis": "cross_alignment",
  "align_C": "stim",
  "axes_tag_C": "axes_peakbin_stimC-stim-vertical-20mssw_nofilter",
  "orientation_C": "vertical",
  "align_S": "sacc",
  "axes_tag_S": "axes_peakbin_saccCS-sacc-horizontal-20mssw_nofilter",
  "orientation_S": "horizontal",
  "a_obs": 0.7501235664894882,
  "theta_obs_deg": 41.39891726583023,
  "null_mean": 0.275110210292259,
  "null_std": 0.1644012741695815,
  "null_angle_mean_deg": 73.75782588626818,
  "p_orth": 1.0,
  "p_align": 0.000999000999000999,
  "n_perms_valid": 1000,
  "delta": 0.4750133561972292,
  "delta_theta_deg": -32.35890862043795,
  "z_score": 2.8893532522579375,
  "manifold_dim": 41,
  "D_eff": 7.927945538206564,
  "expected_cos": 0.28337382506811865,
  "expected_angle_deg": 73.5383312184691,
  "D_C_shape": [
    71,
    102
  ],
  "D_S_shape": [
    71,
    52
  ],
  "use_rich_cond": false,
  "null_mode": "s_epoch",
  "win_C": [
    0.0,
    0.5
  ],
  "win_S": [
    -0.2,
    0.05
  ],
  "pt_min_ms": 200.0,
  "n_trials_C": 261,
  "n_trials_S": 257
}