{
  "sid": "20231121",
  "area": "SFEF",
  "monkey": "S",
  "analysis": "cross_alignment",
  "align_C": "stim",
  "axes_tag_C": "axes_peakbin_stimC-stim-vertical-20mssw_nofilter",
  "orientation_C": "vertical",
  "align_S": "sacc",
  "axes_tag_S": "axes_peakbin_saccCS-sacc-horizontal-20mssw_nofilter",
  "orientation_S": "horizontal",
  "a_obs": 0.15096225748700753,
  "theta_obs_deg": 81.31730510554729,
  "null_mean": 0.20741243285817015,
  "null_std": 0.13767025050882087,
  "null_angle_mean_deg": 77.88713765403321,
  "p_orth": 0.41058941058941056,
  "p_align": 0.5904095904095904,
  "n_perms_valid": 1000,
  "delta": -0.05645017537116262,
  "delta_theta_deg": 3.4301674515140803,
  "z_score": -0.41003902558850736,
  "manifold_dim": 47,
  "D_eff": 4.1902567109445235,
  "expected_cos": 0.38978017506997364,
  "expected_angle_deg": 67.05917805403766,
  "D_C_shape": [
    61,
    100
  ],
  "D_S_shape": [
    61,
    100
  ],
  "use_rich_cond": false,
  "win_C": [
    0.0,
    0.5
  ],
  "win_S": [
    -0.2,
    0.05
  ],
  "pt_min_ms": 200.0,
  "n_trials_C": 516,
  "n_trials_S": 350
}