{
  "sid": "20201204",
  "area": "MFEF",
  "monkey": "M",
  "analysis": "cross_alignment",
  "align_C": "stim",
  "axes_tag_C": "axes_peakbin_stimC-stim-vertical-20mssw_nofilter",
  "orientation_C": "vertical",
  "align_S": "sacc",
  "axes_tag_S": "axes_peakbin_saccCS-sacc-horizontal-20mssw_nofilter",
  "orientation_S": "horizontal",
  "a_obs": 0.813727159359954,
  "theta_obs_deg": 35.53829997997994,
  "null_mean": 0.22409867338693248,
  "null_std": 0.14463155996527643,
  "null_angle_mean_deg": 76.88240050683201,
  "p_orth": 1.0,
  "p_align": 0.000999000999000999,
  "n_perms_valid": 1000,
  "delta": 0.5896284859730215,
  "delta_theta_deg": -41.344100526852074,
  "z_score": 4.0767622648513315,
  "manifold_dim": 38,
  "D_eff": 6.551414350027616,
  "expected_cos": 0.3117256417286935,
  "expected_angle_deg": 71.8367435133969,
  "D_C_shape": [
    59,
    40
  ],
  "D_S_shape": [
    59,
    28
  ],
  "use_rich_cond": false,
  "win_C": [
    0.1,
    0.3
  ],
  "win_S": [
    -0.1,
    -0.03
  ],
  "pt_min_ms": 200.0,
  "n_trials_C": 238,
  "n_trials_S": 287
}