{
  "sid": "20200401",
  "area": "MFEF",
  "monkey": "M",
  "analysis": "cross_alignment",
  "align_C": "stim",
  "axes_tag_C": "axes_peakbin_stimC-stim-vertical-20mssw_nofilter",
  "orientation_C": "vertical",
  "align_S": "sacc",
  "axes_tag_S": "axes_peakbin_saccCS-sacc-horizontal-20mssw_nofilter",
  "orientation_S": "horizontal",
  "a_obs": 0.6844788701436101,
  "theta_obs_deg": 46.805362988939514,
  "null_mean": 0.1727169546653397,
  "null_std": 0.11531814325494584,
  "null_angle_mean_deg": 79.9736789439269,
  "p_orth": 1.0,
  "p_align": 0.000999000999000999,
  "n_perms_valid": 1000,
  "delta": 0.5117619154782704,
  "delta_theta_deg": -33.168315954987385,
  "z_score": 4.437826529576227,
  "manifold_dim": 46,
  "D_eff": 5.990092477789829,
  "expected_cos": 0.32600427702370205,
  "expected_angle_deg": 70.97357009309052,
  "D_C_shape": [
    71,
    40
  ],
  "D_S_shape": [
    71,
    28
  ],
  "use_rich_cond": false,
  "win_C": [
    0.1,
    0.3
  ],
  "win_S": [
    -0.1,
    -0.03
  ],
  "pt_min_ms": 200.0,
  "n_trials_C": 261,
  "n_trials_S": 257
}