{
  "sid": "20231103",
  "area": "SFEF",
  "monkey": "S",
  "analysis": "cross_alignment",
  "align_C": "stim",
  "axes_tag_C": "axes_peakbin_stimC-stim-vertical-20mssw_nofilter",
  "orientation_C": "vertical",
  "align_S": "sacc",
  "axes_tag_S": "axes_peakbin_saccCS-sacc-horizontal-20mssw_nofilter",
  "orientation_S": "horizontal",
  "a_obs": 0.00941276948176306,
  "theta_obs_deg": 89.46068007098727,
  "null_mean": 0.11058932063432281,
  "null_std": 0.07830544906998554,
  "null_angle_mean_deg": 83.62703467445384,
  "p_orth": 0.04995004995004995,
  "p_align": 0.951048951048951,
  "n_perms_valid": 1000,
  "delta": -0.10117655115255975,
  "delta_theta_deg": 5.833645396533427,
  "z_score": -1.2920754858596513,
  "manifold_dim": 51,
  "D_eff": 10.130396780794849,
  "expected_cos": 0.250684125673294,
  "expected_angle_deg": 75.48200109918663,
  "D_C_shape": [
    72,
    40
  ],
  "D_S_shape": [
    72,
    28
  ],
  "use_rich_cond": false,
  "win_C": [
    0.1,
    0.3
  ],
  "win_S": [
    -0.1,
    -0.03
  ],
  "pt_min_ms": 200.0,
  "n_trials_C": 89,
  "n_trials_S": 64
}