{
  "sid": "20230705",
  "area": "SFEF",
  "monkey": "S",
  "analysis": "cross_alignment",
  "align_C": "stim",
  "axes_tag_C": "axes_peakbin_stimC-stim-vertical-20mssw_nofilter",
  "orientation_C": "vertical",
  "align_S": "sacc",
  "axes_tag_S": "axes_peakbin_saccCS-sacc-horizontal-20mssw_nofilter",
  "orientation_S": "horizontal",
  "a_obs": 0.2118284955625106,
  "theta_obs_deg": 77.77047168724351,
  "null_mean": 0.13233800289750142,
  "null_std": 0.09827476327554538,
  "null_angle_mean_deg": 82.34810446926829,
  "p_orth": 0.7862137862137862,
  "p_align": 0.21478521478521478,
  "n_perms_valid": 1000,
  "delta": 0.07949049266500918,
  "delta_theta_deg": -4.577632782024779,
  "z_score": 0.8088596707389835,
  "manifold_dim": 69,
  "D_eff": 9.182791822109648,
  "expected_cos": 0.2633011112886298,
  "expected_angle_deg": 74.73397103810667,
  "D_C_shape": [
    84,
    100
  ],
  "D_S_shape": [
    84,
    100
  ],
  "use_rich_cond": false,
  "win_C": [
    0.0,
    0.5
  ],
  "win_S": [
    -0.2,
    0.05
  ],
  "pt_min_ms": 200.0,
  "n_trials_C": 534,
  "n_trials_S": 442
}