{
  "sid": "20230627",
  "area": "SFEF",
  "monkey": "S",
  "analysis": "cross_alignment",
  "align_C": "stim",
  "axes_tag_C": "axes_peakbin_stimC-stim-vertical-20mssw_nofilter",
  "orientation_C": "vertical",
  "align_S": "sacc",
  "axes_tag_S": "axes_peakbin_saccCS-sacc-horizontal-20mssw_nofilter",
  "orientation_S": "horizontal",
  "a_obs": 0.2479707148626038,
  "theta_obs_deg": 75.64253802472247,
  "null_mean": 0.22217586168421374,
  "null_std": 0.12073979986421968,
  "null_angle_mean_deg": 77.0616909047954,
  "p_orth": 0.5454545454545454,
  "p_align": 0.45554445554445555,
  "n_perms_valid": 1000,
  "delta": 0.02579485317839006,
  "delta_theta_deg": -1.4191528800729287,
  "z_score": 0.21364001934240548,
  "manifold_dim": 31,
  "D_eff": 2.7029959130009162,
  "expected_cos": 0.48530790671338886,
  "expected_angle_deg": 60.967352413530925,
  "D_C_shape": [
    68,
    102
  ],
  "D_S_shape": [
    68,
    52
  ],
  "use_rich_cond": false,
  "null_mode": "s_epoch",
  "win_C": [
    0.0,
    0.5
  ],
  "win_S": [
    -0.2,
    0.05
  ],
  "pt_min_ms": 200.0,
  "n_trials_C": 582,
  "n_trials_S": 520
}