{
  "sid": "20200402",
  "area": "MFEF",
  "monkey": "M",
  "analysis": "cross_alignment",
  "align_C": "stim",
  "axes_tag_C": "axes_peakbin_stimC-stim-vertical-20mssw_nofilter",
  "orientation_C": "vertical",
  "align_S": "sacc",
  "axes_tag_S": "axes_peakbin_saccCS-sacc-horizontal-20mssw_nofilter",
  "orientation_S": "horizontal",
  "a_obs": 0.602910303314716,
  "theta_obs_deg": 52.9213816436341,
  "null_mean": 0.1908060070523742,
  "null_std": 0.13467564921337147,
  "null_angle_mean_deg": 78.87142229852891,
  "p_orth": 0.998001998001998,
  "p_align": 0.002997002997002997,
  "n_perms_valid": 1000,
  "delta": 0.4121042962623418,
  "delta_theta_deg": -25.950040654894813,
  "z_score": 3.0599763110065292,
  "manifold_dim": 66,
  "D_eff": 7.8150846670045,
  "expected_cos": 0.28541264990255194,
  "expected_angle_deg": 73.41648377326487,
  "D_C_shape": [
    80,
    100
  ],
  "D_S_shape": [
    80,
    100
  ],
  "use_rich_cond": false,
  "win_C": [
    0.0,
    0.5
  ],
  "win_S": [
    -0.2,
    0.05
  ],
  "pt_min_ms": 200.0,
  "n_trials_C": 224,
  "n_trials_S": 242
}