{
  "sid": "20230627",
  "area": "SFEF",
  "monkey": "S",
  "analysis": "cross_alignment",
  "align_C": "stim",
  "axes_tag_C": "axes_peakbin_stimC-stim-vertical-20mssw_nofilter",
  "orientation_C": "vertical",
  "align_S": "sacc",
  "axes_tag_S": "axes_peakbin_saccCS-sacc-horizontal-20mssw_nofilter",
  "orientation_S": "horizontal",
  "a_obs": 0.17951948509531251,
  "theta_obs_deg": 79.65822756996802,
  "null_mean": 0.23061137678440372,
  "null_std": 0.13098431038272695,
  "null_angle_mean_deg": 76.53789782732088,
  "p_orth": 0.3936063936063936,
  "p_align": 0.6073926073926074,
  "n_perms_valid": 1000,
  "delta": -0.0510918916890912,
  "delta_theta_deg": 3.1203297426471437,
  "z_score": -0.3900611572470343,
  "manifold_dim": 46,
  "D_eff": 4.053190389237937,
  "expected_cos": 0.3963159575085972,
  "expected_angle_deg": 66.65192773400236,
  "D_C_shape": [
    68,
    100
  ],
  "D_S_shape": [
    68,
    100
  ],
  "use_rich_cond": false,
  "win_C": [
    0.0,
    0.5
  ],
  "win_S": [
    -0.2,
    0.05
  ],
  "pt_min_ms": 200.0,
  "n_trials_C": 582,
  "n_trials_S": 520
}