{
  "time": [
    -0.39000000059604645,
    -0.3799999952316284,
    -0.3700000047683716,
    -0.35999999940395355,
    -0.3499999940395355,
    -0.3400000035762787,
    -0.32999999821186066,
    -0.3199999928474426,
    -0.3100000023841858,
    -0.30000000447034836,
    -0.28999999910593033,
    -0.2800000011920929,
    -0.27000000327825546,
    -0.25999999791383743,
    -0.25,
    -0.24000000208616257,
    -0.23000000044703484,
    -0.2200000025331974,
    -0.21000000089406967,
    -0.19999999925494194,
    -0.1900000013411045,
    -0.17999999970197678,
    -0.16999999806284904,
    -0.1600000001490116,
    -0.14999999850988388,
    -0.13999999687075615,
    -0.12999999895691872,
    -0.11999999918043613,
    -0.10999999940395355,
    -0.09999999962747097,
    -0.08999999985098839,
    -0.0800000000745058,
    -0.07000000029802322,
    -0.06000000052154064,
    -0.049999999813735485,
    -0.0400000000372529,
    -0.03000000026077032,
    -0.020000000251457095,
    -0.010000000009313226,
    0.0,
    0.010000000009313226,
    0.020000000251457095,
    0.03000000026077032,
    0.0400000000372529,
    0.049999999813735485,
    0.06000000052154064,
    0.07000000029802322,
    0.0800000000745058,
    0.08999999985098839,
    0.09999999962747097,
    0.10999999940395355,
    0.11999999918043613,
    0.12999999895691872,
    0.13999999687075615,
    0.14999999850988388,
    0.1600000001490116,
    0.16999999806284904,
    0.17999999970197678,
    0.1900000013411045,
    0.19999999925494194,
    0.21000000089406967,
    0.2200000025331974,
    0.23000000044703484,
    0.24000000208616257,
    0.25,
    0.25999999791383743,
    0.27000000327825546,
    0.2800000011920929,
    0.28999999910593033
  ],
  "auc_C": null,
  "auc_S_raw": [
    0.4316058394160584,
    0.3989051094890511,
    0.4267883211678832,
    0.446934306569343,
    0.45124087591240875,
    0.4429197080291971,
    0.4475182481751825,
    0.4610948905109489,
    0.4637956204379562,
    0.46379562043795614,
    0.48708029197080294,
    0.4615328467153285,
    0.47693430656934305,
    0.47109489051094894,
    0.4856934306569343,
    0.49153284671532854,
    0.508978102189781,
    0.5249635036496351,
    0.49759124087591244,
    0.4995620437956204,
    0.5596350364963504,
    0.5626277372262773,
    0.5393430656934307,
    0.5557664233576642,
    0.5825547445255475,
    0.595985401459854,
    0.6891240875912409,
    0.7592700729927008,
    0.7873722627737227,
    0.8113138686131387,
    0.8046715328467153,
    0.8252554744525548,
    0.9042335766423358,
    0.9583941605839416,
    0.9662773722627738,
    0.9504379562043795,
    0.9551824817518249,
    0.9725547445255475,
    0.9758394160583941,
    0.9854014598540146,
    0.9731386861313869,
    0.9688321167883212,
    0.9518978102189781,
    0.9466423357664233,
    0.954014598540146,
    0.9242335766423357,
    0.8943795620437957,
    0.909051094890511,
    0.8947445255474452,
    0.8788321167883211,
    0.8508029197080292,
    0.8326277372262774,
    0.8297080291970802,
    0.7571532846715329,
    0.7167883211678832,
    0.6713138686131387,
    0.6804379562043795,
    0.6864233576642336,
    0.6981751824817519,
    0.7327737226277372,
    0.7034306569343066,
    0.6241605839416059,
    0.5434306569343065,
    0.5883211678832118,
    0.574014598540146,
    0.5854744525547445,
    0.6237226277372262,
    0.5505109489051094,
    0.5093430656934307
  ],
  "auc_S_inv": [
    0.4316058394160584,
    0.3989051094890511,
    0.4267883211678832,
    0.446934306569343,
    0.45124087591240875,
    0.4429197080291971,
    0.4475182481751825,
    0.4610948905109489,
    0.4637956204379562,
    0.46379562043795614,
    0.48708029197080294,
    0.4615328467153285,
    0.47693430656934305,
    0.47109489051094894,
    0.4856934306569343,
    0.49153284671532854,
    0.508978102189781,
    0.5249635036496351,
    0.49759124087591244,
    0.4995620437956204,
    0.5596350364963504,
    0.5626277372262773,
    0.5393430656934307,
    0.5557664233576642,
    0.5825547445255475,
    0.595985401459854,
    0.6891240875912409,
    0.7592700729927008,
    0.7873722627737227,
    0.8113138686131387,
    0.8046715328467153,
    0.8252554744525548,
    0.9042335766423358,
    0.9583941605839416,
    0.9662773722627738,
    0.9504379562043795,
    0.9551824817518249,
    0.9725547445255475,
    0.9758394160583941,
    0.9854014598540146,
    0.9731386861313869,
    0.9688321167883212,
    0.9518978102189781,
    0.9466423357664233,
    0.954014598540146,
    0.9242335766423357,
    0.8943795620437957,
    0.909051094890511,
    0.8947445255474452,
    0.8788321167883211,
    0.8508029197080292,
    0.8326277372262774,
    0.8297080291970802,
    0.7571532846715329,
    0.7167883211678832,
    0.6713138686131387,
    0.6804379562043795,
    0.6864233576642336,
    0.6981751824817519,
    0.7327737226277372,
    0.7034306569343066,
    0.6241605839416059,
    0.5434306569343065,
    0.5883211678832118,
    0.574014598540146,
    0.5854744525547445,
    0.6237226277372262,
    0.5505109489051094,
    0.5093430656934307
  ],
  "acc_R_macro": null,
  "auc_T": null,
  "latencies_ms": {
    "C": null,
    "S_raw": -129.99999895691872,
    "S_inv": -129.99999895691872,
    "T": null
  },
  "meta": {
    "align": "sacc",
    "orientation": "horizontal",
    "pt_min_ms": 200.0,
    "n_trials": 237,
    "n_bins": 69,
    "n_units": 80,
    "thr": 0.6,
    "k_bins": 5,
    "norm": "global",
    "baseline_win": null,
    "used_axes_mu_sd": false
  }
}