{
  "time": [
    -0.39000000059604645,
    -0.3799999952316284,
    -0.3700000047683716,
    -0.35999999940395355,
    -0.3499999940395355,
    -0.3400000035762787,
    -0.32999999821186066,
    -0.3199999928474426,
    -0.3100000023841858,
    -0.30000000447034836,
    -0.28999999910593033,
    -0.2800000011920929,
    -0.27000000327825546,
    -0.25999999791383743,
    -0.25,
    -0.24000000208616257,
    -0.23000000044703484,
    -0.2200000025331974,
    -0.21000000089406967,
    -0.19999999925494194,
    -0.1900000013411045,
    -0.17999999970197678,
    -0.16999999806284904,
    -0.1600000001490116,
    -0.14999999850988388,
    -0.13999999687075615,
    -0.12999999895691872,
    -0.11999999918043613,
    -0.10999999940395355,
    -0.09999999962747097,
    -0.08999999985098839,
    -0.0800000000745058,
    -0.07000000029802322,
    -0.06000000052154064,
    -0.049999999813735485,
    -0.0400000000372529,
    -0.03000000026077032,
    -0.020000000251457095,
    -0.010000000009313226,
    0.0,
    0.010000000009313226,
    0.020000000251457095,
    0.03000000026077032,
    0.0400000000372529,
    0.049999999813735485,
    0.06000000052154064,
    0.07000000029802322,
    0.0800000000745058,
    0.08999999985098839,
    0.09999999962747097,
    0.10999999940395355,
    0.11999999918043613,
    0.12999999895691872,
    0.13999999687075615,
    0.14999999850988388,
    0.1600000001490116,
    0.16999999806284904,
    0.17999999970197678,
    0.1900000013411045,
    0.19999999925494194,
    0.21000000089406967,
    0.2200000025331974,
    0.23000000044703484,
    0.24000000208616257,
    0.25,
    0.25999999791383743,
    0.27000000327825546,
    0.2800000011920929,
    0.28999999910593033
  ],
  "auc_C": null,
  "auc_S_raw": [
    0.4642153239714215,
    0.5111480660261148,
    0.5271618625277161,
    0.5651638334565163,
    0.5258684405025869,
    0.4611973392461197,
    0.5271002710027101,
    0.4924858339492486,
    0.42239467849223944,
    0.4720374476472038,
    0.5264843557526484,
    0.49350209411185025,
    0.5328282828282829,
    0.5594358216309435,
    0.5129958117762996,
    0.5466863759546686,
    0.5180463168268047,
    0.5204483863020448,
    0.5022172949002217,
    0.4490022172949002,
    0.4846021187484602,
    0.5436067997043608,
    0.5265459472776546,
    0.5101010101010102,
    0.48885193397388516,
    0.5097930524759793,
    0.5924488790342448,
    0.5984848484848485,
    0.5803153486080316,
    0.6021187484602117,
    0.5931263858093127,
    0.6403670854890368,
    0.6862527716186253,
    0.6829884207932988,
    0.726779995072678,
    0.7679231337767923,
    0.7277654594727765,
    0.7370657797487065,
    0.7549273220004927,
    0.7865853658536586,
    0.8199063808819906,
    0.8015521064301552,
    0.7508006898250801,
    0.7350332594235033,
    0.7265336289726533,
    0.7843680709534369,
    0.7752833210150283,
    0.7070707070707071,
    0.7249938408474994,
    0.692288741069229,
    0.6786154225178616,
    0.6514535599901453,
    0.635870904163587,
    0.6387657058388765,
    0.6375954668637596,
    0.660569105691057,
    0.6524390243902438,
    0.6585365853658536,
    0.6469573786646958,
    0.6359324956885932,
    0.5674735156442473,
    0.5907551120965755,
    0.6305740330130575,
    0.6383345651638334,
    0.6380266075388028,
    0.588630204483863,
    0.570460704607046,
    0.6073540280857354,
    0.6005173688100517
  ],
  "auc_S_inv": [
    0.4642153239714215,
    0.5111480660261148,
    0.5271618625277161,
    0.5651638334565163,
    0.5258684405025869,
    0.4611973392461197,
    0.5271002710027101,
    0.4924858339492486,
    0.42239467849223944,
    0.4720374476472038,
    0.5264843557526484,
    0.49350209411185025,
    0.5328282828282829,
    0.5594358216309435,
    0.5129958117762996,
    0.5466863759546686,
    0.5180463168268047,
    0.5204483863020448,
    0.5022172949002217,
    0.4490022172949002,
    0.4846021187484602,
    0.5436067997043608,
    0.5265459472776546,
    0.5101010101010102,
    0.48885193397388516,
    0.5097930524759793,
    0.5924488790342448,
    0.5984848484848485,
    0.5803153486080316,
    0.6021187484602117,
    0.5931263858093127,
    0.6403670854890368,
    0.6862527716186253,
    0.6829884207932988,
    0.726779995072678,
    0.7679231337767923,
    0.7277654594727765,
    0.7370657797487065,
    0.7549273220004927,
    0.7865853658536586,
    0.8199063808819906,
    0.8015521064301552,
    0.7508006898250801,
    0.7350332594235033,
    0.7265336289726533,
    0.7843680709534369,
    0.7752833210150283,
    0.7070707070707071,
    0.7249938408474994,
    0.692288741069229,
    0.6786154225178616,
    0.6514535599901453,
    0.635870904163587,
    0.6387657058388765,
    0.6375954668637596,
    0.660569105691057,
    0.6524390243902438,
    0.6585365853658536,
    0.6469573786646958,
    0.6359324956885932,
    0.5674735156442473,
    0.5907551120965755,
    0.6305740330130575,
    0.6383345651638334,
    0.6380266075388028,
    0.588630204483863,
    0.570460704607046,
    0.6073540280857354,
    0.6005173688100517
  ],
  "acc_R_macro": null,
  "auc_T": null,
  "latencies_ms": {
    "C": null,
    "S_raw": -80.0000000745058,
    "S_inv": -80.0000000745058,
    "T": null
  },
  "meta": {
    "align": "sacc",
    "orientation": "horizontal",
    "pt_min_ms": 200.0,
    "n_trials": 255,
    "n_bins": 69,
    "n_units": 77,
    "thr": 0.6,
    "k_bins": 5,
    "norm": "global",
    "baseline_win": null,
    "used_axes_mu_sd": false
  }
}