{
  "time": [
    -0.39000000059604645,
    -0.3799999952316284,
    -0.3700000047683716,
    -0.35999999940395355,
    -0.3499999940395355,
    -0.3400000035762787,
    -0.32999999821186066,
    -0.3199999928474426,
    -0.3100000023841858,
    -0.30000000447034836,
    -0.28999999910593033,
    -0.2800000011920929,
    -0.27000000327825546,
    -0.25999999791383743,
    -0.25,
    -0.24000000208616257,
    -0.23000000044703484,
    -0.2200000025331974,
    -0.21000000089406967,
    -0.19999999925494194,
    -0.1900000013411045,
    -0.17999999970197678,
    -0.16999999806284904,
    -0.1600000001490116,
    -0.14999999850988388,
    -0.13999999687075615,
    -0.12999999895691872,
    -0.11999999918043613,
    -0.10999999940395355,
    -0.09999999962747097,
    -0.08999999985098839,
    -0.0800000000745058,
    -0.07000000029802322,
    -0.06000000052154064,
    -0.049999999813735485,
    -0.0400000000372529,
    -0.03000000026077032,
    -0.020000000251457095,
    -0.010000000009313226,
    0.0,
    0.010000000009313226,
    0.020000000251457095,
    0.03000000026077032,
    0.0400000000372529,
    0.049999999813735485,
    0.06000000052154064,
    0.07000000029802322,
    0.0800000000745058,
    0.08999999985098839,
    0.09999999962747097,
    0.10999999940395355,
    0.11999999918043613,
    0.12999999895691872,
    0.13999999687075615,
    0.14999999850988388,
    0.1600000001490116,
    0.16999999806284904,
    0.17999999970197678,
    0.1900000013411045,
    0.19999999925494194,
    0.21000000089406967,
    0.2200000025331974,
    0.23000000044703484,
    0.24000000208616257,
    0.25,
    0.25999999791383743,
    0.27000000327825546,
    0.2800000011920929,
    0.28999999910593033
  ],
  "auc_C": null,
  "auc_S_raw": [
    0.5081916728258191,
    0.49864498644986455,
    0.4732076866223208,
    0.5240206947524021,
    0.5148435575264844,
    0.4840477950234048,
    0.4998152254249816,
    0.5017861542251787,
    0.5474254742547424,
    0.5529071199802906,
    0.5441919191919192,
    0.5161369795516138,
    0.47992116284799213,
    0.5262995811776301,
    0.5786523774328654,
    0.5736018723823602,
    0.557280118255728,
    0.5408351810790835,
    0.5197092880019709,
    0.5155210643015521,
    0.5227888642522789,
    0.49901453559990144,
    0.5312269031781227,
    0.5834565163833456,
    0.5246982015274698,
    0.5753264350825327,
    0.6345774821384578,
    0.5827790096082779,
    0.5934959349593495,
    0.6334688346883468,
    0.6327297363882729,
    0.686129588568613,
    0.7119364375461936,
    0.7814732692781473,
    0.8229243656072924,
    0.825080068982508,
    0.8925843803892584,
    0.9701897018970189,
    0.995380635624538,
    0.9982754372998276,
    0.9800443458980044,
    0.9416728258191673,
    0.919869425966987,
    0.913279132791328,
    0.8882729736388274,
    0.8590169992609017,
    0.8294530672579453,
    0.8219389012071939,
    0.8082655826558265,
    0.8372135994087213,
    0.7978566149297855,
    0.7689701897018969,
    0.7715570337521557,
    0.7900960827790096,
    0.7809805370780981,
    0.7790711998029072,
    0.7692165558019216,
    0.7022665681202267,
    0.6998644986449866,
    0.6772604089677261,
    0.6271557033752156,
    0.5684589800443458,
    0.5656257698940625,
    0.5449618132544962,
    0.47259177137225916,
    0.4263057403301306,
    0.4611357477211136,
    0.5005543237250555,
    0.44509115545700906
  ],
  "auc_S_inv": [
    0.5081916728258191,
    0.49864498644986455,
    0.4732076866223208,
    0.5240206947524021,
    0.5148435575264844,
    0.4840477950234048,
    0.4998152254249816,
    0.5017861542251787,
    0.5474254742547424,
    0.5529071199802906,
    0.5441919191919192,
    0.5161369795516138,
    0.47992116284799213,
    0.5262995811776301,
    0.5786523774328654,
    0.5736018723823602,
    0.557280118255728,
    0.5408351810790835,
    0.5197092880019709,
    0.5155210643015521,
    0.5227888642522789,
    0.49901453559990144,
    0.5312269031781227,
    0.5834565163833456,
    0.5246982015274698,
    0.5753264350825327,
    0.6345774821384578,
    0.5827790096082779,
    0.5934959349593495,
    0.6334688346883468,
    0.6327297363882729,
    0.686129588568613,
    0.7119364375461936,
    0.7814732692781473,
    0.8229243656072924,
    0.825080068982508,
    0.8925843803892584,
    0.9701897018970189,
    0.995380635624538,
    0.9982754372998276,
    0.9800443458980044,
    0.9416728258191673,
    0.919869425966987,
    0.913279132791328,
    0.8882729736388274,
    0.8590169992609017,
    0.8294530672579453,
    0.8219389012071939,
    0.8082655826558265,
    0.8372135994087213,
    0.7978566149297855,
    0.7689701897018969,
    0.7715570337521557,
    0.7900960827790096,
    0.7809805370780981,
    0.7790711998029072,
    0.7692165558019216,
    0.7022665681202267,
    0.6998644986449866,
    0.6772604089677261,
    0.6271557033752156,
    0.5684589800443458,
    0.5656257698940625,
    0.5449618132544962,
    0.47259177137225916,
    0.4263057403301306,
    0.4611357477211136,
    0.5005543237250555,
    0.44509115545700906
  ],
  "acc_R_macro": null,
  "auc_T": null,
  "latencies_ms": {
    "C": null,
    "S_raw": -99.99999962747097,
    "S_inv": -99.99999962747097,
    "T": null
  },
  "meta": {
    "align": "sacc",
    "orientation": "horizontal",
    "pt_min_ms": 200.0,
    "n_trials": 255,
    "n_bins": 69,
    "n_units": 27,
    "thr": 0.6,
    "k_bins": 5,
    "norm": "global",
    "baseline_win": null,
    "used_axes_mu_sd": false
  }
}