{
  "sid": "20230627",
  "trainC": [
    -0.3,
    -0.1
  ],
  "trainS": [
    -0.1,
    -0.03
  ],
  "orientation": "horizontal",
  "areas": {
    "SFEF": {
      "sC_auc_mean": 0.6771694214876034,
      "sSraw_auc_mean": 0.8398156017409668,
      "cos_sSraw_sC": 0.29455721729061085,
      "auc_C_from_sSraw": 0.603512396694215,
      "auc_C_from_sSinv": 0.5159090909090909
    },
    "SLIP": {
      "sC_auc_mean": 0.6767561983471075,
      "sSraw_auc_mean": 0.6074712199644595,
      "cos_sSraw_sC": 0.12141824247349371,
      "auc_C_from_sSraw": 0.5220867768595041,
      "auc_C_from_sSinv": 0.49873966942148756
    }
  }
}