{
  "sid": "20231130",
  "align": "sacc",
  "features": [
    "C",
    "S"
  ],
  "winC": [
    -0.3,
    -0.18
  ],
  "winR": null,
  "winS": [
    -0.1,
    -0.03
  ],
  "winT": null,
  "pt_min_ms": 200.0,
  "orientation": "pooled",
  "areas": [
    "SFEF",
    "SLIP",
    "SSC"
  ],
  "tag": "axes_peakbin_saccCS-sacc-pooled-20mssw",
  "norm": "global",
  "baseline_win": null,
  "clf_binary": "logreg",
  "C_grid": [
    0.1,
    0.3,
    1.0,
    3.0,
    10.0
  ],
  "lda_shrinkage": null,
  "searchC": true,
  "searchS": true,
  "searchT": false,
  "searchR": false,
  "search_step_ms": 20.0,
  "search_len_ms": [
    50.0,
    100.0,
    150.0,
    200.0,
    250.0
  ],
  "search_range_C": "-0.30:-0.05",
  "search_range_S": "-0.20:0.05",
  "search_range_T": null,
  "search_range_R": null,
  "search_score_mode": "peak_bin_auc",
  "search_tiebreak": "shortest_then_closest0",
  "search_tol": 0.01,
  "per_area_results": {
    "SFEF": {
      "winC_selected": [
        -0.21999999999999997,
        -0.16999999999999998
      ],
      "winC_cv_best": 0.6505608283002589,
      "winC_best_param": 10.0,
      "winC_peak_time_ms": -210.00000089406967,
      "winC_peak_auc": 0.6505608283002589,
      "winC_mean_bin_auc": 0.5426013805004315,
      "winC_cv_auc_original": 0.5908424908424907,
      "winS_selected": [
        -0.10000000000000003,
        0.04999999999999996
      ],
      "winS_cv_best": 0.7448728465955701,
      "winS_peak_time_ms": 0.0,
      "winS_peak_auc": 0.7448728465955701,
      "sC_auc": 0.6505608283002589,
      "n_trials_C": 99
    },
    "SLIP": {
      "winC_selected": [
        -0.3,
        -0.19999999999999998
      ],
      "winC_cv_best": 0.6596203623813632,
      "winC_best_param": 3.0,
      "winC_peak_time_ms": -270.00000327825546,
      "winC_peak_auc": 0.6596203623813632,
      "winC_mean_bin_auc": 0.5893969897421149,
      "winC_cv_auc_original": 0.7049450549450549,
      "winS_selected": [
        -0.2,
        0.04999999999999999
      ],
      "winS_cv_best": 0.6689909762100082,
      "winS_peak_time_ms": -80.0000000745058,
      "winS_peak_auc": 0.6689909762100082,
      "sC_auc": 0.6596203623813632,
      "n_trials_C": 99
    },
    "SSC": {
      "winC_selected": [
        -0.16,
        -0.06
      ],
      "winC_cv_best": 0.8093183779119931,
      "winC_best_param": 0.1,
      "winC_peak_time_ms": -60.00000052154064,
      "winC_peak_auc": 0.8093183779119931,
      "winC_mean_bin_auc": 0.6759275237273512,
      "winC_cv_auc_original": 0.805746336996337,
      "winS_selected": [
        -0.02000000000000002,
        0.02999999999999998
      ],
      "winS_cv_best": 1.0,
      "winS_peak_time_ms": 10.000000009313226,
      "winS_peak_auc": 1.0,
      "sC_auc": 0.8093183779119931,
      "n_trials_C": 99
    }
  },
  "rebin_factor": null,
  "sliding_window_ms": 20.0,
  "sliding_step_ms": 10.0,
  "sliding_window_bins": 4,
  "sliding_step_bins": 2,
  "correct_mode": "correctonly"
}