{
  "sid": "20200402",
  "align": "stim",
  "features": [
    "C",
    "R"
  ],
  "winC": [
    0.1,
    0.3
  ],
  "winR": [
    0.05,
    0.2
  ],
  "winS": null,
  "winT": null,
  "pt_min_ms": 200.0,
  "orientation": "vertical",
  "areas": [
    "MFEF",
    "MLIP"
  ],
  "tag": "axes_peakbin_stimCR-stim-vertical-20msbin",
  "norm": "global",
  "baseline_win": null,
  "clf_binary": "logreg",
  "C_grid": [
    0.1,
    0.3,
    1.0,
    3.0,
    10.0
  ],
  "lda_shrinkage": null,
  "searchC": true,
  "searchS": false,
  "searchT": false,
  "searchR": true,
  "search_step_ms": 20.0,
  "search_len_ms": [
    60.0,
    100.0,
    140.0,
    200.0,
    240.0
  ],
  "search_range_C": "0.00:0.50",
  "search_range_S": null,
  "search_range_T": null,
  "search_range_R": "0.00:0.50",
  "search_score_mode": "peak_bin_auc",
  "search_tiebreak": "shortest_then_earliest",
  "search_tol": 0.01,
  "per_area_results": {
    "MFEF": {
      "winC_selected": [
        0.25999999999999995,
        0.31999999999999995
      ],
      "winC_cv_best": 0.9669162038155035,
      "winC_best_param": 0.3,
      "winC_peak_time_ms": 299.99999701976776,
      "winC_peak_auc": 0.9669162038155035,
      "winC_mean_bin_auc": 0.9518098151278543,
      "winC_cv_auc_original": 0.9923166666666667,
      "winR_selected": [
        0.14,
        0.38
      ],
      "winR_cv_best": 0.6418333333333334,
      "sC_auc": 0.9669162038155035,
      "n_trials_C": 224
    },
    "MLIP": {
      "winC_selected": [
        0.36000000000000004,
        0.4600000000000001
      ],
      "winC_cv_best": 0.818562344039282,
      "winC_best_param": 1.0,
      "winC_peak_time_ms": 439.9999976158142,
      "winC_peak_auc": 0.818562344039282,
      "winC_mean_bin_auc": 0.7724985913225468,
      "winC_cv_auc_original": 0.9159992063492062,
      "winR_selected": [
        0.14,
        0.28
      ],
      "winR_cv_best": 0.5206428571428572,
      "sC_auc": 0.818562344039282,
      "n_trials_C": 224
    }
  },
  "rebin_factor": 2
}