{
  "sid": "20200929",
  "align": "sacc",
  "features": [
    "C",
    "S"
  ],
  "winC": [
    -0.3,
    -0.18
  ],
  "winR": null,
  "winS": [
    -0.1,
    -0.03
  ],
  "winT": null,
  "pt_min_ms": 200.0,
  "orientation": "pooled",
  "areas": [
    "MFEF",
    "MLIP",
    "MSC"
  ],
  "tag": "axes_peakbin_saccCS-sacc-pooled-20mssw",
  "norm": "global",
  "baseline_win": null,
  "clf_binary": "logreg",
  "C_grid": [
    0.1,
    0.3,
    1.0,
    3.0,
    10.0
  ],
  "lda_shrinkage": null,
  "searchC": true,
  "searchS": true,
  "searchT": false,
  "searchR": false,
  "search_step_ms": 20.0,
  "search_len_ms": [
    50.0,
    100.0,
    150.0,
    200.0,
    250.0
  ],
  "search_range_C": "-0.20:0.05",
  "search_range_S": "-0.20:0.05",
  "search_range_T": null,
  "search_range_R": null,
  "search_score_mode": "peak_bin_auc",
  "search_tiebreak": "shortest_then_closest0",
  "search_tol": 0.01,
  "per_area_results": {
    "MFEF": {
      "winC_selected": [
        -0.02000000000000002,
        0.02999999999999998
      ],
      "winC_cv_best": 0.9273397199705232,
      "winC_best_param": 0.3,
      "winC_peak_time_ms": 0.0,
      "winC_peak_auc": 0.9273397199705232,
      "winC_mean_bin_auc": 0.9176559255041201,
      "winC_cv_auc_original": 0.9778118976404121,
      "winS_selected": [
        -2.0816681711721685e-17,
        0.04999999999999998
      ],
      "winS_cv_best": 0.983794471683745,
      "winS_peak_time_ms": 20.000000251457095,
      "winS_peak_auc": 0.983794471683745,
      "sC_auc": 0.9273397199705232,
      "n_trials_C": 548
    },
    "MLIP": {
      "winC_selected": [
        -2.0816681711721685e-17,
        0.04999999999999998
      ],
      "winC_cv_best": 0.7777450257921886,
      "winC_best_param": 0.3,
      "winC_peak_time_ms": 40.0000000372529,
      "winC_peak_auc": 0.7777450257921886,
      "winC_mean_bin_auc": 0.7167984189723321,
      "winC_cv_auc_original": 0.8490528414755731,
      "winS_selected": [
        -2.0816681711721685e-17,
        0.04999999999999998
      ],
      "winS_cv_best": 0.9131207331899374,
      "winS_peak_time_ms": 40.0000000372529,
      "winS_peak_auc": 0.9131207331899374,
      "sC_auc": 0.7777450257921886,
      "n_trials_C": 548
    },
    "MSC": {
      "winC_selected": [
        -0.10000000000000003,
        0.04999999999999996
      ],
      "winC_cv_best": 0.5896965230789845,
      "winC_best_param": 3.0,
      "winC_peak_time_ms": 49.999999813735485,
      "winC_peak_auc": 0.5896965230789845,
      "winC_mean_bin_auc": 0.5324989951095331,
      "winC_cv_auc_original": 0.6072110335659688,
      "winS_selected": [
        -0.12000000000000004,
        -0.07000000000000003
      ],
      "winS_cv_best": 0.5577747792280664,
      "winS_peak_time_ms": -119.99999918043613,
      "winS_peak_auc": 0.5577747792280664,
      "sC_auc": 0.5896965230789845,
      "n_trials_C": 548
    }
  },
  "rebin_factor": null,
  "sliding_window_ms": 20.0,
  "sliding_step_ms": 10.0,
  "sliding_window_bins": 4,
  "sliding_step_bins": 2
}