{
  "time": [
    -0.39000000059604645,
    -0.3799999952316284,
    -0.3700000047683716,
    -0.35999999940395355,
    -0.3499999940395355,
    -0.3400000035762787,
    -0.32999999821186066,
    -0.3199999928474426,
    -0.3100000023841858,
    -0.30000000447034836,
    -0.28999999910593033,
    -0.2800000011920929,
    -0.27000000327825546,
    -0.25999999791383743,
    -0.25,
    -0.24000000208616257,
    -0.23000000044703484,
    -0.2200000025331974,
    -0.21000000089406967,
    -0.19999999925494194,
    -0.1900000013411045,
    -0.17999999970197678,
    -0.16999999806284904,
    -0.1600000001490116,
    -0.14999999850988388,
    -0.13999999687075615,
    -0.12999999895691872,
    -0.11999999918043613,
    -0.10999999940395355,
    -0.09999999962747097,
    -0.08999999985098839,
    -0.0800000000745058,
    -0.07000000029802322,
    -0.06000000052154064,
    -0.049999999813735485,
    -0.0400000000372529,
    -0.03000000026077032,
    -0.020000000251457095,
    -0.010000000009313226,
    0.0,
    0.010000000009313226,
    0.020000000251457095,
    0.03000000026077032,
    0.0400000000372529,
    0.049999999813735485,
    0.06000000052154064,
    0.07000000029802322,
    0.0800000000745058,
    0.08999999985098839,
    0.09999999962747097,
    0.10999999940395355,
    0.11999999918043613,
    0.12999999895691872,
    0.13999999687075615,
    0.14999999850988388,
    0.1600000001490116,
    0.16999999806284904,
    0.17999999970197678,
    0.1900000013411045
  ],
  "auc_C": null,
  "auc_S_raw": [
    0.49847792998477936,
    0.4869672754946728,
    0.5124143835616439,
    0.4926750380517504,
    0.4905821917808219,
    0.49728881278538817,
    0.5027111872146119,
    0.459855403348554,
    0.45576484018264846,
    0.4963375190258752,
    0.4843987823439878,
    0.4881563926940639,
    0.49362633181126336,
    0.4951484018264841,
    0.469558599695586,
    0.40391933028919336,
    0.42941400304414007,
    0.481544901065449,
    0.45077054794520555,
    0.4728881278538813,
    0.5157914764079148,
    0.5595985540334856,
    0.600361491628615,
    0.6137747336377473,
    0.6327054794520548,
    0.6268550228310503,
    0.6781297564687976,
    0.6901160578386606,
    0.767646499238965,
    0.8240106544901066,
    0.8242960426179604,
    0.8439878234398781,
    0.8691019786910198,
    0.8574486301369864,
    0.8906487823439878,
    0.93640601217656,
    0.9280346270928463,
    0.934931506849315,
    0.938974505327245,
    0.9390220700152208,
    0.9597602739726027,
    0.9787385844748858,
    0.9856354642313546,
    0.9913907914764079,
    0.989488203957382,
    0.9739345509893454,
    0.9307933789954338,
    0.8496004566210046,
    0.7231735159817352,
    0.6262366818873667,
    0.6328481735159818,
    0.5625475646879756,
    0.5157439117199392,
    0.5020928462709284,
    0.508751902587519,
    0.49766933028919336,
    0.5057553272450533,
    0.5019025875190259,
    0.49162861491628607
  ],
  "auc_S_inv": [
    0.49847792998477936,
    0.4869672754946728,
    0.5124143835616439,
    0.4926750380517504,
    0.4905821917808219,
    0.49728881278538817,
    0.5027111872146119,
    0.459855403348554,
    0.45576484018264846,
    0.4963375190258752,
    0.4843987823439878,
    0.4881563926940639,
    0.49362633181126336,
    0.4951484018264841,
    0.469558599695586,
    0.40391933028919336,
    0.42941400304414007,
    0.481544901065449,
    0.45077054794520555,
    0.4728881278538813,
    0.5157914764079148,
    0.5595985540334856,
    0.600361491628615,
    0.6137747336377473,
    0.6327054794520548,
    0.6268550228310503,
    0.6781297564687976,
    0.6901160578386606,
    0.767646499238965,
    0.8240106544901066,
    0.8242960426179604,
    0.8439878234398781,
    0.8691019786910198,
    0.8574486301369864,
    0.8906487823439878,
    0.93640601217656,
    0.9280346270928463,
    0.934931506849315,
    0.938974505327245,
    0.9390220700152208,
    0.9597602739726027,
    0.9787385844748858,
    0.9856354642313546,
    0.9913907914764079,
    0.989488203957382,
    0.9739345509893454,
    0.9307933789954338,
    0.8496004566210046,
    0.7231735159817352,
    0.6262366818873667,
    0.6328481735159818,
    0.5625475646879756,
    0.5157439117199392,
    0.5020928462709284,
    0.508751902587519,
    0.49766933028919336,
    0.5057553272450533,
    0.5019025875190259,
    0.49162861491628607
  ],
  "acc_R_macro": null,
  "auc_T": null,
  "latencies_ms": {
    "C": null,
    "S_raw": -169.99999806284904,
    "S_inv": -169.99999806284904,
    "T": null
  },
  "meta": {
    "align": "sacc",
    "orientation": "horizontal",
    "pt_min_ms": 200.0,
    "n_trials": 290,
    "n_bins": 59,
    "n_units": 77,
    "thr": 0.6,
    "k_bins": 5,
    "norm": "global",
    "baseline_win": null,
    "used_axes_mu_sd": false
  }
}