{
  "time": [
    -0.39000000059604645,
    -0.3700000047683716,
    -0.3499999940395355,
    -0.32999999821186066,
    -0.3100000023841858,
    -0.28999999910593033,
    -0.27000000327825546,
    -0.25,
    -0.23000000044703484,
    -0.21000000089406967,
    -0.1900000013411045,
    -0.16999999806284904,
    -0.14999999850988388,
    -0.12999999895691872,
    -0.10999999940395355,
    -0.08999999985098839,
    -0.07000000029802322,
    -0.049999999813735485,
    -0.03000000026077032,
    -0.010000000009313226,
    0.010000000009313226,
    0.03000000026077032,
    0.049999999813735485,
    0.07000000029802322,
    0.08999999985098839,
    0.10999999940395355,
    0.12999999895691872,
    0.14999999850988388,
    0.16999999806284904,
    0.1900000013411045,
    0.21000000089406967,
    0.23000000044703484,
    0.25,
    0.27000000327825546,
    0.28999999910593033
  ],
  "auc_C": null,
  "auc_S_raw": [
    0.47619047619047616,
    0.5595238095238095,
    0.6369047619047619,
    0.7559523809523809,
    0.5119047619047619,
    0.5476190476190477,
    0.5,
    0.5476190476190477,
    0.5773809523809523,
    0.4880952380952381,
    0.5535714285714286,
    0.6190476190476191,
    0.5892857142857143,
    0.5178571428571428,
    0.8452380952380952,
    0.8035714285714286,
    0.8154761904761905,
    0.9285714285714285,
    1.0,
    0.9464285714285714,
    0.9345238095238095,
    0.8154761904761905,
    0.9761904761904763,
    0.863095238095238,
    0.7321428571428572,
    0.8273809523809523,
    0.6964285714285714,
    0.8035714285714286,
    0.6428571428571428,
    0.6011904761904762,
    0.7916666666666667,
    0.6964285714285715,
    0.5297619047619048,
    0.7380952380952381,
    0.4464285714285714
  ],
  "auc_S_inv": [
    0.47619047619047616,
    0.5595238095238095,
    0.6369047619047619,
    0.7559523809523809,
    0.5119047619047619,
    0.5476190476190477,
    0.5,
    0.5476190476190477,
    0.5773809523809523,
    0.4880952380952381,
    0.5535714285714286,
    0.6190476190476191,
    0.5892857142857143,
    0.5178571428571428,
    0.8452380952380952,
    0.8035714285714286,
    0.8154761904761905,
    0.9285714285714285,
    1.0,
    0.9464285714285714,
    0.9345238095238095,
    0.8154761904761905,
    0.9761904761904763,
    0.863095238095238,
    0.7321428571428572,
    0.8273809523809523,
    0.6964285714285714,
    0.8035714285714286,
    0.6428571428571428,
    0.6011904761904762,
    0.7916666666666667,
    0.6964285714285715,
    0.5297619047619048,
    0.7380952380952381,
    0.4464285714285714
  ],
  "acc_R_macro": null,
  "auc_T": null,
  "latencies_ms": {
    "C": null,
    "S_raw": -109.99999940395355,
    "S_inv": -109.99999940395355,
    "T": null
  },
  "meta": {
    "align": "sacc",
    "orientation": "horizontal",
    "pt_min_ms": 200.0,
    "n_trials": 26,
    "n_bins": 35,
    "n_units": 104,
    "thr": 0.6,
    "k_bins": 5,
    "norm": "global",
    "baseline_win": null,
    "used_axes_mu_sd": false
  }
}