{
  "sid": "20200929",
  "trainC": [
    -0.3,
    -0.1
  ],
  "trainS": [
    -0.1,
    -0.03
  ],
  "orientation": "horizontal",
  "areas": {
    "MFEF": {
      "sC_auc_mean": 0.753948717948718,
      "sSraw_auc_mean": 0.9988888888888889,
      "cos_sSraw_sC": -0.10168923204876375,
      "auc_C_from_sSraw": 0.5088520408163265,
      "auc_C_from_sSinv": 0.5373979591836735
    },
    "MLIP": {
      "sC_auc_mean": 0.5703044871794871,
      "sSraw_auc_mean": 0.873884479717813,
      "cos_sSraw_sC": -0.14769945724171035,
      "auc_C_from_sSraw": 0.5059183673469387,
      "auc_C_from_sSinv": 0.5283928571428571
    },
    "MSC": {
      "sC_auc_mean": 0.5723397435897436,
      "sSraw_auc_mean": 0.5160978835978837,
      "cos_sSraw_sC": -0.02614498726242992,
      "auc_C_from_sSraw": 0.5026275510204081,
      "auc_C_from_sSinv": 0.5047959183673469
    }
  }
}