{
  "sid": "20200327",
  "align": "sacc",
  "features": [
    "C",
    "S"
  ],
  "winC": [
    -0.3,
    -0.18
  ],
  "winR": null,
  "winS": [
    -0.1,
    -0.03
  ],
  "winT": null,
  "pt_min_ms": 200.0,
  "orientation": "vertical",
  "areas": [
    "MFEF",
    "MLIP"
  ],
  "tag": "axes_peakbin_saccCS-sacc-vertical-20mssw_nofilter",
  "norm": "global",
  "baseline_win": null,
  "clf_binary": "logreg",
  "C_grid": [
    0.1,
    0.3,
    1.0,
    3.0,
    10.0
  ],
  "lda_shrinkage": null,
  "searchC": true,
  "searchS": true,
  "searchT": false,
  "searchR": false,
  "search_step_ms": 20.0,
  "search_len_ms": [
    50.0,
    100.0,
    150.0,
    200.0,
    250.0
  ],
  "search_range_C": "-0.20:0.05",
  "search_range_S": "-0.20:0.05",
  "search_range_T": null,
  "search_range_R": null,
  "search_score_mode": "peak_bin_auc",
  "search_tiebreak": "shortest_then_closest0",
  "search_tol": 0.01,
  "per_area_results": {
    "MFEF": {
      "winC_selected": [
        -0.060000000000000026,
        0.03999999999999998
      ],
      "winC_cv_best": 0.6215080865364419,
      "winC_best_param": 0.1,
      "winC_peak_time_ms": -20.000000251457095,
      "winC_peak_auc": 0.6215080865364419,
      "winC_mean_bin_auc": 0.5666351606805293,
      "winC_cv_auc_original": 0.6188019652305367,
      "winS_selected": [
        -0.060000000000000026,
        -0.010000000000000023
      ],
      "winS_cv_best": 0.5839304531085353,
      "winS_peak_time_ms": -49.999999813735485,
      "winS_peak_auc": 0.5839304531085353,
      "sC_auc": 0.6215080865364419,
      "n_trials_C": 276
    },
    "MLIP": {
      "winC_selected": [
        -0.18000000000000002,
        0.01999999999999999
      ],
      "winC_cv_best": 0.6080655324511658,
      "winC_best_param": 0.1,
      "winC_peak_time_ms": -160.0000001490116,
      "winC_peak_auc": 0.6080655324511658,
      "winC_mean_bin_auc": 0.5137051039697542,
      "winC_cv_auc_original": 0.5217592592592593,
      "winS_selected": [
        -0.060000000000000026,
        -0.010000000000000023
      ],
      "winS_cv_best": 0.6203371970495258,
      "winS_peak_time_ms": -49.999999813735485,
      "winS_peak_auc": 0.6203371970495258,
      "sC_auc": 0.6080655324511658,
      "n_trials_C": 276
    }
  },
  "rebin_factor": null,
  "sliding_window_ms": 20.0,
  "sliding_step_ms": 10.0,
  "sliding_window_bins": 4,
  "sliding_step_bins": 2
}