{
  "time": [
    -0.39000000059604645,
    -0.3799999952316284,
    -0.3700000047683716,
    -0.35999999940395355,
    -0.3499999940395355,
    -0.3400000035762787,
    -0.32999999821186066,
    -0.3199999928474426,
    -0.3100000023841858,
    -0.30000000447034836,
    -0.28999999910593033,
    -0.2800000011920929,
    -0.27000000327825546,
    -0.25999999791383743,
    -0.25,
    -0.24000000208616257,
    -0.23000000044703484,
    -0.2200000025331974,
    -0.21000000089406967,
    -0.19999999925494194,
    -0.1900000013411045,
    -0.17999999970197678,
    -0.16999999806284904,
    -0.1600000001490116,
    -0.14999999850988388,
    -0.13999999687075615,
    -0.12999999895691872,
    -0.11999999918043613,
    -0.10999999940395355,
    -0.09999999962747097,
    -0.08999999985098839,
    -0.0800000000745058,
    -0.07000000029802322,
    -0.06000000052154064,
    -0.049999999813735485,
    -0.0400000000372529,
    -0.03000000026077032,
    -0.020000000251457095,
    -0.010000000009313226,
    0.0,
    0.010000000009313226,
    0.020000000251457095,
    0.03000000026077032,
    0.0400000000372529,
    0.049999999813735485,
    0.06000000052154064,
    0.07000000029802322,
    0.0800000000745058,
    0.08999999985098839,
    0.09999999962747097,
    0.10999999940395355,
    0.11999999918043613,
    0.12999999895691872,
    0.13999999687075615,
    0.14999999850988388,
    0.1600000001490116,
    0.16999999806284904,
    0.17999999970197678,
    0.1900000013411045
  ],
  "auc_C": null,
  "auc_S_raw": [
    0.5809716599190283,
    0.4888663967611336,
    0.5172064777327935,
    0.5516194331983806,
    0.5536437246963564,
    0.5096153846153846,
    0.43775303643724695,
    0.472165991902834,
    0.5779352226720648,
    0.5748987854251013,
    0.5303643724696356,
    0.5080971659919028,
    0.42611336032388664,
    0.4190283400809717,
    0.4625506072874494,
    0.506578947368421,
    0.4979757085020243,
    0.5177125506072875,
    0.4868421052631579,
    0.465080971659919,
    0.49595141700404854,
    0.42864372469635625,
    0.6077935222672065,
    0.5946356275303644,
    0.4149797570850202,
    0.48582995951417,
    0.47975708502024295,
    0.4676113360323887,
    0.611842105263158,
    0.6538461538461539,
    0.7327935222672064,
    0.6634615384615384,
    0.5420040485829959,
    0.5546558704453441,
    0.5728744939271255,
    0.6017206477732793,
    0.6103238866396762,
    0.6831983805668016,
    0.7398785425101214,
    0.7682186234817813,
    0.7176113360323886,
    0.7277327935222673,
    0.7211538461538461,
    0.7388663967611335,
    0.8056680161943319,
    0.7171052631578948,
    0.6108299595141701,
    0.7808704453441295,
    0.8481781376518218,
    0.7995951417004048,
    0.8491902834008098,
    0.8522267206477733,
    0.9068825910931174,
    0.8653846153846154,
    0.8572874493927125,
    0.8795546558704453,
    0.8451417004048583,
    0.7580971659919028,
    0.6103238866396761
  ],
  "auc_S_inv": [
    0.5809716599190283,
    0.4888663967611336,
    0.5172064777327935,
    0.5516194331983806,
    0.5536437246963564,
    0.5096153846153846,
    0.43775303643724695,
    0.472165991902834,
    0.5779352226720648,
    0.5748987854251013,
    0.5303643724696356,
    0.5080971659919028,
    0.42611336032388664,
    0.4190283400809717,
    0.4625506072874494,
    0.506578947368421,
    0.4979757085020243,
    0.5177125506072875,
    0.4868421052631579,
    0.465080971659919,
    0.49595141700404854,
    0.42864372469635625,
    0.6077935222672065,
    0.5946356275303644,
    0.4149797570850202,
    0.48582995951417,
    0.47975708502024295,
    0.4676113360323887,
    0.611842105263158,
    0.6538461538461539,
    0.7327935222672064,
    0.6634615384615384,
    0.5420040485829959,
    0.5546558704453441,
    0.5728744939271255,
    0.6017206477732793,
    0.6103238866396762,
    0.6831983805668016,
    0.7398785425101214,
    0.7682186234817813,
    0.7176113360323886,
    0.7277327935222673,
    0.7211538461538461,
    0.7388663967611335,
    0.8056680161943319,
    0.7171052631578948,
    0.6108299595141701,
    0.7808704453441295,
    0.8481781376518218,
    0.7995951417004048,
    0.8491902834008098,
    0.8522267206477733,
    0.9068825910931174,
    0.8653846153846154,
    0.8572874493927125,
    0.8795546558704453,
    0.8451417004048583,
    0.7580971659919028,
    0.6103238866396761
  ],
  "acc_R_macro": null,
  "auc_T": null,
  "latencies_ms": {
    "C": null,
    "S_raw": -40.0000000372529,
    "S_inv": -40.0000000372529,
    "T": null
  },
  "meta": {
    "align": "sacc",
    "orientation": "horizontal",
    "pt_min_ms": 200.0,
    "n_trials": 64,
    "n_bins": 59,
    "n_units": 28,
    "thr": 0.6,
    "k_bins": 5,
    "norm": "global",
    "baseline_win": null,
    "used_axes_mu_sd": false
  }
}