{
  "time": [
    -0.39000000059604645,
    -0.3799999952316284,
    -0.3700000047683716,
    -0.35999999940395355,
    -0.3499999940395355,
    -0.3400000035762787,
    -0.32999999821186066,
    -0.3199999928474426,
    -0.3100000023841858,
    -0.30000000447034836,
    -0.28999999910593033,
    -0.2800000011920929,
    -0.27000000327825546,
    -0.25999999791383743,
    -0.25,
    -0.24000000208616257,
    -0.23000000044703484,
    -0.2200000025331974,
    -0.21000000089406967,
    -0.19999999925494194,
    -0.1900000013411045,
    -0.17999999970197678,
    -0.16999999806284904,
    -0.1600000001490116,
    -0.14999999850988388,
    -0.13999999687075615,
    -0.12999999895691872,
    -0.11999999918043613,
    -0.10999999940395355,
    -0.09999999962747097,
    -0.08999999985098839,
    -0.0800000000745058,
    -0.07000000029802322,
    -0.06000000052154064,
    -0.049999999813735485,
    -0.0400000000372529,
    -0.03000000026077032,
    -0.020000000251457095,
    -0.010000000009313226,
    0.0,
    0.010000000009313226,
    0.020000000251457095,
    0.03000000026077032,
    0.0400000000372529,
    0.049999999813735485,
    0.06000000052154064,
    0.07000000029802322,
    0.0800000000745058,
    0.08999999985098839,
    0.09999999962747097,
    0.10999999940395355,
    0.11999999918043613,
    0.12999999895691872,
    0.13999999687075615,
    0.14999999850988388,
    0.1600000001490116,
    0.16999999806284904,
    0.17999999970197678,
    0.1900000013411045
  ],
  "auc_C": null,
  "auc_S_raw": [
    0.3866396761133603,
    0.3765182186234818,
    0.48633603238866396,
    0.49443319838056676,
    0.4331983805668016,
    0.45799595141700405,
    0.5258097165991902,
    0.5541497975708501,
    0.576417004048583,
    0.6533400809716599,
    0.5668016194331983,
    0.45799595141700405,
    0.48026315789473684,
    0.4919028340080972,
    0.43218623481781376,
    0.444331983805668,
    0.4478744939271255,
    0.4853238866396761,
    0.39625506072874495,
    0.4645748987854251,
    0.48481781376518224,
    0.5075910931174088,
    0.5313765182186234,
    0.4762145748987855,
    0.5425101214574899,
    0.5652834008097166,
    0.5905870445344129,
    0.7090080971659919,
    0.7332995951417005,
    0.6330971659919029,
    0.6133603238866396,
    0.7292510121457491,
    0.6472672064777327,
    0.5678137651821862,
    0.645748987854251,
    0.6275303643724697,
    0.6720647773279352,
    0.575910931174089,
    0.5404858299595141,
    0.7332995951417004,
    0.7338056680161943,
    0.6052631578947367,
    0.4488866396761133,
    0.4863360323886639,
    0.48633603238866396,
    0.5131578947368421,
    0.6189271255060728,
    0.5819838056680162,
    0.41194331983805665,
    0.36993927125506076,
    0.3233805668016194,
    0.40890688259109315,
    0.4316801619433199,
    0.4736842105263158,
    0.6032388663967612,
    0.6169028340080972,
    0.6143724696356275,
    0.5576923076923077,
    0.5263157894736843
  ],
  "auc_S_inv": [
    0.3866396761133603,
    0.3765182186234818,
    0.48633603238866396,
    0.49443319838056676,
    0.4331983805668016,
    0.45799595141700405,
    0.5258097165991902,
    0.5541497975708501,
    0.576417004048583,
    0.6533400809716599,
    0.5668016194331983,
    0.45799595141700405,
    0.48026315789473684,
    0.4919028340080972,
    0.43218623481781376,
    0.444331983805668,
    0.4478744939271255,
    0.4853238866396761,
    0.39625506072874495,
    0.4645748987854251,
    0.48481781376518224,
    0.5075910931174088,
    0.5313765182186234,
    0.4762145748987855,
    0.5425101214574899,
    0.5652834008097166,
    0.5905870445344129,
    0.7090080971659919,
    0.7332995951417005,
    0.6330971659919029,
    0.6133603238866396,
    0.7292510121457491,
    0.6472672064777327,
    0.5678137651821862,
    0.645748987854251,
    0.6275303643724697,
    0.6720647773279352,
    0.575910931174089,
    0.5404858299595141,
    0.7332995951417004,
    0.7338056680161943,
    0.6052631578947367,
    0.4488866396761133,
    0.4863360323886639,
    0.48633603238866396,
    0.5131578947368421,
    0.6189271255060728,
    0.5819838056680162,
    0.41194331983805665,
    0.36993927125506076,
    0.3233805668016194,
    0.40890688259109315,
    0.4316801619433199,
    0.4736842105263158,
    0.6032388663967612,
    0.6169028340080972,
    0.6143724696356275,
    0.5576923076923077,
    0.5263157894736843
  ],
  "acc_R_macro": null,
  "auc_T": null,
  "latencies_ms": {
    "C": null,
    "S_raw": -119.99999918043613,
    "S_inv": -119.99999918043613,
    "T": null
  },
  "meta": {
    "align": "sacc",
    "orientation": "horizontal",
    "pt_min_ms": 200.0,
    "n_trials": 64,
    "n_bins": 59,
    "n_units": 27,
    "thr": 0.6,
    "k_bins": 5,
    "norm": "global",
    "baseline_win": null,
    "used_axes_mu_sd": false
  }
}