{
  "time": [
    -0.39500001072883606,
    -0.38499999046325684,
    -0.375,
    -0.36500000953674316,
    -0.35499998927116394,
    -0.3449999988079071,
    -0.33500000834465027,
    -0.32499998807907104,
    -0.3149999976158142,
    -0.3050000071525574,
    -0.29500000178813934,
    -0.2849999964237213,
    -0.2750000059604645,
    -0.26500000059604645,
    -0.2549999952316284,
    -0.24500000476837158,
    -0.23499999940395355,
    -0.22500000149011612,
    -0.2150000035762787,
    -0.20499999821186066,
    -0.19500000029802322,
    -0.1850000023841858,
    -0.17499999701976776,
    -0.16499999910593033,
    -0.1550000011920929,
    -0.14499999582767487,
    -0.13499999791383743,
    -0.125,
    -0.11499999836087227,
    -0.10500000044703484,
    -0.0949999988079071,
    -0.08500000089406967,
    -0.07499999925494194,
    -0.06500000134110451,
    -0.054999999701976776,
    -0.044999999925494194,
    -0.03500000014901161,
    -0.02500000037252903,
    -0.01500000013038516,
    -0.004999999888241291,
    0.004999999888241291,
    0.01500000013038516,
    0.02500000037252903,
    0.03500000014901161,
    0.044999999925494194,
    0.054999999701976776,
    0.06500000134110451,
    0.07499999925494194,
    0.08500000089406967,
    0.0949999988079071,
    0.10500000044703484,
    0.11499999836087227,
    0.125,
    0.13499999791383743,
    0.14499999582767487,
    0.1550000011920929,
    0.16499999910593033,
    0.17499999701976776,
    0.1850000023841858,
    0.19500000029802322,
    0.20499999821186066,
    0.2150000035762787,
    0.22500000149011612,
    0.23499999940395355,
    0.24500000476837158,
    0.2549999952316284,
    0.26500000059604645,
    0.2750000059604645,
    0.2849999964237213,
    0.29500000178813934
  ],
  "auc_C": null,
  "auc_S_raw": [
    0.5386729485669415,
    0.5023360816647036,
    0.4841120272215679,
    0.5045870959298522,
    0.47311215809449025,
    0.48317628582646244,
    0.4998887580159665,
    0.49878942546787075,
    0.4583300615102735,
    0.4777974087161367,
    0.4425795053003534,
    0.49201020808794654,
    0.4716660123020546,
    0.4979649260567988,
    0.46094097631200104,
    0.5048946472974741,
    0.5362256249182045,
    0.5132116215155085,
    0.4680866378746238,
    0.5087423112158095,
    0.487344588404659,
    0.5401845308205732,
    0.4910024865855255,
    0.5232888365397199,
    0.5336277974087161,
    0.4724119879596911,
    0.5622562491820442,
    0.5688326135322601,
    0.5361863630414867,
    0.5533176285826462,
    0.5468067006936266,
    0.5718361471011647,
    0.5761549535401125,
    0.5751864939144091,
    0.5532849103520482,
    0.5647232037691402,
    0.575598743619945,
    0.5716463813636958,
    0.6309645334380316,
    0.6463093835885355,
    0.5753369977751603,
    0.5952165946865594,
    0.6630938358853553,
    0.5931291715744013,
    0.5918793351655542,
    0.6428216202067791,
    0.6072176416699385,
    0.6329472582122759,
    0.6227784321423897,
    0.6011778563015312,
    0.6267504253369978,
    0.6147362910613794,
    0.6195851328360162,
    0.6368799895301662,
    0.67654102866117,
    0.6607773851590106,
    0.6790537887711032,
    0.6359835100117786,
    0.6306766130087685,
    0.6395497971469704,
    0.6553723334642061,
    0.6544496793613401,
    0.6641735374950923,
    0.6627797408716136,
    0.6993587226802774,
    0.6353814945687737,
    0.6543384373773066,
    0.6509880905640623,
    0.6703507394320115,
    0.6548946472974742
  ],
  "auc_S_inv": [
    0.5386729485669415,
    0.5023360816647036,
    0.4841120272215679,
    0.5045870959298522,
    0.47311215809449025,
    0.48317628582646244,
    0.4998887580159665,
    0.49878942546787075,
    0.4583300615102735,
    0.4777974087161367,
    0.4425795053003534,
    0.49201020808794654,
    0.4716660123020546,
    0.4979649260567988,
    0.46094097631200104,
    0.5048946472974741,
    0.5362256249182045,
    0.5132116215155085,
    0.4680866378746238,
    0.5087423112158095,
    0.487344588404659,
    0.5401845308205732,
    0.4910024865855255,
    0.5232888365397199,
    0.5336277974087161,
    0.4724119879596911,
    0.5622562491820442,
    0.5688326135322601,
    0.5361863630414867,
    0.5533176285826462,
    0.5468067006936266,
    0.5718361471011647,
    0.5761549535401125,
    0.5751864939144091,
    0.5532849103520482,
    0.5647232037691402,
    0.575598743619945,
    0.5716463813636958,
    0.6309645334380316,
    0.6463093835885355,
    0.5753369977751603,
    0.5952165946865594,
    0.6630938358853553,
    0.5931291715744013,
    0.5918793351655542,
    0.6428216202067791,
    0.6072176416699385,
    0.6329472582122759,
    0.6227784321423897,
    0.6011778563015312,
    0.6267504253369978,
    0.6147362910613794,
    0.6195851328360162,
    0.6368799895301662,
    0.67654102866117,
    0.6607773851590106,
    0.6790537887711032,
    0.6359835100117786,
    0.6306766130087685,
    0.6395497971469704,
    0.6553723334642061,
    0.6544496793613401,
    0.6641735374950923,
    0.6627797408716136,
    0.6993587226802774,
    0.6353814945687737,
    0.6543384373773066,
    0.6509880905640623,
    0.6703507394320115,
    0.6548946472974742
  ],
  "acc_R_macro": null,
  "auc_T": null,
  "latencies_ms": {
    "C": null,
    "S_raw": 54.999999701976776,
    "S_inv": 54.999999701976776,
    "T": null
  },
  "meta": {
    "align": "sacc",
    "orientation": "horizontal",
    "pt_min_ms": 200.0,
    "n_trials": 553,
    "n_bins": 70,
    "n_units": 35,
    "thr": 0.6,
    "k_bins": 5,
    "norm": "global",
    "baseline_win": null,
    "used_axes_mu_sd": false
  }
}