sid,area,pool_start,pool_end,aucC,accC,macroAccR,macroAucR
20200926,MFEF,0.05,0.2,0.8318678535243885,0.7535652920962199,0.4649782135076253,0.6403658611878008
