{
  "sid": "20200926",
  "align": "stim",
  "features": [
    "C"
  ],
  "winC": [
    0.1,
    0.3
  ],
  "winR": null,
  "winS": null,
  "winT": null,
  "pt_min_ms": 200.0,
  "orientation": "pooled",
  "areas": [
    "MFEF",
    "MLIP",
    "MSC"
  ],
  "tag": "axes_peakbin_stimC-stim-pooled-20mssw",
  "norm": "global",
  "baseline_win": null,
  "clf_binary": "logreg",
  "C_grid": [
    0.1,
    0.3,
    1.0,
    3.0,
    10.0
  ],
  "lda_shrinkage": null,
  "searchC": true,
  "searchS": false,
  "searchT": false,
  "searchR": false,
  "search_step_ms": 20.0,
  "search_len_ms": [
    50.0,
    100.0,
    150.0,
    200.0,
    250.0
  ],
  "search_range_C": "0.00:0.50",
  "search_range_S": null,
  "search_range_T": null,
  "search_range_R": null,
  "search_score_mode": "peak_bin_auc",
  "search_tiebreak": "shortest_then_earliest",
  "search_tol": 0.01,
  "per_area_results": {
    "MFEF": {
      "winC_selected": [
        0.27999999999999997,
        0.32999999999999996
      ],
      "winC_cv_best": 0.9229735781459919,
      "winC_best_param": 0.3,
      "winC_peak_time_ms": 289.99999165534973,
      "winC_peak_auc": 0.9229735781459919,
      "winC_mean_bin_auc": 0.9071897132241961,
      "winC_cv_auc_original": 0.9933923120671672,
      "sC_auc": 0.9229735781459919,
      "n_trials_C": 569
    },
    "MLIP": {
      "winC_selected": [
        0.32,
        0.37
      ],
      "winC_cv_best": 0.8823705030601583,
      "winC_best_param": 0.3,
      "winC_peak_time_ms": 359.99999940395355,
      "winC_peak_auc": 0.8823705030601583,
      "winC_mean_bin_auc": 0.863850947902672,
      "winC_cv_auc_original": 0.9387956587578931,
      "sC_auc": 0.8823705030601583,
      "n_trials_C": 569
    },
    "MSC": {
      "winC_selected": [
        0.14,
        0.19
      ],
      "winC_cv_best": 0.624222520774245,
      "winC_best_param": 1.0,
      "winC_peak_time_ms": 170.00000178813934,
      "winC_peak_auc": 0.624222520774245,
      "winC_mean_bin_auc": 0.6041448972483455,
      "winC_cv_auc_original": 0.6988069681533258,
      "sC_auc": 0.624222520774245,
      "n_trials_C": 569
    }
  },
  "rebin_factor": null,
  "sliding_window_ms": 20.0,
  "sliding_step_ms": 10.0,
  "sliding_window_bins": 2,
  "sliding_step_bins": 1,
  "correct_mode": "correctonly"
}