{
  "time": [
    -0.39000000059604645,
    -0.3799999952316284,
    -0.3700000047683716,
    -0.35999999940395355,
    -0.3499999940395355,
    -0.3400000035762787,
    -0.32999999821186066,
    -0.3199999928474426,
    -0.3100000023841858,
    -0.30000000447034836,
    -0.28999999910593033,
    -0.2800000011920929,
    -0.27000000327825546,
    -0.25999999791383743,
    -0.25,
    -0.24000000208616257,
    -0.23000000044703484,
    -0.2200000025331974,
    -0.21000000089406967,
    -0.19999999925494194,
    -0.1900000013411045,
    -0.17999999970197678,
    -0.16999999806284904,
    -0.1600000001490116,
    -0.14999999850988388,
    -0.13999999687075615,
    -0.12999999895691872,
    -0.11999999918043613,
    -0.10999999940395355,
    -0.09999999962747097,
    -0.08999999985098839,
    -0.0800000000745058,
    -0.07000000029802322,
    -0.06000000052154064,
    -0.049999999813735485,
    -0.0400000000372529,
    -0.03000000026077032,
    -0.020000000251457095,
    -0.010000000009313226,
    0.0,
    0.010000000009313226,
    0.020000000251457095,
    0.03000000026077032,
    0.0400000000372529,
    0.049999999813735485,
    0.06000000052154064,
    0.07000000029802322,
    0.0800000000745058,
    0.08999999985098839,
    0.09999999962747097,
    0.10999999940395355,
    0.11999999918043613,
    0.12999999895691872,
    0.13999999687075615,
    0.14999999850988388,
    0.1600000001490116,
    0.16999999806284904,
    0.17999999970197678,
    0.1900000013411045,
    0.19999999925494194,
    0.21000000089406967,
    0.2200000025331974,
    0.23000000044703484,
    0.24000000208616257,
    0.25,
    0.25999999791383743,
    0.27000000327825546,
    0.2800000011920929,
    0.28999999910593033
  ],
  "auc_C": [
    0.5278716216216217,
    0.5804848966613673,
    0.5726848171701113,
    0.5458565182829889,
    0.5427265500794912,
    0.5054153418124006,
    0.514656200317965,
    0.5669713831478538,
    0.593402225755167,
    0.5424781399046105,
    0.5404411764705882,
    0.6339427662957073,
    0.7325616057233705,
    0.745727344992051,
    0.7025536565977744,
    0.7033734101748809,
    0.6162559618441972,
    0.5400934022257551,
    0.5202205882352942,
    0.49863374403815586,
    0.5479928457869634,
    0.580733306836248,
    0.5523151828298887,
    0.5259837042925278,
    0.5563394276629571,
    0.5535572337042924,
    0.5594197138314785,
    0.4929699920508744,
    0.4893432034976153,
    0.5122963036565977,
    0.4615461049284579,
    0.5277225755166931,
    0.5302066772655007,
    0.5207670906200318,
    0.5037261526232114,
    0.4762768282988872,
    0.49572734499205084,
    0.47739467408585057,
    0.5137122416534181,
    0.5351251987281399,
    0.49423688394276627,
    0.5133644674085851,
    0.46961943561208264,
    0.44997019077901435,
    0.48574125596184425,
    0.45866454689984104,
    0.46164546899841014,
    0.5044217011128775,
    0.4995528616852146,
    0.47314686009538953,
    0.549831081081081,
    0.5487380763116058,
    0.5464030206677266,
    0.5619038155802862,
    0.5474960254372019,
    0.5642388712241653,
    0.5545011923688394,
    0.5237976947535772,
    0.49895667726550075,
    0.5705236486486486,
    0.5967806041335454,
    0.5238473767885532,
    0.5131160572337042,
    0.5168918918918919,
    0.519549880763116,
    0.5490361685214626,
    0.5481170508744039,
    0.5163453895071543,
    0.4523549284578696
  ],
  "auc_S_raw": [
    0.5091851395730707,
    0.5154454022988506,
    0.5083897783251232,
    0.5089285714285714,
    0.5215004105090312,
    0.5534688013136289,
    0.5258107553366174,
    0.5226806239737274,
    0.5153940886699507,
    0.510314039408867,
    0.5124178981937602,
    0.4919694170771757,
    0.506568144499179,
    0.5345853858784894,
    0.5263238916256158,
    0.5348419540229885,
    0.5228858784893268,
    0.5311473727422004,
    0.5356116584564861,
    0.5465414614121511,
    0.541871921182266,
    0.5310960591133005,
    0.539973316912972,
    0.5578817733990148,
    0.5356629720853858,
    0.4929700328407225,
    0.49722906403940886,
    0.5169848111658456,
    0.5414357553366174,
    0.549697249589491,
    0.5386391625615764,
    0.5635262725779967,
    0.5552134646962233,
    0.561268472906404,
    0.5789716748768473,
    0.58125513136289,
    0.5979577175697867,
    0.6189449917898194,
    0.607245484400657,
    0.6553263546798029,
    0.6610734811165845,
    0.6521449096880132,
    0.6693093185550083,
    0.6877565681444993,
    0.6484503284072249,
    0.5768421592775042,
    0.560601395730706,
    0.5426672824302134,
    0.535303776683087,
    0.5295566502463054,
    0.530942118226601,
    0.5636288998357964,
    0.5635262725779968,
    0.5583435960591133,
    0.5514162561576355,
    0.4849137931034483,
    0.47988505747126436,
    0.4963567323481116,
    0.4759852216748769,
    0.48842877668308704,
    0.4747536945812808,
    0.45941091954022983,
    0.4785765599343186,
    0.4797311165845649,
    0.5302750410509031,
    0.5543924466338259,
    0.5457461001642036,
    0.5697352216748768,
    0.5859503284072249
  ],
  "auc_S_inv": [
    0.510314039408867,
    0.518113711001642,
    0.5106475779967159,
    0.5102627257799671,
    0.5201149425287356,
    0.5538793103448275,
    0.5239634646962233,
    0.5191399835796388,
    0.513752052545156,
    0.5085180623973727,
    0.5094930213464696,
    0.49135365353037763,
    0.5052339901477834,
    0.5340209359605911,
    0.5293000821018062,
    0.5358682266009852,
    0.527196223316913,
    0.5329433497536946,
    0.5349445812807883,
    0.5439757799671594,
    0.5427442528735631,
    0.5325841543513957,
    0.5403325123152709,
    0.5601395730706076,
    0.5379207717569786,
    0.49579228243021345,
    0.49794745484400654,
    0.5149835796387521,
    0.5392292692939245,
    0.5520063628899836,
    0.5370484400656814,
    0.5604987684729064,
    0.5561884236453202,
    0.5614737274220033,
    0.5778940886699507,
    0.583102422003284,
    0.6010365353037768,
    0.6166358784893267,
    0.6053981937602628,
    0.6550697865353038,
    0.6619458128078818,
    0.6518370279146141,
    0.6695145730706076,
    0.6889880952380952,
    0.6513752052545156,
    0.5779197454844005,
    0.5645012315270936,
    0.5453355911330049,
    0.5317118226600984,
    0.5256055008210181,
    0.5286843185550082,
    0.5626026272577997,
    0.5645525451559934,
    0.5572146962233169,
    0.55003078817734,
    0.4846059113300493,
    0.4756773399014778,
    0.496561986863711,
    0.47962848932676516,
    0.48827483579638753,
    0.477216748768473,
    0.46156609195402304,
    0.4801672824302135,
    0.48183497536945813,
    0.5311986863711001,
    0.5542385057471264,
    0.5440014367816092,
    0.5710693760262726,
    0.5866174055829227
  ],
  "acc_R_macro": null,
  "auc_T": null,
  "latencies_ms": {
    "C": -280.0000011920929,
    "S_raw": -20.000000251457095,
    "S_inv": -30.00000026077032,
    "T": null
  },
  "meta": {
    "align": "sacc",
    "orientation": "horizontal",
    "pt_min_ms": 200.0,
    "n_trials": 284,
    "n_bins": 69,
    "n_units": 120,
    "thr": 0.6,
    "k_bins": 5,
    "norm": "global",
    "baseline_win": null,
    "used_axes_mu_sd": false
  }
}