{
  "time": [
    -0.24000000208616257,
    -0.2199999988079071,
    -0.19999999552965164,
    -0.17999999970197678,
    -0.1600000038743019,
    -0.14000000059604645,
    -0.12000000104308128,
    -0.09999999776482582,
    -0.08000000193715096,
    -0.05999999865889549,
    -0.04000000096857548,
    -0.02000000001862645,
    0.0,
    0.02000000001862645,
    0.04000000096857548,
    0.05999999865889549,
    0.08000000193715096,
    0.09999999776482582,
    0.12000000104308128,
    0.14000000059604645,
    0.1600000038743019,
    0.17999999970197678,
    0.19999999552965164,
    0.2199999988079071,
    0.24000000208616257,
    0.25999999046325684,
    0.2800000011920929,
    0.29999999701976776,
    0.3199999928474426,
    0.3400000035762787,
    0.35999999940395355,
    0.3799999952316284,
    0.4000000059604645,
    0.42000000178813934,
    0.4399999976158142,
    0.46000000834465027,
    0.48000000417232513,
    0.5,
    0.5199999809265137,
    0.5400000214576721,
    0.5600000023841858,
    0.5799999833106995,
    0.6000000238418579,
    0.6200000047683716,
    0.6399999856948853,
    0.6599999964237213,
    0.6800000071525574,
    0.699999988079071,
    0.7199999988079071,
    0.7400000095367432,
    0.7599999904632568,
    0.7800000011920929
  ],
  "auc_C": [
    0.5308302808302808,
    0.526984126984127,
    0.5159340659340659,
    0.4943833943833944,
    0.44853479853479855,
    0.49627594627594634,
    0.4950549450549451,
    0.48235653235653236,
    0.5082417582417582,
    0.45830280830280834,
    0.47838827838827835,
    0.5393772893772893,
    0.4942612942612943,
    0.5340659340659341,
    0.4761904761904762,
    0.4936507936507937,
    0.5025030525030525,
    0.61996336996337,
    0.5557997557997558,
    0.6072039072039072,
    0.6048840048840048,
    0.6223443223443224,
    0.6393162393162394,
    0.7157509157509157,
    0.6953601953601953,
    0.7574481074481074,
    0.6952991452991453,
    0.7274114774114775,
    0.7571428571428571,
    0.8284493284493285,
    0.8502442002442002,
    0.8884004884004884,
    0.9052503052503053,
    0.9005494505494506,
    0.9548229548229548,
    0.9700854700854701,
    0.9799755799755799,
    0.9784493284493285,
    0.9459706959706959,
    0.9539682539682539,
    0.9415750915750916,
    0.9352258852258852,
    0.9056776556776558,
    0.9285714285714286,
    0.8910866910866911,
    0.9126373626373626,
    0.9078144078144078,
    0.865995115995116,
    0.8290598290598291,
    0.8332112332112332,
    0.8971916971916972,
    0.8043956043956043
  ],
  "auc_S_raw": null,
  "auc_S_inv": null,
  "acc_R_macro": [
    0.4266788766788767,
    0.42881562881562885,
    0.42234432234432234,
    0.43351648351648353,
    0.41105006105006103,
    0.44505494505494503,
    0.41056166056166055,
    0.42136752136752137,
    0.425946275946276,
    0.4227106227106227,
    0.4448107448107448,
    0.3866300366300366,
    0.4327838827838828,
    0.4023809523809524,
    0.4139194139194139,
    0.4254578754578755,
    0.4492673992673993,
    0.43351648351648353,
    0.4758241758241758,
    0.47295482295482294,
    0.6326007326007326,
    0.6515873015873015,
    0.6374236874236874,
    0.5898046398046398,
    0.48882783882783887,
    0.4653846153846154,
    0.4346153846153846,
    0.4266788766788767,
    0.43663003663003663,
    0.46031746031746035,
    0.43736263736263736,
    0.4181318681318681,
    0.36056166056166056,
    0.4181318681318681,
    0.4301587301587302,
    0.44084249084249083,
    0.434004884004884,
    0.3789377289377289,
    0.44529914529914527,
    0.46813186813186813,
    0.4109279609279609,
    0.4145299145299145,
    0.4382173382173382,
    0.46190476190476193,
    0.41428571428571426,
    0.39841269841269844,
    0.43003663003663006,
    0.4222222222222222,
    0.4108058608058608,
    0.4022588522588523,
    0.38278388278388276,
    0.3666666666666667
  ],
  "auc_T": null,
  "latencies_ms": {
    "C": 140.00000059604645,
    "S_raw": null,
    "S_inv": null,
    "T": null
  },
  "meta": {
    "align": "stim",
    "orientation": "vertical",
    "pt_min_ms": 200.0,
    "n_trials": 256,
    "n_bins": 52,
    "n_units": 79,
    "thr": 0.6,
    "k_bins": 5,
    "norm": "global",
    "baseline_win": null,
    "used_axes_mu_sd": false
  }
}