{
  "sid": "20230622",
  "area": "SFEF",
  "monkey": "S",
  "analysis": "cross_alignment",
  "align_C": "stim",
  "axes_tag_C": "axes_peakbin_stimC-stim-horizontal-20mssw",
  "orientation_C": "horizontal",
  "align_S": "sacc",
  "axes_tag_S": "axes_peakbin_saccCS-sacc-horizontal-20mssw",
  "orientation_S": "horizontal",
  "a_obs": 0.06533280985169486,
  "theta_obs_deg": 86.2540376391972,
  "null_mean": 0.22519653416638818,
  "null_std": 0.15219450009662744,
  "null_angle_mean_deg": 76.78683949163778,
  "p_orth": 0.15484515484515485,
  "p_align": 0.8461538461538461,
  "n_perms_valid": 1000,
  "delta": -0.1598637243146933,
  "delta_theta_deg": 9.467198147559415,
  "z_score": -1.0503909419407187,
  "manifold_dim": 50,
  "D_eff": 6.020930739753112,
  "expected_cos": 0.3251683338950873,
  "expected_angle_deg": 71.02422624426384,
  "D_C_shape": [
    118,
    102
  ],
  "D_S_shape": [
    118,
    52
  ],
  "use_rich_cond": false,
  "null_mode": "s_epoch",
  "win_C": [
    0.0,
    0.5
  ],
  "win_S": [
    -0.2,
    0.05
  ],
  "pt_min_ms": 200.0,
  "n_trials_C": 465,
  "n_trials_S": 465
}