{
  "sid": "20230705",
  "area": "SFEF",
  "monkey": "S",
  "analysis": "cross_alignment",
  "align_C": "stim",
  "axes_tag_C": "axes_peakbin_stimC-stim-horizontal-20mssw",
  "orientation_C": "horizontal",
  "align_S": "sacc",
  "axes_tag_S": "axes_peakbin_saccCS-sacc-horizontal-20mssw",
  "orientation_S": "horizontal",
  "a_obs": 0.4850360090119924,
  "theta_obs_deg": 60.9851683520119,
  "null_mean": 0.13539180894125175,
  "null_std": 0.09309110841333429,
  "null_angle_mean_deg": 82.17691769824046,
  "p_orth": 1.0,
  "p_align": 0.000999000999000999,
  "n_perms_valid": 1000,
  "delta": 0.34964420007074065,
  "delta_theta_deg": -21.191749346228562,
  "z_score": 3.7559355133927905,
  "manifold_dim": 70,
  "D_eff": 8.885445658837275,
  "expected_cos": 0.26767046531258826,
  "expected_angle_deg": 74.47430713224351,
  "D_C_shape": [
    84,
    100
  ],
  "D_S_shape": [
    84,
    100
  ],
  "use_rich_cond": false,
  "win_C": [
    0.0,
    0.5
  ],
  "win_S": [
    -0.2,
    0.05
  ],
  "pt_min_ms": 200.0,
  "n_trials_C": 380,
  "n_trials_S": 380
}