{
  "sid": "20231121",
  "area": "SFEF",
  "monkey": "S",
  "analysis": "cross_alignment",
  "align_C": "stim",
  "axes_tag_C": "axes_peakbin_stimC-stim-horizontal-20mssw",
  "orientation_C": "horizontal",
  "align_S": "sacc",
  "axes_tag_S": "axes_peakbin_saccCS-sacc-horizontal-20mssw",
  "orientation_S": "horizontal",
  "a_obs": 0.1554204919114607,
  "theta_obs_deg": 81.05881578852384,
  "null_mean": 0.3075131395351556,
  "null_std": 0.19587954106397998,
  "null_angle_mean_deg": 71.61653364456501,
  "p_orth": 0.2787212787212787,
  "p_align": 0.7222777222777222,
  "n_perms_valid": 1000,
  "delta": -0.15209264762369487,
  "delta_theta_deg": 9.442282143958835,
  "z_score": -0.7764600978619659,
  "manifold_dim": 40,
  "D_eff": 7.158309031714856,
  "expected_cos": 0.29821867740079405,
  "expected_angle_deg": 72.64935586859434,
  "D_C_shape": [
    61,
    102
  ],
  "D_S_shape": [
    61,
    52
  ],
  "use_rich_cond": false,
  "null_mode": "s_epoch",
  "win_C": [
    0.0,
    0.5
  ],
  "win_S": [
    -0.2,
    0.05
  ],
  "pt_min_ms": 200.0,
  "n_trials_C": 308,
  "n_trials_S": 308
}