{
  "sid": "20201216",
  "area": "MFEF",
  "monkey": "M",
  "analysis": "cross_alignment",
  "align_C": "stim",
  "axes_tag_C": "axes_peakbin_stimC-stim-horizontal-20mssw",
  "orientation_C": "horizontal",
  "align_S": "sacc",
  "axes_tag_S": "axes_peakbin_saccCS-sacc-horizontal-20mssw",
  "orientation_S": "horizontal",
  "a_obs": 0.2342709669552783,
  "theta_obs_deg": 76.45134732158022,
  "null_mean": 0.3120166959973707,
  "null_std": 0.17674191493997876,
  "null_angle_mean_deg": 71.45836717539126,
  "p_orth": 0.3626373626373626,
  "p_align": 0.6383616383616384,
  "n_perms_valid": 1000,
  "delta": -0.0777457290420924,
  "delta_theta_deg": 4.992980146188955,
  "z_score": -0.43988280351321707,
  "manifold_dim": 36,
  "D_eff": 3.557236767917957,
  "expected_cos": 0.4230421836412229,
  "expected_angle_deg": 64.97319720030225,
  "D_C_shape": [
    77,
    102
  ],
  "D_S_shape": [
    77,
    52
  ],
  "use_rich_cond": false,
  "null_mode": "s_epoch",
  "win_C": [
    0.0,
    0.5
  ],
  "win_S": [
    -0.2,
    0.05
  ],
  "pt_min_ms": 200.0,
  "n_trials_C": 251,
  "n_trials_S": 251
}