{
  "sid": "20200929",
  "area": "MFEF",
  "monkey": "M",
  "analysis": "cross_alignment",
  "align_C": "stim",
  "axes_tag_C": "axes_peakbin_stimC-stim-horizontal-20mssw",
  "orientation_C": "horizontal",
  "align_S": "sacc",
  "axes_tag_S": "axes_peakbin_saccCS-sacc-horizontal-20mssw",
  "orientation_S": "horizontal",
  "a_obs": 0.031289771911106726,
  "theta_obs_deg": 88.20693546311,
  "null_mean": 0.19103061260401913,
  "null_std": 0.1398302582239019,
  "null_angle_mean_deg": 78.83866707514082,
  "p_orth": 0.10789210789210789,
  "p_align": 0.8931068931068931,
  "n_perms_valid": 1000,
  "delta": -0.1597408406929124,
  "delta_theta_deg": 9.36826838796918,
  "z_score": -1.142391087035889,
  "manifold_dim": 30,
  "D_eff": 3.463889426805141,
  "expected_cos": 0.42870450907841773,
  "expected_angle_deg": 64.61462690528238,
  "D_C_shape": [
    76,
    102
  ],
  "D_S_shape": [
    76,
    52
  ],
  "use_rich_cond": false,
  "null_mode": "s_epoch",
  "win_C": [
    0.0,
    0.5
  ],
  "win_S": [
    -0.2,
    0.05
  ],
  "pt_min_ms": 200.0,
  "n_trials_C": 264,
  "n_trials_S": 264
}