{
  "sid": "20231025",
  "area": "SFEF",
  "monkey": "S",
  "analysis": "cross_alignment",
  "align_C": "stim",
  "axes_tag_C": "axes_peakbin_stimC-stim-horizontal-20mssw",
  "orientation_C": "horizontal",
  "align_S": "sacc",
  "axes_tag_S": "axes_peakbin_saccCS-sacc-horizontal-20mssw",
  "orientation_S": "horizontal",
  "a_obs": 0.20573687717813613,
  "theta_obs_deg": 78.12736146821634,
  "null_mean": 0.2653901226647832,
  "null_std": 0.17210606452751218,
  "null_angle_mean_deg": 74.30443524297549,
  "p_orth": 0.4355644355644356,
  "p_align": 0.5654345654345654,
  "n_perms_valid": 1000,
  "delta": -0.05965324548664705,
  "delta_theta_deg": 3.822926225240849,
  "z_score": -0.346607457734943,
  "manifold_dim": 38,
  "D_eff": 7.942964474579426,
  "expected_cos": 0.2831057899273473,
  "expected_angle_deg": 73.55434424855929,
  "D_C_shape": [
    48,
    102
  ],
  "D_S_shape": [
    48,
    52
  ],
  "use_rich_cond": false,
  "null_mode": "s_epoch",
  "win_C": [
    0.0,
    0.5
  ],
  "win_S": [
    -0.2,
    0.05
  ],
  "pt_min_ms": 200.0,
  "n_trials_C": 230,
  "n_trials_S": 230
}