{
  "sid": "20201204",
  "area": "MFEF",
  "monkey": "M",
  "analysis": "cross_alignment",
  "align_C": "stim",
  "axes_tag_C": "axes_peakbin_stimC-stim-horizontal-20mssw",
  "orientation_C": "horizontal",
  "align_S": "sacc",
  "axes_tag_S": "axes_peakbin_saccCS-sacc-horizontal-20mssw",
  "orientation_S": "horizontal",
  "a_obs": 0.1861293764132697,
  "theta_obs_deg": 79.27301537828708,
  "null_mean": 0.2110879378395897,
  "null_std": 0.14898666752963205,
  "null_angle_mean_deg": 77.63406246925567,
  "p_orth": 0.4995004995004995,
  "p_align": 0.5014985014985015,
  "n_perms_valid": 1000,
  "delta": -0.024958561426319997,
  "delta_theta_deg": 1.638952909031417,
  "z_score": -0.16752211348949042,
  "manifold_dim": 27,
  "D_eff": 4.247569037639482,
  "expected_cos": 0.38714159794236347,
  "expected_angle_deg": 67.22324221002171,
  "D_C_shape": [
    59,
    102
  ],
  "D_S_shape": [
    59,
    52
  ],
  "use_rich_cond": false,
  "null_mode": "s_epoch",
  "win_C": [
    0.0,
    0.5
  ],
  "win_S": [
    -0.2,
    0.05
  ],
  "pt_min_ms": 200.0,
  "n_trials_C": 285,
  "n_trials_S": 285
}