{
  "sid": "20200328",
  "area": "MFEF",
  "monkey": "M",
  "analysis": "cross_alignment",
  "align_C": "stim",
  "axes_tag_C": "axes_peakbin_stimC-stim-horizontal-20mssw",
  "orientation_C": "horizontal",
  "align_S": "sacc",
  "axes_tag_S": "axes_peakbin_saccCS-sacc-horizontal-20mssw",
  "orientation_S": "horizontal",
  "a_obs": 0.03407624277316776,
  "theta_obs_deg": 88.0471970537063,
  "null_mean": 0.22378294798735168,
  "null_std": 0.1702879887388761,
  "null_angle_mean_deg": 76.79431157546863,
  "p_orth": 0.10789210789210789,
  "p_align": 0.8931068931068931,
  "n_perms_valid": 1000,
  "delta": -0.18970670521418392,
  "delta_theta_deg": 11.252885478237673,
  "z_score": -1.1140345635597644,
  "manifold_dim": 30,
  "D_eff": 3.157864193988486,
  "expected_cos": 0.4489968942968392,
  "expected_angle_deg": 63.32065607392285,
  "D_C_shape": [
    60,
    102
  ],
  "D_S_shape": [
    60,
    52
  ],
  "use_rich_cond": false,
  "null_mode": "s_epoch",
  "win_C": [
    0.0,
    0.5
  ],
  "win_S": [
    -0.2,
    0.05
  ],
  "pt_min_ms": 200.0,
  "n_trials_C": 247,
  "n_trials_S": 247
}