{
  "time": [
    -0.39000000059604645,
    -0.3799999952316284,
    -0.3700000047683716,
    -0.35999999940395355,
    -0.3499999940395355,
    -0.3400000035762787,
    -0.32999999821186066,
    -0.3199999928474426,
    -0.3100000023841858,
    -0.30000000447034836,
    -0.28999999910593033,
    -0.2800000011920929,
    -0.27000000327825546,
    -0.25999999791383743,
    -0.25,
    -0.24000000208616257,
    -0.23000000044703484,
    -0.2200000025331974,
    -0.21000000089406967,
    -0.19999999925494194,
    -0.1900000013411045,
    -0.17999999970197678,
    -0.16999999806284904,
    -0.1600000001490116,
    -0.14999999850988388,
    -0.13999999687075615,
    -0.12999999895691872,
    -0.11999999918043613,
    -0.10999999940395355,
    -0.09999999962747097,
    -0.08999999985098839,
    -0.0800000000745058,
    -0.07000000029802322,
    -0.06000000052154064,
    -0.049999999813735485,
    -0.0400000000372529,
    -0.03000000026077032,
    -0.020000000251457095,
    -0.010000000009313226,
    0.0,
    0.010000000009313226,
    0.020000000251457095,
    0.03000000026077032,
    0.0400000000372529,
    0.049999999813735485,
    0.06000000052154064,
    0.07000000029802322,
    0.0800000000745058,
    0.08999999985098839,
    0.09999999962747097,
    0.10999999940395355,
    0.11999999918043613,
    0.12999999895691872,
    0.13999999687075615,
    0.14999999850988388,
    0.1600000001490116,
    0.16999999806284904,
    0.17999999970197678,
    0.1900000013411045,
    0.19999999925494194,
    0.21000000089406967,
    0.2200000025331974,
    0.23000000044703484,
    0.24000000208616257,
    0.25,
    0.25999999791383743,
    0.27000000327825546,
    0.2800000011920929,
    0.28999999910593033
  ],
  "auc_C": null,
  "auc_S_raw": [
    0.5241392956074397,
    0.5316580925999209,
    0.492151431209603,
    0.44862155388471175,
    0.4540957657301148,
    0.46214219759926134,
    0.43536472760849493,
    0.4232950798047751,
    0.47454161720089705,
    0.42837356549267913,
    0.46794618124258014,
    0.46979290331090884,
    0.4934705184012663,
    0.47783933518005545,
    0.46003165809259994,
    0.4952512861100119,
    0.48436881677878907,
    0.5110143780503891,
    0.5378578024007388,
    0.5463659147869674,
    0.5160928637382932,
    0.5017148133491625,
    0.5154992745020446,
    0.5115420129270545,
    0.5487402717319615,
    0.5514444004748714,
    0.5770346919931407,
    0.5811238622872972,
    0.5631842764806754,
    0.5995910829705844,
    0.6408785120696479,
    0.7070307347315657,
    0.7567603218572747,
    0.7717979158422372,
    0.7907927714021897,
    0.7824165677351272,
    0.7814272523413798,
    0.8494921514312096,
    0.9327265532251682,
    0.9391900804643187,
    0.9604933386096821,
    0.9686057248384118,
    0.9759266587521436,
    0.9959767840654268,
    0.9828518665083761,
    0.8740931275557314,
    0.9245482126368554,
    0.9645165545442553,
    0.9027173196148266,
    0.8603746207624324,
    0.8793694763223848,
    0.8877456799894473,
    0.911884975596887,
    0.9178868223189552,
    0.820670096293365,
    0.7634876665347579,
    0.6683814800158291,
    0.6170689882601239,
    0.6635008574066745,
    0.6648858989579212,
    0.6402849228333993,
    0.6201028888009498,
    0.6286110011871785,
    0.6536077034691993,
    0.6516290726817042,
    0.6226751088246932,
    0.6334256694367497,
    0.6813744888537132,
    0.6394275161588181
  ],
  "auc_S_inv": [
    0.5241392956074397,
    0.5316580925999209,
    0.492151431209603,
    0.44862155388471175,
    0.4540957657301148,
    0.46214219759926134,
    0.43536472760849493,
    0.4232950798047751,
    0.47454161720089705,
    0.42837356549267913,
    0.46794618124258014,
    0.46979290331090884,
    0.4934705184012663,
    0.47783933518005545,
    0.46003165809259994,
    0.4952512861100119,
    0.48436881677878907,
    0.5110143780503891,
    0.5378578024007388,
    0.5463659147869674,
    0.5160928637382932,
    0.5017148133491625,
    0.5154992745020446,
    0.5115420129270545,
    0.5487402717319615,
    0.5514444004748714,
    0.5770346919931407,
    0.5811238622872972,
    0.5631842764806754,
    0.5995910829705844,
    0.6408785120696479,
    0.7070307347315657,
    0.7567603218572747,
    0.7717979158422372,
    0.7907927714021897,
    0.7824165677351272,
    0.7814272523413798,
    0.8494921514312096,
    0.9327265532251682,
    0.9391900804643187,
    0.9604933386096821,
    0.9686057248384118,
    0.9759266587521436,
    0.9959767840654268,
    0.9828518665083761,
    0.8740931275557314,
    0.9245482126368554,
    0.9645165545442553,
    0.9027173196148266,
    0.8603746207624324,
    0.8793694763223848,
    0.8877456799894473,
    0.911884975596887,
    0.9178868223189552,
    0.820670096293365,
    0.7634876665347579,
    0.6683814800158291,
    0.6170689882601239,
    0.6635008574066745,
    0.6648858989579212,
    0.6402849228333993,
    0.6201028888009498,
    0.6286110011871785,
    0.6536077034691993,
    0.6516290726817042,
    0.6226751088246932,
    0.6334256694367497,
    0.6813744888537132,
    0.6394275161588181
  ],
  "acc_R_macro": null,
  "auc_T": null,
  "latencies_ms": {
    "C": null,
    "S_raw": -89.99999985098839,
    "S_inv": -89.99999985098839,
    "T": null
  },
  "meta": {
    "align": "sacc",
    "orientation": "horizontal",
    "pt_min_ms": 200.0,
    "n_trials": 247,
    "n_bins": 69,
    "n_units": 122,
    "thr": 0.6,
    "k_bins": 5,
    "norm": "global",
    "baseline_win": null,
    "used_axes_mu_sd": false
  }
}