{
  "time": [
    -0.39000000059604645,
    -0.3799999952316284,
    -0.3700000047683716,
    -0.35999999940395355,
    -0.3499999940395355,
    -0.3400000035762787,
    -0.32999999821186066,
    -0.3199999928474426,
    -0.3100000023841858,
    -0.30000000447034836,
    -0.28999999910593033,
    -0.2800000011920929,
    -0.27000000327825546,
    -0.25999999791383743,
    -0.25,
    -0.24000000208616257,
    -0.23000000044703484,
    -0.2200000025331974,
    -0.21000000089406967,
    -0.19999999925494194,
    -0.1900000013411045,
    -0.17999999970197678,
    -0.16999999806284904,
    -0.1600000001490116,
    -0.14999999850988388,
    -0.13999999687075615,
    -0.12999999895691872,
    -0.11999999918043613,
    -0.10999999940395355,
    -0.09999999962747097,
    -0.08999999985098839,
    -0.0800000000745058,
    -0.07000000029802322,
    -0.06000000052154064,
    -0.049999999813735485,
    -0.0400000000372529,
    -0.03000000026077032,
    -0.020000000251457095,
    -0.010000000009313226,
    0.0,
    0.010000000009313226,
    0.020000000251457095,
    0.03000000026077032,
    0.0400000000372529,
    0.049999999813735485,
    0.06000000052154064,
    0.07000000029802322,
    0.0800000000745058,
    0.08999999985098839,
    0.09999999962747097,
    0.10999999940395355,
    0.11999999918043613,
    0.12999999895691872,
    0.13999999687075615,
    0.14999999850988388,
    0.1600000001490116,
    0.16999999806284904,
    0.17999999970197678,
    0.1900000013411045,
    0.19999999925494194,
    0.21000000089406967,
    0.2200000025331974,
    0.23000000044703484,
    0.24000000208616257,
    0.25,
    0.25999999791383743,
    0.27000000327825546,
    0.2800000011920929,
    0.28999999910593033
  ],
  "auc_C": null,
  "auc_S_raw": [
    0.586136393615618,
    0.6177944862155389,
    0.6327661258409182,
    0.615090357472629,
    0.6179923492942884,
    0.6267642791188497,
    0.6318427648067538,
    0.6427911884975597,
    0.5700435298773249,
    0.5936551906080992,
    0.6436485951721409,
    0.600250626566416,
    0.5730774304181506,
    0.5895660203139428,
    0.5776282812293893,
    0.5836301279514576,
    0.5759134678802268,
    0.5294156443740932,
    0.5765070571164754,
    0.6051972035351537,
    0.5787495053423031,
    0.6183880754517873,
    0.6781427252341381,
    0.7312359846985885,
    0.7853845139163699,
    0.8362353251549925,
    0.842566943674977,
    0.8677615090357474,
    0.9117530668777207,
    0.9224376731301939,
    0.94400474871389,
    0.9717055797388208,
    0.9872048542408653,
    0.9893813481071099,
    0.9951853317504287,
    0.9997361825616673,
    0.9990106846062524,
    0.9988787758870862,
    1.0,
    1.0,
    1.0,
    0.9993404564041684,
    0.9990766389658357,
    0.9974277799762564,
    0.9949215143120961,
    0.9986809128083366,
    0.9902387547816911,
    0.989447302466693,
    0.9848964516554544,
    0.9691333597150772,
    0.9582508903838544,
    0.9534362221342829,
    0.9401134414984831,
    0.9070703073473156,
    0.8671679197994987,
    0.862551114628677,
    0.865716923888669,
    0.847315657564965,
    0.7817570241392956,
    0.7526051972035351,
    0.7771402189684739,
    0.7094050916765599,
    0.6956865848832609,
    0.712241129138636,
    0.6808468539770479,
    0.6645561271600052,
    0.6579606912016884,
    0.6958844479620103,
    0.7022160664819945
  ],
  "auc_S_inv": [
    0.586136393615618,
    0.6177944862155389,
    0.6327661258409182,
    0.615090357472629,
    0.6179923492942884,
    0.6267642791188497,
    0.6318427648067538,
    0.6427911884975597,
    0.5700435298773249,
    0.5936551906080992,
    0.6436485951721409,
    0.600250626566416,
    0.5730774304181506,
    0.5895660203139428,
    0.5776282812293893,
    0.5836301279514576,
    0.5759134678802268,
    0.5294156443740932,
    0.5765070571164754,
    0.6051972035351537,
    0.5787495053423031,
    0.6183880754517873,
    0.6781427252341381,
    0.7312359846985885,
    0.7853845139163699,
    0.8362353251549925,
    0.842566943674977,
    0.8677615090357474,
    0.9117530668777207,
    0.9224376731301939,
    0.94400474871389,
    0.9717055797388208,
    0.9872048542408653,
    0.9893813481071099,
    0.9951853317504287,
    0.9997361825616673,
    0.9990106846062524,
    0.9988787758870862,
    1.0,
    1.0,
    1.0,
    0.9993404564041684,
    0.9990766389658357,
    0.9974277799762564,
    0.9949215143120961,
    0.9986809128083366,
    0.9902387547816911,
    0.989447302466693,
    0.9848964516554544,
    0.9691333597150772,
    0.9582508903838544,
    0.9534362221342829,
    0.9401134414984831,
    0.9070703073473156,
    0.8671679197994987,
    0.862551114628677,
    0.865716923888669,
    0.847315657564965,
    0.7817570241392956,
    0.7526051972035351,
    0.7771402189684739,
    0.7094050916765599,
    0.6956865848832609,
    0.712241129138636,
    0.6808468539770479,
    0.6645561271600052,
    0.6579606912016884,
    0.6958844479620103,
    0.7022160664819945
  ],
  "acc_R_macro": null,
  "auc_T": null,
  "latencies_ms": {
    "C": null,
    "S_raw": -379.9999952316284,
    "S_inv": -379.9999952316284,
    "T": null
  },
  "meta": {
    "align": "sacc",
    "orientation": "horizontal",
    "pt_min_ms": 200.0,
    "n_trials": 247,
    "n_bins": 69,
    "n_units": 60,
    "thr": 0.6,
    "k_bins": 5,
    "norm": "global",
    "baseline_win": null,
    "used_axes_mu_sd": false
  }
}