{
  "time": [
    -0.39000000059604645,
    -0.3799999952316284,
    -0.3700000047683716,
    -0.35999999940395355,
    -0.3499999940395355,
    -0.3400000035762787,
    -0.32999999821186066,
    -0.3199999928474426,
    -0.3100000023841858,
    -0.30000000447034836,
    -0.28999999910593033,
    -0.2800000011920929,
    -0.27000000327825546,
    -0.25999999791383743,
    -0.25,
    -0.24000000208616257,
    -0.23000000044703484,
    -0.2200000025331974,
    -0.21000000089406967,
    -0.19999999925494194,
    -0.1900000013411045,
    -0.17999999970197678,
    -0.16999999806284904,
    -0.1600000001490116,
    -0.14999999850988388,
    -0.13999999687075615,
    -0.12999999895691872,
    -0.11999999918043613,
    -0.10999999940395355,
    -0.09999999962747097,
    -0.08999999985098839,
    -0.0800000000745058,
    -0.07000000029802322,
    -0.06000000052154064,
    -0.049999999813735485,
    -0.0400000000372529,
    -0.03000000026077032,
    -0.020000000251457095,
    -0.010000000009313226,
    0.0,
    0.010000000009313226,
    0.020000000251457095,
    0.03000000026077032,
    0.0400000000372529,
    0.049999999813735485,
    0.06000000052154064,
    0.07000000029802322,
    0.0800000000745058,
    0.08999999985098839,
    0.09999999962747097,
    0.10999999940395355,
    0.11999999918043613,
    0.12999999895691872,
    0.13999999687075615,
    0.14999999850988388,
    0.1600000001490116,
    0.16999999806284904,
    0.17999999970197678,
    0.1900000013411045,
    0.19999999925494194,
    0.21000000089406967,
    0.2200000025331974,
    0.23000000044703484,
    0.24000000208616257,
    0.25,
    0.25999999791383743,
    0.27000000327825546,
    0.2800000011920929,
    0.28999999910593033
  ],
  "auc_C": null,
  "auc_S_raw": [
    0.49242610837438416,
    0.5128694581280788,
    0.5653940886699508,
    0.49476600985221675,
    0.4375615763546798,
    0.5122536945812808,
    0.508435960591133,
    0.5039408866995073,
    0.5796182266009853,
    0.5505541871921182,
    0.48195812807881777,
    0.47629310344827586,
    0.47789408866995076,
    0.4501231527093596,
    0.47549261083743843,
    0.4936576354679803,
    0.49070197044334973,
    0.461576354679803,
    0.5038793103448276,
    0.49057881773399015,
    0.4236453201970443,
    0.43479064039408866,
    0.45535714285714285,
    0.4760467980295567,
    0.5036945812807881,
    0.5286330049261083,
    0.5703817733990147,
    0.5513546798029556,
    0.5549261083743843,
    0.6064039408866996,
    0.6089901477832513,
    0.6076354679802957,
    0.6264162561576355,
    0.6526477832512316,
    0.6998768472906404,
    0.7477832512315272,
    0.733128078817734,
    0.7757389162561577,
    0.80935960591133,
    0.8314655172413793,
    0.8825738916256157,
    0.8838054187192118,
    0.8875615763546798,
    0.9864532019704434,
    0.9971674876847291,
    0.9749384236453201,
    0.9400862068965516,
    0.899692118226601,
    0.7206280788177339,
    0.6267857142857143,
    0.5600369458128079,
    0.5519088669950739,
    0.6588054187192118,
    0.7419334975369458,
    0.7717980295566502,
    0.6475985221674877,
    0.566256157635468,
    0.5815270935960593,
    0.6063423645320196,
    0.5885467980295567,
    0.5743226600985222,
    0.5629926108374385,
    0.5761699507389163,
    0.5636699507389162,
    0.5374384236453201,
    0.5636083743842364,
    0.5745073891625616,
    0.5836206896551724,
    0.5875615763546799
  ],
  "auc_S_inv": [
    0.49242610837438416,
    0.5128694581280788,
    0.5653940886699508,
    0.49476600985221675,
    0.4375615763546798,
    0.5122536945812808,
    0.508435960591133,
    0.5039408866995073,
    0.5796182266009853,
    0.5505541871921182,
    0.48195812807881777,
    0.47629310344827586,
    0.47789408866995076,
    0.4501231527093596,
    0.47549261083743843,
    0.4936576354679803,
    0.49070197044334973,
    0.461576354679803,
    0.5038793103448276,
    0.49057881773399015,
    0.4236453201970443,
    0.43479064039408866,
    0.45535714285714285,
    0.4760467980295567,
    0.5036945812807881,
    0.5286330049261083,
    0.5703817733990147,
    0.5513546798029556,
    0.5549261083743843,
    0.6064039408866996,
    0.6089901477832513,
    0.6076354679802957,
    0.6264162561576355,
    0.6526477832512316,
    0.6998768472906404,
    0.7477832512315272,
    0.733128078817734,
    0.7757389162561577,
    0.80935960591133,
    0.8314655172413793,
    0.8825738916256157,
    0.8838054187192118,
    0.8875615763546798,
    0.9864532019704434,
    0.9971674876847291,
    0.9749384236453201,
    0.9400862068965516,
    0.899692118226601,
    0.7206280788177339,
    0.6267857142857143,
    0.5600369458128079,
    0.5519088669950739,
    0.6588054187192118,
    0.7419334975369458,
    0.7717980295566502,
    0.6475985221674877,
    0.566256157635468,
    0.5815270935960593,
    0.6063423645320196,
    0.5885467980295567,
    0.5743226600985222,
    0.5629926108374385,
    0.5761699507389163,
    0.5636699507389162,
    0.5374384236453201,
    0.5636083743842364,
    0.5745073891625616,
    0.5836206896551724,
    0.5875615763546799
  ],
  "acc_R_macro": null,
  "auc_T": null,
  "latencies_ms": {
    "C": null,
    "S_raw": -99.99999962747097,
    "S_inv": -99.99999962747097,
    "T": null
  },
  "meta": {
    "align": "sacc",
    "orientation": "horizontal",
    "pt_min_ms": 200.0,
    "n_trials": 256,
    "n_bins": 69,
    "n_units": 76,
    "thr": 0.6,
    "k_bins": 5,
    "norm": "global",
    "baseline_win": null,
    "used_axes_mu_sd": false
  }
}