{
  "time": [
    -0.39000000059604645,
    -0.3799999952316284,
    -0.3700000047683716,
    -0.35999999940395355,
    -0.3499999940395355,
    -0.3400000035762787,
    -0.32999999821186066,
    -0.3199999928474426,
    -0.3100000023841858,
    -0.30000000447034836,
    -0.28999999910593033,
    -0.2800000011920929,
    -0.27000000327825546,
    -0.25999999791383743,
    -0.25,
    -0.24000000208616257,
    -0.23000000044703484,
    -0.2200000025331974,
    -0.21000000089406967,
    -0.19999999925494194,
    -0.1900000013411045,
    -0.17999999970197678,
    -0.16999999806284904,
    -0.1600000001490116,
    -0.14999999850988388,
    -0.13999999687075615,
    -0.12999999895691872,
    -0.11999999918043613,
    -0.10999999940395355,
    -0.09999999962747097,
    -0.08999999985098839,
    -0.0800000000745058,
    -0.07000000029802322,
    -0.06000000052154064,
    -0.049999999813735485,
    -0.0400000000372529,
    -0.03000000026077032,
    -0.020000000251457095,
    -0.010000000009313226,
    0.0,
    0.010000000009313226,
    0.020000000251457095,
    0.03000000026077032,
    0.0400000000372529,
    0.049999999813735485,
    0.06000000052154064,
    0.07000000029802322,
    0.0800000000745058,
    0.08999999985098839,
    0.09999999962747097,
    0.10999999940395355,
    0.11999999918043613,
    0.12999999895691872,
    0.13999999687075615,
    0.14999999850988388,
    0.1600000001490116,
    0.16999999806284904,
    0.17999999970197678,
    0.1900000013411045,
    0.19999999925494194,
    0.21000000089406967,
    0.2200000025331974,
    0.23000000044703484,
    0.24000000208616257,
    0.25,
    0.25999999791383743,
    0.27000000327825546,
    0.2800000011920929,
    0.28999999910593033
  ],
  "auc_C": null,
  "auc_S_raw": [
    0.5660714285714286,
    0.5145320197044335,
    0.47758620689655173,
    0.4726600985221675,
    0.5295566502463054,
    0.5400246305418719,
    0.5764162561576354,
    0.5566502463054187,
    0.46921182266009853,
    0.4938423645320197,
    0.47179802955665023,
    0.4657635467980296,
    0.5211822660098522,
    0.5220443349753695,
    0.5211206896551723,
    0.4868842364532019,
    0.46126847290640394,
    0.4483374384236453,
    0.42814039408866994,
    0.45806650246305414,
    0.44981527093596063,
    0.46687192118226606,
    0.525615763546798,
    0.5673645320197045,
    0.5842980295566502,
    0.6416256157635468,
    0.6744458128078819,
    0.707820197044335,
    0.7922413793103448,
    0.8313423645320197,
    0.8947660098522167,
    0.9457512315270936,
    0.969088669950739,
    0.9739532019704433,
    0.9803571428571428,
    0.9844211822660098,
    0.9852832512315272,
    0.9987068965517241,
    0.9998768472906404,
    0.9998152709359607,
    1.0,
    0.9990763546798029,
    0.9993226600985221,
    0.9967980295566503,
    0.9963669950738916,
    0.9897783251231528,
    0.9889778325123153,
    0.989100985221675,
    0.9798029556650247,
    0.9815886699507389,
    0.975923645320197,
    0.9570197044334976,
    0.9320197044334975,
    0.9544950738916256,
    0.9225369458128079,
    0.8867610837438423,
    0.8664408866995074,
    0.8341133004926109,
    0.8475985221674877,
    0.8131773399014779,
    0.8028325123152709,
    0.8822044334975369,
    0.8380541871921181,
    0.7922413793103449,
    0.8056650246305418,
    0.7830049261083742,
    0.7615147783251232,
    0.7069581280788177,
    0.7415024630541872
  ],
  "auc_S_inv": [
    0.5660714285714286,
    0.5145320197044335,
    0.47758620689655173,
    0.4726600985221675,
    0.5295566502463054,
    0.5400246305418719,
    0.5764162561576354,
    0.5566502463054187,
    0.46921182266009853,
    0.4938423645320197,
    0.47179802955665023,
    0.4657635467980296,
    0.5211822660098522,
    0.5220443349753695,
    0.5211206896551723,
    0.4868842364532019,
    0.46126847290640394,
    0.4483374384236453,
    0.42814039408866994,
    0.45806650246305414,
    0.44981527093596063,
    0.46687192118226606,
    0.525615763546798,
    0.5673645320197045,
    0.5842980295566502,
    0.6416256157635468,
    0.6744458128078819,
    0.707820197044335,
    0.7922413793103448,
    0.8313423645320197,
    0.8947660098522167,
    0.9457512315270936,
    0.969088669950739,
    0.9739532019704433,
    0.9803571428571428,
    0.9844211822660098,
    0.9852832512315272,
    0.9987068965517241,
    0.9998768472906404,
    0.9998152709359607,
    1.0,
    0.9990763546798029,
    0.9993226600985221,
    0.9967980295566503,
    0.9963669950738916,
    0.9897783251231528,
    0.9889778325123153,
    0.989100985221675,
    0.9798029556650247,
    0.9815886699507389,
    0.975923645320197,
    0.9570197044334976,
    0.9320197044334975,
    0.9544950738916256,
    0.9225369458128079,
    0.8867610837438423,
    0.8664408866995074,
    0.8341133004926109,
    0.8475985221674877,
    0.8131773399014779,
    0.8028325123152709,
    0.8822044334975369,
    0.8380541871921181,
    0.7922413793103449,
    0.8056650246305418,
    0.7830049261083742,
    0.7615147783251232,
    0.7069581280788177,
    0.7415024630541872
  ],
  "acc_R_macro": null,
  "auc_T": null,
  "latencies_ms": {
    "C": null,
    "S_raw": -139.99999687075615,
    "S_inv": -139.99999687075615,
    "T": null
  },
  "meta": {
    "align": "sacc",
    "orientation": "horizontal",
    "pt_min_ms": 200.0,
    "n_trials": 256,
    "n_bins": 69,
    "n_units": 139,
    "thr": 0.6,
    "k_bins": 5,
    "norm": "global",
    "baseline_win": null,
    "used_axes_mu_sd": false
  }
}