{
  "time": [
    -0.39000000059604645,
    -0.3799999952316284,
    -0.3700000047683716,
    -0.35999999940395355,
    -0.3499999940395355,
    -0.3400000035762787,
    -0.32999999821186066,
    -0.3199999928474426,
    -0.3100000023841858,
    -0.30000000447034836,
    -0.28999999910593033,
    -0.2800000011920929,
    -0.27000000327825546,
    -0.25999999791383743,
    -0.25,
    -0.24000000208616257,
    -0.23000000044703484,
    -0.2200000025331974,
    -0.21000000089406967,
    -0.19999999925494194,
    -0.1900000013411045,
    -0.17999999970197678,
    -0.16999999806284904,
    -0.1600000001490116,
    -0.14999999850988388,
    -0.13999999687075615,
    -0.12999999895691872,
    -0.11999999918043613,
    -0.10999999940395355,
    -0.09999999962747097,
    -0.08999999985098839,
    -0.0800000000745058,
    -0.07000000029802322,
    -0.06000000052154064,
    -0.049999999813735485,
    -0.0400000000372529,
    -0.03000000026077032,
    -0.020000000251457095,
    -0.010000000009313226,
    0.0,
    0.010000000009313226,
    0.020000000251457095,
    0.03000000026077032,
    0.0400000000372529,
    0.049999999813735485,
    0.06000000052154064,
    0.07000000029802322,
    0.0800000000745058,
    0.08999999985098839,
    0.09999999962747097,
    0.10999999940395355,
    0.11999999918043613,
    0.12999999895691872,
    0.13999999687075615,
    0.14999999850988388,
    0.1600000001490116,
    0.16999999806284904,
    0.17999999970197678,
    0.1900000013411045,
    0.19999999925494194,
    0.21000000089406967,
    0.2200000025331974,
    0.23000000044703484,
    0.24000000208616257,
    0.25,
    0.25999999791383743,
    0.27000000327825546,
    0.2800000011920929,
    0.28999999910593033
  ],
  "auc_C": null,
  "auc_S_raw": [
    0.4828063357475122,
    0.5027674733557087,
    0.5855855855855856,
    0.4984984984984985,
    0.5133957486898664,
    0.554348466113172,
    0.5339162692103867,
    0.4864570452805747,
    0.4757993287405053,
    0.5750456338691633,
    0.5148089265736324,
    0.4194488606253312,
    0.43231466760878523,
    0.5517281987870223,
    0.563210269092622,
    0.5796973444032266,
    0.5579991756462345,
    0.4928752281693458,
    0.48333627745392455,
    0.46864511570393924,
    0.49149149149149146,
    0.5069775658010952,
    0.5316198551492669,
    0.5584407937349114,
    0.5878819996467055,
    0.48772301713478183,
    0.5396867455690986,
    0.5945062709768593,
    0.5767237826061355,
    0.5226991697579932,
    0.572072072072072,
    0.6365777542248129,
    0.5743684861331919,
    0.5212859918742272,
    0.4864570452805747,
    0.4500971559795089,
    0.4788023317435082,
    0.5121003356297474,
    0.49496555378908325,
    0.5335335335335335,
    0.5000883236177354,
    0.4588117529294,
    0.4524818936583642,
    0.45507271977860214,
    0.46840958605664484,
    0.44258964847200144,
    0.5305599717364423,
    0.539627863157275,
    0.5296472943531767,
    0.5953306247423895,
    0.5816404639934052,
    0.6475593240299123,
    0.6711122887593476,
    0.561061061061061,
    0.4921097568156392,
    0.4813931578637461,
    0.5319731496202085,
    0.5371548018606842,
    0.5335924159453571,
    0.5115703939233351,
    0.5149855738091031,
    0.4913737266678443,
    0.5195195195195195,
    0.4882235176352823,
    0.4864570452805747,
    0.5029146793852677,
    0.49240416887475713,
    0.5192839898722252,
    0.5863216157333805
  ],
  "auc_S_inv": [
    0.4828063357475122,
    0.5027674733557087,
    0.5855855855855856,
    0.4984984984984985,
    0.5133957486898664,
    0.554348466113172,
    0.5339162692103867,
    0.4864570452805747,
    0.4757993287405053,
    0.5750456338691633,
    0.5148089265736324,
    0.4194488606253312,
    0.43231466760878523,
    0.5517281987870223,
    0.563210269092622,
    0.5796973444032266,
    0.5579991756462345,
    0.4928752281693458,
    0.48333627745392455,
    0.46864511570393924,
    0.49149149149149146,
    0.5069775658010952,
    0.5316198551492669,
    0.5584407937349114,
    0.5878819996467055,
    0.48772301713478183,
    0.5396867455690986,
    0.5945062709768593,
    0.5767237826061355,
    0.5226991697579932,
    0.572072072072072,
    0.6365777542248129,
    0.5743684861331919,
    0.5212859918742272,
    0.4864570452805747,
    0.4500971559795089,
    0.4788023317435082,
    0.5121003356297474,
    0.49496555378908325,
    0.5335335335335335,
    0.5000883236177354,
    0.4588117529294,
    0.4524818936583642,
    0.45507271977860214,
    0.46840958605664484,
    0.44258964847200144,
    0.5305599717364423,
    0.539627863157275,
    0.5296472943531767,
    0.5953306247423895,
    0.5816404639934052,
    0.6475593240299123,
    0.6711122887593476,
    0.561061061061061,
    0.4921097568156392,
    0.4813931578637461,
    0.5319731496202085,
    0.5371548018606842,
    0.5335924159453571,
    0.5115703939233351,
    0.5149855738091031,
    0.4913737266678443,
    0.5195195195195195,
    0.4882235176352823,
    0.4864570452805747,
    0.5029146793852677,
    0.49240416887475713,
    0.5192839898722252,
    0.5863216157333805
  ],
  "acc_R_macro": null,
  "auc_T": null,
  "latencies_ms": {
    "C": null,
    "S_raw": null,
    "S_inv": null,
    "T": null
  },
  "meta": {
    "align": "sacc",
    "orientation": "horizontal",
    "pt_min_ms": 200.0,
    "n_trials": 264,
    "n_bins": 69,
    "n_units": 14,
    "thr": 0.6,
    "k_bins": 5,
    "norm": "global",
    "baseline_win": null,
    "used_axes_mu_sd": false
  }
}