{
  "sid": "20201216",
  "align": "stim",
  "features": [
    "C"
  ],
  "winC": [
    0.1,
    0.3
  ],
  "winR": null,
  "winS": null,
  "winT": null,
  "pt_min_ms": 200.0,
  "orientation": "vertical",
  "areas": [
    "MFEF",
    "MLIP",
    "MSC"
  ],
  "tag": "axes_peakbin_stimC-stim-vertical-20mssw",
  "norm": "global",
  "baseline_win": null,
  "clf_binary": "logreg",
  "C_grid": [
    0.1,
    0.3,
    1.0,
    3.0,
    10.0
  ],
  "lda_shrinkage": null,
  "searchC": true,
  "searchS": false,
  "searchT": false,
  "searchR": false,
  "search_step_ms": 20.0,
  "search_len_ms": [
    50.0,
    100.0,
    150.0,
    200.0,
    250.0
  ],
  "search_range_C": "0.00:0.50",
  "search_range_S": null,
  "search_range_T": null,
  "search_range_R": null,
  "search_score_mode": "peak_bin_auc",
  "search_tiebreak": "shortest_then_earliest",
  "search_tol": 0.01,
  "per_area_results": {
    "MFEF": {
      "winC_selected": [
        0.21999999999999997,
        0.31999999999999995
      ],
      "winC_cv_best": 0.955466569591069,
      "winC_best_param": 0.1,
      "winC_peak_time_ms": 229.99999672174454,
      "winC_peak_auc": 0.955466569591069,
      "winC_mean_bin_auc": 0.9319621405169276,
      "winC_cv_auc_original": 0.9935432098765432,
      "sC_auc": 0.955466569591069,
      "n_trials_C": 257
    },
    "MLIP": {
      "winC_selected": [
        0.4400000000000001,
        0.4900000000000001
      ],
      "winC_cv_best": 0.9780973182866157,
      "winC_best_param": 1.0,
      "winC_peak_time_ms": 469.9999988079071,
      "winC_peak_auc": 0.9780973182866157,
      "winC_mean_bin_auc": 0.9655836670307002,
      "winC_cv_auc_original": 0.9978518518518518,
      "sC_auc": 0.9780973182866157,
      "n_trials_C": 257
    },
    "MSC": {
      "winC_selected": [
        0.25999999999999995,
        0.36
      ],
      "winC_cv_best": 0.6878412813978886,
      "winC_best_param": 10.0,
      "winC_peak_time_ms": 340.0000035762787,
      "winC_peak_auc": 0.6878412813978886,
      "winC_mean_bin_auc": 0.6189995146220119,
      "winC_cv_auc_original": 0.8118755935422601,
      "sC_auc": 0.6878412813978886,
      "n_trials_C": 257
    }
  },
  "rebin_factor": null,
  "sliding_window_ms": 20.0,
  "sliding_step_ms": 10.0,
  "sliding_window_bins": 2,
  "sliding_step_bins": 1
}