{
  "sid": "20231025",
  "monkey": "S",
  "orientation": "vertical",
  "area": "SLIP",
  "axes_tag": "axes_peakbin_saccCS-sacc-vertical-20mssw_nofilter",
  "window_centers_ms": [
    -350.0,
    -329.99999999999994,
    -309.99999999999994,
    -289.99999999999994,
    -269.9999999999999,
    -249.99999999999991,
    -229.99999999999991,
    -209.99999999999994,
    -189.99999999999994,
    -169.99999999999994,
    -149.99999999999997,
    -129.99999999999997,
    -109.99999999999997,
    -89.99999999999997,
    -69.99999999999997,
    -49.999999999999964,
    -29.99999999999996,
    -9.999999999999961,
    10.00000000000004,
    30.00000000000004,
    50.00000000000004,
    70.00000000000004,
    90.00000000000006,
    110.00000000000006,
    130.00000000000006,
    150.00000000000006,
    170.00000000000003,
    190.00000000000003
  ],
  "alignments": [
    0.01945747682025537,
    0.1330233372512422,
    0.11066765764776999,
    0.14116538088060382,
    0.10527810901302541,
    0.1802657945771168,
    0.17414697239360874,
    0.03642331918951512,
    0.17894511803441068,
    0.07768052113528714,
    0.09753587631381636,
    0.13157539790336198,
    0.007616374433777529,
    0.06247650607756862,
    0.03718445967657189,
    0.08321881859207705,
    0.10235191986435661,
    0.04632110424526638,
    0.006399792253488047,
    0.026867825353846537,
    0.019267407690858915,
    0.0307520709349466,
    0.08508776192264275,
    0.09747079713352193,
    0.024247904626558528,
    0.01940194319719299,
    0.01737831935800452,
    0.11242504817419884
  ],
  "alignment_mean": 0.07730832195338898,
  "alignment_std": 0.05366418117816369,
  "alignment_max": 0.1802657945771168,
  "alignment_min": 0.006399792253488047,
  "peak_time_ms": -249.99999999999991,
  "n_trials": 416,
  "rt_mean_ms": 292.1990985577039,
  "rt_std_ms": 50.58938844902663,
  "null_mean": 0.23578413978628068,
  "null_std": 0.1629651160404582,
  "null_median": 0.20253193989061258,
  "D_eff": 4.685091972351074,
  "expected_cos": 0.3686217963695526,
  "manifold_dim": 97,
  "window_length_ms": 50.0,
  "step_ms": 20.0,
  "time_range_ms": [
    -350.0,
    200.0
  ],
  "pt_min_ms": 200.0,
  "winS_selected": [
    -2.0816681711721685e-17,
    0.04999999999999998
  ]
}