{
  "sid": "20200926",
  "monkey": "M",
  "orientation": "vertical",
  "area": "MLIP",
  "axes_tag": "axes_peakbin_saccCS-sacc-vertical-20mssw_nofilter",
  "window_centers_ms": [
    -350.0,
    -329.99999999999994,
    -309.99999999999994,
    -289.99999999999994,
    -269.9999999999999,
    -249.99999999999991,
    -229.99999999999991,
    -209.99999999999994,
    -189.99999999999994,
    -169.99999999999994,
    -149.99999999999997,
    -129.99999999999997,
    -109.99999999999997,
    -89.99999999999997,
    -69.99999999999997,
    -49.999999999999964,
    -29.99999999999996,
    -9.999999999999961,
    10.00000000000004,
    30.00000000000004,
    50.00000000000004,
    70.00000000000004,
    90.00000000000006,
    110.00000000000006,
    130.00000000000006,
    150.00000000000006,
    170.00000000000003,
    190.00000000000003
  ],
  "alignments": [
    0.07686200271690602,
    0.11862822706040964,
    0.03152519009262993,
    0.13741023402511185,
    0.14056357767226554,
    0.04828973929494553,
    0.05787620578474373,
    0.08404624810967666,
    0.07235230880632139,
    0.03320198057004808,
    0.07133262050236865,
    0.049148781530991725,
    0.0686586863358835,
    0.0652070907603302,
    0.1060448745831686,
    0.00870024937871925,
    0.03564981879338287,
    0.10459107680024056,
    0.1609702264728221,
    0.23253408376574422,
    0.15515365297290298,
    0.15165634690371257,
    0.03711731308492679,
    0.14763817046290253,
    0.21440081551135498,
    0.20691363350537673,
    0.135138466504687,
    2.6841157024042467e-05
  ],
  "alignment_mean": 0.0982728022556999,
  "alignment_std": 0.06140048037654872,
  "alignment_max": 0.23253408376574422,
  "alignment_min": 2.6841157024042467e-05,
  "peak_time_ms": 30.00000000000004,
  "n_trials": 286,
  "rt_mean_ms": 257.068531468507,
  "rt_std_ms": 41.317426585247176,
  "null_mean": 0.05289436578319639,
  "null_std": 0.038926432826172364,
  "null_median": 0.045213131016447174,
  "D_eff": 1.5591272115707397,
  "expected_cos": 0.6389976739883423,
  "manifold_dim": 76,
  "window_length_ms": 50.0,
  "step_ms": 20.0,
  "time_range_ms": [
    -350.0,
    200.0
  ],
  "pt_min_ms": 200.0,
  "winS_selected": [
    -0.02000000000000002,
    0.02999999999999998
  ]
}