{
  "sid": "20231025",
  "monkey": "S",
  "orientation": "vertical",
  "area": "SFEF",
  "axes_tag": "axes_peakbin_saccCS-sacc-vertical-20mssw_nofilter",
  "window_centers_ms": [
    -350.0,
    -329.99999999999994,
    -309.99999999999994,
    -289.99999999999994,
    -269.9999999999999,
    -249.99999999999991,
    -229.99999999999991,
    -209.99999999999994,
    -189.99999999999994,
    -169.99999999999994,
    -149.99999999999997,
    -129.99999999999997,
    -109.99999999999997,
    -89.99999999999997,
    -69.99999999999997,
    -49.999999999999964,
    -29.99999999999996,
    -9.999999999999961,
    10.00000000000004,
    30.00000000000004,
    50.00000000000004,
    70.00000000000004,
    90.00000000000006,
    110.00000000000006,
    130.00000000000006,
    150.00000000000006,
    170.00000000000003,
    190.00000000000003
  ],
  "alignments": [
    0.08721288622890667,
    0.17530565690530514,
    0.12514415167921536,
    0.014558882433308051,
    0.022644135874934163,
    0.13470583377367207,
    0.17373639903699897,
    0.1639219015122505,
    0.210994140307743,
    0.11283254934864091,
    0.2392157076202915,
    0.2150491425237472,
    0.19801020398978894,
    0.14692058108063583,
    0.062547322545534,
    0.040383080293617424,
    0.09805385532455943,
    0.11746728146596251,
    0.10553510021958179,
    0.09482421131120963,
    0.08051943239717435,
    0.06443435983181849,
    0.04083016153391866,
    0.11678273138089112,
    0.08752597101756236,
    0.1712741126668071,
    0.20055358086291797,
    0.21122526945988523
  ],
  "alignment_mean": 0.12543602295095993,
  "alignment_std": 0.06203105614857213,
  "alignment_max": 0.2392157076202915,
  "alignment_min": 0.014558882433308051,
  "peak_time_ms": -149.99999999999997,
  "n_trials": 416,
  "rt_mean_ms": 292.1990985577039,
  "rt_std_ms": 50.58938844902663,
  "null_mean": 0.2863142014886471,
  "null_std": 0.15991205689349544,
  "null_median": 0.278917127581131,
  "D_eff": 3.1099979877471924,
  "expected_cos": 0.45243898034095764,
  "manifold_dim": 47,
  "window_length_ms": 50.0,
  "step_ms": 20.0,
  "time_range_ms": [
    -350.0,
    200.0
  ],
  "pt_min_ms": 200.0,
  "winS_selected": [
    -2.0816681711721685e-17,
    0.04999999999999998
  ]
}