{
  "sid": "20231123",
  "monkey": "S",
  "orientation": "vertical",
  "area": "SLIP",
  "axes_tag": "axes_peakbin_saccCS-sacc-vertical-20mssw_nofilter",
  "window_centers_ms": [
    -350.0,
    -329.99999999999994,
    -309.99999999999994,
    -289.99999999999994,
    -269.9999999999999,
    -249.99999999999991,
    -229.99999999999991,
    -209.99999999999994,
    -189.99999999999994,
    -169.99999999999994,
    -149.99999999999997,
    -129.99999999999997,
    -109.99999999999997,
    -89.99999999999997,
    -69.99999999999997,
    -49.999999999999964,
    -29.99999999999996,
    -9.999999999999961,
    10.00000000000004,
    30.00000000000004,
    50.00000000000004,
    70.00000000000004,
    90.00000000000006,
    110.00000000000006,
    130.00000000000006,
    150.00000000000006,
    170.00000000000003,
    190.00000000000003
  ],
  "alignments": [
    0.01329463259565482,
    0.19831389428256901,
    0.2750578471197063,
    0.09772757743429289,
    0.04943950827126756,
    0.05258341408720485,
    0.011599512675332156,
    0.049938432280567845,
    0.0609214967231896,
    0.04205095910839937,
    0.283769759711165,
    0.36694492958573577,
    0.4287904277517414,
    0.4321355311282713,
    0.4273885613433945,
    0.4939568935074756,
    0.44234399191815416,
    0.19683091885652945,
    0.042994805846283186,
    0.02282042283785542,
    0.09459006301494978,
    0.15640121617656105,
    0.18360260404290324,
    0.14503300269950034,
    0.05936456566198844,
    0.17952926741480976,
    0.02054121572431222,
    0.09581944249240727
  ],
  "alignment_mean": 0.17584946051043654,
  "alignment_std": 0.15293637640185082,
  "alignment_max": 0.4939568935074756,
  "alignment_min": 0.011599512675332156,
  "peak_time_ms": -49.999999999999964,
  "n_trials": 571,
  "rt_mean_ms": 298.4003940455323,
  "rt_std_ms": 55.71035814709853,
  "null_mean": 0.1182467818186731,
  "null_std": 0.08679648601368288,
  "null_median": 0.1003465434881808,
  "D_eff": 3.256791830062866,
  "expected_cos": 0.44212496280670166,
  "manifold_dim": 41,
  "window_length_ms": 50.0,
  "step_ms": 20.0,
  "time_range_ms": [
    -350.0,
    200.0
  ],
  "pt_min_ms": 200.0,
  "winS_selected": [
    -2.0816681711721685e-17,
    0.04999999999999998
  ]
}