{
  "sid": "20201216",
  "monkey": "M",
  "orientation": "vertical",
  "area": "MFEF",
  "axes_tag": "axes_peakbin_saccCS-sacc-vertical-20mssw_nofilter",
  "window_centers_ms": [
    -350.0,
    -329.99999999999994,
    -309.99999999999994,
    -289.99999999999994,
    -269.9999999999999,
    -249.99999999999991,
    -229.99999999999991,
    -209.99999999999994,
    -189.99999999999994,
    -169.99999999999994,
    -149.99999999999997,
    -129.99999999999997,
    -109.99999999999997,
    -89.99999999999997,
    -69.99999999999997,
    -49.999999999999964,
    -29.99999999999996,
    -9.999999999999961,
    10.00000000000004,
    30.00000000000004,
    50.00000000000004,
    70.00000000000004,
    90.00000000000006,
    110.00000000000006,
    130.00000000000006,
    150.00000000000006,
    170.00000000000003,
    190.00000000000003
  ],
  "alignments": [
    0.011622918785053383,
    0.1583646055918234,
    0.11165596019013728,
    0.12097442708508863,
    0.11938735371969685,
    0.15619696232355193,
    0.07170684644422451,
    0.10482278642713169,
    0.17044673455388965,
    0.2473082477809181,
    0.1634027901875018,
    0.046239959849835324,
    0.08652837052485482,
    0.011060663850063924,
    0.07547040289392132,
    0.05575454382905072,
    0.05835689327680431,
    0.0535651573937376,
    0.03708027522282393,
    0.10485367080419475,
    0.13438533849679773,
    0.08416445985272572,
    0.043188455985027664,
    0.10832126360969938,
    0.12583447497993194,
    0.08880685685172741,
    0.11158573149024238,
    0.13492256442568948
  ],
  "alignment_mean": 0.0998574541580766,
  "alignment_std": 0.05179722803172413,
  "alignment_max": 0.2473082477809181,
  "alignment_min": 0.011060663850063924,
  "peak_time_ms": -169.99999999999994,
  "n_trials": 267,
  "rt_mean_ms": 249.52303370783463,
  "rt_std_ms": 35.49248296173809,
  "null_mean": 0.15522810614258037,
  "null_std": 0.10116112386242616,
  "null_median": 0.15062991498739559,
  "D_eff": 2.997565507888794,
  "expected_cos": 0.4608458876609802,
  "manifold_dim": 76,
  "window_length_ms": 50.0,
  "step_ms": 20.0,
  "time_range_ms": [
    -350.0,
    200.0
  ],
  "pt_min_ms": 200.0,
  "winS_selected": [
    -0.04000000000000002,
    0.009999999999999981
  ]
}