{
  "sid": "20231109",
  "monkey": "S",
  "orientation": "vertical",
  "area": "SFEF",
  "axes_tag": "axes_peakbin_saccCS-sacc-vertical-20mssw_nofilter",
  "window_centers_ms": [
    -350.0,
    -329.99999999999994,
    -309.99999999999994,
    -289.99999999999994,
    -269.9999999999999,
    -249.99999999999991,
    -229.99999999999991,
    -209.99999999999994,
    -189.99999999999994,
    -169.99999999999994,
    -149.99999999999997,
    -129.99999999999997,
    -109.99999999999997,
    -89.99999999999997,
    -69.99999999999997,
    -49.999999999999964,
    -29.99999999999996,
    -9.999999999999961,
    10.00000000000004,
    30.00000000000004,
    50.00000000000004,
    70.00000000000004,
    90.00000000000006,
    110.00000000000006,
    130.00000000000006,
    150.00000000000006,
    170.00000000000003,
    190.00000000000003
  ],
  "alignments": [
    0.09884555606434084,
    0.054637009202743454,
    0.06125315949151165,
    0.08216273053994846,
    0.047246539242631676,
    0.01815650657635217,
    0.06271154251142279,
    0.15330715432543218,
    0.058663910697686554,
    0.012566787839539455,
    0.03355477792438918,
    0.16124182126374098,
    0.13063804712165192,
    0.15205091183480018,
    0.21488191430513326,
    0.2982025169974087,
    0.287340842470719,
    0.16887157763660823,
    0.0714865938515935,
    0.10541348900974908,
    0.1000759004415149,
    0.09159157750126255,
    0.02207564857185536,
    0.05551550207913699,
    0.07169422575125055,
    0.03099159206882559,
    0.07083495858798164,
    0.0799745574030346
  ],
  "alignment_mean": 0.09985669111829519,
  "alignment_std": 0.07242218507990042,
  "alignment_max": 0.2982025169974087,
  "alignment_min": 0.012566787839539455,
  "peak_time_ms": -49.999999999999964,
  "n_trials": 454,
  "rt_mean_ms": 306.4918502202662,
  "rt_std_ms": 54.411413446142795,
  "null_mean": 0.12216371187048963,
  "null_std": 0.07408700974014722,
  "null_median": 0.11757218956486884,
  "D_eff": 4.003337383270264,
  "expected_cos": 0.39877593517303467,
  "manifold_dim": 76,
  "window_length_ms": 50.0,
  "step_ms": 20.0,
  "time_range_ms": [
    -350.0,
    200.0
  ],
  "pt_min_ms": 200.0,
  "winS_selected": [
    -2.0816681711721685e-17,
    0.04999999999999998
  ]
}