{
  "sid": "20230707",
  "monkey": "S",
  "orientation": "vertical",
  "area": "SLIP",
  "axes_tag": "axes_peakbin_saccCS-sacc-vertical-20mssw_nofilter",
  "window_centers_ms": [
    -350.0,
    -329.99999999999994,
    -309.99999999999994,
    -289.99999999999994,
    -269.9999999999999,
    -249.99999999999991,
    -229.99999999999991,
    -209.99999999999994,
    -189.99999999999994,
    -169.99999999999994,
    -149.99999999999997,
    -129.99999999999997,
    -109.99999999999997,
    -89.99999999999997,
    -69.99999999999997,
    -49.999999999999964,
    -29.99999999999996,
    -9.999999999999961,
    10.00000000000004,
    30.00000000000004,
    50.00000000000004,
    70.00000000000004,
    90.00000000000006,
    110.00000000000006,
    130.00000000000006,
    150.00000000000006,
    170.00000000000003,
    190.00000000000003
  ],
  "alignments": [
    0.0046832232789638896,
    0.047962746299007465,
    0.0030810711614713666,
    0.08902641896677135,
    0.11243767991477854,
    0.14449756213021217,
    0.020130025374805516,
    0.0255747394646574,
    0.12239755245716022,
    0.024809360669584394,
    0.11685880814825395,
    0.05913632047307424,
    0.07309383057339106,
    0.03250434727015441,
    0.07953937111263125,
    0.13288956058697537,
    0.027951071429768833,
    0.010662536673142833,
    0.06726425735289256,
    0.08889783054835339,
    0.030532170437350094,
    0.03401369579976117,
    0.0164364713349351,
    0.04153668827939456,
    0.05308337395347099,
    0.06737190300712499,
    0.09851217980175299,
    0.1388339540766107
  ],
  "alignment_mean": 0.06298995537773038,
  "alignment_std": 0.04251906260778328,
  "alignment_max": 0.14449756213021217,
  "alignment_min": 0.0030810711614713666,
  "peak_time_ms": -249.99999999999991,
  "n_trials": 554,
  "rt_mean_ms": 288.04332129965013,
  "rt_std_ms": 56.06684908575333,
  "null_mean": 0.29338431000249127,
  "null_std": 0.1944659118292912,
  "null_median": 0.25971979255258193,
  "D_eff": 3.2904531955718994,
  "expected_cos": 0.43985769152641296,
  "manifold_dim": 99,
  "window_length_ms": 50.0,
  "step_ms": 20.0,
  "time_range_ms": [
    -350.0,
    200.0
  ],
  "pt_min_ms": 200.0,
  "winS_selected": [
    -2.0816681711721685e-17,
    0.04999999999999998
  ]
}