{
  "sid": "20200402",
  "monkey": "M",
  "orientation": "vertical",
  "area": "MLIP",
  "axes_tag": "axes_peakbin_saccCS-sacc-vertical-20mssw_nofilter",
  "window_centers_ms": [
    -350.0,
    -329.99999999999994,
    -309.99999999999994,
    -289.99999999999994,
    -269.9999999999999,
    -249.99999999999991,
    -229.99999999999991,
    -209.99999999999994,
    -189.99999999999994,
    -169.99999999999994,
    -149.99999999999997,
    -129.99999999999997,
    -109.99999999999997,
    -89.99999999999997,
    -69.99999999999997,
    -49.999999999999964,
    -29.99999999999996,
    -9.999999999999961,
    10.00000000000004,
    30.00000000000004,
    50.00000000000004,
    70.00000000000004,
    90.00000000000006,
    110.00000000000006,
    130.00000000000006,
    150.00000000000006,
    170.00000000000003,
    190.00000000000003
  ],
  "alignments": [
    0.026854567466587636,
    0.1127264053578154,
    0.029017738610525784,
    0.023312732142891583,
    0.1630698617945908,
    0.07439671920908182,
    0.16572689496573573,
    0.23639575183852207,
    0.23932632512521776,
    0.17200345171541695,
    0.12040430604414826,
    0.08476097115244693,
    0.025480991349979807,
    0.056519381787159935,
    0.04282069800904442,
    0.021060164111200992,
    0.08608544585779372,
    0.05316821014371533,
    0.009195303888312684,
    0.15342197054813933,
    0.04258448171382943,
    0.006356362541405235,
    0.1147168446505529,
    0.05582234389603885,
    0.012607289012103874,
    0.005712788014768827,
    0.038516363417034065,
    0.01993541900519324
  ],
  "alignment_mean": 0.0782857065489019,
  "alignment_std": 0.06745747246613396,
  "alignment_max": 0.23932632512521776,
  "alignment_min": 0.005712788014768827,
  "peak_time_ms": -189.99999999999994,
  "n_trials": 224,
  "rt_mean_ms": 262.07299107142745,
  "rt_std_ms": 41.16077859593872,
  "null_mean": 0.13846031984736487,
  "null_std": 0.086068853869192,
  "null_median": 0.13329204188293264,
  "D_eff": 5.59299898147583,
  "expected_cos": 0.33737874031066895,
  "manifold_dim": 85,
  "window_length_ms": 50.0,
  "step_ms": 20.0,
  "time_range_ms": [
    -350.0,
    200.0
  ],
  "pt_min_ms": 200.0,
  "winS_selected": [
    -2.0816681711721685e-17,
    0.04999999999999998
  ]
}