{
  "sid": "20200328",
  "monkey": "M",
  "orientation": "vertical",
  "area": "MFEF",
  "axes_tag": "axes_peakbin_saccCS-sacc-vertical-20mssw_nofilter",
  "window_centers_ms": [
    -350.0,
    -329.99999999999994,
    -309.99999999999994,
    -289.99999999999994,
    -269.9999999999999,
    -249.99999999999991,
    -229.99999999999991,
    -209.99999999999994,
    -189.99999999999994,
    -169.99999999999994,
    -149.99999999999997,
    -129.99999999999997,
    -109.99999999999997,
    -89.99999999999997,
    -69.99999999999997,
    -49.999999999999964,
    -29.99999999999996,
    -9.999999999999961,
    10.00000000000004,
    30.00000000000004,
    50.00000000000004,
    70.00000000000004,
    90.00000000000006,
    110.00000000000006,
    130.00000000000006,
    150.00000000000006,
    170.00000000000003,
    190.00000000000003
  ],
  "alignments": [
    0.17745346139962373,
    0.11641292936291195,
    0.03672417146441552,
    0.08599543801080052,
    0.043468895978736224,
    0.08759300896454776,
    0.002239599476013029,
    0.14184880438322484,
    0.3627876716901833,
    0.3528002293545406,
    0.14607232996061822,
    0.0005425224905725637,
    0.04245534445588037,
    0.028736546782709708,
    0.03285987273837309,
    0.04472664336822191,
    0.035508938925660684,
    0.08301005841093947,
    0.08673734612956918,
    0.030987736329214532,
    0.03271618075244271,
    0.010192074571128997,
    0.040528995418362024,
    0.006729077808485931,
    0.005871430756205478,
    0.14141254514457222,
    0.23891761626812197,
    0.29344510031574184
  ],
  "alignment_mean": 0.09674194895399349,
  "alignment_std": 0.10129013123790616,
  "alignment_max": 0.3627876716901833,
  "alignment_min": 0.0005425224905725637,
  "peak_time_ms": -189.99999999999994,
  "n_trials": 287,
  "rt_mean_ms": 270.82012195121547,
  "rt_std_ms": 45.82848590050116,
  "null_mean": 0.0944314333871511,
  "null_std": 0.0686784642830643,
  "null_median": 0.08418791116175742,
  "D_eff": 3.183520555496216,
  "expected_cos": 0.4471839666366577,
  "manifold_dim": 59,
  "window_length_ms": 50.0,
  "step_ms": 20.0,
  "time_range_ms": [
    -350.0,
    200.0
  ],
  "pt_min_ms": 200.0,
  "winS_selected": [
    -0.02000000000000002,
    0.02999999999999998
  ]
}