{
  "sid": "20200327",
  "monkey": "M",
  "orientation": "vertical",
  "area": "MLIP",
  "axes_tag": "axes_peakbin_saccCS-sacc-vertical-20mssw_nofilter",
  "window_centers_ms": [
    -350.0,
    -329.99999999999994,
    -309.99999999999994,
    -289.99999999999994,
    -269.9999999999999,
    -249.99999999999991,
    -229.99999999999991,
    -209.99999999999994,
    -189.99999999999994,
    -169.99999999999994,
    -149.99999999999997,
    -129.99999999999997,
    -109.99999999999997,
    -89.99999999999997,
    -69.99999999999997,
    -49.999999999999964,
    -29.99999999999996,
    -9.999999999999961,
    10.00000000000004,
    30.00000000000004,
    50.00000000000004,
    70.00000000000004,
    90.00000000000006,
    110.00000000000006,
    130.00000000000006,
    150.00000000000006,
    170.00000000000003,
    190.00000000000003
  ],
  "alignments": [
    0.06697242869443906,
    0.09165053486095828,
    0.08488280357727325,
    0.03410331146982844,
    0.04317817135448956,
    0.021212472645795077,
    0.015569335062935789,
    0.08715677331304497,
    0.05236073494920866,
    0.11788581575562229,
    0.12811526118589023,
    0.06361887738142971,
    0.01320431167430693,
    0.04215905652260204,
    0.024360542329010144,
    0.03536254326320873,
    0.01735401168246082,
    0.0671801151991813,
    0.03347151436099024,
    0.04583239836806218,
    0.023249397837780107,
    0.006463549402308414,
    0.04306074078745386,
    0.05077985844483234,
    0.004889435898439663,
    0.020146220470291337,
    0.028802524949798333,
    0.023879407853863867
  ],
  "alignment_mean": 0.04596079104626805,
  "alignment_std": 0.031642266336026355,
  "alignment_max": 0.12811526118589023,
  "alignment_min": 0.004889435898439663,
  "peak_time_ms": -149.99999999999997,
  "n_trials": 276,
  "rt_mean_ms": 261.5611413043441,
  "rt_std_ms": 45.381308904465214,
  "null_mean": 0.13974202493020496,
  "null_std": 0.07761077818647776,
  "null_median": 0.1430257698343217,
  "D_eff": 2.9098193645477295,
  "expected_cos": 0.4677427411079407,
  "manifold_dim": 119,
  "window_length_ms": 100.0,
  "step_ms": 20.0,
  "time_range_ms": [
    -350.0,
    200.0
  ],
  "pt_min_ms": 200.0,
  "winS_selected": [
    -0.060000000000000026,
    -0.010000000000000023
  ]
}