{
  "sid": "20231121",
  "monkey": "S",
  "orientation": "vertical",
  "area": "SFEF",
  "axes_tag": "axes_peakbin_saccCS-sacc-vertical-20mssw_nofilter",
  "window_centers_ms": [
    -350.0,
    -329.99999999999994,
    -309.99999999999994,
    -289.99999999999994,
    -269.9999999999999,
    -249.99999999999991,
    -229.99999999999991,
    -209.99999999999994,
    -189.99999999999994,
    -169.99999999999994,
    -149.99999999999997,
    -129.99999999999997,
    -109.99999999999997,
    -89.99999999999997,
    -69.99999999999997,
    -49.999999999999964,
    -29.99999999999996,
    -9.999999999999961,
    10.00000000000004,
    30.00000000000004,
    50.00000000000004,
    70.00000000000004,
    90.00000000000006,
    110.00000000000006,
    130.00000000000006,
    150.00000000000006,
    170.00000000000003,
    190.00000000000003
  ],
  "alignments": [
    0.1422814859649132,
    0.14749556815103912,
    0.16960654712129672,
    0.08809132448920097,
    0.14926916241046898,
    0.2137289622127934,
    0.09293237652720839,
    0.06068163447564566,
    0.11541229544790471,
    0.12020020816455236,
    0.06453105758191174,
    0.017901852150075878,
    0.01120498583993345,
    0.0797712887540761,
    0.29495592631249706,
    0.2012104286194453,
    0.03775782813668071,
    0.051954610627294846,
    0.025375401454486482,
    0.01021581280641663,
    0.012402142610897227,
    0.06561956257242796,
    0.001953614651253255,
    0.008093676896711977,
    0.07561046036058097,
    0.021764693143973952,
    0.06123486618139979,
    0.03576023593830887
  ],
  "alignment_mean": 0.08489350034297839,
  "alignment_std": 0.07167884067671945,
  "alignment_max": 0.29495592631249706,
  "alignment_min": 0.001953614651253255,
  "peak_time_ms": -69.99999999999997,
  "n_trials": 516,
  "rt_mean_ms": 300.324176356584,
  "rt_std_ms": 54.665668725981384,
  "null_mean": 0.11388623691705999,
  "null_std": 0.07593845757838279,
  "null_median": 0.10636076192778365,
  "D_eff": 4.919006824493408,
  "expected_cos": 0.3597504496574402,
  "manifold_dim": 60,
  "window_length_ms": 50.0,
  "step_ms": 20.0,
  "time_range_ms": [
    -350.0,
    200.0
  ],
  "pt_min_ms": 200.0,
  "winS_selected": [
    -0.02000000000000002,
    0.02999999999999998
  ]
}