{
  "sid": "20201204",
  "monkey": "M",
  "orientation": "vertical",
  "area": "MFEF",
  "axes_tag": "axes_peakbin_saccCS-sacc-vertical-20mssw_nofilter",
  "window_centers_ms": [
    -350.0,
    -329.99999999999994,
    -309.99999999999994,
    -289.99999999999994,
    -269.9999999999999,
    -249.99999999999991,
    -229.99999999999991,
    -209.99999999999994,
    -189.99999999999994,
    -169.99999999999994,
    -149.99999999999997,
    -129.99999999999997,
    -109.99999999999997,
    -89.99999999999997,
    -69.99999999999997,
    -49.999999999999964,
    -29.99999999999996,
    -9.999999999999961,
    10.00000000000004,
    30.00000000000004,
    50.00000000000004,
    70.00000000000004,
    90.00000000000006,
    110.00000000000006,
    130.00000000000006,
    150.00000000000006,
    170.00000000000003,
    190.00000000000003
  ],
  "alignments": [
    0.13170678363078916,
    0.06436395735993539,
    0.1346957371672236,
    0.09946877485136274,
    0.14130223135218606,
    0.00020384114355182433,
    0.07845665414380308,
    0.03197493663884387,
    0.08521899905871466,
    0.18289647723943264,
    0.1962178478300282,
    0.18575158622660107,
    0.22887517186004877,
    0.2735842724959817,
    0.1476668097658377,
    0.19823661763255687,
    0.15644234009170518,
    0.14307866022763452,
    0.05678079694681724,
    0.0034877342576109614,
    0.06619953667590961,
    0.0345373456098549,
    0.03492121440334489,
    0.08081793852658613,
    0.07892167838295219,
    0.0528297381323966,
    0.060965415273397355,
    0.0174530089797546
  ],
  "alignment_mean": 0.10596628949660218,
  "alignment_std": 0.07042365708933361,
  "alignment_max": 0.2735842724959817,
  "alignment_min": 0.00020384114355182433,
  "peak_time_ms": -89.99999999999997,
  "n_trials": 238,
  "rt_mean_ms": 247.90861344533755,
  "rt_std_ms": 39.582482814583145,
  "null_mean": 0.2140050306668504,
  "null_std": 0.14607041220641323,
  "null_median": 0.19611649439727208,
  "D_eff": 2.9922332763671875,
  "expected_cos": 0.46125632524490356,
  "manifold_dim": 58,
  "window_length_ms": 50.0,
  "step_ms": 20.0,
  "time_range_ms": [
    -350.0,
    200.0
  ],
  "pt_min_ms": 200.0,
  "winS_selected": [
    -0.02000000000000002,
    0.02999999999999998
  ]
}