{
  "sid": "20230710",
  "monkey": "S",
  "orientation": "vertical",
  "area": "SLIP",
  "axes_tag": "axes_peakbin_saccCS-sacc-vertical-20mssw_nofilter",
  "window_centers_ms": [
    -350.0,
    -329.99999999999994,
    -309.99999999999994,
    -289.99999999999994,
    -269.9999999999999,
    -249.99999999999991,
    -229.99999999999991,
    -209.99999999999994,
    -189.99999999999994,
    -169.99999999999994,
    -149.99999999999997,
    -129.99999999999997,
    -109.99999999999997,
    -89.99999999999997,
    -69.99999999999997,
    -49.999999999999964,
    -29.99999999999996,
    -9.999999999999961,
    10.00000000000004,
    30.00000000000004,
    50.00000000000004,
    70.00000000000004,
    90.00000000000006,
    110.00000000000006,
    130.00000000000006,
    150.00000000000006,
    170.00000000000003,
    190.00000000000003
  ],
  "alignments": [
    0.15506265569301714,
    0.12482920072207733,
    0.08984875356217645,
    0.07765624112642475,
    0.06225917644860066,
    0.11117242464123325,
    0.2161031432696169,
    0.17357572336520516,
    0.2513231075315948,
    0.11011439160936155,
    0.05502466535725591,
    0.1045947060599968,
    0.04601834814826728,
    0.015166787812435545,
    0.037363853631666166,
    0.028260571771473845,
    0.10027318663024783,
    0.02517482389380836,
    0.0900697029975117,
    0.03107667845520758,
    0.14217999655495847,
    0.06503664434844532,
    0.021752984934496854,
    0.15623275909960171,
    0.25510312275992547,
    0.35140005231862964,
    0.33803012495611573,
    0.1425420480431037
  ],
  "alignment_mean": 0.12061592413365915,
  "alignment_std": 0.08973761253407135,
  "alignment_max": 0.35140005231862964,
  "alignment_min": 0.015166787812435545,
  "peak_time_ms": 150.00000000000006,
  "n_trials": 515,
  "rt_mean_ms": 310.5874271844787,
  "rt_std_ms": 52.713708110409144,
  "null_mean": 0.22183270359395088,
  "null_std": 0.1368332983133454,
  "null_median": 0.21027363495384513,
  "D_eff": 3.502786874771118,
  "expected_cos": 0.4263175427913666,
  "manifold_dim": 82,
  "window_length_ms": 50.0,
  "step_ms": 20.0,
  "time_range_ms": [
    -350.0,
    200.0
  ],
  "pt_min_ms": 200.0,
  "winS_selected": [
    -2.0816681711721685e-17,
    0.04999999999999998
  ]
}