{
  "sid": "20230707",
  "monkey": "S",
  "orientation": "vertical",
  "area": "SFEF",
  "axes_tag": "axes_peakbin_saccCS-sacc-vertical-20mssw_nofilter",
  "window_centers_ms": [
    -350.0,
    -329.99999999999994,
    -309.99999999999994,
    -289.99999999999994,
    -269.9999999999999,
    -249.99999999999991,
    -229.99999999999991,
    -209.99999999999994,
    -189.99999999999994,
    -169.99999999999994,
    -149.99999999999997,
    -129.99999999999997,
    -109.99999999999997,
    -89.99999999999997,
    -69.99999999999997,
    -49.999999999999964,
    -29.99999999999996,
    -9.999999999999961,
    10.00000000000004,
    30.00000000000004,
    50.00000000000004,
    70.00000000000004,
    90.00000000000006,
    110.00000000000006,
    130.00000000000006,
    150.00000000000006,
    170.00000000000003,
    190.00000000000003
  ],
  "alignments": [
    0.09055808492683436,
    0.13867883849121074,
    0.28903973663107985,
    0.08189000931833312,
    0.049447237606428995,
    0.06116598517652394,
    0.017900214177794818,
    0.07763662742620306,
    0.05750015130025401,
    0.15106167416861788,
    0.3170586962402978,
    0.2848160578112755,
    0.2660746261878879,
    0.17426112388886683,
    0.051490329010581384,
    0.061410902595716105,
    0.0337056216541532,
    0.06229824958053658,
    0.055292099137145244,
    0.0008759174477996831,
    0.026099981476342193,
    0.013479403915857523,
    0.007359766721514227,
    0.06188970386508084,
    0.013740036801721908,
    0.02811324475058681,
    0.11179155137013391,
    0.08091610844974276
  ],
  "alignment_mean": 0.09519828500459003,
  "alignment_std": 0.0895753200356111,
  "alignment_max": 0.3170586962402978,
  "alignment_min": 0.0008759174477996831,
  "peak_time_ms": -149.99999999999997,
  "n_trials": 554,
  "rt_mean_ms": 288.04332129965013,
  "rt_std_ms": 56.06684908575333,
  "null_mean": 0.17405513539798073,
  "null_std": 0.12167402535439417,
  "null_median": 0.1590431416273072,
  "D_eff": 3.3068108558654785,
  "expected_cos": 0.4387684464454651,
  "manifold_dim": 31,
  "window_length_ms": 50.0,
  "step_ms": 20.0,
  "time_range_ms": [
    -350.0,
    200.0
  ],
  "pt_min_ms": 200.0,
  "winS_selected": [
    -0.04000000000000002,
    0.009999999999999981
  ]
}