{
  "sid": "20200401",
  "monkey": "M",
  "orientation": "vertical",
  "area": "MFEF",
  "axes_tag": "axes_peakbin_saccCS-sacc-vertical-20mssw_nofilter",
  "window_centers_ms": [
    -350.0,
    -329.99999999999994,
    -309.99999999999994,
    -289.99999999999994,
    -269.9999999999999,
    -249.99999999999991,
    -229.99999999999991,
    -209.99999999999994,
    -189.99999999999994,
    -169.99999999999994,
    -149.99999999999997,
    -129.99999999999997,
    -109.99999999999997,
    -89.99999999999997,
    -69.99999999999997,
    -49.999999999999964,
    -29.99999999999996,
    -9.999999999999961,
    10.00000000000004,
    30.00000000000004,
    50.00000000000004,
    70.00000000000004,
    90.00000000000006,
    110.00000000000006,
    130.00000000000006,
    150.00000000000006,
    170.00000000000003,
    190.00000000000003
  ],
  "alignments": [
    0.07365556032967241,
    0.011951715434372227,
    0.07678715019804365,
    0.00899310017529667,
    9.098374962057725e-05,
    0.12061002753379695,
    0.1039463000011852,
    0.08833889935230127,
    0.0030500716153167447,
    0.002167989456781155,
    0.04351400601737683,
    0.06695953117764432,
    0.06650186727466985,
    0.0077659739944815126,
    0.04926968135804083,
    0.02018315940033478,
    0.033981295592533114,
    0.022025773626509055,
    0.04140471595565807,
    0.06076279062195237,
    0.049959587785629186,
    0.015178463047569448,
    0.0278957895136526,
    0.05543657670008085,
    0.1126535544794274,
    0.09857605148049786,
    0.05563820048074423,
    0.002587036971994517
  ],
  "alignment_mean": 0.04713878047589942,
  "alignment_std": 0.03551953642553659,
  "alignment_max": 0.12061002753379695,
  "alignment_min": 9.098374962057725e-05,
  "peak_time_ms": -249.99999999999991,
  "n_trials": 261,
  "rt_mean_ms": 265.37423371645133,
  "rt_std_ms": 43.29650384941124,
  "null_mean": 0.1469221684635753,
  "null_std": 0.1074040502690047,
  "null_median": 0.1270814954118517,
  "D_eff": 4.333910942077637,
  "expected_cos": 0.38326579332351685,
  "manifold_dim": 70,
  "window_length_ms": 50.0,
  "step_ms": 20.0,
  "time_range_ms": [
    -350.0,
    200.0
  ],
  "pt_min_ms": 200.0,
  "winS_selected": [
    -2.0816681711721685e-17,
    0.04999999999999998
  ]
}