{
  "sid": "20230705",
  "monkey": "S",
  "orientation": "vertical",
  "area": "SFEF",
  "axes_tag": "axes_peakbin_saccCS-sacc-vertical-20mssw_nofilter",
  "window_centers_ms": [
    -350.0,
    -329.99999999999994,
    -309.99999999999994,
    -289.99999999999994,
    -269.9999999999999,
    -249.99999999999991,
    -229.99999999999991,
    -209.99999999999994,
    -189.99999999999994,
    -169.99999999999994,
    -149.99999999999997,
    -129.99999999999997,
    -109.99999999999997,
    -89.99999999999997,
    -69.99999999999997,
    -49.999999999999964,
    -29.99999999999996,
    -9.999999999999961,
    10.00000000000004,
    30.00000000000004,
    50.00000000000004,
    70.00000000000004,
    90.00000000000006,
    110.00000000000006,
    130.00000000000006,
    150.00000000000006,
    170.00000000000003,
    190.00000000000003
  ],
  "alignments": [
    0.2544643928121111,
    0.05094015703175266,
    0.009044538690715987,
    0.13115764462336496,
    0.19169126532937264,
    0.08299219490340835,
    0.14633521919798442,
    0.13881391222571504,
    0.25544709792890063,
    0.22715847934029,
    0.12094630292720433,
    0.008680307989166254,
    0.09804508397914202,
    0.05777074523380177,
    0.04373078209799261,
    0.05775003868357871,
    0.03099779176241163,
    0.004497706680645463,
    0.016335536073156427,
    0.0038364142114681176,
    0.02856222369264827,
    0.036180011340589444,
    0.11549523599989026,
    0.1371761516904942,
    0.050224175735239886,
    0.039086131451507716,
    0.08201180750008628,
    0.054627546368470455
  ],
  "alignment_mean": 0.08835710341075391,
  "alignment_std": 0.07304886369219106,
  "alignment_max": 0.25544709792890063,
  "alignment_min": 0.0038364142114681176,
  "peak_time_ms": -189.99999999999994,
  "n_trials": 534,
  "rt_mean_ms": 297.5017790262185,
  "rt_std_ms": 55.75281800052558,
  "null_mean": 0.285321409035607,
  "null_std": 0.17163572342546332,
  "null_median": 0.2757006564402751,
  "D_eff": 4.924371242523193,
  "expected_cos": 0.3595544397830963,
  "manifold_dim": 83,
  "window_length_ms": 50.0,
  "step_ms": 20.0,
  "time_range_ms": [
    -350.0,
    200.0
  ],
  "pt_min_ms": 200.0,
  "winS_selected": [
    -0.060000000000000026,
    0.03999999999999998
  ]
}