{
  "sid": "20230627",
  "monkey": "S",
  "orientation": "vertical",
  "area": "SLIP",
  "axes_tag": "axes_peakbin_saccCS-sacc-vertical-20mssw_nofilter",
  "window_centers_ms": [
    -350.0,
    -329.99999999999994,
    -309.99999999999994,
    -289.99999999999994,
    -269.9999999999999,
    -249.99999999999991,
    -229.99999999999991,
    -209.99999999999994,
    -189.99999999999994,
    -169.99999999999994,
    -149.99999999999997,
    -129.99999999999997,
    -109.99999999999997,
    -89.99999999999997,
    -69.99999999999997,
    -49.999999999999964,
    -29.99999999999996,
    -9.999999999999961,
    10.00000000000004,
    30.00000000000004,
    50.00000000000004,
    70.00000000000004,
    90.00000000000006,
    110.00000000000006,
    130.00000000000006,
    150.00000000000006,
    170.00000000000003,
    190.00000000000003
  ],
  "alignments": [
    0.19533321610028445,
    0.06863275397465968,
    0.14932613811883352,
    0.10646103516417288,
    0.27725208724996836,
    0.028720334747874034,
    0.15875899897053147,
    0.10710466368536213,
    0.12322741355417155,
    0.15504888793356453,
    0.09869545006833638,
    0.13707205909473125,
    0.20038382193917703,
    0.23657948446954927,
    0.05378046422598173,
    0.10350121826156898,
    0.18382543704952595,
    0.1395578533224823,
    0.10676740941355445,
    0.08091926118088352,
    0.06348185054331977,
    0.028222868825021265,
    0.1542909865531407,
    0.0051312749762809275,
    0.02364976019749319,
    0.032165194462664436,
    0.06702342290112433,
    0.06400037357590779
  ],
  "alignment_mean": 0.1124612043057202,
  "alignment_std": 0.06662142849265353,
  "alignment_max": 0.27725208724996836,
  "alignment_min": 0.0051312749762809275,
  "peak_time_ms": -269.9999999999999,
  "n_trials": 582,
  "rt_mean_ms": 322.62607388315564,
  "rt_std_ms": 60.416069447754296,
  "null_mean": 0.14291702057608358,
  "null_std": 0.10024168975866732,
  "null_median": 0.12066467968872671,
  "D_eff": 5.291067123413086,
  "expected_cos": 0.34687134623527527,
  "manifold_dim": 53,
  "window_length_ms": 50.0,
  "step_ms": 20.0,
  "time_range_ms": [
    -350.0,
    200.0
  ],
  "pt_min_ms": 200.0,
  "winS_selected": [
    -2.0816681711721685e-17,
    0.04999999999999998
  ]
}