{
  "sid": "20231130",
  "monkey": "S",
  "orientation": "vertical",
  "area": "SFEF",
  "axes_tag": "axes_peakbin_saccCS-sacc-vertical-20mssw_nofilter",
  "window_centers_ms": [
    -350.0,
    -329.99999999999994,
    -309.99999999999994,
    -289.99999999999994,
    -269.9999999999999,
    -249.99999999999991,
    -229.99999999999991,
    -209.99999999999994,
    -189.99999999999994,
    -169.99999999999994,
    -149.99999999999997,
    -129.99999999999997,
    -109.99999999999997,
    -89.99999999999997,
    -69.99999999999997,
    -49.999999999999964,
    -29.99999999999996,
    -9.999999999999961,
    10.00000000000004,
    30.00000000000004,
    50.00000000000004,
    70.00000000000004,
    90.00000000000006,
    110.00000000000006,
    130.00000000000006,
    150.00000000000006,
    170.00000000000003,
    190.00000000000003
  ],
  "alignments": [
    0.03914709741169518,
    0.11153145141755978,
    0.03590110653017964,
    0.09796258714740085,
    0.2104079615201369,
    0.172185710611712,
    0.09299906173506703,
    0.00020082907356475362,
    0.056681011558460205,
    0.1013137467856391,
    0.07752635781900338,
    0.017543525481991454,
    0.19529782669875786,
    0.32549023910271724,
    0.34403483297127385,
    0.3473198923639279,
    0.22021595907071725,
    0.29321183106186255,
    0.29875133584716135,
    0.3539416853121678,
    0.39275358493621426,
    0.23164074987666283,
    0.30808397179580466,
    0.21057627575480664,
    0.18591512864565904,
    0.281619782295037,
    0.3721352098714206,
    0.3725938552988662
  ],
  "alignment_mean": 0.20524937885698097,
  "alignment_std": 0.12219476695163761,
  "alignment_max": 0.39275358493621426,
  "alignment_min": 0.00020082907356475362,
  "peak_time_ms": 50.00000000000004,
  "n_trials": 107,
  "rt_mean_ms": 282.40093457942766,
  "rt_std_ms": 58.710873720707525,
  "null_mean": 0.13600277595653454,
  "null_std": 0.09151972722413682,
  "null_median": 0.12239607464531396,
  "D_eff": 7.5132927894592285,
  "expected_cos": 0.29108840227127075,
  "manifold_dim": 73,
  "window_length_ms": 50.0,
  "step_ms": 20.0,
  "time_range_ms": [
    -350.0,
    200.0
  ],
  "pt_min_ms": 200.0,
  "winS_selected": [
    -0.10000000000000003,
    -0.05000000000000003
  ]
}