{
  "time": [
    -0.39000000059604645,
    -0.3700000047683716,
    -0.3499999940395355,
    -0.32999999821186066,
    -0.3100000023841858,
    -0.28999999910593033,
    -0.27000000327825546,
    -0.25,
    -0.23000000044703484,
    -0.21000000089406967,
    -0.1900000013411045,
    -0.16999999806284904,
    -0.14999999850988388,
    -0.12999999895691872,
    -0.10999999940395355,
    -0.08999999985098839,
    -0.07000000029802322,
    -0.049999999813735485,
    -0.03000000026077032,
    -0.010000000009313226,
    0.010000000009313226,
    0.03000000026077032,
    0.049999999813735485,
    0.07000000029802322,
    0.08999999985098839,
    0.10999999940395355,
    0.12999999895691872,
    0.14999999850988388,
    0.16999999806284904,
    0.1900000013411045,
    0.21000000089406967,
    0.23000000044703484,
    0.25,
    0.27000000327825546,
    0.28999999910593033
  ],
  "auc_C": null,
  "auc_S_raw": [
    0.47754220651747153,
    0.49892684203638266,
    0.5143567595864416,
    0.49272346551498497,
    0.5140034026959822,
    0.5098939929328622,
    0.49380971077084146,
    0.5119748723989007,
    0.4827771234131658,
    0.5321162151550843,
    0.502329538018584,
    0.49273655280722417,
    0.4947912576887842,
    0.5384112027221568,
    0.5069886140557519,
    0.5910875539850805,
    0.6607642978667714,
    0.7758932076953279,
    0.7914801727522573,
    0.8562099201675173,
    0.8464598874492868,
    0.8647690092919774,
    0.7732234000785236,
    0.7365004580552285,
    0.7291192252322993,
    0.7521528595733542,
    0.7364873707629891,
    0.6241198795969114,
    0.6996335558173012,
    0.6691794267765998,
    0.6701217118178248,
    0.6736421934301793,
    0.6492082188195263,
    0.6089778824761156,
    0.5834445753173669
  ],
  "auc_S_inv": [
    0.47754220651747153,
    0.49892684203638266,
    0.5143567595864416,
    0.49272346551498497,
    0.5140034026959822,
    0.5098939929328622,
    0.49380971077084146,
    0.5119748723989007,
    0.4827771234131658,
    0.5321162151550843,
    0.502329538018584,
    0.49273655280722417,
    0.4947912576887842,
    0.5384112027221568,
    0.5069886140557519,
    0.5910875539850805,
    0.6607642978667714,
    0.7758932076953279,
    0.7914801727522573,
    0.8562099201675173,
    0.8464598874492868,
    0.8647690092919774,
    0.7732234000785236,
    0.7365004580552285,
    0.7291192252322993,
    0.7521528595733542,
    0.7364873707629891,
    0.6241198795969114,
    0.6996335558173012,
    0.6691794267765998,
    0.6701217118178248,
    0.6736421934301793,
    0.6492082188195263,
    0.6089778824761156,
    0.5834445753173669
  ],
  "acc_R_macro": null,
  "auc_T": null,
  "latencies_ms": {
    "C": null,
    "S_raw": -70.00000029802322,
    "S_inv": -70.00000029802322,
    "T": null
  },
  "meta": {
    "align": "sacc",
    "orientation": "horizontal",
    "pt_min_ms": 200.0,
    "n_trials": 553,
    "n_bins": 35,
    "n_units": 118,
    "thr": 0.6,
    "k_bins": 5,
    "norm": "global",
    "baseline_win": null,
    "used_axes_mu_sd": false
  }
}