{
  "time": [
    -0.24000000208616257,
    -0.2199999988079071,
    -0.19999999552965164,
    -0.17999999970197678,
    -0.1600000038743019,
    -0.14000000059604645,
    -0.12000000104308128,
    -0.09999999776482582,
    -0.08000000193715096,
    -0.05999999865889549,
    -0.04000000096857548,
    -0.02000000001862645,
    0.0,
    0.02000000001862645,
    0.04000000096857548,
    0.05999999865889549,
    0.08000000193715096,
    0.09999999776482582,
    0.12000000104308128,
    0.14000000059604645,
    0.1600000038743019,
    0.17999999970197678,
    0.19999999552965164,
    0.2199999988079071,
    0.24000000208616257,
    0.25999999046325684,
    0.2800000011920929,
    0.29999999701976776,
    0.3199999928474426,
    0.3400000035762787,
    0.35999999940395355,
    0.3799999952316284,
    0.4000000059604645,
    0.42000000178813934,
    0.4399999976158142,
    0.46000000834465027,
    0.48000000417232513,
    0.5,
    0.5199999809265137,
    0.5400000214576721,
    0.5600000023841858,
    0.5799999833106995,
    0.6000000238418579,
    0.6200000047683716,
    0.6399999856948853,
    0.6599999964237213,
    0.6800000071525574,
    0.699999988079071,
    0.7199999988079071,
    0.7400000095367432,
    0.7599999904632568,
    0.7800000011920929
  ],
  "auc_C": [
    0.5597168141592921,
    0.49316814159292033,
    0.503008849557522,
    0.4446017699115044,
    0.5740884955752212,
    0.5124955752212389,
    0.48608849557522127,
    0.5970265486725665,
    0.43709734513274334,
    0.5153274336283187,
    0.49996460176991153,
    0.5232566371681416,
    0.49727433628318585,
    0.48913274336283186,
    0.49911504424778763,
    0.5410973451327434,
    0.5070442477876106,
    0.5323893805309735,
    0.4913274336283186,
    0.4647079646017699,
    0.5326725663716814,
    0.5112920353982301,
    0.5393274336283186,
    0.5542654867256638,
    0.6707256637168142,
    0.7495929203539823,
    0.7946902654867257,
    0.8235044247787612,
    0.7170973451327434,
    0.6703008849557522,
    0.6293097345132743,
    0.536,
    0.5663716814159292,
    0.5544070796460177,
    0.6272566371681416,
    0.5056283185840709,
    0.4611681415929203,
    0.4975575221238938,
    0.4815575221238938,
    0.44679646017699115,
    0.5081061946902655,
    0.47638938053097346,
    0.5139115044247788,
    0.528778761061947,
    0.511646017699115,
    0.5228318584070797,
    0.4966371681415929,
    0.4362477876106194,
    0.520283185840708,
    0.4220884955752212,
    0.4933805309734513,
    0.4307964601769912
  ],
  "auc_S_raw": null,
  "auc_S_inv": null,
  "acc_R_macro": [
    0.39026548672566375,
    0.42966371681415927,
    0.4229380530973451,
    0.376141592920354,
    0.41469026548672566,
    0.46208849557522125,
    0.44608849557522123,
    0.40923893805309736,
    0.4039646017699115,
    0.37026548672566373,
    0.42123893805309737,
    0.41553982300884956,
    0.4568141592920354,
    0.4349380530973451,
    0.41469026548672566,
    0.42396460176991146,
    0.39911504424778765,
    0.464212389380531,
    0.4191150442477876,
    0.4275398230088496,
    0.47978761061946906,
    0.41469026548672566,
    0.41238938053097346,
    0.4608141592920354,
    0.46293805309734515,
    0.45808849557522124,
    0.4536637168141593,
    0.4439646017699115,
    0.44038938053097343,
    0.3738407079646018,
    0.40038938053097345,
    0.5111858407079646,
    0.508212389380531,
    0.46838938053097345,
    0.5827610619469026,
    0.528212389380531,
    0.4608141592920354,
    0.5414867256637168,
    0.4031150442477876,
    0.427787610619469,
    0.5414867256637168,
    0.4351150442477876,
    0.4128141592920354,
    0.41238938053097346,
    0.37026548672566373,
    0.42736283185840707,
    0.36353982300884957,
    0.42566371681415927,
    0.41953982300884957,
    0.46463716814159295,
    0.46208849557522125,
    0.3818407079646018
  ],
  "auc_T": null,
  "latencies_ms": {
    "C": 240.00000208616257,
    "S_raw": null,
    "S_inv": null,
    "T": null
  },
  "meta": {
    "align": "stim",
    "orientation": "vertical",
    "pt_min_ms": 200.0,
    "n_trials": 238,
    "n_bins": 52,
    "n_units": 60,
    "thr": 0.6,
    "k_bins": 5,
    "norm": "global",
    "baseline_win": null,
    "used_axes_mu_sd": false
  }
}