{
  "time": [
    -0.24000000208616257,
    -0.2199999988079071,
    -0.19999999552965164,
    -0.17999999970197678,
    -0.1600000038743019,
    -0.14000000059604645,
    -0.12000000104308128,
    -0.09999999776482582,
    -0.08000000193715096,
    -0.05999999865889549,
    -0.04000000096857548,
    -0.02000000001862645,
    0.0,
    0.02000000001862645,
    0.04000000096857548,
    0.05999999865889549,
    0.08000000193715096,
    0.09999999776482582,
    0.12000000104308128,
    0.14000000059604645,
    0.1600000038743019,
    0.17999999970197678,
    0.19999999552965164,
    0.2199999988079071,
    0.24000000208616257,
    0.25999999046325684,
    0.2800000011920929,
    0.29999999701976776,
    0.3199999928474426,
    0.3400000035762787,
    0.35999999940395355,
    0.3799999952316284,
    0.4000000059604645,
    0.42000000178813934,
    0.4399999976158142,
    0.46000000834465027,
    0.48000000417232513,
    0.5,
    0.5199999809265137,
    0.5400000214576721,
    0.5600000023841858,
    0.5799999833106995,
    0.6000000238418579,
    0.6200000047683716,
    0.6399999856948853,
    0.6599999964237213,
    0.6800000071525574,
    0.699999988079071,
    0.7199999988079071,
    0.7400000095367432,
    0.7599999904632568,
    0.7800000011920929
  ],
  "auc_C": [
    0.4968495575221239,
    0.4540176991150443,
    0.4864424778761061,
    0.4727079646017699,
    0.4892035398230088,
    0.5010973451327434,
    0.4787964601769912,
    0.4911150442477876,
    0.5539115044247788,
    0.5313274336283187,
    0.5078938053097346,
    0.45699115044247784,
    0.49649557522123894,
    0.4440353982300884,
    0.4771681415929203,
    0.5014513274336283,
    0.49522123893805303,
    0.5043539823008849,
    0.5538407079646017,
    0.6067964601769911,
    0.656566371681416,
    0.6896283185840708,
    0.6018407079646018,
    0.6569911504424778,
    0.7139823008849557,
    0.6143008849557523,
    0.5867610619469026,
    0.711504424778761,
    0.8265486725663717,
    0.8475044247787611,
    0.9019469026548672,
    0.9100176991150443,
    0.9413097345132744,
    0.9757168141592921,
    0.968212389380531,
    0.9327433628318583,
    0.9266548672566371,
    0.928566371681416,
    0.9566017699115044,
    0.9316106194690266,
    0.9185840707964602,
    0.8929557522123893,
    0.9163893805309735,
    0.8926725663716814,
    0.9039292035398231,
    0.8021946902654867,
    0.799150442477876,
    0.831575221238938,
    0.7972389380530974,
    0.7189380530973453,
    0.7029380530973451,
    0.6088495575221239
  ],
  "auc_S_raw": null,
  "auc_S_inv": null,
  "acc_R_macro": [
    0.3689911504424779,
    0.41238938053097346,
    0.40269026548672565,
    0.44038938053097343,
    0.3614159292035398,
    0.3995398230088496,
    0.45008849557522124,
    0.41366371681415925,
    0.4465132743362832,
    0.4705132743362832,
    0.4465132743362832,
    0.4031150442477876,
    0.4252389380530973,
    0.40838938053097346,
    0.4292389380530973,
    0.4203893805309734,
    0.520212389380531,
    0.6745840707964601,
    0.68070796460177,
    0.6461592920353982,
    0.7352566371681416,
    0.7192566371681416,
    0.6851327433628318,
    0.7139823008849557,
    0.687433628318584,
    0.6581592920353982,
    0.6090619469026548,
    0.6071858407079647,
    0.5008141592920354,
    0.48863716814159297,
    0.5294867256637168,
    0.46778761061946905,
    0.4406371681415929,
    0.3746902654867257,
    0.4751150442477876,
    0.4345132743362832,
    0.42481415929203536,
    0.4745132743362832,
    0.4496637168141593,
    0.4905132743362832,
    0.512212389380531,
    0.4890619469026549,
    0.48038938053097346,
    0.46123893805309735,
    0.43026548672566367,
    0.45808849557522124,
    0.4182654867256637,
    0.4128141592920354,
    0.4022654867256637,
    0.40838938053097346,
    0.4231150442477876,
    0.5103362831858407
  ],
  "auc_T": null,
  "latencies_ms": {
    "C": 140.00000059604645,
    "S_raw": null,
    "S_inv": null,
    "T": null
  },
  "meta": {
    "align": "stim",
    "orientation": "vertical",
    "pt_min_ms": 200.0,
    "n_trials": 238,
    "n_bins": 52,
    "n_units": 92,
    "thr": 0.6,
    "k_bins": 5,
    "norm": "global",
    "baseline_win": null,
    "used_axes_mu_sd": false
  }
}