{
  "time": [
    -0.39000000059604645,
    -0.3799999952316284,
    -0.3700000047683716,
    -0.35999999940395355,
    -0.3499999940395355,
    -0.3400000035762787,
    -0.32999999821186066,
    -0.3199999928474426,
    -0.3100000023841858,
    -0.30000000447034836,
    -0.28999999910593033,
    -0.2800000011920929,
    -0.27000000327825546,
    -0.25999999791383743,
    -0.25,
    -0.24000000208616257,
    -0.23000000044703484,
    -0.2200000025331974,
    -0.21000000089406967,
    -0.19999999925494194,
    -0.1900000013411045,
    -0.17999999970197678,
    -0.16999999806284904,
    -0.1600000001490116,
    -0.14999999850988388,
    -0.13999999687075615,
    -0.12999999895691872,
    -0.11999999918043613,
    -0.10999999940395355,
    -0.09999999962747097,
    -0.08999999985098839,
    -0.0800000000745058,
    -0.07000000029802322,
    -0.06000000052154064,
    -0.049999999813735485,
    -0.0400000000372529,
    -0.03000000026077032,
    -0.020000000251457095,
    -0.010000000009313226,
    0.0,
    0.010000000009313226,
    0.020000000251457095,
    0.03000000026077032,
    0.0400000000372529,
    0.049999999813735485,
    0.06000000052154064,
    0.07000000029802322,
    0.0800000000745058,
    0.08999999985098839,
    0.09999999962747097,
    0.10999999940395355,
    0.11999999918043613,
    0.12999999895691872,
    0.13999999687075615,
    0.14999999850988388,
    0.1600000001490116,
    0.16999999806284904,
    0.17999999970197678,
    0.1900000013411045,
    0.19999999925494194,
    0.21000000089406967,
    0.2200000025331974,
    0.23000000044703484,
    0.24000000208616257,
    0.25,
    0.25999999791383743,
    0.27000000327825546,
    0.2800000011920929,
    0.28999999910593033
  ],
  "auc_C": null,
  "auc_S_raw": [
    0.46536048149571,
    0.5511589191957997,
    0.4890084091006104,
    0.46817774362914577,
    0.4965211081231058,
    0.49775899603022145,
    0.4756904426516413,
    0.46723865625133393,
    0.4575916677338114,
    0.4599393861783412,
    0.5153882272591455,
    0.5587996755879967,
    0.5269133905322918,
    0.5135954240833227,
    0.5182908609723824,
    0.5341699748153839,
    0.5334443163870747,
    0.5251632731463696,
    0.5068083834891365,
    0.5395056985529516,
    0.545268280189525,
    0.5087292440346608,
    0.5354078627224996,
    0.5640927135356639,
    0.5275536773808,
    0.5892346437870832,
    0.6133521150808895,
    0.5384812395953388,
    0.5564946429333675,
    0.594015452255944,
    0.6562940197208349,
    0.6310667178896145,
    0.6425491953728604,
    0.6961625474879414,
    0.6834848678874802,
    0.7106330302642251,
    0.7304392367780765,
    0.7759422888120544,
    0.8068041149101464,
    0.8274213514321083,
    0.821189226106629,
    0.8267810645836001,
    0.8158961881589619,
    0.8256285482562855,
    0.8034319375080035,
    0.7828573867759422,
    0.7467878943099842,
    0.7601485465488539,
    0.7294147778204635,
    0.7161394971613949,
    0.6995774106799846,
    0.7286037478123533,
    0.710633030264225,
    0.7549408801809878,
    0.7313356383659879,
    0.6394758185000213,
    0.6511717249327699,
    0.677252742562001,
    0.6149314893072095,
    0.5920945917104197,
    0.6682887266828872,
    0.6871985316088275,
    0.6595381397532761,
    0.5872710974516584,
    0.6086566781918299,
    0.6464336022538096,
    0.5603363640244163,
    0.5998634054723182,
    0.6625688308362145
  ],
  "auc_S_inv": [
    0.46536048149571,
    0.5511589191957997,
    0.4890084091006104,
    0.46817774362914577,
    0.4965211081231058,
    0.49775899603022145,
    0.4756904426516413,
    0.46723865625133393,
    0.4575916677338114,
    0.4599393861783412,
    0.5153882272591455,
    0.5587996755879967,
    0.5269133905322918,
    0.5135954240833227,
    0.5182908609723824,
    0.5341699748153839,
    0.5334443163870747,
    0.5251632731463696,
    0.5068083834891365,
    0.5395056985529516,
    0.545268280189525,
    0.5087292440346608,
    0.5354078627224996,
    0.5640927135356639,
    0.5275536773808,
    0.5892346437870832,
    0.6133521150808895,
    0.5384812395953388,
    0.5564946429333675,
    0.594015452255944,
    0.6562940197208349,
    0.6310667178896145,
    0.6425491953728604,
    0.6961625474879414,
    0.6834848678874802,
    0.7106330302642251,
    0.7304392367780765,
    0.7759422888120544,
    0.8068041149101464,
    0.8274213514321083,
    0.821189226106629,
    0.8267810645836001,
    0.8158961881589619,
    0.8256285482562855,
    0.8034319375080035,
    0.7828573867759422,
    0.7467878943099842,
    0.7601485465488539,
    0.7294147778204635,
    0.7161394971613949,
    0.6995774106799846,
    0.7286037478123533,
    0.710633030264225,
    0.7549408801809878,
    0.7313356383659879,
    0.6394758185000213,
    0.6511717249327699,
    0.677252742562001,
    0.6149314893072095,
    0.5920945917104197,
    0.6682887266828872,
    0.6871985316088275,
    0.6595381397532761,
    0.5872710974516584,
    0.6086566781918299,
    0.6464336022538096,
    0.5603363640244163,
    0.5998634054723182,
    0.6625688308362145
  ],
  "acc_R_macro": null,
  "auc_T": null,
  "latencies_ms": {
    "C": null,
    "S_raw": -89.99999985098839,
    "S_inv": -89.99999985098839,
    "T": null
  },
  "meta": {
    "align": "sacc",
    "orientation": "horizontal",
    "pt_min_ms": 200.0,
    "n_trials": 308,
    "n_bins": 69,
    "n_units": 61,
    "thr": 0.6,
    "k_bins": 5,
    "norm": "global",
    "baseline_win": null,
    "used_axes_mu_sd": false
  }
}