{
  "time": [
    -0.39000000059604645,
    -0.3799999952316284,
    -0.3700000047683716,
    -0.35999999940395355,
    -0.3499999940395355,
    -0.3400000035762787,
    -0.32999999821186066,
    -0.3199999928474426,
    -0.3100000023841858,
    -0.30000000447034836,
    -0.28999999910593033,
    -0.2800000011920929,
    -0.27000000327825546,
    -0.25999999791383743,
    -0.25,
    -0.24000000208616257,
    -0.23000000044703484,
    -0.2200000025331974,
    -0.21000000089406967,
    -0.19999999925494194,
    -0.1900000013411045,
    -0.17999999970197678,
    -0.16999999806284904,
    -0.1600000001490116,
    -0.14999999850988388,
    -0.13999999687075615,
    -0.12999999895691872,
    -0.11999999918043613,
    -0.10999999940395355,
    -0.09999999962747097,
    -0.08999999985098839,
    -0.0800000000745058,
    -0.07000000029802322,
    -0.06000000052154064,
    -0.049999999813735485,
    -0.0400000000372529,
    -0.03000000026077032,
    -0.020000000251457095,
    -0.010000000009313226,
    0.0,
    0.010000000009313226,
    0.020000000251457095,
    0.03000000026077032,
    0.0400000000372529,
    0.049999999813735485,
    0.06000000052154064,
    0.07000000029802322,
    0.0800000000745058,
    0.08999999985098839,
    0.09999999962747097,
    0.10999999940395355,
    0.11999999918043613,
    0.12999999895691872,
    0.13999999687075615,
    0.14999999850988388,
    0.1600000001490116,
    0.16999999806284904,
    0.17999999970197678,
    0.1900000013411045,
    0.19999999925494194,
    0.21000000089406967,
    0.2200000025331974,
    0.23000000044703484,
    0.24000000208616257,
    0.25,
    0.25999999791383743,
    0.27000000327825546,
    0.2800000011920929,
    0.28999999910593033
  ],
  "auc_C": [
    0.5044545437294825,
    0.49704453594944875,
    0.5059251598702063,
    0.5135201806485892,
    0.5223486214159662,
    0.5264995540712347,
    0.5281599271333421,
    0.5207119679690317,
    0.5427427465416801,
    0.552282775764246,
    0.5433357369210042,
    0.5163949980075524,
    0.5424675990056737,
    0.5277566936754018,
    0.5303800831135316,
    0.5341277823108598,
    0.5219596197271296,
    0.5576102013320935,
    0.5455464050551244,
    0.5644936336552876,
    0.593920188238866,
    0.5878195032163798,
    0.5682603085447542,
    0.5936829920871364,
    0.6302728704529497,
    0.6128958803772369,
    0.6148361448983852,
    0.6024450179320291,
    0.6057325565950018,
    0.648859560902484,
    0.6775697831078388,
    0.6746190629803224,
    0.6772614281105904,
    0.6719909296191577,
    0.6713884513937646,
    0.679467352321676,
    0.675714909201313,
    0.6386079432247291,
    0.594793070077231,
    0.5526385699918404,
    0.5744701037970359,
    0.6161976508093133,
    0.6586937133531946,
    0.6749511375927437,
    0.6229624850566424,
    0.6330196018899789,
    0.6298554052259057,
    0.5988918195791191,
    0.5751152773297405,
    0.5866430103038007,
    0.5714434809009659,
    0.5548824455872028,
    0.5600438338488397,
    0.5764056243951499,
    0.5742234197992372,
    0.5960739292965711,
    0.5953860604565552,
    0.5820461488832805,
    0.6084365927247196,
    0.6042809161464164,
    0.6049782728325015,
    0.6092383157175658,
    0.6002628133361165,
    0.5813013529668495,
    0.5809645344313934,
    0.5797690658266761,
    0.5423252813146359,
    0.5017220440615572,
    0.5299151786561414
  ],
  "auc_S_raw": [
    0.5134127463565656,
    0.5289775730574644,
    0.540828173374613,
    0.5351553650985426,
    0.5491722041833421,
    0.5560720758136374,
    0.5518387072415616,
    0.526962357471872,
    0.510916144378162,
    0.5408942460167636,
    0.5529572226836821,
    0.5400541795665634,
    0.5164709657932494,
    0.5384967530015857,
    0.5364343426716001,
    0.5344096881371291,
    0.5063948878652873,
    0.509151060937854,
    0.5108123159404968,
    0.49794702861889306,
    0.5129549573359511,
    0.5006418485237485,
    0.49289719096881374,
    0.5234557879634524,
    0.5519991693724987,
    0.5272077701427169,
    0.49538435399833874,
    0.5069423469002492,
    0.5172260817035415,
    0.5495969568828816,
    0.5544721739787057,
    0.5733500717360115,
    0.5936579702484331,
    0.6247876236502303,
    0.6941119836894963,
    0.7086621233859398,
    0.7570980895567471,
    0.8680482141508721,
    0.9169466888167335,
    0.9245827984595636,
    0.9045108736691082,
    0.8734992071282941,
    0.8127973268896777,
    0.7559182209469153,
    0.7465264668126559,
    0.6849845201238389,
    0.6726619723627578,
    0.6764894661330514,
    0.6170712829419316,
    0.5522445820433437,
    0.4937986105867251,
    0.5172827153968135,
    0.5592058068413501,
    0.5646190440232576,
    0.558842407309522,
    0.5485539530317904,
    0.5306246696367892,
    0.49924488408970774,
    0.4888054066299177,
    0.5062438646832289,
    0.4671996526466813,
    0.48125896700143467,
    0.49364758740466663,
    0.46244714188627956,
    0.4810937853960583,
    0.49721551008079745,
    0.4904194668881674,
    0.494997357094314,
    0.5037519821792644
  ],
  "auc_S_inv": [
    0.49214679453296084,
    0.5130635052480556,
    0.5262072415615797,
    0.5214311334289814,
    0.5210724533715925,
    0.5406299554481613,
    0.5290814014951294,
    0.5064420826096806,
    0.4952758060862342,
    0.5086224798006493,
    0.5338339122555312,
    0.544197878124292,
    0.5178773691761684,
    0.531096617080722,
    0.5151778297968739,
    0.4960592388431624,
    0.5049318507890961,
    0.5422062599108963,
    0.5381191950464397,
    0.5031006947066374,
    0.5179764781393945,
    0.516669183719701,
    0.49247243826927434,
    0.49928263988522237,
    0.5202276674469531,
    0.5209308691384128,
    0.49801782073548295,
    0.4973806916861738,
    0.5068621158347807,
    0.5297846031865892,
    0.5303650985426263,
    0.5338858264743639,
    0.5421024314732311,
    0.5761015253341388,
    0.6518726874575248,
    0.6666304840292985,
    0.7282054670391904,
    0.8319725515366608,
    0.8972287246092275,
    0.9111511742052405,
    0.8749103299856528,
    0.8443328550932567,
    0.8076625386996904,
    0.7607226459261496,
    0.7392018424828211,
    0.6552235143094465,
    0.626864192403534,
    0.6308615872536434,
    0.5483274182587027,
    0.4622064486898739,
    0.4179566563467492,
    0.4321433965113645,
    0.48936702408819754,
    0.507343502227592,
    0.5141773012157367,
    0.5212281960280902,
    0.486799629993204,
    0.45409839160311105,
    0.46566110397946087,
    0.48399626217624403,
    0.4401004304160689,
    0.4637874726270483,
    0.48161292758438423,
    0.45968152986483424,
    0.463971532130182,
    0.47316506833798994,
    0.4702578720833648,
    0.4766857962697274,
    0.5030912557577588
  ],
  "acc_R_macro": null,
  "auc_T": null,
  "latencies_ms": {
    "C": -149.99999850988388,
    "S_raw": -60.00000052154064,
    "S_inv": -49.999999813735485,
    "T": null
  },
  "meta": {
    "align": "sacc",
    "orientation": null,
    "pt_min_ms": 200.0,
    "n_trials": 651,
    "n_bins": 69,
    "n_units": 27,
    "thr": 0.6,
    "k_bins": 5,
    "norm": "global",
    "baseline_win": null,
    "used_axes_mu_sd": false,
    "correct_mode": "correctonly"
  }
}