{
  "time": [
    -0.39000000059604645,
    -0.3799999952316284,
    -0.3700000047683716,
    -0.35999999940395355,
    -0.3499999940395355,
    -0.3400000035762787,
    -0.32999999821186066,
    -0.3199999928474426,
    -0.3100000023841858,
    -0.30000000447034836,
    -0.28999999910593033,
    -0.2800000011920929,
    -0.27000000327825546,
    -0.25999999791383743,
    -0.25,
    -0.24000000208616257,
    -0.23000000044703484,
    -0.2200000025331974,
    -0.21000000089406967,
    -0.19999999925494194,
    -0.1900000013411045,
    -0.17999999970197678,
    -0.16999999806284904,
    -0.1600000001490116,
    -0.14999999850988388,
    -0.13999999687075615,
    -0.12999999895691872,
    -0.11999999918043613,
    -0.10999999940395355,
    -0.09999999962747097,
    -0.08999999985098839,
    -0.0800000000745058,
    -0.07000000029802322,
    -0.06000000052154064,
    -0.049999999813735485,
    -0.0400000000372529,
    -0.03000000026077032,
    -0.020000000251457095,
    -0.010000000009313226,
    0.0,
    0.010000000009313226,
    0.020000000251457095,
    0.03000000026077032,
    0.0400000000372529,
    0.049999999813735485,
    0.06000000052154064,
    0.07000000029802322,
    0.0800000000745058,
    0.08999999985098839,
    0.09999999962747097,
    0.10999999940395355,
    0.11999999918043613,
    0.12999999895691872,
    0.13999999687075615,
    0.14999999850988388,
    0.1600000001490116,
    0.16999999806284904,
    0.17999999970197678,
    0.1900000013411045
  ],
  "auc_C": null,
  "auc_S_raw": [
    0.4521756368321934,
    0.4329963326395084,
    0.4790861334126276,
    0.49164932104271974,
    0.5092675190801864,
    0.46297948260481714,
    0.45262166716225594,
    0.4809693725840024,
    0.49529190207156304,
    0.5457428882941817,
    0.536425810288433,
    0.5227475468331847,
    0.4732381801962533,
    0.5117454653583111,
    0.5267122608781842,
    0.4834968777876896,
    0.4945980771136882,
    0.4927643968678759,
    0.47165229457825353,
    0.488254534641689,
    0.4139161462979482,
    0.3770443056794529,
    0.40578848250569927,
    0.435870750322133,
    0.42957676677569634,
    0.4684309644166914,
    0.47130538209931605,
    0.48602438299137674,
    0.5648726335613043,
    0.5769154524729905,
    0.5833085538705521,
    0.6234512835761721,
    0.6727624145108533,
    0.7788185152145901,
    0.8165824164932104,
    0.8293190603627714,
    0.8590048567747051,
    0.8854693230250767,
    0.9100009911785112,
    0.9310635345425711,
    0.9359203092476955,
    0.9665477252453166,
    0.9603528595500049,
    0.9680344930121915,
    0.9745762711864407,
    0.9630786004559421,
    0.9674397859054416,
    0.9703637625136287,
    0.9455347408068193,
    0.887897710377639,
    0.8535533749628307,
    0.811923877490336,
    0.7604321538309049,
    0.6998711467935376,
    0.6607691545247298,
    0.7020517395182871,
    0.727525027257409,
    0.6589850332044801,
    0.6091783130141739
  ],
  "auc_S_inv": [
    0.4521756368321934,
    0.4329963326395084,
    0.4790861334126276,
    0.49164932104271974,
    0.5092675190801864,
    0.46297948260481714,
    0.45262166716225594,
    0.4809693725840024,
    0.49529190207156304,
    0.5457428882941817,
    0.536425810288433,
    0.5227475468331847,
    0.4732381801962533,
    0.5117454653583111,
    0.5267122608781842,
    0.4834968777876896,
    0.4945980771136882,
    0.4927643968678759,
    0.47165229457825353,
    0.488254534641689,
    0.4139161462979482,
    0.3770443056794529,
    0.40578848250569927,
    0.435870750322133,
    0.42957676677569634,
    0.4684309644166914,
    0.47130538209931605,
    0.48602438299137674,
    0.5648726335613043,
    0.5769154524729905,
    0.5833085538705521,
    0.6234512835761721,
    0.6727624145108533,
    0.7788185152145901,
    0.8165824164932104,
    0.8293190603627714,
    0.8590048567747051,
    0.8854693230250767,
    0.9100009911785112,
    0.9310635345425711,
    0.9359203092476955,
    0.9665477252453166,
    0.9603528595500049,
    0.9680344930121915,
    0.9745762711864407,
    0.9630786004559421,
    0.9674397859054416,
    0.9703637625136287,
    0.9455347408068193,
    0.887897710377639,
    0.8535533749628307,
    0.811923877490336,
    0.7604321538309049,
    0.6998711467935376,
    0.6607691545247298,
    0.7020517395182871,
    0.727525027257409,
    0.6589850332044801,
    0.6091783130141739
  ],
  "acc_R_macro": null,
  "auc_T": null,
  "latencies_ms": {
    "C": null,
    "S_raw": -80.0000000745058,
    "S_inv": -80.0000000745058,
    "T": null
  },
  "meta": {
    "align": "sacc",
    "orientation": "horizontal",
    "pt_min_ms": 200.0,
    "n_trials": 291,
    "n_bins": 59,
    "n_units": 82,
    "thr": 0.6,
    "k_bins": 5,
    "norm": "global",
    "baseline_win": null,
    "used_axes_mu_sd": false
  }
}