{
  "time": [
    -0.39000000059604645,
    -0.3799999952316284,
    -0.3700000047683716,
    -0.35999999940395355,
    -0.3499999940395355,
    -0.3400000035762787,
    -0.32999999821186066,
    -0.3199999928474426,
    -0.3100000023841858,
    -0.30000000447034836,
    -0.28999999910593033,
    -0.2800000011920929,
    -0.27000000327825546,
    -0.25999999791383743,
    -0.25,
    -0.24000000208616257,
    -0.23000000044703484,
    -0.2200000025331974,
    -0.21000000089406967,
    -0.19999999925494194,
    -0.1900000013411045,
    -0.17999999970197678,
    -0.16999999806284904,
    -0.1600000001490116,
    -0.14999999850988388,
    -0.13999999687075615,
    -0.12999999895691872,
    -0.11999999918043613,
    -0.10999999940395355,
    -0.09999999962747097,
    -0.08999999985098839,
    -0.0800000000745058,
    -0.07000000029802322,
    -0.06000000052154064,
    -0.049999999813735485,
    -0.0400000000372529,
    -0.03000000026077032,
    -0.020000000251457095,
    -0.010000000009313226,
    0.0,
    0.010000000009313226,
    0.020000000251457095,
    0.03000000026077032,
    0.0400000000372529,
    0.049999999813735485,
    0.06000000052154064,
    0.07000000029802322,
    0.0800000000745058,
    0.08999999985098839,
    0.09999999962747097,
    0.10999999940395355,
    0.11999999918043613,
    0.12999999895691872,
    0.13999999687075615,
    0.14999999850988388,
    0.1600000001490116,
    0.16999999806284904,
    0.17999999970197678,
    0.1900000013411045
  ],
  "auc_C": null,
  "auc_S_raw": [
    0.5608583605907425,
    0.5765189810684904,
    0.611705818217861,
    0.607889780949549,
    0.5779066309842402,
    0.6354445435622955,
    0.6448607394191694,
    0.6019922688076124,
    0.5871245911388641,
    0.5907919516304886,
    0.5363762513628705,
    0.5721577956189909,
    0.5022797105758747,
    0.4735355337496283,
    0.5186341560114978,
    0.44692239072256906,
    0.4663494895430667,
    0.5242343146000594,
    0.5051045693329368,
    0.48121716721181484,
    0.49920705719100006,
    0.5134800277529983,
    0.5453464168896818,
    0.6569531172564179,
    0.6844087620180395,
    0.7415006442660322,
    0.7818416096739023,
    0.8377936366339578,
    0.8845772623649519,
    0.9199623352165724,
    0.9479631281593813,
    0.9746753890375657,
    0.9857270294380018,
    0.984438497373377,
    0.9915254237288136,
    0.9952919020715632,
    0.9957379324016256,
    0.9999504410744375,
    1.0,
    1.0,
    0.99980176429775,
    0.999900882148875,
    0.9979680840519378,
    0.9987114679353752,
    0.9991079393398752,
    0.9964317573595004,
    0.9948954306670632,
    0.9932104271979383,
    0.976112597878878,
    0.9753692139954406,
    0.9647140449995044,
    0.951729606502131,
    0.9241748438893844,
    0.9263554366141341,
    0.9220933690157598,
    0.8861135890573892,
    0.8696104668450788,
    0.8938943403707007,
    0.90043611854495
  ],
  "auc_S_inv": [
    0.5608583605907425,
    0.5765189810684904,
    0.611705818217861,
    0.607889780949549,
    0.5779066309842402,
    0.6354445435622955,
    0.6448607394191694,
    0.6019922688076124,
    0.5871245911388641,
    0.5907919516304886,
    0.5363762513628705,
    0.5721577956189909,
    0.5022797105758747,
    0.4735355337496283,
    0.5186341560114978,
    0.44692239072256906,
    0.4663494895430667,
    0.5242343146000594,
    0.5051045693329368,
    0.48121716721181484,
    0.49920705719100006,
    0.5134800277529983,
    0.5453464168896818,
    0.6569531172564179,
    0.6844087620180395,
    0.7415006442660322,
    0.7818416096739023,
    0.8377936366339578,
    0.8845772623649519,
    0.9199623352165724,
    0.9479631281593813,
    0.9746753890375657,
    0.9857270294380018,
    0.984438497373377,
    0.9915254237288136,
    0.9952919020715632,
    0.9957379324016256,
    0.9999504410744375,
    1.0,
    1.0,
    0.99980176429775,
    0.999900882148875,
    0.9979680840519378,
    0.9987114679353752,
    0.9991079393398752,
    0.9964317573595004,
    0.9948954306670632,
    0.9932104271979383,
    0.976112597878878,
    0.9753692139954406,
    0.9647140449995044,
    0.951729606502131,
    0.9241748438893844,
    0.9263554366141341,
    0.9220933690157598,
    0.8861135890573892,
    0.8696104668450788,
    0.8938943403707007,
    0.90043611854495
  ],
  "acc_R_macro": null,
  "auc_T": null,
  "latencies_ms": {
    "C": null,
    "S_raw": -160.0000001490116,
    "S_inv": -160.0000001490116,
    "T": null
  },
  "meta": {
    "align": "sacc",
    "orientation": "horizontal",
    "pt_min_ms": 200.0,
    "n_trials": 291,
    "n_bins": 59,
    "n_units": 123,
    "thr": 0.6,
    "k_bins": 5,
    "norm": "global",
    "baseline_win": null,
    "used_axes_mu_sd": false
  }
}