{
  "time": [
    -0.39000000059604645,
    -0.3799999952316284,
    -0.3700000047683716,
    -0.35999999940395355,
    -0.3499999940395355,
    -0.3400000035762787,
    -0.32999999821186066,
    -0.3199999928474426,
    -0.3100000023841858,
    -0.30000000447034836,
    -0.28999999910593033,
    -0.2800000011920929,
    -0.27000000327825546,
    -0.25999999791383743,
    -0.25,
    -0.24000000208616257,
    -0.23000000044703484,
    -0.2200000025331974,
    -0.21000000089406967,
    -0.19999999925494194,
    -0.1900000013411045,
    -0.17999999970197678,
    -0.16999999806284904,
    -0.1600000001490116,
    -0.14999999850988388,
    -0.13999999687075615,
    -0.12999999895691872,
    -0.11999999918043613,
    -0.10999999940395355,
    -0.09999999962747097,
    -0.08999999985098839,
    -0.0800000000745058,
    -0.07000000029802322,
    -0.06000000052154064,
    -0.049999999813735485,
    -0.0400000000372529,
    -0.03000000026077032,
    -0.020000000251457095,
    -0.010000000009313226,
    0.0,
    0.010000000009313226,
    0.020000000251457095,
    0.03000000026077032,
    0.0400000000372529,
    0.049999999813735485,
    0.06000000052154064,
    0.07000000029802322,
    0.0800000000745058,
    0.08999999985098839,
    0.09999999962747097,
    0.10999999940395355,
    0.11999999918043613,
    0.12999999895691872,
    0.13999999687075615,
    0.14999999850988388,
    0.1600000001490116,
    0.16999999806284904,
    0.17999999970197678,
    0.1900000013411045
  ],
  "auc_C": null,
  "auc_S_raw": [
    0.5593691148775894,
    0.5725988700564972,
    0.6068738229755178,
    0.5977871939736347,
    0.5686440677966103,
    0.6237288135593221,
    0.64030131826742,
    0.6055084745762712,
    0.5763182674199623,
    0.5758003766478342,
    0.5236817325800377,
    0.5647363465160076,
    0.49557438794726927,
    0.4612523540489642,
    0.5071092278719398,
    0.43780602636534843,
    0.4576271186440678,
    0.5086629001883239,
    0.4833333333333334,
    0.46332391713747645,
    0.4865819209039548,
    0.5,
    0.5274011299435029,
    0.6351694915254237,
    0.6672316384180791,
    0.7209981167608286,
    0.7681261770244822,
    0.8161016949152543,
    0.8681732580037665,
    0.9115819209039547,
    0.936629001883239,
    0.9634180790960452,
    0.9832391713747646,
    0.9814500941619585,
    0.9891242937853106,
    0.9955273069679849,
    0.9954802259887006,
    0.9995762711864407,
    1.0,
    1.0,
    0.9999058380414313,
    0.9999058380414313,
    0.9977401129943503,
    0.9985404896421846,
    0.9990112994350282,
    0.9959981167608286,
    0.9925612052730697,
    0.9935969868173259,
    0.9763653483992467,
    0.9720338983050847,
    0.9580037664783427,
    0.9488229755178907,
    0.9265536723163842,
    0.9267419962335216,
    0.9152542372881356,
    0.8799435028248588,
    0.8696798493408663,
    0.8889359698681734,
    0.8985404896421845
  ],
  "auc_S_inv": [
    0.5593691148775894,
    0.5725988700564972,
    0.6068738229755178,
    0.5977871939736347,
    0.5686440677966103,
    0.6237288135593221,
    0.64030131826742,
    0.6055084745762712,
    0.5763182674199623,
    0.5758003766478342,
    0.5236817325800377,
    0.5647363465160076,
    0.49557438794726927,
    0.4612523540489642,
    0.5071092278719398,
    0.43780602636534843,
    0.4576271186440678,
    0.5086629001883239,
    0.4833333333333334,
    0.46332391713747645,
    0.4865819209039548,
    0.5,
    0.5274011299435029,
    0.6351694915254237,
    0.6672316384180791,
    0.7209981167608286,
    0.7681261770244822,
    0.8161016949152543,
    0.8681732580037665,
    0.9115819209039547,
    0.936629001883239,
    0.9634180790960452,
    0.9832391713747646,
    0.9814500941619585,
    0.9891242937853106,
    0.9955273069679849,
    0.9954802259887006,
    0.9995762711864407,
    1.0,
    1.0,
    0.9999058380414313,
    0.9999058380414313,
    0.9977401129943503,
    0.9985404896421846,
    0.9990112994350282,
    0.9959981167608286,
    0.9925612052730697,
    0.9935969868173259,
    0.9763653483992467,
    0.9720338983050847,
    0.9580037664783427,
    0.9488229755178907,
    0.9265536723163842,
    0.9267419962335216,
    0.9152542372881356,
    0.8799435028248588,
    0.8696798493408663,
    0.8889359698681734,
    0.8985404896421845
  ],
  "acc_R_macro": null,
  "auc_T": null,
  "latencies_ms": {
    "C": null,
    "S_raw": -160.0000001490116,
    "S_inv": -160.0000001490116,
    "T": null
  },
  "meta": {
    "align": "sacc",
    "orientation": "horizontal",
    "pt_min_ms": 200.0,
    "n_trials": 297,
    "n_bins": 59,
    "n_units": 123,
    "thr": 0.6,
    "k_bins": 5,
    "norm": "global",
    "baseline_win": null,
    "used_axes_mu_sd": false
  }
}