{
  "time": [
    -0.39000000059604645,
    -0.3700000047683716,
    -0.3499999940395355,
    -0.32999999821186066,
    -0.3100000023841858,
    -0.28999999910593033,
    -0.27000000327825546,
    -0.25,
    -0.23000000044703484,
    -0.21000000089406967,
    -0.1900000013411045,
    -0.16999999806284904,
    -0.14999999850988388,
    -0.12999999895691872,
    -0.10999999940395355,
    -0.08999999985098839,
    -0.07000000029802322,
    -0.049999999813735485,
    -0.03000000026077032,
    -0.010000000009313226,
    0.010000000009313226,
    0.03000000026077032,
    0.049999999813735485,
    0.07000000029802322,
    0.08999999985098839,
    0.10999999940395355,
    0.12999999895691872,
    0.14999999850988388,
    0.16999999806284904,
    0.1900000013411045,
    0.21000000089406967,
    0.23000000044703484,
    0.25,
    0.27000000327825546,
    0.28999999910593033
  ],
  "auc_C": null,
  "auc_S_raw": [
    0.3663967611336032,
    0.5298582995951416,
    0.44129554655870445,
    0.5080971659919028,
    0.576417004048583,
    0.5607287449392713,
    0.4838056680161943,
    0.43674089068825905,
    0.4331983805668017,
    0.3653846153846154,
    0.4878542510121458,
    0.5450404858299596,
    0.5404858299595141,
    0.6057692307692307,
    0.7449392712550608,
    0.5926113360323887,
    0.6700404858299595,
    0.701417004048583,
    0.6158906882591093,
    0.5070850202429149,
    0.6907894736842106,
    0.4251012145748988,
    0.4600202429149797,
    0.5981781376518219,
    0.37044534412955465,
    0.3254048582995951,
    0.4144736842105263,
    0.605263157894737,
    0.6229757085020242,
    0.5010121457489879,
    0.4736842105263158,
    0.458502024291498,
    0.46204453441295545,
    0.507085020242915,
    0.6077935222672065
  ],
  "auc_S_inv": [
    0.3663967611336032,
    0.5298582995951416,
    0.44129554655870445,
    0.5080971659919028,
    0.576417004048583,
    0.5607287449392713,
    0.4838056680161943,
    0.43674089068825905,
    0.4331983805668017,
    0.3653846153846154,
    0.4878542510121458,
    0.5450404858299596,
    0.5404858299595141,
    0.6057692307692307,
    0.7449392712550608,
    0.5926113360323887,
    0.6700404858299595,
    0.701417004048583,
    0.6158906882591093,
    0.5070850202429149,
    0.6907894736842106,
    0.4251012145748988,
    0.4600202429149797,
    0.5981781376518219,
    0.37044534412955465,
    0.3254048582995951,
    0.4144736842105263,
    0.605263157894737,
    0.6229757085020242,
    0.5010121457489879,
    0.4736842105263158,
    0.458502024291498,
    0.46204453441295545,
    0.507085020242915,
    0.6077935222672065
  ],
  "acc_R_macro": null,
  "auc_T": null,
  "latencies_ms": {
    "C": null,
    "S_raw": null,
    "S_inv": null,
    "T": null
  },
  "meta": {
    "align": "sacc",
    "orientation": "horizontal",
    "pt_min_ms": 200.0,
    "n_trials": 64,
    "n_bins": 35,
    "n_units": 27,
    "thr": 0.6,
    "k_bins": 5,
    "norm": "global",
    "baseline_win": null,
    "used_axes_mu_sd": false
  }
}