{
  "time": [
    -0.39000000059604645,
    -0.3700000047683716,
    -0.3499999940395355,
    -0.32999999821186066,
    -0.3100000023841858,
    -0.28999999910593033,
    -0.27000000327825546,
    -0.25,
    -0.23000000044703484,
    -0.21000000089406967,
    -0.1900000013411045,
    -0.16999999806284904,
    -0.14999999850988388,
    -0.12999999895691872,
    -0.10999999940395355,
    -0.08999999985098839,
    -0.07000000029802322,
    -0.049999999813735485,
    -0.03000000026077032,
    -0.010000000009313226,
    0.010000000009313226,
    0.03000000026077032,
    0.049999999813735485,
    0.07000000029802322,
    0.08999999985098839,
    0.10999999940395355,
    0.12999999895691872,
    0.14999999850988388,
    0.16999999806284904,
    0.1900000013411045,
    0.21000000089406967,
    0.23000000044703484,
    0.25,
    0.27000000327825546,
    0.28999999910593033
  ],
  "auc_C": null,
  "auc_S_raw": [
    0.45229252049180324,
    0.5546875,
    0.47476946721311475,
    0.45786372950819676,
    0.4562948258196721,
    0.4833504098360656,
    0.4909707991803278,
    0.5412397540983608,
    0.5171939036885245,
    0.5102779200819672,
    0.5078125,
    0.48507940573770486,
    0.5010886270491803,
    0.43916495901639346,
    0.6218301741803278,
    0.5466188524590164,
    0.6553214651639343,
    0.8040791495901639,
    1.0,
    1.0,
    0.9991675204918034,
    0.9653560450819672,
    0.8480084528688525,
    0.8069608094262295,
    0.7076075819672132,
    0.6938396516393442,
    0.6941278176229508,
    0.6781826331967212,
    0.5921810963114753,
    0.5352843237704917,
    0.5326908299180328,
    0.5573450307377048,
    0.43016777663934425,
    0.46196209016393447,
    0.4984631147540984
  ],
  "auc_S_inv": [
    0.45229252049180324,
    0.5546875,
    0.47476946721311475,
    0.45786372950819676,
    0.4562948258196721,
    0.4833504098360656,
    0.4909707991803278,
    0.5412397540983608,
    0.5171939036885245,
    0.5102779200819672,
    0.5078125,
    0.48507940573770486,
    0.5010886270491803,
    0.43916495901639346,
    0.6218301741803278,
    0.5466188524590164,
    0.6553214651639343,
    0.8040791495901639,
    1.0,
    1.0,
    0.9991675204918034,
    0.9653560450819672,
    0.8480084528688525,
    0.8069608094262295,
    0.7076075819672132,
    0.6938396516393442,
    0.6941278176229508,
    0.6781826331967212,
    0.5921810963114753,
    0.5352843237704917,
    0.5326908299180328,
    0.5573450307377048,
    0.43016777663934425,
    0.46196209016393447,
    0.4984631147540984
  ],
  "acc_R_macro": null,
  "auc_T": null,
  "latencies_ms": {
    "C": null,
    "S_raw": -70.00000029802322,
    "S_inv": -70.00000029802322,
    "T": null
  },
  "meta": {
    "align": "sacc",
    "orientation": "horizontal",
    "pt_min_ms": 200.0,
    "n_trials": 250,
    "n_bins": 35,
    "n_units": 13,
    "thr": 0.6,
    "k_bins": 5,
    "norm": "global",
    "baseline_win": null,
    "used_axes_mu_sd": false
  }
}