{
  "sid": "20230627",
  "align": "stim",
  "features": [
    "C",
    "R"
  ],
  "winC": [
    0.1,
    0.3
  ],
  "winR": [
    0.05,
    0.2
  ],
  "winS": null,
  "winT": null,
  "pt_min_ms": 200.0,
  "orientation": "vertical",
  "areas": [
    "SFEF",
    "SLIP"
  ],
  "tag": "axes_peakbin_stimCR-stim-vertical-20mssw_nofilter",
  "norm": "global",
  "baseline_win": null,
  "clf_binary": "logreg",
  "C_grid": [
    0.1,
    0.3,
    1.0,
    3.0,
    10.0
  ],
  "lda_shrinkage": null,
  "searchC": true,
  "searchS": false,
  "searchT": false,
  "searchR": true,
  "search_step_ms": 20.0,
  "search_len_ms": [
    50.0,
    100.0,
    150.0,
    200.0,
    250.0
  ],
  "search_range_C": "0.00:0.50",
  "search_range_S": null,
  "search_range_T": null,
  "search_range_R": "0.00:0.50",
  "search_score_mode": "peak_bin_auc",
  "search_tiebreak": "shortest_then_earliest",
  "search_tol": 0.01,
  "per_area_results": {
    "SFEF": {
      "winC_selected": [
        0.27999999999999997,
        0.32999999999999996
      ],
      "winC_cv_best": 0.8795349057497395,
      "winC_best_param": 0.3,
      "winC_peak_time_ms": 310.0000023841858,
      "winC_peak_auc": 0.8795349057497395,
      "winC_mean_bin_auc": 0.8665695746897791,
      "winC_cv_auc_original": 0.899329771233526,
      "winR_selected": [
        0.1,
        0.30000000000000004
      ],
      "winR_cv_best": 0.6114220813559788,
      "sC_auc": 0.8795349057497395,
      "n_trials_C": 582
    },
    "SLIP": {
      "winC_selected": [
        0.32,
        0.42000000000000004
      ],
      "winC_cv_best": 0.6895188026901582,
      "winC_best_param": 1.0,
      "winC_peak_time_ms": 359.99999940395355,
      "winC_peak_auc": 0.6895188026901582,
      "winC_mean_bin_auc": 0.6577053929462284,
      "winC_cv_auc_original": 0.8068400901055581,
      "winR_selected": [
        0.06,
        0.31
      ],
      "winR_cv_best": 0.614965008550413,
      "sC_auc": 0.6895188026901582,
      "n_trials_C": 582
    }
  },
  "rebin_factor": null,
  "sliding_window_ms": 20.0,
  "sliding_step_ms": 10.0,
  "sliding_window_bins": 4,
  "sliding_step_bins": 2
}