{
  "time": [
    -0.24000000208616257,
    -0.2199999988079071,
    -0.19999999552965164,
    -0.17999999970197678,
    -0.1600000038743019,
    -0.14000000059604645,
    -0.12000000104308128,
    -0.09999999776482582,
    -0.08000000193715096,
    -0.05999999865889549,
    -0.04000000096857548,
    -0.02000000001862645,
    0.0,
    0.02000000001862645,
    0.04000000096857548,
    0.05999999865889549,
    0.08000000193715096,
    0.09999999776482582,
    0.12000000104308128,
    0.14000000059604645,
    0.1600000038743019,
    0.17999999970197678,
    0.19999999552965164,
    0.2199999988079071,
    0.24000000208616257,
    0.25999999046325684,
    0.2800000011920929,
    0.29999999701976776,
    0.3199999928474426,
    0.3400000035762787,
    0.35999999940395355,
    0.3799999952316284,
    0.4000000059604645,
    0.42000000178813934,
    0.4399999976158142,
    0.46000000834465027,
    0.48000000417232513,
    0.5,
    0.5199999809265137,
    0.5400000214576721,
    0.5600000023841858,
    0.5799999833106995,
    0.6000000238418579,
    0.6200000047683716,
    0.6399999856948853,
    0.6599999964237213,
    0.6800000071525574,
    0.699999988079071,
    0.7199999988079071,
    0.7400000095367432,
    0.7599999904632568,
    0.7800000011920929
  ],
  "auc_C": [
    0.5453130872735473,
    0.49465534090054875,
    0.5099977448695783,
    0.4958806284296775,
    0.5089227993685634,
    0.5034729008494324,
    0.4715252198752161,
    0.491039615124408,
    0.5007892956475982,
    0.5157859129519657,
    0.5332782079230248,
    0.5330827632864767,
    0.5178230474329099,
    0.47940314214838764,
    0.5514019394121626,
    0.5447417875667143,
    0.5020747199879727,
    0.45958054574156204,
    0.49161091483124103,
    0.5083815680673532,
    0.5742689618882958,
    0.5307750131549275,
    0.505600240547245,
    0.5500338269563256,
    0.5445989626400061,
    0.6021949936104638,
    0.570307449447493,
    0.6045328121476359,
    0.6325114635796437,
    0.6906036232428776,
    0.60920844922198,
    0.6593324813951741,
    0.6663233857024731,
    0.6492971510185672,
    0.6077801999548973,
    0.6109824851537248,
    0.6355709238517628,
    0.6053521762008569,
    0.5699315943772081,
    0.5396827783206796,
    0.5296775163496955,
    0.5461625197323912,
    0.5000225513042171,
    0.511223032398707,
    0.4581447793730737,
    0.5467638878448471,
    0.5077275802450575,
    0.4985943020371344,
    0.5293993835976847,
    0.5347290084943246,
    0.5450499887243478,
    0.48568743892355104
  ],
  "auc_S_raw": null,
  "auc_S_inv": null,
  "acc_R_macro": [
    0.40717131474103585,
    0.4061264376456438,
    0.3880929113733744,
    0.38798767195369466,
    0.4441780049612869,
    0.4153499210704352,
    0.40496880402916635,
    0.3841088476283545,
    0.37026986394046457,
    0.3956400811846952,
    0.4205893407502067,
    0.3848380064647072,
    0.4015109373825453,
    0.43065473953243627,
    0.4085319100954672,
    0.40570547996692474,
    0.3985717507329174,
    0.42331804856047506,
    0.3877771931143351,
    0.41901826655641583,
    0.4037134480944148,
    0.42667067578741635,
    0.40685559648199654,
    0.42006314365180786,
    0.4376757122453582,
    0.4372547545666391,
    0.4014056979628655,
    0.41828159061865744,
    0.44638051567315645,
    0.4583327069082162,
    0.39752687363752537,
    0.40947154777117944,
    0.44952266406073815,
    0.44668871683079003,
    0.4364203563106066,
    0.44858302638502595,
    0.40874238893482673,
    0.48254529053596934,
    0.4094790648725851,
    0.41744719236262495,
    0.45329624896639853,
    0.44333608960384874,
    0.40643463880327746,
    0.42268661204239644,
    0.4099977448695783,
    0.4289784259189656,
    0.4139818086145982,
    0.42185221378636395,
    0.42897090881755995,
    0.418492069458017,
    0.39217469743666844,
    0.41922874539577537
  ],
  "auc_T": null,
  "latencies_ms": {
    "C": 299.99999701976776,
    "S_raw": null,
    "S_inv": null,
    "T": null
  },
  "meta": {
    "align": "stim",
    "orientation": "vertical",
    "pt_min_ms": 200.0,
    "n_trials": 516,
    "n_bins": 52,
    "n_units": 31,
    "thr": 0.6,
    "k_bins": 5,
    "norm": "global",
    "baseline_win": null,
    "used_axes_mu_sd": false
  }
}