{
  "time": [
    -0.24000000208616257,
    -0.2199999988079071,
    -0.19999999552965164,
    -0.17999999970197678,
    -0.1600000038743019,
    -0.14000000059604645,
    -0.12000000104308128,
    -0.09999999776482582,
    -0.08000000193715096,
    -0.05999999865889549,
    -0.04000000096857548,
    -0.02000000001862645,
    0.0,
    0.02000000001862645,
    0.04000000096857548,
    0.05999999865889549,
    0.08000000193715096,
    0.09999999776482582,
    0.12000000104308128,
    0.14000000059604645,
    0.1600000038743019,
    0.17999999970197678,
    0.19999999552965164,
    0.2199999988079071,
    0.24000000208616257,
    0.25999999046325684,
    0.2800000011920929,
    0.29999999701976776,
    0.3199999928474426,
    0.3400000035762787,
    0.35999999940395355,
    0.3799999952316284,
    0.4000000059604645,
    0.42000000178813934,
    0.4399999976158142,
    0.46000000834465027,
    0.48000000417232513,
    0.5,
    0.5199999809265137,
    0.5400000214576721,
    0.5600000023841858,
    0.5799999833106995,
    0.6000000238418579,
    0.6200000047683716,
    0.6399999856948853,
    0.6599999964237213,
    0.6800000071525574,
    0.699999988079071,
    0.7199999988079071,
    0.7400000095367432,
    0.7599999904632568,
    0.7800000011920929
  ],
  "auc_C": [
    0.4763136134706457,
    0.5378937081861235,
    0.49875967826805984,
    0.45135683680372846,
    0.47284071262121324,
    0.43612718935578443,
    0.4650229271592874,
    0.5504623017364504,
    0.4965947530632188,
    0.5225287529128768,
    0.46509809817334435,
    0.49573780350296925,
    0.5278809291137337,
    0.49276103134631283,
    0.5440727655416072,
    0.4941892806133954,
    0.5321656769149816,
    0.4446966849582801,
    0.49261068931819885,
    0.5124708712320529,
    0.5138690520935127,
    0.5729083665338646,
    0.6273021123054949,
    0.6559873712696385,
    0.7303766067804254,
    0.7624295271743218,
    0.8188077877170563,
    0.8198150793054197,
    0.8683755543862286,
    0.8663158686010675,
    0.858708561978501,
    0.8429376832293467,
    0.7816582725700969,
    0.7943170713372923,
    0.7901525971585357,
    0.7668796512064947,
    0.7171916109148312,
    0.7215214613245131,
    0.6900999774486958,
    0.6880102232579117,
    0.6372246861610162,
    0.6207923024881605,
    0.6247312636247462,
    0.6059385101105013,
    0.5801548522889574,
    0.5521762008569495,
    0.5625046981883786,
    0.5275652108546944,
    0.4953769826354958,
    0.483920920093212,
    0.5694354656844322,
    0.5192212282943697
  ],
  "auc_S_raw": null,
  "auc_S_inv": null,
  "acc_R_macro": [
    0.4308652183717958,
    0.4054950011275652,
    0.42079981958956625,
    0.3763511989776742,
    0.41996542133353376,
    0.4223708937833571,
    0.4524618507103661,
    0.379493347365256,
    0.4483725475456664,
    0.44994362173945723,
    0.45245433360896037,
    0.4316996166278283,
    0.3929188904758325,
    0.4359993986318875,
    0.44082537773434566,
    0.416500037585507,
    0.4276103134631286,
    0.4376757122453582,
    0.4050740434488461,
    0.4237390062391942,
    0.41126061790573554,
    0.46315116890926855,
    0.4153499210704352,
    0.4694429827858378,
    0.44700443508982934,
    0.5131624445613772,
    0.4852739983462377,
    0.4783507479515898,
    0.45969330226264754,
    0.49355784409531683,
    0.4826505299556491,
    0.4837029241524468,
    0.48139517402089754,
    0.48359768473276704,
    0.4837029241524468,
    0.46399308426670677,
    0.49754190784033675,
    0.4002555814477937,
    0.47143501465834775,
    0.43107569721115535,
    0.44187025482973763,
    0.42992558069608355,
    0.42603923926933773,
    0.36408328948357516,
    0.40800571299706834,
    0.43442832443809665,
    0.4029767721566564,
    0.4002555814477937,
    0.44617003683379686,
    0.37362249116740587,
    0.4088476283545065,
    0.4048635646094866
  ],
  "auc_T": null,
  "latencies_ms": {
    "C": 199.99999552965164,
    "S_raw": null,
    "S_inv": null,
    "T": null
  },
  "meta": {
    "align": "stim",
    "orientation": "vertical",
    "pt_min_ms": 200.0,
    "n_trials": 516,
    "n_bins": 52,
    "n_units": 61,
    "thr": 0.6,
    "k_bins": 5,
    "norm": "global",
    "baseline_win": null,
    "used_axes_mu_sd": false
  }
}