{
  "sid": "20231109",
  "align": "stim",
  "feature": "C",
  "time_resolved": true,
  "time_range": null,
  "pt_min_ms": 200.0,
  "orientation": "vertical",
  "areas": [
    "SFEF",
    "SLIP",
    "SSC"
  ],
  "tag": "timeresolved-stim-vertical",
  "norm": "global",
  "baseline_win": null,
  "clf_binary": "logreg",
  "C_grid": [
    0.1,
    0.3,
    1.0,
    3.0,
    10.0
  ],
  "per_area_results": {
    "SFEF": {
      "mean_cv_auc": 0.5594534025131501,
      "max_cv_auc": 0.7379546016823355,
      "peak_time_ms": 354.99998927116394,
      "n_trials": 454
    },
    "SLIP": {
      "mean_cv_auc": 0.5379886105702533,
      "max_cv_auc": 0.6583322087775328,
      "peak_time_ms": 375.0,
      "n_trials": 454
    },
    "SSC": {
      "mean_cv_auc": 0.5508824621417397,
      "max_cv_auc": 0.6625621317079753,
      "peak_time_ms": 264.99998569488525,
      "n_trials": 454
    }
  }
}