{
  "time": [
    -0.39000000059604645,
    -0.3799999952316284,
    -0.3700000047683716,
    -0.35999999940395355,
    -0.3499999940395355,
    -0.3400000035762787,
    -0.32999999821186066,
    -0.3199999928474426,
    -0.3100000023841858,
    -0.30000000447034836,
    -0.28999999910593033,
    -0.2800000011920929,
    -0.27000000327825546,
    -0.25999999791383743,
    -0.25,
    -0.24000000208616257,
    -0.23000000044703484,
    -0.2200000025331974,
    -0.21000000089406967,
    -0.19999999925494194,
    -0.1900000013411045,
    -0.17999999970197678,
    -0.16999999806284904,
    -0.1600000001490116,
    -0.14999999850988388,
    -0.13999999687075615,
    -0.12999999895691872,
    -0.11999999918043613,
    -0.10999999940395355,
    -0.09999999962747097,
    -0.08999999985098839,
    -0.0800000000745058,
    -0.07000000029802322,
    -0.06000000052154064,
    -0.049999999813735485,
    -0.0400000000372529,
    -0.03000000026077032,
    -0.020000000251457095,
    -0.010000000009313226,
    0.0,
    0.010000000009313226,
    0.020000000251457095,
    0.03000000026077032,
    0.0400000000372529,
    0.049999999813735485,
    0.06000000052154064,
    0.07000000029802322,
    0.0800000000745058,
    0.08999999985098839,
    0.09999999962747097,
    0.10999999940395355,
    0.11999999918043613,
    0.12999999895691872,
    0.13999999687075615,
    0.14999999850988388,
    0.1600000001490116,
    0.16999999806284904,
    0.17999999970197678,
    0.1900000013411045,
    0.19999999925494194,
    0.21000000089406967,
    0.2200000025331974,
    0.23000000044703484,
    0.24000000208616257,
    0.25,
    0.25999999791383743,
    0.27000000327825546,
    0.2800000011920929,
    0.28999999910593033
  ],
  "auc_C": [
    0.48526099368796,
    0.49142243524266,
    0.49648385322542626,
    0.4721982137712475,
    0.5161205835363138,
    0.5471635106466568,
    0.5130300411199288,
    0.514555669050051,
    0.519394463214688,
    0.49918807783976327,
    0.5121002592912706,
    0.5259815091275766,
    0.569563395406092,
    0.5295762290144312,
    0.4807954218066578,
    0.508112673843011,
    0.5237159843901417,
    0.48555564285901365,
    0.5116942982111521,
    0.5641287551399911,
    0.5144312616222728,
    0.4997970194599408,
    0.5501230978759069,
    0.5583929179434798,
    0.5431628296796835,
    0.5286202561483461,
    0.5393258426966292,
    0.5586286372803226,
    0.5630287315680574,
    0.6038474633980253,
    0.6590778135721956,
    0.69104397475184,
    0.7036484115135802,
    0.6573688483800844,
    0.6080445771457008,
    0.5544380712920038,
    0.5247832691652917,
    0.5495927293680103,
    0.573439668945287,
    0.5847541971137477,
    0.5697925669835782,
    0.5493177234750268,
    0.5586613760771064,
    0.5565726408423037,
    0.5586679238364631,
    0.544243209973547,
    0.5147782928681806,
    0.4925159110552369,
    0.5128139650611561,
    0.5354037348419372,
    0.5175021607605876,
    0.5234606217752285,
    0.5418139912521935,
    0.5175021607605877,
    0.49594038919881617,
    0.4804091040046096,
    0.4643670935805767,
    0.4640789921688798,
    0.45585500641680415,
    0.447048270081978,
    0.4930528273224903,
    0.47481076975458997,
    0.4699916188680233,
    0.49807495874911606,
    0.5159241507556114,
    0.4903093161520128,
    0.4757798381393887,
    0.4782745344543098,
    0.47490243838558444
  ],
  "auc_S_raw": [
    0.503758373578439,
    0.5271459728929739,
    0.5246988108220387,
    0.4820519810977826,
    0.49467726021706393,
    0.5340979903411747,
    0.535422184140832,
    0.4950018175209015,
    0.47627486108947403,
    0.5060951861660695,
    0.5191878278028769,
    0.4874266500493327,
    0.49285973931557353,
    0.5092563743054473,
    0.49064625850340127,
    0.47280858908448875,
    0.46022225684166795,
    0.4915160720776861,
    0.5195058939606377,
    0.5267824687126759,
    0.5046671340291843,
    0.45574336604870963,
    0.46999143168717866,
    0.5028561042737705,
    0.5210442955808278,
    0.533591680947188,
    0.49964298696577863,
    0.47774835124889653,
    0.5150205120216025,
    0.5548501843485485,
    0.5525263540530717,
    0.5929337383808485,
    0.624818247909851,
    0.6380861504907306,
    0.6697239964688166,
    0.700011684062938,
    0.757568676325492,
    0.7861102456249676,
    0.8055122812483773,
    0.8405839435010646,
    0.8495611985252117,
    0.8634197953990755,
    0.8722996832320715,
    0.8920457495975489,
    0.9088448356441814,
    0.9301228124837722,
    0.9545360128784338,
    0.9582943864568729,
    0.9549903931038063,
    0.9481746897232175,
    0.9381134133042529,
    0.9277730176039882,
    0.9223139637534403,
    0.9018408890273666,
    0.8942722127018747,
    0.8961741185023627,
    0.8666069481227605,
    0.8676065846185802,
    0.828276730539544,
    0.7666627719790207,
    0.7330581087396791,
    0.716408319052812,
    0.683991535545516,
    0.6379822921535026,
    0.6729371137768084,
    0.6871397413927404,
    0.6619735680531755,
    0.6807849093836007,
    0.6569364386976164
  ],
  "auc_S_inv": [
    0.5028820688580775,
    0.5272043932076648,
    0.5241081165290543,
    0.4810653268941164,
    0.4931518408890273,
    0.5334813314638833,
    0.5342407955548631,
    0.4944305966661474,
    0.4756387287739523,
    0.5073739419431895,
    0.5181557355766735,
    0.4867580620034273,
    0.4944370878122241,
    0.5097042633847432,
    0.49002959962611,
    0.47330840733239865,
    0.45975489432414185,
    0.4914771252012255,
    0.5209404372435997,
    0.5283143791867891,
    0.505037129355559,
    0.45536038843018123,
    0.4699654671028717,
    0.5034922365892922,
    0.521349379446435,
    0.5336241366775718,
    0.49956509321285764,
    0.4772160772706029,
    0.515741029236122,
    0.5544152775614063,
    0.5521888144570806,
    0.5927714597289298,
    0.6248312302020045,
    0.6390857869865503,
    0.6712234512125461,
    0.7005958872098458,
    0.7571013138079661,
    0.7854806044555227,
    0.8049475515396999,
    0.8402723684893806,
    0.8493859375811393,
    0.8630692735109311,
    0.8718388118606223,
    0.8922275016876979,
    0.9093511450381679,
    0.9303305291582282,
    0.954399698810822,
    0.9578789531079607,
    0.9548670613283482,
    0.9481941631614478,
    0.9383276211247858,
    0.9283442384587421,
    0.9231772861816482,
    0.9027107026016513,
    0.8947395752194008,
    0.8969270914472659,
    0.8671457132471309,
    0.8675157085735058,
    0.8284260268993093,
    0.7668964532377837,
    0.7356026380017657,
    0.7190631977982034,
    0.6872176351456614,
    0.642357324609233,
    0.6772212701874643,
    0.6914823181180869,
    0.6660370254972218,
    0.6853092381990964,
    0.6613634003219608
  ],
  "acc_R_macro": null,
  "auc_T": null,
  "latencies_ms": {
    "C": -99.99999962747097,
    "S_raw": -70.00000029802322,
    "S_inv": -70.00000029802322,
    "T": null
  },
  "meta": {
    "align": "sacc",
    "orientation": null,
    "pt_min_ms": 200.0,
    "n_trials": 785,
    "n_bins": 69,
    "n_units": 100,
    "thr": 0.6,
    "k_bins": 5,
    "norm": "global",
    "baseline_win": null,
    "used_axes_mu_sd": false,
    "correct_mode": "correctonly"
  }
}