{
  "time": [
    -0.39500001072883606,
    -0.38499999046325684,
    -0.375,
    -0.36500000953674316,
    -0.35499998927116394,
    -0.3449999988079071,
    -0.33500000834465027,
    -0.32499998807907104,
    -0.3149999976158142,
    -0.3050000071525574,
    -0.29500000178813934,
    -0.2849999964237213,
    -0.2750000059604645,
    -0.26500000059604645,
    -0.2549999952316284,
    -0.24500000476837158,
    -0.23499999940395355,
    -0.22500000149011612,
    -0.2150000035762787,
    -0.20499999821186066,
    -0.19500000029802322,
    -0.1850000023841858,
    -0.17499999701976776,
    -0.16499999910593033,
    -0.1550000011920929,
    -0.14499999582767487,
    -0.13499999791383743,
    -0.125,
    -0.11499999836087227,
    -0.10500000044703484,
    -0.0949999988079071,
    -0.08500000089406967,
    -0.07499999925494194,
    -0.06500000134110451,
    -0.054999999701976776,
    -0.044999999925494194,
    -0.03500000014901161,
    -0.02500000037252903,
    -0.01500000013038516,
    -0.004999999888241291,
    0.004999999888241291,
    0.01500000013038516,
    0.02500000037252903,
    0.03500000014901161,
    0.044999999925494194,
    0.054999999701976776,
    0.06500000134110451,
    0.07499999925494194,
    0.08500000089406967,
    0.0949999988079071,
    0.10500000044703484,
    0.11499999836087227,
    0.125,
    0.13499999791383743,
    0.14499999582767487,
    0.1550000011920929,
    0.16499999910593033,
    0.17499999701976776,
    0.1850000023841858,
    0.19500000029802322,
    0.20499999821186066,
    0.2150000035762787,
    0.22500000149011612,
    0.23499999940395355,
    0.24500000476837158,
    0.2549999952316284,
    0.26500000059604645,
    0.2750000059604645,
    0.2849999964237213,
    0.29500000178813934
  ],
  "auc_C": null,
  "auc_S_raw": [
    0.4826488095238095,
    0.4856845238095238,
    0.4914583333333334,
    0.5154464285714286,
    0.5282440476190476,
    0.47020833333333334,
    0.43160714285714286,
    0.5528273809523809,
    0.544345238095238,
    0.4212202380952382,
    0.514077380952381,
    0.487827380952381,
    0.5172916666666667,
    0.4827083333333333,
    0.5076785714285714,
    0.505625,
    0.5046726190476191,
    0.5461011904761905,
    0.5167261904761905,
    0.5042559523809524,
    0.48014880952380956,
    0.5087202380952381,
    0.50875,
    0.507827380952381,
    0.46401785714285715,
    0.4730357142857142,
    0.5495833333333334,
    0.5450297619047619,
    0.45092261904761904,
    0.5537797619047619,
    0.5144940476190476,
    0.5671726190476191,
    0.49556547619047614,
    0.5625595238095238,
    0.5969940476190476,
    0.49300595238095235,
    0.5902380952380953,
    0.5875297619047619,
    0.6568154761904762,
    0.625059523809524,
    0.7368750000000001,
    0.6304166666666667,
    0.5628869047619047,
    0.6008333333333334,
    0.6471130952380952,
    0.6627083333333333,
    0.6327380952380952,
    0.7227678571428571,
    0.659970238095238,
    0.5427083333333335,
    0.5475892857142857,
    0.6603869047619048,
    0.6078869047619048,
    0.598452380952381,
    0.5705357142857143,
    0.5487500000000001,
    0.5771428571428571,
    0.5658630952380954,
    0.5042857142857143,
    0.6021726190476191,
    0.5808035714285713,
    0.6188392857142857,
    0.5338095238095237,
    0.6022619047619048,
    0.5929166666666666,
    0.5422619047619048,
    0.5270238095238096,
    0.6100595238095238,
    0.550952380952381,
    0.5598809523809524
  ],
  "auc_S_inv": [
    0.4826488095238095,
    0.4856845238095238,
    0.4914583333333334,
    0.5154464285714286,
    0.5282440476190476,
    0.47020833333333334,
    0.43160714285714286,
    0.5528273809523809,
    0.544345238095238,
    0.4212202380952382,
    0.514077380952381,
    0.487827380952381,
    0.5172916666666667,
    0.4827083333333333,
    0.5076785714285714,
    0.505625,
    0.5046726190476191,
    0.5461011904761905,
    0.5167261904761905,
    0.5042559523809524,
    0.48014880952380956,
    0.5087202380952381,
    0.50875,
    0.507827380952381,
    0.46401785714285715,
    0.4730357142857142,
    0.5495833333333334,
    0.5450297619047619,
    0.45092261904761904,
    0.5537797619047619,
    0.5144940476190476,
    0.5671726190476191,
    0.49556547619047614,
    0.5625595238095238,
    0.5969940476190476,
    0.49300595238095235,
    0.5902380952380953,
    0.5875297619047619,
    0.6568154761904762,
    0.625059523809524,
    0.7368750000000001,
    0.6304166666666667,
    0.5628869047619047,
    0.6008333333333334,
    0.6471130952380952,
    0.6627083333333333,
    0.6327380952380952,
    0.7227678571428571,
    0.659970238095238,
    0.5427083333333335,
    0.5475892857142857,
    0.6603869047619048,
    0.6078869047619048,
    0.598452380952381,
    0.5705357142857143,
    0.5487500000000001,
    0.5771428571428571,
    0.5658630952380954,
    0.5042857142857143,
    0.6021726190476191,
    0.5808035714285713,
    0.6188392857142857,
    0.5338095238095237,
    0.6022619047619048,
    0.5929166666666666,
    0.5422619047619048,
    0.5270238095238096,
    0.6100595238095238,
    0.550952380952381,
    0.5598809523809524
  ],
  "acc_R_macro": null,
  "auc_T": null,
  "latencies_ms": {
    "C": null,
    "S_raw": 35.00000014901161,
    "S_inv": 35.00000014901161,
    "T": null
  },
  "meta": {
    "align": "sacc",
    "orientation": "horizontal",
    "pt_min_ms": 200.0,
    "n_trials": 260,
    "n_bins": 70,
    "n_units": 46,
    "thr": 0.6,
    "k_bins": 5,
    "norm": "global",
    "baseline_win": null,
    "used_axes_mu_sd": false
  }
}