{
  "time": [
    -0.39500001072883606,
    -0.38499999046325684,
    -0.375,
    -0.36500000953674316,
    -0.35499998927116394,
    -0.3449999988079071,
    -0.33500000834465027,
    -0.32499998807907104,
    -0.3149999976158142,
    -0.3050000071525574,
    -0.29500000178813934,
    -0.2849999964237213,
    -0.2750000059604645,
    -0.26500000059604645,
    -0.2549999952316284,
    -0.24500000476837158,
    -0.23499999940395355,
    -0.22500000149011612,
    -0.2150000035762787,
    -0.20499999821186066,
    -0.19500000029802322,
    -0.1850000023841858,
    -0.17499999701976776,
    -0.16499999910593033,
    -0.1550000011920929,
    -0.14499999582767487,
    -0.13499999791383743,
    -0.125,
    -0.11499999836087227,
    -0.10500000044703484,
    -0.0949999988079071,
    -0.08500000089406967,
    -0.07499999925494194,
    -0.06500000134110451,
    -0.054999999701976776,
    -0.044999999925494194,
    -0.03500000014901161,
    -0.02500000037252903,
    -0.01500000013038516,
    -0.004999999888241291,
    0.004999999888241291,
    0.01500000013038516,
    0.02500000037252903,
    0.03500000014901161,
    0.044999999925494194,
    0.054999999701976776,
    0.06500000134110451,
    0.07499999925494194,
    0.08500000089406967,
    0.0949999988079071,
    0.10500000044703484,
    0.11499999836087227,
    0.125,
    0.13499999791383743,
    0.14499999582767487,
    0.1550000011920929,
    0.16499999910593033,
    0.17499999701976776,
    0.1850000023841858,
    0.19500000029802322,
    0.20499999821186066,
    0.2150000035762787,
    0.22500000149011612,
    0.23499999940395355,
    0.24500000476837158,
    0.2549999952316284,
    0.26500000059604645,
    0.2750000059604645,
    0.2849999964237213,
    0.29500000178813934
  ],
  "auc_C": null,
  "auc_S_raw": [
    0.5699404761904762,
    0.5292857142857142,
    0.49821428571428567,
    0.4654761904761905,
    0.4858333333333334,
    0.5479166666666666,
    0.520952380952381,
    0.575,
    0.47875,
    0.4743452380952381,
    0.5141666666666667,
    0.4327976190476191,
    0.5027976190476191,
    0.5294047619047619,
    0.5085119047619048,
    0.5205952380952381,
    0.45470238095238097,
    0.47136904761904763,
    0.4476785714285714,
    0.44410714285714287,
    0.4982142857142857,
    0.43267857142857147,
    0.5016071428571428,
    0.5369047619047619,
    0.5564285714285715,
    0.5652380952380953,
    0.6521428571428572,
    0.6154166666666667,
    0.6968452380952381,
    0.7730952380952381,
    0.7679166666666667,
    0.8611904761904762,
    0.8973214285714286,
    0.9258333333333334,
    0.9145833333333333,
    0.9414285714285714,
    0.9499404761904762,
    0.9716071428571429,
    0.9897619047619048,
    0.9870833333333333,
    0.9938690476190477,
    0.9793452380952381,
    0.9880952380952381,
    0.9716071428571429,
    0.9770238095238095,
    0.9455952380952382,
    0.9537500000000001,
    0.9561309523809525,
    0.9427976190476189,
    0.9219642857142857,
    0.9315476190476191,
    0.8985714285714286,
    0.8513095238095238,
    0.8480952380952381,
    0.8831547619047619,
    0.7975595238095238,
    0.7807738095238096,
    0.7857142857142856,
    0.7155952380952381,
    0.7941071428571429,
    0.656607142857143,
    0.7608333333333334,
    0.7842261904761905,
    0.6971428571428573,
    0.7297619047619047,
    0.7002380952380953,
    0.7179761904761905,
    0.657797619047619,
    0.6394047619047618,
    0.6907142857142858
  ],
  "auc_S_inv": [
    0.5699404761904762,
    0.5292857142857142,
    0.49821428571428567,
    0.4654761904761905,
    0.4858333333333334,
    0.5479166666666666,
    0.520952380952381,
    0.575,
    0.47875,
    0.4743452380952381,
    0.5141666666666667,
    0.4327976190476191,
    0.5027976190476191,
    0.5294047619047619,
    0.5085119047619048,
    0.5205952380952381,
    0.45470238095238097,
    0.47136904761904763,
    0.4476785714285714,
    0.44410714285714287,
    0.4982142857142857,
    0.43267857142857147,
    0.5016071428571428,
    0.5369047619047619,
    0.5564285714285715,
    0.5652380952380953,
    0.6521428571428572,
    0.6154166666666667,
    0.6968452380952381,
    0.7730952380952381,
    0.7679166666666667,
    0.8611904761904762,
    0.8973214285714286,
    0.9258333333333334,
    0.9145833333333333,
    0.9414285714285714,
    0.9499404761904762,
    0.9716071428571429,
    0.9897619047619048,
    0.9870833333333333,
    0.9938690476190477,
    0.9793452380952381,
    0.9880952380952381,
    0.9716071428571429,
    0.9770238095238095,
    0.9455952380952382,
    0.9537500000000001,
    0.9561309523809525,
    0.9427976190476189,
    0.9219642857142857,
    0.9315476190476191,
    0.8985714285714286,
    0.8513095238095238,
    0.8480952380952381,
    0.8831547619047619,
    0.7975595238095238,
    0.7807738095238096,
    0.7857142857142856,
    0.7155952380952381,
    0.7941071428571429,
    0.656607142857143,
    0.7608333333333334,
    0.7842261904761905,
    0.6971428571428573,
    0.7297619047619047,
    0.7002380952380953,
    0.7179761904761905,
    0.657797619047619,
    0.6394047619047618,
    0.6907142857142858
  ],
  "acc_R_macro": null,
  "auc_T": null,
  "latencies_ms": {
    "C": null,
    "S_raw": -134.99999791383743,
    "S_inv": -134.99999791383743,
    "T": null
  },
  "meta": {
    "align": "sacc",
    "orientation": "horizontal",
    "pt_min_ms": 200.0,
    "n_trials": 260,
    "n_bins": 70,
    "n_units": 139,
    "thr": 0.6,
    "k_bins": 5,
    "norm": "global",
    "baseline_win": null,
    "used_axes_mu_sd": false
  }
}