{
  "sid": "20201001",
  "align": "sacc",
  "features": [
    "C",
    "S"
  ],
  "winC": [
    -0.3,
    -0.18
  ],
  "winR": null,
  "winS": [
    -0.1,
    -0.03
  ],
  "winT": null,
  "pt_min_ms": 200.0,
  "orientation": "pooled",
  "areas": [
    "MFEF",
    "MLIP",
    "MSC"
  ],
  "tag": "axes_peakbin_saccCS-sacc-pooled-20mssw",
  "norm": "global",
  "baseline_win": null,
  "clf_binary": "logreg",
  "C_grid": [
    0.1,
    0.3,
    1.0,
    3.0,
    10.0
  ],
  "lda_shrinkage": null,
  "searchC": true,
  "searchS": true,
  "searchT": false,
  "searchR": false,
  "search_step_ms": 20.0,
  "search_len_ms": [
    50.0,
    100.0,
    150.0,
    200.0,
    250.0
  ],
  "search_range_C": "-0.20:0.05",
  "search_range_S": "-0.20:0.05",
  "search_range_T": null,
  "search_range_R": null,
  "search_score_mode": "peak_bin_auc",
  "search_tiebreak": "shortest_then_closest0",
  "search_tol": 0.01,
  "per_area_results": {
    "MFEF": {
      "winC_selected": [
        -0.02000000000000002,
        0.02999999999999998
      ],
      "winC_cv_best": 0.9575973154362416,
      "winC_best_param": 0.3,
      "winC_peak_time_ms": 20.000000251457095,
      "winC_peak_auc": 0.9575973154362416,
      "winC_mean_bin_auc": 0.9431442953020135,
      "winC_cv_auc_original": 0.9906542372881356,
      "winS_selected": [
        -0.02000000000000002,
        0.02999999999999998
      ],
      "winS_cv_best": 0.944704227239231,
      "winS_peak_time_ms": 10.000000009313226,
      "winS_peak_auc": 0.944704227239231,
      "sC_auc": 0.9575973154362416,
      "n_trials_C": 548
    },
    "MLIP": {
      "winC_selected": [
        -2.0816681711721685e-17,
        0.04999999999999998
      ],
      "winC_cv_best": 0.8431275167785235,
      "winC_best_param": 0.3,
      "winC_peak_time_ms": 40.0000000372529,
      "winC_peak_auc": 0.8431275167785235,
      "winC_mean_bin_auc": 0.7973489932885904,
      "winC_cv_auc_original": 0.9139050847457627,
      "winS_selected": [
        -2.0816681711721685e-17,
        0.04999999999999998
      ],
      "winS_cv_best": 0.8432102900783814,
      "winS_peak_time_ms": 49.999999813735485,
      "winS_peak_auc": 0.8432102900783814,
      "sC_auc": 0.8431275167785235,
      "n_trials_C": 548
    },
    "MSC": {
      "winC_selected": [
        -0.08000000000000003,
        -0.030000000000000027
      ],
      "winC_cv_best": 0.683731543624161,
      "winC_best_param": 10.0,
      "winC_peak_time_ms": -70.00000029802322,
      "winC_peak_auc": 0.683731543624161,
      "winC_mean_bin_auc": 0.6519060402684563,
      "winC_cv_auc_original": 0.7450158192090395,
      "winS_selected": [
        -0.02000000000000002,
        0.02999999999999998
      ],
      "winS_cv_best": 0.8756548536209554,
      "winS_peak_time_ms": 0.0,
      "winS_peak_auc": 0.8756548536209554,
      "sC_auc": 0.683731543624161,
      "n_trials_C": 548
    }
  },
  "rebin_factor": null,
  "sliding_window_ms": 20.0,
  "sliding_step_ms": 10.0,
  "sliding_window_bins": 4,
  "sliding_step_bins": 2
}