{
  "time": [
    -0.39000000059604645,
    -0.3799999952316284,
    -0.3700000047683716,
    -0.35999999940395355,
    -0.3499999940395355,
    -0.3400000035762787,
    -0.32999999821186066,
    -0.3199999928474426,
    -0.3100000023841858,
    -0.30000000447034836,
    -0.28999999910593033,
    -0.2800000011920929,
    -0.27000000327825546,
    -0.25999999791383743,
    -0.25,
    -0.24000000208616257,
    -0.23000000044703484,
    -0.2200000025331974,
    -0.21000000089406967,
    -0.19999999925494194,
    -0.1900000013411045,
    -0.17999999970197678,
    -0.16999999806284904,
    -0.1600000001490116,
    -0.14999999850988388,
    -0.13999999687075615,
    -0.12999999895691872,
    -0.11999999918043613,
    -0.10999999940395355,
    -0.09999999962747097,
    -0.08999999985098839,
    -0.0800000000745058,
    -0.07000000029802322,
    -0.06000000052154064,
    -0.049999999813735485,
    -0.0400000000372529,
    -0.03000000026077032,
    -0.020000000251457095,
    -0.010000000009313226,
    0.0,
    0.010000000009313226,
    0.020000000251457095,
    0.03000000026077032,
    0.0400000000372529,
    0.049999999813735485,
    0.06000000052154064,
    0.07000000029802322,
    0.0800000000745058,
    0.08999999985098839,
    0.09999999962747097,
    0.10999999940395355,
    0.11999999918043613,
    0.12999999895691872,
    0.13999999687075615,
    0.14999999850988388,
    0.1600000001490116,
    0.16999999806284904,
    0.17999999970197678,
    0.1900000013411045,
    0.19999999925494194,
    0.21000000089406967,
    0.2200000025331974,
    0.23000000044703484,
    0.24000000208616257,
    0.25,
    0.25999999791383743,
    0.27000000327825546,
    0.2800000011920929,
    0.28999999910593033
  ],
  "auc_C": null,
  "auc_S_raw": [
    0.4760693792383933,
    0.5153234220135628,
    0.5166275430359937,
    0.508998435054773,
    0.494131455399061,
    0.5659885237350026,
    0.5717266562336984,
    0.5691836202399583,
    0.5849634846113719,
    0.5959181011997913,
    0.5888758476786646,
    0.5344287949921753,
    0.5435576421491914,
    0.5593375065206051,
    0.5704877412623892,
    0.5597939488784559,
    0.5581637976004172,
    0.5168231611893583,
    0.4455529473135107,
    0.45298643714136666,
    0.5155842462180491,
    0.5076943140323421,
    0.44972613458528954,
    0.4397496087636933,
    0.3980829420970266,
    0.4550730307772561,
    0.4884585289514868,
    0.49582681272822116,
    0.5259520083463746,
    0.5588158581116328,
    0.6025039123630673,
    0.6255868544600939,
    0.6551251956181533,
    0.6938575899843504,
    0.7022691705790297,
    0.7314162754303599,
    0.8157276995305165,
    0.8587636932707355,
    0.8879760041731872,
    0.8928012519561815,
    0.9061032863849765,
    0.9145800730307773,
    0.9335550339071466,
    0.974700052164841,
    0.9928925404277518,
    0.9578116849243611,
    0.7064423578508086,
    0.667188315075639,
    0.7655190401669275,
    0.7453051643192488,
    0.591549295774648,
    0.5149973917579551,
    0.4015388628064685,
    0.316510172143975,
    0.32981220657276994,
    0.40179968701095464,
    0.4784820031298904,
    0.5689227960354721,
    0.6401278038601982,
    0.667057902973396,
    0.642605633802817,
    0.6058946270213876,
    0.6036124152321335,
    0.609415753781951,
    0.6079160146061554,
    0.6113719353155973,
    0.5912232655190401,
    0.5821596244131455,
    0.5924621804903495
  ],
  "auc_S_inv": [
    0.4760693792383933,
    0.5153234220135628,
    0.5166275430359937,
    0.508998435054773,
    0.494131455399061,
    0.5659885237350026,
    0.5717266562336984,
    0.5691836202399583,
    0.5849634846113719,
    0.5959181011997913,
    0.5888758476786646,
    0.5344287949921753,
    0.5435576421491914,
    0.5593375065206051,
    0.5704877412623892,
    0.5597939488784559,
    0.5581637976004172,
    0.5168231611893583,
    0.4455529473135107,
    0.45298643714136666,
    0.5155842462180491,
    0.5076943140323421,
    0.44972613458528954,
    0.4397496087636933,
    0.3980829420970266,
    0.4550730307772561,
    0.4884585289514868,
    0.49582681272822116,
    0.5259520083463746,
    0.5588158581116328,
    0.6025039123630673,
    0.6255868544600939,
    0.6551251956181533,
    0.6938575899843504,
    0.7022691705790297,
    0.7314162754303599,
    0.8157276995305165,
    0.8587636932707355,
    0.8879760041731872,
    0.8928012519561815,
    0.9061032863849765,
    0.9145800730307773,
    0.9335550339071466,
    0.974700052164841,
    0.9928925404277518,
    0.9578116849243611,
    0.7064423578508086,
    0.667188315075639,
    0.7655190401669275,
    0.7453051643192488,
    0.591549295774648,
    0.5149973917579551,
    0.4015388628064685,
    0.316510172143975,
    0.32981220657276994,
    0.40179968701095464,
    0.4784820031298904,
    0.5689227960354721,
    0.6401278038601982,
    0.667057902973396,
    0.642605633802817,
    0.6058946270213876,
    0.6036124152321335,
    0.609415753781951,
    0.6079160146061554,
    0.6113719353155973,
    0.5912232655190401,
    0.5821596244131455,
    0.5924621804903495
  ],
  "acc_R_macro": null,
  "auc_T": null,
  "latencies_ms": {
    "C": null,
    "S_raw": -89.99999985098839,
    "S_inv": -89.99999985098839,
    "T": null
  },
  "meta": {
    "align": "sacc",
    "orientation": "horizontal",
    "pt_min_ms": 200.0,
    "n_trials": 250,
    "n_bins": 69,
    "n_units": 78,
    "thr": 0.6,
    "k_bins": 5,
    "norm": "global",
    "baseline_win": null,
    "used_axes_mu_sd": false
  }
}