{
  "time": [
    -0.39000000059604645,
    -0.3799999952316284,
    -0.3700000047683716,
    -0.35999999940395355,
    -0.3499999940395355,
    -0.3400000035762787,
    -0.32999999821186066,
    -0.3199999928474426,
    -0.3100000023841858,
    -0.30000000447034836,
    -0.28999999910593033,
    -0.2800000011920929,
    -0.27000000327825546,
    -0.25999999791383743,
    -0.25,
    -0.24000000208616257,
    -0.23000000044703484,
    -0.2200000025331974,
    -0.21000000089406967,
    -0.19999999925494194,
    -0.1900000013411045,
    -0.17999999970197678,
    -0.16999999806284904,
    -0.1600000001490116,
    -0.14999999850988388,
    -0.13999999687075615,
    -0.12999999895691872,
    -0.11999999918043613,
    -0.10999999940395355,
    -0.09999999962747097,
    -0.08999999985098839,
    -0.0800000000745058,
    -0.07000000029802322,
    -0.06000000052154064,
    -0.049999999813735485,
    -0.0400000000372529,
    -0.03000000026077032,
    -0.020000000251457095,
    -0.010000000009313226,
    0.0,
    0.010000000009313226,
    0.020000000251457095,
    0.03000000026077032,
    0.0400000000372529,
    0.049999999813735485,
    0.06000000052154064,
    0.07000000029802322,
    0.0800000000745058,
    0.08999999985098839,
    0.09999999962747097,
    0.10999999940395355,
    0.11999999918043613,
    0.12999999895691872,
    0.13999999687075615,
    0.14999999850988388,
    0.1600000001490116,
    0.16999999806284904,
    0.17999999970197678,
    0.1900000013411045,
    0.19999999925494194,
    0.21000000089406967,
    0.2200000025331974,
    0.23000000044703484,
    0.24000000208616257,
    0.25,
    0.25999999791383743,
    0.27000000327825546,
    0.2800000011920929,
    0.28999999910593033
  ],
  "auc_C": null,
  "auc_S_raw": [
    0.5633802816901408,
    0.48911058946270214,
    0.5007824726134585,
    0.5743348982785602,
    0.5302556077203965,
    0.5391236306729265,
    0.548056859676578,
    0.5060641627543035,
    0.46765779864371415,
    0.4670709441836202,
    0.49139280125195617,
    0.5037819509650496,
    0.4833072509128847,
    0.5054773082942097,
    0.5208007303077726,
    0.5150625978090767,
    0.5289514866979657,
    0.5133020344287951,
    0.48408972352634316,
    0.4456181533646323,
    0.48637193531559725,
    0.5597939488784559,
    0.5798774126238915,
    0.588810641627543,
    0.6032863849765259,
    0.6178925404277517,
    0.6376499739175796,
    0.7375456442357852,
    0.7777777777777778,
    0.7627151799687012,
    0.7880151278038602,
    0.8147496087636934,
    0.8528951486697964,
    0.8930620761606677,
    0.8985393844548775,
    0.9061032863849766,
    0.892018779342723,
    0.9143844548774127,
    0.9550078247261345,
    0.954225352112676,
    0.9593114241001565,
    0.9284689619196661,
    0.9347287428273344,
    0.881716223265519,
    0.7743218570683359,
    0.7584115805946792,
    0.7745174752217006,
    0.8063380281690141,
    0.7706703182055296,
    0.7457616066770996,
    0.794470526864893,
    0.797339593114241,
    0.7469353155972875,
    0.7058555033907147,
    0.7017475221700573,
    0.645148669796557,
    0.6472352634324465,
    0.670774647887324,
    0.6311293688054251,
    0.6302164840897236,
    0.6400625978090767,
    0.6614501825769431,
    0.6382368283776734,
    0.5757042253521127,
    0.49928273343766294,
    0.5159102764736567,
    0.5441444966092854,
    0.5410146061554513,
    0.5136280646844027
  ],
  "auc_S_inv": [
    0.5633802816901408,
    0.48911058946270214,
    0.5007824726134585,
    0.5743348982785602,
    0.5302556077203965,
    0.5391236306729265,
    0.548056859676578,
    0.5060641627543035,
    0.46765779864371415,
    0.4670709441836202,
    0.49139280125195617,
    0.5037819509650496,
    0.4833072509128847,
    0.5054773082942097,
    0.5208007303077726,
    0.5150625978090767,
    0.5289514866979657,
    0.5133020344287951,
    0.48408972352634316,
    0.4456181533646323,
    0.48637193531559725,
    0.5597939488784559,
    0.5798774126238915,
    0.588810641627543,
    0.6032863849765259,
    0.6178925404277517,
    0.6376499739175796,
    0.7375456442357852,
    0.7777777777777778,
    0.7627151799687012,
    0.7880151278038602,
    0.8147496087636934,
    0.8528951486697964,
    0.8930620761606677,
    0.8985393844548775,
    0.9061032863849766,
    0.892018779342723,
    0.9143844548774127,
    0.9550078247261345,
    0.954225352112676,
    0.9593114241001565,
    0.9284689619196661,
    0.9347287428273344,
    0.881716223265519,
    0.7743218570683359,
    0.7584115805946792,
    0.7745174752217006,
    0.8063380281690141,
    0.7706703182055296,
    0.7457616066770996,
    0.794470526864893,
    0.797339593114241,
    0.7469353155972875,
    0.7058555033907147,
    0.7017475221700573,
    0.645148669796557,
    0.6472352634324465,
    0.670774647887324,
    0.6311293688054251,
    0.6302164840897236,
    0.6400625978090767,
    0.6614501825769431,
    0.6382368283776734,
    0.5757042253521127,
    0.49928273343766294,
    0.5159102764736567,
    0.5441444966092854,
    0.5410146061554513,
    0.5136280646844027
  ],
  "acc_R_macro": null,
  "auc_T": null,
  "latencies_ms": {
    "C": null,
    "S_raw": -149.99999850988388,
    "S_inv": -149.99999850988388,
    "T": null
  },
  "meta": {
    "align": "sacc",
    "orientation": "horizontal",
    "pt_min_ms": 200.0,
    "n_trials": 250,
    "n_bins": 69,
    "n_units": 71,
    "thr": 0.6,
    "k_bins": 5,
    "norm": "global",
    "baseline_win": null,
    "used_axes_mu_sd": false
  }
}