{
  "time": [
    -0.39000000059604645,
    -0.3799999952316284,
    -0.3700000047683716,
    -0.35999999940395355,
    -0.3499999940395355,
    -0.3400000035762787,
    -0.32999999821186066,
    -0.3199999928474426,
    -0.3100000023841858,
    -0.30000000447034836,
    -0.28999999910593033,
    -0.2800000011920929,
    -0.27000000327825546,
    -0.25999999791383743,
    -0.25,
    -0.24000000208616257,
    -0.23000000044703484,
    -0.2200000025331974,
    -0.21000000089406967,
    -0.19999999925494194,
    -0.1900000013411045,
    -0.17999999970197678,
    -0.16999999806284904,
    -0.1600000001490116,
    -0.14999999850988388,
    -0.13999999687075615,
    -0.12999999895691872,
    -0.11999999918043613,
    -0.10999999940395355,
    -0.09999999962747097,
    -0.08999999985098839,
    -0.0800000000745058,
    -0.07000000029802322,
    -0.06000000052154064,
    -0.049999999813735485,
    -0.0400000000372529,
    -0.03000000026077032,
    -0.020000000251457095,
    -0.010000000009313226,
    0.0,
    0.010000000009313226,
    0.020000000251457095,
    0.03000000026077032,
    0.0400000000372529,
    0.049999999813735485,
    0.06000000052154064,
    0.07000000029802322,
    0.0800000000745058,
    0.08999999985098839,
    0.09999999962747097,
    0.10999999940395355,
    0.11999999918043613,
    0.12999999895691872,
    0.13999999687075615,
    0.14999999850988388,
    0.1600000001490116,
    0.16999999806284904,
    0.17999999970197678,
    0.1900000013411045,
    0.19999999925494194,
    0.21000000089406967,
    0.2200000025331974,
    0.23000000044703484,
    0.24000000208616257,
    0.25,
    0.25999999791383743,
    0.27000000327825546,
    0.2800000011920929,
    0.28999999910593033
  ],
  "auc_C": null,
  "auc_S_raw": [
    0.4769170579029734,
    0.5168231611893583,
    0.5189749608763693,
    0.5119327073552425,
    0.4950443401147626,
    0.5689227960354721,
    0.5737480438184662,
    0.5721178925404278,
    0.5879629629629629,
    0.5983959311424101,
    0.5911580594679187,
    0.5364501825769432,
    0.5476004173187272,
    0.5614241001564946,
    0.5743348982785602,
    0.5618805425143454,
    0.5578377673448096,
    0.5163667188315075,
    0.44294470526864893,
    0.44966092853416795,
    0.5146061554512258,
    0.5078899321857068,
    0.4476395409494001,
    0.4378586332811685,
    0.3973004694835681,
    0.4544861763171622,
    0.4865675534689619,
    0.4946531038080334,
    0.5216484089723525,
    0.5534689619196662,
    0.5997652582159625,
    0.6242175273865415,
    0.6517996870109546,
    0.686619718309859,
    0.6970526864893062,
    0.7326551904016692,
    0.8162493479394888,
    0.8579160146061554,
    0.8855633802816901,
    0.8922143974960877,
    0.9046687532603025,
    0.9134063641105894,
    0.9346635367762128,
    0.9741784037558686,
    0.9926317162232655,
    0.9568988002086595,
    0.7051382368283777,
    0.6658189880020866,
    0.7646061554512259,
    0.7462180490349504,
    0.5974830464267084,
    0.5259520083463746,
    0.4123630672926448,
    0.32498695878977574,
    0.34259259259259256,
    0.41529733959311416,
    0.49250130412102244,
    0.5844418362023995,
    0.6549295774647887,
    0.676317162232655,
    0.6508215962441315,
    0.6178273343766302,
    0.6146974439227961,
    0.619131455399061,
    0.618414188836724,
    0.621413667188315,
    0.5984611371935316,
    0.5914840897235263,
    0.6043948878455921
  ],
  "auc_S_inv": [
    0.4769170579029734,
    0.5168231611893583,
    0.5189749608763693,
    0.5119327073552425,
    0.4950443401147626,
    0.5689227960354721,
    0.5737480438184662,
    0.5721178925404278,
    0.5879629629629629,
    0.5983959311424101,
    0.5911580594679187,
    0.5364501825769432,
    0.5476004173187272,
    0.5614241001564946,
    0.5743348982785602,
    0.5618805425143454,
    0.5578377673448096,
    0.5163667188315075,
    0.44294470526864893,
    0.44966092853416795,
    0.5146061554512258,
    0.5078899321857068,
    0.4476395409494001,
    0.4378586332811685,
    0.3973004694835681,
    0.4544861763171622,
    0.4865675534689619,
    0.4946531038080334,
    0.5216484089723525,
    0.5534689619196662,
    0.5997652582159625,
    0.6242175273865415,
    0.6517996870109546,
    0.686619718309859,
    0.6970526864893062,
    0.7326551904016692,
    0.8162493479394888,
    0.8579160146061554,
    0.8855633802816901,
    0.8922143974960877,
    0.9046687532603025,
    0.9134063641105894,
    0.9346635367762128,
    0.9741784037558686,
    0.9926317162232655,
    0.9568988002086595,
    0.7051382368283777,
    0.6658189880020866,
    0.7646061554512259,
    0.7462180490349504,
    0.5974830464267084,
    0.5259520083463746,
    0.4123630672926448,
    0.32498695878977574,
    0.34259259259259256,
    0.41529733959311416,
    0.49250130412102244,
    0.5844418362023995,
    0.6549295774647887,
    0.676317162232655,
    0.6508215962441315,
    0.6178273343766302,
    0.6146974439227961,
    0.619131455399061,
    0.618414188836724,
    0.621413667188315,
    0.5984611371935316,
    0.5914840897235263,
    0.6043948878455921
  ],
  "acc_R_macro": null,
  "auc_T": null,
  "latencies_ms": {
    "C": null,
    "S_raw": -80.0000000745058,
    "S_inv": -80.0000000745058,
    "T": null
  },
  "meta": {
    "align": "sacc",
    "orientation": "horizontal",
    "pt_min_ms": 200.0,
    "n_trials": 250,
    "n_bins": 69,
    "n_units": 78,
    "thr": 0.6,
    "k_bins": 5,
    "norm": "global",
    "baseline_win": null,
    "used_axes_mu_sd": false
  }
}