{
  "time": [
    -0.39000000059604645,
    -0.3799999952316284,
    -0.3700000047683716,
    -0.35999999940395355,
    -0.3499999940395355,
    -0.3400000035762787,
    -0.32999999821186066,
    -0.3199999928474426,
    -0.3100000023841858,
    -0.30000000447034836,
    -0.28999999910593033,
    -0.2800000011920929,
    -0.27000000327825546,
    -0.25999999791383743,
    -0.25,
    -0.24000000208616257,
    -0.23000000044703484,
    -0.2200000025331974,
    -0.21000000089406967,
    -0.19999999925494194,
    -0.1900000013411045,
    -0.17999999970197678,
    -0.16999999806284904,
    -0.1600000001490116,
    -0.14999999850988388,
    -0.13999999687075615,
    -0.12999999895691872,
    -0.11999999918043613,
    -0.10999999940395355,
    -0.09999999962747097,
    -0.08999999985098839,
    -0.0800000000745058,
    -0.07000000029802322,
    -0.06000000052154064,
    -0.049999999813735485,
    -0.0400000000372529,
    -0.03000000026077032,
    -0.020000000251457095,
    -0.010000000009313226,
    0.0,
    0.010000000009313226,
    0.020000000251457095,
    0.03000000026077032,
    0.0400000000372529,
    0.049999999813735485,
    0.06000000052154064,
    0.07000000029802322,
    0.0800000000745058,
    0.08999999985098839,
    0.09999999962747097,
    0.10999999940395355,
    0.11999999918043613,
    0.12999999895691872,
    0.13999999687075615,
    0.14999999850988388,
    0.1600000001490116,
    0.16999999806284904,
    0.17999999970197678,
    0.1900000013411045,
    0.19999999925494194,
    0.21000000089406967,
    0.2200000025331974,
    0.23000000044703484,
    0.24000000208616257,
    0.25,
    0.25999999791383743,
    0.27000000327825546,
    0.2800000011920929,
    0.28999999910593033
  ],
  "auc_C": null,
  "auc_S_raw": [
    0.5140720221606647,
    0.48188365650969534,
    0.46041551246537404,
    0.4929916897506925,
    0.47407202216066485,
    0.4694182825484765,
    0.5303047091412743,
    0.4907479224376731,
    0.45833795013850415,
    0.47072022160664817,
    0.43094182825484767,
    0.4057617728531856,
    0.4286149584487534,
    0.44249307479224387,
    0.44340720221606644,
    0.41606648199445984,
    0.43127423822714683,
    0.5096121883656509,
    0.5149307479224376,
    0.47623268698060944,
    0.4273961218836565,
    0.4381163434903047,
    0.4872853185595568,
    0.4455124653739612,
    0.4573130193905818,
    0.5181717451523545,
    0.5603047091412743,
    0.5835457063711911,
    0.5634903047091413,
    0.5914958448753462,
    0.6523268698060941,
    0.7144875346260388,
    0.7449861495844875,
    0.7828808864265927,
    0.8272853185595568,
    0.8225484764542936,
    0.827146814404432,
    0.8389473684210526,
    0.8402493074792243,
    0.8705263157894737,
    0.8956786703601107,
    0.9177562326869806,
    0.9224653739612189,
    0.9579501385041551,
    0.9285318559556786,
    0.8278947368421052,
    0.8175623268698062,
    0.7857063711911358,
    0.7635457063711911,
    0.7392520775623269,
    0.7368975069252078,
    0.7319944598337951,
    0.6980886426592798,
    0.6766481994459834,
    0.7125207756232688,
    0.7162603878116344,
    0.700027700831025,
    0.6846537396121883,
    0.6679501385041552,
    0.6794736842105262,
    0.6380609418282549,
    0.6377285318559557,
    0.6649030470914127,
    0.6740997229916899,
    0.6341551246537397,
    0.6050415512465375,
    0.5837396121883657,
    0.5992797783933518,
    0.6653462603878116
  ],
  "auc_S_inv": [
    0.5140720221606647,
    0.48188365650969534,
    0.46041551246537404,
    0.4929916897506925,
    0.47407202216066485,
    0.4694182825484765,
    0.5303047091412743,
    0.4907479224376731,
    0.45833795013850415,
    0.47072022160664817,
    0.43094182825484767,
    0.4057617728531856,
    0.4286149584487534,
    0.44249307479224387,
    0.44340720221606644,
    0.41606648199445984,
    0.43127423822714683,
    0.5096121883656509,
    0.5149307479224376,
    0.47623268698060944,
    0.4273961218836565,
    0.4381163434903047,
    0.4872853185595568,
    0.4455124653739612,
    0.4573130193905818,
    0.5181717451523545,
    0.5603047091412743,
    0.5835457063711911,
    0.5634903047091413,
    0.5914958448753462,
    0.6523268698060941,
    0.7144875346260388,
    0.7449861495844875,
    0.7828808864265927,
    0.8272853185595568,
    0.8225484764542936,
    0.827146814404432,
    0.8389473684210526,
    0.8402493074792243,
    0.8705263157894737,
    0.8956786703601107,
    0.9177562326869806,
    0.9224653739612189,
    0.9579501385041551,
    0.9285318559556786,
    0.8278947368421052,
    0.8175623268698062,
    0.7857063711911358,
    0.7635457063711911,
    0.7392520775623269,
    0.7368975069252078,
    0.7319944598337951,
    0.6980886426592798,
    0.6766481994459834,
    0.7125207756232688,
    0.7162603878116344,
    0.700027700831025,
    0.6846537396121883,
    0.6679501385041552,
    0.6794736842105262,
    0.6380609418282549,
    0.6377285318559557,
    0.6649030470914127,
    0.6740997229916899,
    0.6341551246537397,
    0.6050415512465375,
    0.5837396121883657,
    0.5992797783933518,
    0.6653462603878116
  ],
  "acc_R_macro": null,
  "auc_T": null,
  "latencies_ms": {
    "C": null,
    "S_raw": -89.99999985098839,
    "S_inv": -89.99999985098839,
    "T": null
  },
  "meta": {
    "align": "sacc",
    "orientation": "horizontal",
    "pt_min_ms": 200.0,
    "n_trials": 380,
    "n_bins": 69,
    "n_units": 84,
    "thr": 0.6,
    "k_bins": 5,
    "norm": "global",
    "baseline_win": null,
    "used_axes_mu_sd": false
  }
}