{
  "sid": "20201216",
  "align": "stim",
  "features": [
    "C"
  ],
  "winC": [
    0.1,
    0.3
  ],
  "winR": null,
  "winS": null,
  "winT": null,
  "pt_min_ms": 200.0,
  "orientation": "pooled",
  "areas": [
    "MFEF",
    "MLIP",
    "MSC"
  ],
  "tag": "axes_peakbin_stimC-stim-pooled-20mssw",
  "norm": "global",
  "baseline_win": null,
  "clf_binary": "logreg",
  "C_grid": [
    0.1,
    0.3,
    1.0,
    3.0,
    10.0
  ],
  "lda_shrinkage": null,
  "searchC": true,
  "searchS": false,
  "searchT": false,
  "searchR": false,
  "search_step_ms": 20.0,
  "search_len_ms": [
    50.0,
    100.0,
    150.0,
    200.0,
    250.0
  ],
  "search_range_C": "0.00:0.50",
  "search_range_S": null,
  "search_range_T": null,
  "search_range_R": null,
  "search_score_mode": "peak_bin_auc",
  "search_tiebreak": "shortest_then_earliest",
  "search_tol": 0.01,
  "per_area_results": {
    "MFEF": {
      "winC_selected": [
        0.21999999999999997,
        0.26999999999999996
      ],
      "winC_cv_best": 0.9157081545064377,
      "winC_best_param": 0.3,
      "winC_peak_time_ms": 229.99999672174454,
      "winC_peak_auc": 0.9157081545064377,
      "winC_mean_bin_auc": 0.8916550916894265,
      "winC_cv_auc_original": 0.9721268186023042,
      "sC_auc": 0.9157081545064377,
      "n_trials_C": 508
    },
    "MLIP": {
      "winC_selected": [
        0.4200000000000001,
        0.4700000000000001
      ],
      "winC_cv_best": 0.8740226297307843,
      "winC_best_param": 1.0,
      "winC_peak_time_ms": 450.00000298023224,
      "winC_peak_auc": 0.8740226297307843,
      "winC_mean_bin_auc": 0.8493146052802705,
      "winC_cv_auc_original": 0.9490707257589774,
      "sC_auc": 0.8740226297307843,
      "n_trials_C": 508
    },
    "MSC": {
      "winC_selected": [
        0.06,
        0.11
      ],
      "winC_cv_best": 0.7031525555989075,
      "winC_best_param": 10.0,
      "winC_peak_time_ms": 99.99999776482582,
      "winC_peak_auc": 0.7031525555989075,
      "winC_mean_bin_auc": 0.6413796332422941,
      "winC_cv_auc_original": 0.8133680935161047,
      "sC_auc": 0.7031525555989075,
      "n_trials_C": 508
    }
  },
  "rebin_factor": null,
  "sliding_window_ms": 20.0,
  "sliding_step_ms": 10.0,
  "sliding_window_bins": 2,
  "sliding_step_bins": 1
}