{
  "time": [
    -0.39000000059604645,
    -0.3700000047683716,
    -0.3499999940395355,
    -0.32999999821186066,
    -0.3100000023841858,
    -0.28999999910593033,
    -0.27000000327825546,
    -0.25,
    -0.23000000044703484,
    -0.21000000089406967,
    -0.1900000013411045,
    -0.16999999806284904,
    -0.14999999850988388,
    -0.12999999895691872,
    -0.10999999940395355,
    -0.08999999985098839,
    -0.07000000029802322,
    -0.049999999813735485,
    -0.03000000026077032,
    -0.010000000009313226,
    0.010000000009313226,
    0.03000000026077032,
    0.049999999813735485,
    0.07000000029802322,
    0.08999999985098839,
    0.10999999940395355,
    0.12999999895691872,
    0.14999999850988388,
    0.16999999806284904,
    0.1900000013411045,
    0.21000000089406967,
    0.23000000044703484,
    0.25,
    0.27000000327825546,
    0.28999999910593033
  ],
  "auc_C": null,
  "auc_S_raw": [
    0.4643952062430323,
    0.44377090301003347,
    0.4689938684503902,
    0.46007525083612044,
    0.47812151616499443,
    0.5062709030100335,
    0.485716276477146,
    0.5045986622073579,
    0.5232023411371237,
    0.4995122630992196,
    0.5594342251950948,
    0.5279403567447045,
    0.568561872909699,
    0.6535674470457079,
    0.7393394648829432,
    0.7667920847268673,
    0.8715858416945375,
    0.921195652173913,
    0.9211259754738016,
    0.9630713489409142,
    0.9780518394648829,
    0.9610507246376812,
    0.9529682274247491,
    0.9062151616499442,
    0.9069119286510591,
    0.8697045707915274,
    0.8464325529542921,
    0.7471432552954291,
    0.7307692307692308,
    0.7123049052396878,
    0.7203177257525083,
    0.5811733556298774,
    0.6050724637681159,
    0.6333612040133779,
    0.5501672240802675
  ],
  "auc_S_inv": [
    0.4643952062430323,
    0.44377090301003347,
    0.4689938684503902,
    0.46007525083612044,
    0.47812151616499443,
    0.5062709030100335,
    0.485716276477146,
    0.5045986622073579,
    0.5232023411371237,
    0.4995122630992196,
    0.5594342251950948,
    0.5279403567447045,
    0.568561872909699,
    0.6535674470457079,
    0.7393394648829432,
    0.7667920847268673,
    0.8715858416945375,
    0.921195652173913,
    0.9211259754738016,
    0.9630713489409142,
    0.9780518394648829,
    0.9610507246376812,
    0.9529682274247491,
    0.9062151616499442,
    0.9069119286510591,
    0.8697045707915274,
    0.8464325529542921,
    0.7471432552954291,
    0.7307692307692308,
    0.7123049052396878,
    0.7203177257525083,
    0.5811733556298774,
    0.6050724637681159,
    0.6333612040133779,
    0.5501672240802675
  ],
  "acc_R_macro": null,
  "auc_T": null,
  "latencies_ms": {
    "C": null,
    "S_raw": -129.99999895691872,
    "S_inv": -129.99999895691872,
    "T": null
  },
  "meta": {
    "align": "sacc",
    "orientation": "horizontal",
    "pt_min_ms": 200.0,
    "n_trials": 242,
    "n_bins": 35,
    "n_units": 80,
    "thr": 0.6,
    "k_bins": 5,
    "norm": "global",
    "baseline_win": null,
    "used_axes_mu_sd": false
  }
}