{
  "sid": "20231103",
  "align": "stim",
  "features": [
    "C"
  ],
  "winC": [
    0.1,
    0.3
  ],
  "winR": null,
  "winS": null,
  "winT": null,
  "pt_min_ms": 200.0,
  "orientation": "horizontal",
  "areas": [
    "SFEF",
    "SLIP",
    "SSC"
  ],
  "tag": "axes_peakbin_stimC-stim-horizontal-20mssw_nofilter",
  "norm": "global",
  "baseline_win": null,
  "clf_binary": "logreg",
  "C_grid": [
    0.1,
    0.3,
    1.0,
    3.0,
    10.0
  ],
  "lda_shrinkage": null,
  "searchC": true,
  "searchS": false,
  "searchT": false,
  "searchR": false,
  "search_step_ms": 20.0,
  "search_len_ms": [
    50.0,
    100.0,
    150.0,
    200.0,
    250.0
  ],
  "search_range_C": "0.00:0.50",
  "search_range_S": null,
  "search_range_T": null,
  "search_range_R": null,
  "search_score_mode": "peak_bin_auc",
  "search_tiebreak": "shortest_then_earliest",
  "search_tol": 0.01,
  "per_area_results": {
    "SFEF": {
      "winC_selected": [
        0.18,
        0.32999999999999996
      ],
      "winC_cv_best": 0.9484126984126984,
      "winC_best_param": 0.1,
      "winC_peak_time_ms": 250.0,
      "winC_peak_auc": 0.9484126984126984,
      "winC_mean_bin_auc": 0.820568783068783,
      "winC_cv_auc_original": 0.909047619047619,
      "sC_auc": 0.9484126984126984,
      "n_trials_C": 64
    },
    "SLIP": {
      "winC_selected": [
        0.27999999999999997,
        0.32999999999999996
      ],
      "winC_cv_best": 0.7991071428571429,
      "winC_best_param": 0.1,
      "winC_peak_time_ms": 310.0000023841858,
      "winC_peak_auc": 0.7991071428571429,
      "winC_mean_bin_auc": 0.6515376984126984,
      "winC_cv_auc_original": 0.7923809523809524,
      "sC_auc": 0.7991071428571429,
      "n_trials_C": 64
    },
    "SSC": {
      "winC_selected": [
        0.04,
        0.14
      ],
      "winC_cv_best": 0.8313492063492064,
      "winC_best_param": 0.1,
      "winC_peak_time_ms": 80.00000193715096,
      "winC_peak_auc": 0.8313492063492064,
      "winC_mean_bin_auc": 0.6881944444444443,
      "winC_cv_auc_original": 0.7842857142857144,
      "sC_auc": 0.8313492063492064,
      "n_trials_C": 64
    }
  },
  "rebin_factor": null,
  "sliding_window_ms": 20.0,
  "sliding_step_ms": 10.0,
  "sliding_window_bins": 2,
  "sliding_step_bins": 1
}