{
  "time": [
    -0.39000000059604645,
    -0.3799999952316284,
    -0.3700000047683716,
    -0.35999999940395355,
    -0.3499999940395355,
    -0.3400000035762787,
    -0.32999999821186066,
    -0.3199999928474426,
    -0.3100000023841858,
    -0.30000000447034836,
    -0.28999999910593033,
    -0.2800000011920929,
    -0.27000000327825546,
    -0.25999999791383743,
    -0.25,
    -0.24000000208616257,
    -0.23000000044703484,
    -0.2200000025331974,
    -0.21000000089406967,
    -0.19999999925494194,
    -0.1900000013411045,
    -0.17999999970197678,
    -0.16999999806284904,
    -0.1600000001490116,
    -0.14999999850988388,
    -0.13999999687075615,
    -0.12999999895691872,
    -0.11999999918043613,
    -0.10999999940395355,
    -0.09999999962747097,
    -0.08999999985098839,
    -0.0800000000745058,
    -0.07000000029802322,
    -0.06000000052154064,
    -0.049999999813735485,
    -0.0400000000372529,
    -0.03000000026077032,
    -0.020000000251457095,
    -0.010000000009313226,
    0.0,
    0.010000000009313226,
    0.020000000251457095,
    0.03000000026077032,
    0.0400000000372529,
    0.049999999813735485,
    0.06000000052154064,
    0.07000000029802322,
    0.0800000000745058,
    0.08999999985098839,
    0.09999999962747097,
    0.10999999940395355,
    0.11999999918043613,
    0.12999999895691872,
    0.13999999687075615,
    0.14999999850988388,
    0.1600000001490116,
    0.16999999806284904,
    0.17999999970197678,
    0.1900000013411045
  ],
  "auc_C": null,
  "auc_S_raw": [
    0.5131301939058172,
    0.4830193905817174,
    0.4612465373961219,
    0.49224376731301944,
    0.4762603878116343,
    0.47008310249307483,
    0.5283933518005539,
    0.4878116343490305,
    0.45842105263157895,
    0.4725761772853186,
    0.4326592797783934,
    0.4060664819944598,
    0.4293628808864266,
    0.4442659279778393,
    0.44229916897506927,
    0.4147368421052631,
    0.43049861495844877,
    0.5098614958448753,
    0.5146260387811634,
    0.4760664819944599,
    0.4286980609418283,
    0.44033240997229917,
    0.4867036011080332,
    0.4447091412742382,
    0.4573961218836565,
    0.5178947368421052,
    0.5595013850415512,
    0.5846814404432132,
    0.5619390581717452,
    0.5885872576177285,
    0.6502216066481994,
    0.7136288088642659,
    0.7432686980609419,
    0.7803047091412743,
    0.8269806094182827,
    0.8213573407202216,
    0.8265927977839336,
    0.8357063711911358,
    0.8394459833795014,
    0.8705817174515236,
    0.8943767313019391,
    0.9175069252077562,
    0.9222714681440444,
    0.9571191135734072,
    0.9279501385041551,
    0.8251246537396123,
    0.8153739612188367,
    0.784819944598338,
    0.7618559556786704,
    0.7411080332409972,
    0.7395844875346262,
    0.7314681440443214,
    0.6969252077562327,
    0.6782271468144044,
    0.7131578947368422,
    0.7169529085872577,
    0.7029362880886427,
    0.6877008310249308,
    0.672382271468144
  ],
  "auc_S_inv": [
    0.5131301939058172,
    0.4830193905817174,
    0.4612465373961219,
    0.49224376731301944,
    0.4762603878116343,
    0.47008310249307483,
    0.5283933518005539,
    0.4878116343490305,
    0.45842105263157895,
    0.4725761772853186,
    0.4326592797783934,
    0.4060664819944598,
    0.4293628808864266,
    0.4442659279778393,
    0.44229916897506927,
    0.4147368421052631,
    0.43049861495844877,
    0.5098614958448753,
    0.5146260387811634,
    0.4760664819944599,
    0.4286980609418283,
    0.44033240997229917,
    0.4867036011080332,
    0.4447091412742382,
    0.4573961218836565,
    0.5178947368421052,
    0.5595013850415512,
    0.5846814404432132,
    0.5619390581717452,
    0.5885872576177285,
    0.6502216066481994,
    0.7136288088642659,
    0.7432686980609419,
    0.7803047091412743,
    0.8269806094182827,
    0.8213573407202216,
    0.8265927977839336,
    0.8357063711911358,
    0.8394459833795014,
    0.8705817174515236,
    0.8943767313019391,
    0.9175069252077562,
    0.9222714681440444,
    0.9571191135734072,
    0.9279501385041551,
    0.8251246537396123,
    0.8153739612188367,
    0.784819944598338,
    0.7618559556786704,
    0.7411080332409972,
    0.7395844875346262,
    0.7314681440443214,
    0.6969252077562327,
    0.6782271468144044,
    0.7131578947368422,
    0.7169529085872577,
    0.7029362880886427,
    0.6877008310249308,
    0.672382271468144
  ],
  "acc_R_macro": null,
  "auc_T": null,
  "latencies_ms": {
    "C": null,
    "S_raw": -89.99999985098839,
    "S_inv": -89.99999985098839,
    "T": null
  },
  "meta": {
    "align": "sacc",
    "orientation": "horizontal",
    "pt_min_ms": 200.0,
    "n_trials": 380,
    "n_bins": 59,
    "n_units": 84,
    "thr": 0.6,
    "k_bins": 5,
    "norm": "global",
    "baseline_win": null,
    "used_axes_mu_sd": false
  }
}