{
  "time": [
    -0.39000000059604645,
    -0.3799999952316284,
    -0.3700000047683716,
    -0.35999999940395355,
    -0.3499999940395355,
    -0.3400000035762787,
    -0.32999999821186066,
    -0.3199999928474426,
    -0.3100000023841858,
    -0.30000000447034836,
    -0.28999999910593033,
    -0.2800000011920929,
    -0.27000000327825546,
    -0.25999999791383743,
    -0.25,
    -0.24000000208616257,
    -0.23000000044703484,
    -0.2200000025331974,
    -0.21000000089406967,
    -0.19999999925494194,
    -0.1900000013411045,
    -0.17999999970197678,
    -0.16999999806284904,
    -0.1600000001490116,
    -0.14999999850988388,
    -0.13999999687075615,
    -0.12999999895691872,
    -0.11999999918043613,
    -0.10999999940395355,
    -0.09999999962747097,
    -0.08999999985098839,
    -0.0800000000745058,
    -0.07000000029802322,
    -0.06000000052154064,
    -0.049999999813735485,
    -0.0400000000372529,
    -0.03000000026077032,
    -0.020000000251457095,
    -0.010000000009313226,
    0.0,
    0.010000000009313226,
    0.020000000251457095,
    0.03000000026077032,
    0.0400000000372529,
    0.049999999813735485,
    0.06000000052154064,
    0.07000000029802322,
    0.0800000000745058,
    0.08999999985098839,
    0.09999999962747097,
    0.10999999940395355,
    0.11999999918043613,
    0.12999999895691872,
    0.13999999687075615,
    0.14999999850988388,
    0.1600000001490116,
    0.16999999806284904,
    0.17999999970197678,
    0.1900000013411045
  ],
  "auc_C": null,
  "auc_S_raw": [
    0.5124653739612188,
    0.5113019390581718,
    0.47753462603878116,
    0.4977285318559557,
    0.48986149584487537,
    0.50797783933518,
    0.5108864265927978,
    0.5381440443213296,
    0.5623268698060943,
    0.49044321329639884,
    0.4794182825484765,
    0.5338504155124654,
    0.5456232686980609,
    0.5086980609418283,
    0.5047091412742383,
    0.4802770083102493,
    0.5183102493074793,
    0.4987534626038781,
    0.5076454293628809,
    0.5538504155124654,
    0.48999999999999994,
    0.47055401662049856,
    0.4709695290858725,
    0.4798614958448753,
    0.4449861495844875,
    0.4772299168975069,
    0.48844875346260386,
    0.5057894736842106,
    0.5188365650969529,
    0.5318836565096953,
    0.5871191135734072,
    0.5956509695290859,
    0.6117728531855956,
    0.6885872576177287,
    0.753545706371191,
    0.7504986149584487,
    0.7778393351800553,
    0.8397229916897508,
    0.8633240997229917,
    0.8881163434903047,
    0.8984764542936288,
    0.9278947368421052,
    0.9207756232686981,
    0.9332686980609419,
    0.9578116343490306,
    0.9668698060941828,
    0.9579501385041551,
    0.9382548476454294,
    0.9449584487534626,
    0.944404432132964,
    0.9333518005540166,
    0.9108587257617728,
    0.8742382271468143,
    0.8073961218836565,
    0.7552354570637119,
    0.7307479224376732,
    0.6906648199445984,
    0.6729362880886427,
    0.6996398891966757
  ],
  "auc_S_inv": [
    0.5124653739612188,
    0.5113019390581718,
    0.47753462603878116,
    0.4977285318559557,
    0.48986149584487537,
    0.50797783933518,
    0.5108864265927978,
    0.5381440443213296,
    0.5623268698060943,
    0.49044321329639884,
    0.4794182825484765,
    0.5338504155124654,
    0.5456232686980609,
    0.5086980609418283,
    0.5047091412742383,
    0.4802770083102493,
    0.5183102493074793,
    0.4987534626038781,
    0.5076454293628809,
    0.5538504155124654,
    0.48999999999999994,
    0.47055401662049856,
    0.4709695290858725,
    0.4798614958448753,
    0.4449861495844875,
    0.4772299168975069,
    0.48844875346260386,
    0.5057894736842106,
    0.5188365650969529,
    0.5318836565096953,
    0.5871191135734072,
    0.5956509695290859,
    0.6117728531855956,
    0.6885872576177287,
    0.753545706371191,
    0.7504986149584487,
    0.7778393351800553,
    0.8397229916897508,
    0.8633240997229917,
    0.8881163434903047,
    0.8984764542936288,
    0.9278947368421052,
    0.9207756232686981,
    0.9332686980609419,
    0.9578116343490306,
    0.9668698060941828,
    0.9579501385041551,
    0.9382548476454294,
    0.9449584487534626,
    0.944404432132964,
    0.9333518005540166,
    0.9108587257617728,
    0.8742382271468143,
    0.8073961218836565,
    0.7552354570637119,
    0.7307479224376732,
    0.6906648199445984,
    0.6729362880886427,
    0.6996398891966757
  ],
  "acc_R_macro": null,
  "auc_T": null,
  "latencies_ms": {
    "C": null,
    "S_raw": -70.00000029802322,
    "S_inv": -70.00000029802322,
    "T": null
  },
  "meta": {
    "align": "sacc",
    "orientation": "horizontal",
    "pt_min_ms": 200.0,
    "n_trials": 380,
    "n_bins": 59,
    "n_units": 87,
    "thr": 0.6,
    "k_bins": 5,
    "norm": "global",
    "baseline_win": null,
    "used_axes_mu_sd": false
  }
}