{
  "sid": "20200328",
  "align": "sacc",
  "features": [
    "C",
    "S"
  ],
  "winC": [
    -0.3,
    -0.18
  ],
  "winR": null,
  "winS": [
    -0.1,
    -0.03
  ],
  "winT": null,
  "pt_min_ms": 200.0,
  "orientation": "horizontal",
  "areas": [
    "MFEF",
    "MLIP"
  ],
  "tag": "axes_peakbin_saccCS-sacc-horizontal-20mssw_nofilter",
  "norm": "global",
  "baseline_win": null,
  "clf_binary": "logreg",
  "C_grid": [
    0.1,
    0.3,
    1.0,
    3.0,
    10.0
  ],
  "lda_shrinkage": null,
  "searchC": true,
  "searchS": true,
  "searchT": false,
  "searchR": false,
  "search_step_ms": 20.0,
  "search_len_ms": [
    50.0,
    100.0,
    150.0,
    200.0,
    250.0
  ],
  "search_range_C": "-0.20:0.05",
  "search_range_S": "-0.20:0.05",
  "search_range_T": null,
  "search_range_R": null,
  "search_score_mode": "peak_bin_auc",
  "search_tiebreak": "shortest_then_closest0",
  "search_tol": 0.01,
  "per_area_results": {
    "MFEF": {
      "winC_selected": [
        -2.0816681711721685e-17,
        0.04999999999999998
      ],
      "winC_cv_best": 0.9379284556898915,
      "winC_best_param": 0.3,
      "winC_peak_time_ms": 10.000000009313226,
      "winC_peak_auc": 0.9379284556898915,
      "winC_mean_bin_auc": 0.9168744027587353,
      "winC_cv_auc_original": 0.9893884226717811,
      "winS_selected": [
        -0.02000000000000002,
        0.02999999999999998
      ],
      "winS_cv_best": 1.0,
      "winS_peak_time_ms": -10.000000009313226,
      "winS_peak_auc": 1.0,
      "sC_auc": 0.9379284556898915,
      "n_trials_C": 255
    },
    "MLIP": {
      "winC_selected": [
        -0.060000000000000026,
        0.03999999999999998
      ],
      "winC_cv_best": 0.8488719930200673,
      "winC_best_param": 1.0,
      "winC_peak_time_ms": 0.0,
      "winC_peak_auc": 0.8488719930200673,
      "winC_mean_bin_auc": 0.7764621158613431,
      "winC_cv_auc_original": 0.9241486399657314,
      "winS_selected": [
        -2.0816681711721685e-17,
        0.04999999999999998
      ],
      "winS_cv_best": 0.986061428395214,
      "winS_peak_time_ms": 40.0000000372529,
      "winS_peak_auc": 0.986061428395214,
      "sC_auc": 0.8488719930200673,
      "n_trials_C": 255
    }
  },
  "rebin_factor": null,
  "sliding_window_ms": 20.0,
  "sliding_step_ms": 10.0,
  "sliding_window_bins": 4,
  "sliding_step_bins": 2
}