{
  "time": [
    -0.39000000059604645,
    -0.3700000047683716,
    -0.3499999940395355,
    -0.32999999821186066,
    -0.3100000023841858,
    -0.28999999910593033,
    -0.27000000327825546,
    -0.25,
    -0.23000000044703484,
    -0.21000000089406967,
    -0.1900000013411045,
    -0.16999999806284904,
    -0.14999999850988388,
    -0.12999999895691872,
    -0.10999999940395355,
    -0.08999999985098839,
    -0.07000000029802322,
    -0.049999999813735485,
    -0.03000000026077032,
    -0.010000000009313226,
    0.010000000009313226,
    0.03000000026077032,
    0.049999999813735485,
    0.07000000029802322,
    0.08999999985098839,
    0.10999999940395355,
    0.12999999895691872,
    0.14999999850988388,
    0.16999999806284904,
    0.1900000013411045,
    0.21000000089406967,
    0.23000000044703484,
    0.25,
    0.27000000327825546,
    0.28999999910593033
  ],
  "auc_C": null,
  "auc_S_raw": [
    0.5179963617463618,
    0.5096803534303534,
    0.4567307692307693,
    0.47245322245322247,
    0.5610706860706861,
    0.5254677754677755,
    0.5279365904365905,
    0.5682822245322247,
    0.518256237006237,
    0.49074194386694386,
    0.5358952702702703,
    0.5379417879417879,
    0.4733627858627859,
    0.5697765072765072,
    0.5583419958419958,
    0.5757536382536382,
    0.6225636694386695,
    0.6887993762993763,
    0.6490709459459459,
    0.6753183471933472,
    0.5827053014553015,
    0.5802689708939709,
    0.4447440228690228,
    0.542489604989605,
    0.530925155925156,
    0.5550285862785862,
    0.5351481288981289,
    0.47946985446985446,
    0.5539241164241164,
    0.6339656964656964,
    0.6600181912681913,
    0.6185680873180874,
    0.5764033264033264,
    0.550220893970894,
    0.617983367983368
  ],
  "auc_S_inv": [
    0.5179963617463618,
    0.5096803534303534,
    0.4567307692307693,
    0.47245322245322247,
    0.5610706860706861,
    0.5254677754677755,
    0.5279365904365905,
    0.5682822245322247,
    0.518256237006237,
    0.49074194386694386,
    0.5358952702702703,
    0.5379417879417879,
    0.4733627858627859,
    0.5697765072765072,
    0.5583419958419958,
    0.5757536382536382,
    0.6225636694386695,
    0.6887993762993763,
    0.6490709459459459,
    0.6753183471933472,
    0.5827053014553015,
    0.5802689708939709,
    0.4447440228690228,
    0.542489604989605,
    0.530925155925156,
    0.5550285862785862,
    0.5351481288981289,
    0.47946985446985446,
    0.5539241164241164,
    0.6339656964656964,
    0.6600181912681913,
    0.6185680873180874,
    0.5764033264033264,
    0.550220893970894,
    0.617983367983368
  ],
  "acc_R_macro": null,
  "auc_T": null,
  "latencies_ms": {
    "C": null,
    "S_raw": null,
    "S_inv": null,
    "T": null
  },
  "meta": {
    "align": "sacc",
    "orientation": "horizontal",
    "pt_min_ms": 200.0,
    "n_trials": 252,
    "n_bins": 35,
    "n_units": 28,
    "thr": 0.6,
    "k_bins": 5,
    "norm": "global",
    "baseline_win": null,
    "used_axes_mu_sd": false
  }
}