{
  "time": [
    -0.39000000059604645,
    -0.3799999952316284,
    -0.3700000047683716,
    -0.35999999940395355,
    -0.3499999940395355,
    -0.3400000035762787,
    -0.32999999821186066,
    -0.3199999928474426,
    -0.3100000023841858,
    -0.30000000447034836,
    -0.28999999910593033,
    -0.2800000011920929,
    -0.27000000327825546,
    -0.25999999791383743,
    -0.25,
    -0.24000000208616257,
    -0.23000000044703484,
    -0.2200000025331974,
    -0.21000000089406967,
    -0.19999999925494194,
    -0.1900000013411045,
    -0.17999999970197678,
    -0.16999999806284904,
    -0.1600000001490116,
    -0.14999999850988388,
    -0.13999999687075615,
    -0.12999999895691872,
    -0.11999999918043613,
    -0.10999999940395355,
    -0.09999999962747097,
    -0.08999999985098839,
    -0.0800000000745058,
    -0.07000000029802322,
    -0.06000000052154064,
    -0.049999999813735485,
    -0.0400000000372529,
    -0.03000000026077032,
    -0.020000000251457095,
    -0.010000000009313226,
    0.0,
    0.010000000009313226,
    0.020000000251457095,
    0.03000000026077032,
    0.0400000000372529,
    0.049999999813735485,
    0.06000000052154064,
    0.07000000029802322,
    0.0800000000745058,
    0.08999999985098839,
    0.09999999962747097,
    0.10999999940395355,
    0.11999999918043613,
    0.12999999895691872,
    0.13999999687075615,
    0.14999999850988388,
    0.1600000001490116,
    0.16999999806284904,
    0.17999999970197678,
    0.1900000013411045,
    0.19999999925494194,
    0.21000000089406967,
    0.2200000025331974,
    0.23000000044703484,
    0.24000000208616257,
    0.25,
    0.25999999791383743,
    0.27000000327825546,
    0.2800000011920929,
    0.28999999910593033
  ],
  "auc_C": null,
  "auc_S_raw": [
    0.5246666085592261,
    0.5540835003922253,
    0.5261265580057527,
    0.5119628693454197,
    0.4704741567157674,
    0.45408785845027455,
    0.4753333914407739,
    0.5066242482349864,
    0.5099145820622331,
    0.5110694674453063,
    0.5542578227141985,
    0.5588773642464917,
    0.4987143728754467,
    0.5126383683430663,
    0.5271724919375926,
    0.5305064063453325,
    0.5137060925651529,
    0.48836398500828027,
    0.5315741305674191,
    0.5143815915627996,
    0.4288547023446352,
    0.4834393794125338,
    0.47962607861936724,
    0.4942909439553735,
    0.5068857317179465,
    0.4959252157238735,
    0.5494203782794387,
    0.5589863156977251,
    0.5239475289810861,
    0.6004532380371307,
    0.601542752549464,
    0.6019567680641507,
    0.6761091257735552,
    0.6975725616665214,
    0.7140678113832478,
    0.8300793166564979,
    0.9690795781399809,
    0.9996949359365467,
    1.0,
    0.9993462912926,
    0.9269807373834219,
    0.7299747232633138,
    0.8027542926871786,
    0.8150875969667916,
    0.7775429268717859,
    0.7739039484005927,
    0.7865858973241523,
    0.7338969755077138,
    0.7180554344983875,
    0.7104724134925477,
    0.6841061622940818,
    0.7096225921729279,
    0.7059182428309945,
    0.6729713239780353,
    0.6197376449054302,
    0.5532772596530986,
    0.5789680118539179,
    0.536476945872919,
    0.47980040094134047,
    0.4683387082715942,
    0.4202693279874488,
    0.4319707138499084,
    0.45938289898021445,
    0.4296173625032685,
    0.3910703390569161,
    0.4287021703129086,
    0.4119890176937157,
    0.4385949620848949,
    0.4427786978122549
  ],
  "auc_S_inv": [
    0.5246666085592261,
    0.5540835003922253,
    0.5261265580057527,
    0.5119628693454197,
    0.4704741567157674,
    0.45408785845027455,
    0.4753333914407739,
    0.5066242482349864,
    0.5099145820622331,
    0.5110694674453063,
    0.5542578227141985,
    0.5588773642464917,
    0.4987143728754467,
    0.5126383683430663,
    0.5271724919375926,
    0.5305064063453325,
    0.5137060925651529,
    0.48836398500828027,
    0.5315741305674191,
    0.5143815915627996,
    0.4288547023446352,
    0.4834393794125338,
    0.47962607861936724,
    0.4942909439553735,
    0.5068857317179465,
    0.4959252157238735,
    0.5494203782794387,
    0.5589863156977251,
    0.5239475289810861,
    0.6004532380371307,
    0.601542752549464,
    0.6019567680641507,
    0.6761091257735552,
    0.6975725616665214,
    0.7140678113832478,
    0.8300793166564979,
    0.9690795781399809,
    0.9996949359365467,
    1.0,
    0.9993462912926,
    0.9269807373834219,
    0.7299747232633138,
    0.8027542926871786,
    0.8150875969667916,
    0.7775429268717859,
    0.7739039484005927,
    0.7865858973241523,
    0.7338969755077138,
    0.7180554344983875,
    0.7104724134925477,
    0.6841061622940818,
    0.7096225921729279,
    0.7059182428309945,
    0.6729713239780353,
    0.6197376449054302,
    0.5532772596530986,
    0.5789680118539179,
    0.536476945872919,
    0.47980040094134047,
    0.4683387082715942,
    0.4202693279874488,
    0.4319707138499084,
    0.45938289898021445,
    0.4296173625032685,
    0.3910703390569161,
    0.4287021703129086,
    0.4119890176937157,
    0.4385949620848949,
    0.4427786978122549
  ],
  "acc_R_macro": null,
  "auc_T": null,
  "latencies_ms": {
    "C": null,
    "S_raw": -99.99999962747097,
    "S_inv": -99.99999962747097,
    "T": null
  },
  "meta": {
    "align": "sacc",
    "orientation": "horizontal",
    "pt_min_ms": 200.0,
    "n_trials": 303,
    "n_bins": 69,
    "n_units": 23,
    "thr": 0.6,
    "k_bins": 5,
    "norm": "global",
    "baseline_win": null,
    "used_axes_mu_sd": false
  }
}