sid,A,B,median_dC,prop_B_after_A_C,median_dR,prop_B_after_A_R,thrC_used_A,thrC_used_B,thrR_used_A,thrR_used_B,hold_m,tmin,smooth_bins,auto_thr,auto_strategy,auto_targetC,auto_targetR
20231205,SFEF,SLIP,,,0.0,0.11755233494363929,0.65,0.65,0.45,0.45,3,0.07,3,False,,,
20231205,SFEF,SSC,,,0.0,0.11916264090177134,0.65,0.65,0.45,0.45,3,0.07,3,False,,,
20231205,SLIP,SFEF,,,0.0,0.15942028985507245,0.65,0.65,0.45,0.45,3,0.07,3,False,,,
20231205,SLIP,SSC,,,0.0,0.12560386473429952,0.65,0.65,0.45,0.45,3,0.07,3,False,,,
20231205,SSC,SFEF,,,0.0,0.16264090177133655,0.65,0.65,0.45,0.45,3,0.07,3,False,,,
20231205,SSC,SLIP,,,0.0,0.12721417069243157,0.65,0.65,0.45,0.45,3,0.07,3,False,,,
