{
  "time": [
    -0.39000000059604645,
    -0.3799999952316284,
    -0.3700000047683716,
    -0.35999999940395355,
    -0.3499999940395355,
    -0.3400000035762787,
    -0.32999999821186066,
    -0.3199999928474426,
    -0.3100000023841858,
    -0.30000000447034836,
    -0.28999999910593033,
    -0.2800000011920929,
    -0.27000000327825546,
    -0.25999999791383743,
    -0.25,
    -0.24000000208616257,
    -0.23000000044703484,
    -0.2200000025331974,
    -0.21000000089406967,
    -0.19999999925494194,
    -0.1900000013411045,
    -0.17999999970197678,
    -0.16999999806284904,
    -0.1600000001490116,
    -0.14999999850988388,
    -0.13999999687075615,
    -0.12999999895691872,
    -0.11999999918043613,
    -0.10999999940395355,
    -0.09999999962747097,
    -0.08999999985098839,
    -0.0800000000745058,
    -0.07000000029802322,
    -0.06000000052154064,
    -0.049999999813735485,
    -0.0400000000372529,
    -0.03000000026077032,
    -0.020000000251457095,
    -0.010000000009313226,
    0.0,
    0.010000000009313226,
    0.020000000251457095,
    0.03000000026077032,
    0.0400000000372529,
    0.049999999813735485,
    0.06000000052154064,
    0.07000000029802322,
    0.0800000000745058,
    0.08999999985098839,
    0.09999999962747097,
    0.10999999940395355,
    0.11999999918043613,
    0.12999999895691872,
    0.13999999687075615,
    0.14999999850988388,
    0.1600000001490116,
    0.16999999806284904,
    0.17999999970197678,
    0.1900000013411045
  ],
  "auc_C": null,
  "auc_S_raw": [
    0.45227832512315264,
    0.45172413793103444,
    0.49144088669950736,
    0.5320812807881774,
    0.49883004926108376,
    0.43023399014778324,
    0.4706896551724138,
    0.5586822660098523,
    0.4902093596059114,
    0.5098522167487686,
    0.5164408866995074,
    0.4977832512315271,
    0.493442118226601,
    0.5004310344827586,
    0.503448275862069,
    0.4895935960591133,
    0.5360221674876847,
    0.5386391625615764,
    0.4591440886699507,
    0.47764778325123153,
    0.5122229064039409,
    0.4956896551724138,
    0.470289408866995,
    0.4652401477832513,
    0.44181034482758624,
    0.49670566502463054,
    0.5574815270935961,
    0.4903325123152709,
    0.518134236453202,
    0.5398706896551724,
    0.5362068965517242,
    0.524045566502463,
    0.5175800492610837,
    0.5882697044334975,
    0.5588362068965517,
    0.5623768472906403,
    0.6002463054187193,
    0.6100985221674877,
    0.6387315270935962,
    0.7240763546798028,
    0.7402401477832513,
    0.6625923645320198,
    0.6895935960591133,
    0.7459051724137932,
    0.7689347290640394,
    0.779094827586207,
    0.7783866995073891,
    0.7647475369458128,
    0.6663485221674876,
    0.5766933497536947,
    0.6390086206896551,
    0.6754310344827585,
    0.6641009852216748,
    0.6357450738916257,
    0.5926724137931034,
    0.6149322660098522,
    0.6269704433497536,
    0.5436268472906405,
    0.5788793103448275
  ],
  "auc_S_inv": [
    0.45227832512315264,
    0.45172413793103444,
    0.49144088669950736,
    0.5320812807881774,
    0.49883004926108376,
    0.43023399014778324,
    0.4706896551724138,
    0.5586822660098523,
    0.4902093596059114,
    0.5098522167487686,
    0.5164408866995074,
    0.4977832512315271,
    0.493442118226601,
    0.5004310344827586,
    0.503448275862069,
    0.4895935960591133,
    0.5360221674876847,
    0.5386391625615764,
    0.4591440886699507,
    0.47764778325123153,
    0.5122229064039409,
    0.4956896551724138,
    0.470289408866995,
    0.4652401477832513,
    0.44181034482758624,
    0.49670566502463054,
    0.5574815270935961,
    0.4903325123152709,
    0.518134236453202,
    0.5398706896551724,
    0.5362068965517242,
    0.524045566502463,
    0.5175800492610837,
    0.5882697044334975,
    0.5588362068965517,
    0.5623768472906403,
    0.6002463054187193,
    0.6100985221674877,
    0.6387315270935962,
    0.7240763546798028,
    0.7402401477832513,
    0.6625923645320198,
    0.6895935960591133,
    0.7459051724137932,
    0.7689347290640394,
    0.779094827586207,
    0.7783866995073891,
    0.7647475369458128,
    0.6663485221674876,
    0.5766933497536947,
    0.6390086206896551,
    0.6754310344827585,
    0.6641009852216748,
    0.6357450738916257,
    0.5926724137931034,
    0.6149322660098522,
    0.6269704433497536,
    0.5436268472906405,
    0.5788793103448275
  ],
  "acc_R_macro": null,
  "auc_T": null,
  "latencies_ms": {
    "C": null,
    "S_raw": -30.00000026077032,
    "S_inv": -30.00000026077032,
    "T": null
  },
  "meta": {
    "align": "sacc",
    "orientation": "horizontal",
    "pt_min_ms": 200.0,
    "n_trials": 256,
    "n_bins": 59,
    "n_units": 46,
    "thr": 0.6,
    "k_bins": 5,
    "norm": "global",
    "baseline_win": null,
    "used_axes_mu_sd": false
  }
}