{
  "time": [
    -0.39000000059604645,
    -0.3799999952316284,
    -0.3700000047683716,
    -0.35999999940395355,
    -0.3499999940395355,
    -0.3400000035762787,
    -0.32999999821186066,
    -0.3199999928474426,
    -0.3100000023841858,
    -0.30000000447034836,
    -0.28999999910593033,
    -0.2800000011920929,
    -0.27000000327825546,
    -0.25999999791383743,
    -0.25,
    -0.24000000208616257,
    -0.23000000044703484,
    -0.2200000025331974,
    -0.21000000089406967,
    -0.19999999925494194,
    -0.1900000013411045,
    -0.17999999970197678,
    -0.16999999806284904,
    -0.1600000001490116,
    -0.14999999850988388,
    -0.13999999687075615,
    -0.12999999895691872,
    -0.11999999918043613,
    -0.10999999940395355,
    -0.09999999962747097,
    -0.08999999985098839,
    -0.0800000000745058,
    -0.07000000029802322,
    -0.06000000052154064,
    -0.049999999813735485,
    -0.0400000000372529,
    -0.03000000026077032,
    -0.020000000251457095,
    -0.010000000009313226,
    0.0,
    0.010000000009313226,
    0.020000000251457095,
    0.03000000026077032,
    0.0400000000372529,
    0.049999999813735485,
    0.06000000052154064,
    0.07000000029802322,
    0.0800000000745058,
    0.08999999985098839,
    0.09999999962747097,
    0.10999999940395355,
    0.11999999918043613,
    0.12999999895691872,
    0.13999999687075615,
    0.14999999850988388,
    0.1600000001490116,
    0.16999999806284904,
    0.17999999970197678,
    0.1900000013411045
  ],
  "auc_C": null,
  "auc_S_raw": [
    0.5617857142857143,
    0.5123214285714286,
    0.48047619047619045,
    0.47160714285714295,
    0.5291071428571429,
    0.5400595238095238,
    0.5738690476190477,
    0.5520238095238095,
    0.47077380952380954,
    0.49642857142857144,
    0.46523809523809523,
    0.4596428571428572,
    0.5235119047619048,
    0.5246428571428572,
    0.5206547619047619,
    0.49,
    0.4648214285714286,
    0.44232142857142853,
    0.4228571428571428,
    0.4625595238095238,
    0.45119047619047614,
    0.46589285714285716,
    0.5247023809523809,
    0.563452380952381,
    0.5788095238095238,
    0.6417857142857143,
    0.6758333333333333,
    0.704047619047619,
    0.7948214285714286,
    0.8304166666666666,
    0.8894047619047618,
    0.9404761904761905,
    0.9649404761904762,
    0.9739285714285714,
    0.9805952380952381,
    0.9850000000000001,
    0.9855952380952381,
    0.9986309523809523,
    0.9997619047619049,
    0.9998809523809524,
    1.0,
    0.9990476190476191,
    0.9991666666666666,
    0.9932738095238096,
    0.9948809523809523,
    0.9855357142857142,
    0.987202380952381,
    0.9839285714285714,
    0.9726190476190476,
    0.9786904761904762,
    0.974047619047619,
    0.9544642857142858,
    0.9273214285714286,
    0.9495833333333332,
    0.9191071428571429,
    0.8823809523809524,
    0.8630952380952381,
    0.8333333333333334,
    0.8423809523809522
  ],
  "auc_S_inv": [
    0.5617857142857143,
    0.5123214285714286,
    0.48047619047619045,
    0.47160714285714295,
    0.5291071428571429,
    0.5400595238095238,
    0.5738690476190477,
    0.5520238095238095,
    0.47077380952380954,
    0.49642857142857144,
    0.46523809523809523,
    0.4596428571428572,
    0.5235119047619048,
    0.5246428571428572,
    0.5206547619047619,
    0.49,
    0.4648214285714286,
    0.44232142857142853,
    0.4228571428571428,
    0.4625595238095238,
    0.45119047619047614,
    0.46589285714285716,
    0.5247023809523809,
    0.563452380952381,
    0.5788095238095238,
    0.6417857142857143,
    0.6758333333333333,
    0.704047619047619,
    0.7948214285714286,
    0.8304166666666666,
    0.8894047619047618,
    0.9404761904761905,
    0.9649404761904762,
    0.9739285714285714,
    0.9805952380952381,
    0.9850000000000001,
    0.9855952380952381,
    0.9986309523809523,
    0.9997619047619049,
    0.9998809523809524,
    1.0,
    0.9990476190476191,
    0.9991666666666666,
    0.9932738095238096,
    0.9948809523809523,
    0.9855357142857142,
    0.987202380952381,
    0.9839285714285714,
    0.9726190476190476,
    0.9786904761904762,
    0.974047619047619,
    0.9544642857142858,
    0.9273214285714286,
    0.9495833333333332,
    0.9191071428571429,
    0.8823809523809524,
    0.8630952380952381,
    0.8333333333333334,
    0.8423809523809522
  ],
  "acc_R_macro": null,
  "auc_T": null,
  "latencies_ms": {
    "C": null,
    "S_raw": -139.99999687075615,
    "S_inv": -139.99999687075615,
    "T": null
  },
  "meta": {
    "align": "sacc",
    "orientation": "horizontal",
    "pt_min_ms": 200.0,
    "n_trials": 260,
    "n_bins": 59,
    "n_units": 139,
    "thr": 0.6,
    "k_bins": 5,
    "norm": "global",
    "baseline_win": null,
    "used_axes_mu_sd": false
  }
}