{
  "time": [
    -0.39000000059604645,
    -0.3799999952316284,
    -0.3700000047683716,
    -0.35999999940395355,
    -0.3499999940395355,
    -0.3400000035762787,
    -0.32999999821186066,
    -0.3199999928474426,
    -0.3100000023841858,
    -0.30000000447034836,
    -0.28999999910593033,
    -0.2800000011920929,
    -0.27000000327825546,
    -0.25999999791383743,
    -0.25,
    -0.24000000208616257,
    -0.23000000044703484,
    -0.2200000025331974,
    -0.21000000089406967,
    -0.19999999925494194,
    -0.1900000013411045,
    -0.17999999970197678,
    -0.16999999806284904,
    -0.1600000001490116,
    -0.14999999850988388,
    -0.13999999687075615,
    -0.12999999895691872,
    -0.11999999918043613,
    -0.10999999940395355,
    -0.09999999962747097,
    -0.08999999985098839,
    -0.0800000000745058,
    -0.07000000029802322,
    -0.06000000052154064,
    -0.049999999813735485,
    -0.0400000000372529,
    -0.03000000026077032,
    -0.020000000251457095,
    -0.010000000009313226,
    0.0,
    0.010000000009313226,
    0.020000000251457095,
    0.03000000026077032,
    0.0400000000372529,
    0.049999999813735485,
    0.06000000052154064,
    0.07000000029802322,
    0.0800000000745058,
    0.08999999985098839,
    0.09999999962747097,
    0.10999999940395355,
    0.11999999918043613,
    0.12999999895691872,
    0.13999999687075615,
    0.14999999850988388,
    0.1600000001490116,
    0.16999999806284904,
    0.17999999970197678,
    0.1900000013411045
  ],
  "auc_C": null,
  "auc_S_raw": [
    0.49946428571428575,
    0.5225595238095239,
    0.5695238095238095,
    0.4998809523809524,
    0.4407142857142857,
    0.516904761904762,
    0.5042857142857142,
    0.4979761904761905,
    0.5748214285714285,
    0.5514880952380952,
    0.4892857142857143,
    0.47809523809523813,
    0.47851190476190475,
    0.4564880952380952,
    0.48,
    0.4913690476190476,
    0.4932738095238096,
    0.46452380952380956,
    0.5063095238095239,
    0.49839285714285714,
    0.4257738095238095,
    0.43255952380952384,
    0.44970238095238096,
    0.46958333333333335,
    0.5005357142857143,
    0.530952380952381,
    0.5683928571428571,
    0.5485714285714286,
    0.554047619047619,
    0.5945238095238095,
    0.5995833333333334,
    0.6079761904761904,
    0.6282738095238096,
    0.6509523809523808,
    0.6920238095238095,
    0.7423214285714287,
    0.7277976190476191,
    0.7716666666666665,
    0.8030952380952381,
    0.8226190476190476,
    0.8777380952380952,
    0.8808928571428571,
    0.8860714285714286,
    0.986547619047619,
    0.9970833333333333,
    0.9739285714285715,
    0.9308333333333333,
    0.8910119047619047,
    0.7045238095238094,
    0.6157738095238096,
    0.5550595238095237,
    0.5529166666666666,
    0.6534523809523809,
    0.7359523809523809,
    0.7623809523809524,
    0.6446428571428571,
    0.5635119047619047,
    0.5853571428571428,
    0.6127380952380953
  ],
  "auc_S_inv": [
    0.49946428571428575,
    0.5225595238095239,
    0.5695238095238095,
    0.4998809523809524,
    0.4407142857142857,
    0.516904761904762,
    0.5042857142857142,
    0.4979761904761905,
    0.5748214285714285,
    0.5514880952380952,
    0.4892857142857143,
    0.47809523809523813,
    0.47851190476190475,
    0.4564880952380952,
    0.48,
    0.4913690476190476,
    0.4932738095238096,
    0.46452380952380956,
    0.5063095238095239,
    0.49839285714285714,
    0.4257738095238095,
    0.43255952380952384,
    0.44970238095238096,
    0.46958333333333335,
    0.5005357142857143,
    0.530952380952381,
    0.5683928571428571,
    0.5485714285714286,
    0.554047619047619,
    0.5945238095238095,
    0.5995833333333334,
    0.6079761904761904,
    0.6282738095238096,
    0.6509523809523808,
    0.6920238095238095,
    0.7423214285714287,
    0.7277976190476191,
    0.7716666666666665,
    0.8030952380952381,
    0.8226190476190476,
    0.8777380952380952,
    0.8808928571428571,
    0.8860714285714286,
    0.986547619047619,
    0.9970833333333333,
    0.9739285714285715,
    0.9308333333333333,
    0.8910119047619047,
    0.7045238095238094,
    0.6157738095238096,
    0.5550595238095237,
    0.5529166666666666,
    0.6534523809523809,
    0.7359523809523809,
    0.7623809523809524,
    0.6446428571428571,
    0.5635119047619047,
    0.5853571428571428,
    0.6127380952380953
  ],
  "acc_R_macro": null,
  "auc_T": null,
  "latencies_ms": {
    "C": null,
    "S_raw": -80.0000000745058,
    "S_inv": -80.0000000745058,
    "T": null
  },
  "meta": {
    "align": "sacc",
    "orientation": "horizontal",
    "pt_min_ms": 200.0,
    "n_trials": 260,
    "n_bins": 59,
    "n_units": 76,
    "thr": 0.6,
    "k_bins": 5,
    "norm": "global",
    "baseline_win": null,
    "used_axes_mu_sd": false
  }
}