{
  "sid": "20201216",
  "align": "sacc",
  "features": [
    "C",
    "S"
  ],
  "winC": [
    -0.3,
    -0.18
  ],
  "winR": null,
  "winS": [
    -0.1,
    -0.03
  ],
  "winT": null,
  "pt_min_ms": 200.0,
  "orientation": "horizontal",
  "areas": [
    "MFEF",
    "MLIP",
    "MSC"
  ],
  "tag": "axes_peakbin_saccCS-sacc-horizontal-20mssw_nofilter",
  "norm": "global",
  "baseline_win": null,
  "clf_binary": "logreg",
  "C_grid": [
    0.1,
    0.3,
    1.0,
    3.0,
    10.0
  ],
  "lda_shrinkage": null,
  "searchC": true,
  "searchS": true,
  "searchT": false,
  "searchR": false,
  "search_step_ms": 20.0,
  "search_len_ms": [
    50.0,
    100.0,
    150.0,
    200.0,
    250.0
  ],
  "search_range_C": "-0.30:-0.05",
  "search_range_S": "-0.20:0.05",
  "search_range_T": null,
  "search_range_R": null,
  "search_score_mode": "peak_bin_auc",
  "search_tiebreak": "shortest_then_closest0",
  "search_tol": 0.01,
  "per_area_results": {
    "MFEF": {
      "winC_selected": [
        -0.12000000000000001,
        -0.07
      ],
      "winC_cv_best": 0.899431346239857,
      "winC_best_param": 0.3,
      "winC_peak_time_ms": -70.00000029802322,
      "winC_peak_auc": 0.899431346239857,
      "winC_mean_bin_auc": 0.8101186292675654,
      "winC_cv_auc_original": 0.9056732997137795,
      "winS_selected": [
        -0.02000000000000002,
        0.02999999999999998
      ],
      "winS_cv_best": 0.9885654885654886,
      "winS_peak_time_ms": -10.000000009313226,
      "winS_peak_auc": 0.9885654885654886,
      "sC_auc": 0.899431346239857,
      "n_trials_C": 252
    },
    "MLIP": {
      "winC_selected": [
        -0.1,
        -0.05
      ],
      "winC_cv_best": 0.6759951440802505,
      "winC_best_param": 10.0,
      "winC_peak_time_ms": -60.00000052154064,
      "winC_peak_auc": 0.6759951440802505,
      "winC_mean_bin_auc": 0.6327135646284582,
      "winC_cv_auc_original": 0.7343644736073521,
      "winS_selected": [
        -2.0816681711721685e-17,
        0.04999999999999998
      ],
      "winS_cv_best": 0.9826533264033264,
      "winS_peak_time_ms": 49.999999813735485,
      "winS_peak_auc": 0.9826533264033264,
      "sC_auc": 0.6759951440802505,
      "n_trials_C": 252
    },
    "MSC": {
      "winC_selected": [
        -0.1,
        -0.05
      ],
      "winC_cv_best": 0.679509296530573,
      "winC_best_param": 10.0,
      "winC_peak_time_ms": -60.00000052154064,
      "winC_peak_auc": 0.679509296530573,
      "winC_mean_bin_auc": 0.6328541307264711,
      "winC_cv_auc_original": 0.7553719893300103,
      "winS_selected": [
        -0.060000000000000026,
        -0.010000000000000023
      ],
      "winS_cv_best": 0.6613825363825363,
      "winS_peak_time_ms": -49.999999813735485,
      "winS_peak_auc": 0.6613825363825363,
      "sC_auc": 0.679509296530573,
      "n_trials_C": 252
    }
  },
  "rebin_factor": null,
  "sliding_window_ms": 20.0,
  "sliding_step_ms": 10.0,
  "sliding_window_bins": 4,
  "sliding_step_bins": 2
}