{
  "time": [
    -0.39000000059604645,
    -0.3799999952316284,
    -0.3700000047683716,
    -0.35999999940395355,
    -0.3499999940395355,
    -0.3400000035762787,
    -0.32999999821186066,
    -0.3199999928474426,
    -0.3100000023841858,
    -0.30000000447034836,
    -0.28999999910593033,
    -0.2800000011920929,
    -0.27000000327825546,
    -0.25999999791383743,
    -0.25,
    -0.24000000208616257,
    -0.23000000044703484,
    -0.2200000025331974,
    -0.21000000089406967,
    -0.19999999925494194,
    -0.1900000013411045,
    -0.17999999970197678,
    -0.16999999806284904,
    -0.1600000001490116,
    -0.14999999850988388,
    -0.13999999687075615,
    -0.12999999895691872,
    -0.11999999918043613,
    -0.10999999940395355,
    -0.09999999962747097,
    -0.08999999985098839,
    -0.0800000000745058,
    -0.07000000029802322,
    -0.06000000052154064,
    -0.049999999813735485,
    -0.0400000000372529,
    -0.03000000026077032,
    -0.020000000251457095,
    -0.010000000009313226,
    0.0,
    0.010000000009313226,
    0.020000000251457095,
    0.03000000026077032,
    0.0400000000372529,
    0.049999999813735485,
    0.06000000052154064,
    0.07000000029802322,
    0.0800000000745058,
    0.08999999985098839,
    0.09999999962747097,
    0.10999999940395355,
    0.11999999918043613,
    0.12999999895691872,
    0.13999999687075615,
    0.14999999850988388,
    0.1600000001490116,
    0.16999999806284904,
    0.17999999970197678,
    0.1900000013411045,
    0.19999999925494194,
    0.21000000089406967,
    0.2200000025331974,
    0.23000000044703484,
    0.24000000208616257,
    0.25,
    0.25999999791383743,
    0.27000000327825546,
    0.2800000011920929,
    0.28999999910593033
  ],
  "auc_C": [
    0.5181585677749361,
    0.4861608411480534,
    0.49070758738277925,
    0.5269110542767832,
    0.4945439045183291,
    0.550355214549588,
    0.5893719806763285,
    0.5888036373969878,
    0.5791418016481955,
    0.53231031543052,
    0.5336459221369707,
    0.5706734867860187,
    0.5948849104859335,
    0.6007104290991759,
    0.5530548451264564,
    0.614919011082694,
    0.7074168797953964,
    0.7067348678601875,
    0.7194089229894857,
    0.717306052855925,
    0.6469451548735436,
    0.6116510372264847,
    0.5835748792270532,
    0.5524865018471157,
    0.5461778914464337,
    0.537027564649048,
    0.5526570048309178,
    0.534697357203751,
    0.5510656436487639,
    0.5542483660130719,
    0.5156578573458369,
    0.4782608695652174,
    0.508667235009946,
    0.5178743961352656,
    0.47115657857345833,
    0.4579710144927537,
    0.48263711281614097,
    0.4610400682011935,
    0.45643648763853367,
    0.45080988917306053,
    0.464563796533106,
    0.44052287581699345,
    0.41804489911906795,
    0.40596760443307756,
    0.4256322818982666,
    0.4613810741687979,
    0.4218243819266837,
    0.40426257459505544,
    0.3978971298664393,
    0.359079283887468,
    0.4152884342142654,
    0.4626882637112816,
    0.4204035237283319,
    0.4493890309747087,
    0.39676044330775784,
    0.39852230747371414,
    0.41085535663540773,
    0.3996021597044615,
    0.4337027564649048,
    0.42745098039215684,
    0.40772946859903386,
    0.4366013071895425,
    0.43529411764705883,
    0.40761579994316566,
    0.3961921000284171,
    0.4722932651321398,
    0.48002273373117366,
    0.5195794259732879,
    0.481131003125888
  ],
  "auc_S_raw": [
    0.47159577504995726,
    0.4580359691692835,
    0.4958606908364259,
    0.5133314302026833,
    0.4753925206965458,
    0.4800742220953469,
    0.5333143020268342,
    0.49186411647159584,
    0.45549528975164144,
    0.4880102769055096,
    0.4750785041393092,
    0.4946902654867256,
    0.5243505566657151,
    0.519012275192692,
    0.48118755352554954,
    0.44618898087353703,
    0.4031401655723666,
    0.4330573793890951,
    0.46463031687125317,
    0.47913217242363687,
    0.5248073080216957,
    0.5363402797602056,
    0.5469026548672566,
    0.6067370825007136,
    0.59811590065658,
    0.5674564658863831,
    0.5615186982586355,
    0.5246360262632029,
    0.622095346845561,
    0.670282614901513,
    0.6723379960034257,
    0.6399086497288039,
    0.6661718526976876,
    0.7753925206965459,
    0.7911504424778761,
    0.8176991150442477,
    0.8138738224379104,
    0.7952041107622039,
    0.8429917213816729,
    0.8791892663431344,
    0.9209820154153583,
    0.9173280045675135,
    0.9047673422780473,
    0.95717956037682,
    0.9699685983442763,
    0.9501570082786183,
    0.9407365115615187,
    0.9075078504139309,
    0.8713103054524692,
    0.8194690265486726,
    0.7841849842991722,
    0.8512132457893234,
    0.8370539537539251,
    0.8349985726520125,
    0.7795603768198687,
    0.7043676848415643,
    0.7100199828718241,
    0.6991150442477876,
    0.6813588352840423,
    0.6649728803882387,
    0.6417927490722238,
    0.6497288038823864,
    0.6403083071652869,
    0.6682843277190978,
    0.6478732514987153,
    0.6512132457893234,
    0.7009705966314588,
    0.7303168712532115,
    0.7181844133599772
  ],
  "auc_S_inv": [
    0.4813588352840422,
    0.4548387096774193,
    0.4952897516414502,
    0.5134456180416785,
    0.4795603768198687,
    0.4779617470739366,
    0.5265201256066229,
    0.4785612332286612,
    0.454753068798173,
    0.4898943762489295,
    0.47273765343990864,
    0.4865258349985726,
    0.5297173850984871,
    0.5107907507850414,
    0.4770196974022266,
    0.4330002854695975,
    0.39897230944904366,
    0.44510419640308296,
    0.47330859263488445,
    0.4759920068512703,
    0.5213816728518412,
    0.5338852412218098,
    0.5455324007993149,
    0.6079360548101628,
    0.5982871824150727,
    0.5552383671139023,
    0.5548387096774193,
    0.5196117613474165,
    0.61552954610334,
    0.6719954324864401,
    0.6721096203254353,
    0.6345989152155295,
    0.6606337425064231,
    0.7764773051669998,
    0.7929203539823009,
    0.8187838995147017,
    0.811247502141022,
    0.7890950613759635,
    0.8440765058521267,
    0.872166714244933,
    0.9201256066228947,
    0.9133314302026834,
    0.9061946902654866,
    0.9591207536397374,
    0.9696831287467885,
    0.9478732514987154,
    0.9369112189551811,
    0.8995717956037681,
    0.8725663716814159,
    0.8220382529260635,
    0.7773337139594633,
    0.8363688267199543,
    0.8159862974593206,
    0.8161575792178134,
    0.768655438195832,
    0.6907222380816443,
    0.6862689123608335,
    0.6694262061090493,
    0.6542963174421924,
    0.6146160433913789,
    0.5960605195546674,
    0.6093063088781044,
    0.6037681986868398,
    0.6416214673137312,
    0.6266343134456182,
    0.6336283185840709,
    0.6835569511846988,
    0.7161575792178133,
    0.7067656294604625
  ],
  "acc_R_macro": null,
  "auc_T": null,
  "latencies_ms": {
    "C": -240.00000208616257,
    "S_raw": -109.99999940395355,
    "S_inv": -109.99999940395355,
    "T": null
  },
  "meta": {
    "align": "sacc",
    "orientation": "horizontal",
    "pt_min_ms": 200.0,
    "n_trials": 268,
    "n_bins": 69,
    "n_units": 40,
    "thr": 0.6,
    "k_bins": 5,
    "norm": "global",
    "baseline_win": null,
    "used_axes_mu_sd": false
  }
}