{
  "time": [
    -0.39000000059604645,
    -0.3799999952316284,
    -0.3700000047683716,
    -0.35999999940395355,
    -0.3499999940395355,
    -0.3400000035762787,
    -0.32999999821186066,
    -0.3199999928474426,
    -0.3100000023841858,
    -0.30000000447034836,
    -0.28999999910593033,
    -0.2800000011920929,
    -0.27000000327825546,
    -0.25999999791383743,
    -0.25,
    -0.24000000208616257,
    -0.23000000044703484,
    -0.2200000025331974,
    -0.21000000089406967,
    -0.19999999925494194,
    -0.1900000013411045,
    -0.17999999970197678,
    -0.16999999806284904,
    -0.1600000001490116,
    -0.14999999850988388,
    -0.13999999687075615,
    -0.12999999895691872,
    -0.11999999918043613,
    -0.10999999940395355,
    -0.09999999962747097,
    -0.08999999985098839,
    -0.0800000000745058,
    -0.07000000029802322,
    -0.06000000052154064,
    -0.049999999813735485,
    -0.0400000000372529,
    -0.03000000026077032,
    -0.020000000251457095,
    -0.010000000009313226,
    0.0,
    0.010000000009313226,
    0.020000000251457095,
    0.03000000026077032,
    0.0400000000372529,
    0.049999999813735485,
    0.06000000052154064,
    0.07000000029802322,
    0.0800000000745058,
    0.08999999985098839,
    0.09999999962747097,
    0.10999999940395355,
    0.11999999918043613,
    0.12999999895691872,
    0.13999999687075615,
    0.14999999850988388,
    0.1600000001490116,
    0.16999999806284904,
    0.17999999970197678,
    0.1900000013411045,
    0.19999999925494194,
    0.21000000089406967,
    0.2200000025331974,
    0.23000000044703484,
    0.24000000208616257,
    0.25,
    0.25999999791383743,
    0.27000000327825546,
    0.2800000011920929,
    0.28999999910593033
  ],
  "auc_C": [
    0.4923273657289003,
    0.46678033532253477,
    0.46399545325376523,
    0.4900255754475703,
    0.5417732310315431,
    0.49292412617220804,
    0.5460358056265985,
    0.5592213697073032,
    0.5449559533958511,
    0.5780335322534811,
    0.5386189258312021,
    0.5564080704745666,
    0.5264847968172777,
    0.5652458084683148,
    0.6450127877237851,
    0.589684569479966,
    0.537766410912191,
    0.5836885478829212,
    0.6104859335038363,
    0.5487638533674339,
    0.5041489059391873,
    0.5381642512077295,
    0.49707303211139525,
    0.4349246945154874,
    0.4934924694515488,
    0.5441886899687411,
    0.5360897982381359,
    0.5807331628303496,
    0.5357487922705314,
    0.5056265984654731,
    0.5067632850241546,
    0.48030690537084386,
    0.49400397840295535,
    0.5301790281329923,
    0.5410059676044332,
    0.5296106848536517,
    0.5258312020460358,
    0.5440750213128729,
    0.57718101733447,
    0.5569764137539074,
    0.4930093776641091,
    0.44015345268542194,
    0.47240693378800797,
    0.511821540210287,
    0.5483375959079283,
    0.5591645353793692,
    0.5359192952543336,
    0.5093776641091219,
    0.5149474282466611,
    0.546518897414038,
    0.5718670076726342,
    0.5144643364592213,
    0.42952543336175053,
    0.4710429099175902,
    0.5430804205740267,
    0.5068201193520886,
    0.4947712418300653,
    0.5221653878942882,
    0.50076726342711,
    0.5095481670929242,
    0.533873259448707,
    0.5105143506678034,
    0.49084967320261436,
    0.46436487638533674,
    0.4549019607843137,
    0.4993179880647911,
    0.5223643080420575,
    0.5308894572321683,
    0.5161125319693094
  ],
  "auc_S_raw": [
    0.48064516129032264,
    0.5043962318013132,
    0.5862689123608336,
    0.501484441906937,
    0.5125035683699686,
    0.5471881244647445,
    0.5370539537539252,
    0.4941478732514987,
    0.47896089066514413,
    0.5687696260348273,
    0.5186982586354553,
    0.4233799600342563,
    0.4302026834142164,
    0.5514701684270625,
    0.5588923779617472,
    0.5722238081644304,
    0.5501855552383671,
    0.49660291178989435,
    0.4901227519269198,
    0.4725092777619183,
    0.49317727662003996,
    0.5023693976591492,
    0.5305737938909507,
    0.5512417927490721,
    0.5798458464173566,
    0.47670568084499,
    0.5280616614330573,
    0.5893805309734513,
    0.5674850128461318,
    0.5151013417071082,
    0.5696545817870398,
    0.636825578075935,
    0.5732514987153868,
    0.5198401370254068,
    0.4837853268626891,
    0.4502426491578647,
    0.48558378532686275,
    0.5139594633171567,
    0.4898087353696831,
    0.5250642306594349,
    0.4979446188980874,
    0.46029117898943755,
    0.44678846702826147,
    0.45141307450756496,
    0.4644875820725093,
    0.43902369397659147,
    0.5289180702255211,
    0.5387667713388524,
    0.5296602911789895,
    0.5912360833571224,
    0.5826434484727377,
    0.6468741079075079,
    0.6729945760776478,
    0.5645446759920068,
    0.4926063374250642,
    0.4861547245218384,
    0.527833285755067,
    0.5361404510419641,
    0.5374536111904082,
    0.5117613474165001,
    0.5113331430202683,
    0.48860976306023407,
    0.5185269768769626,
    0.48432771909791605,
    0.481387382243791,
    0.49697402226662857,
    0.4896089066514416,
    0.5178418498429918,
    0.5865829289180703
  ],
  "auc_S_inv": [
    0.48464173565515284,
    0.5055952041107622,
    0.582329431915501,
    0.4992577790465315,
    0.5206679988581215,
    0.5536968312874679,
    0.5436197544961461,
    0.48369968598344276,
    0.48752497858978017,
    0.5671709962888952,
    0.5201256066228946,
    0.4129888666856979,
    0.4284327719097916,
    0.5501570082786184,
    0.5587210962032544,
    0.5738795318298601,
    0.5439623180131316,
    0.5000285469597489,
    0.49023693976591487,
    0.4672566371681416,
    0.48900942049671703,
    0.4993434199257779,
    0.5273194404795889,
    0.5537539252069654,
    0.5730516699971453,
    0.47133885241221807,
    0.5339423351413075,
    0.5862403654010848,
    0.5755923494147873,
    0.5060805024264916,
    0.5668569797316585,
    0.6348272908935199,
    0.5636026263202969,
    0.5193833856694263,
    0.48555523836711395,
    0.4560091350271196,
    0.48604053668284325,
    0.5023123037396517,
    0.4840422495004283,
    0.5302026834142164,
    0.49234941478732513,
    0.45732229517556383,
    0.43993719668855263,
    0.4533542677704825,
    0.46757065372537815,
    0.43651156151869824,
    0.5407365115615187,
    0.5605195546674279,
    0.535598058806737,
    0.5886097630602342,
    0.560091350271196,
    0.6291178989437625,
    0.6670568084499001,
    0.5445047102483586,
    0.48404224950042823,
    0.48609763060234085,
    0.530002854695975,
    0.5419640308307165,
    0.5455609477590636,
    0.5134741650014274,
    0.5143020268341422,
    0.4958606908364259,
    0.5164715957750499,
    0.48786754210676564,
    0.47493576934056525,
    0.4993148729660291,
    0.489551812731944,
    0.5199543248644019,
    0.5886954039394805
  ],
  "acc_R_macro": null,
  "auc_T": null,
  "latencies_ms": {
    "C": null,
    "S_raw": null,
    "S_inv": null,
    "T": null
  },
  "meta": {
    "align": "sacc",
    "orientation": "horizontal",
    "pt_min_ms": 200.0,
    "n_trials": 268,
    "n_bins": 69,
    "n_units": 14,
    "thr": 0.6,
    "k_bins": 5,
    "norm": "global",
    "baseline_win": null,
    "used_axes_mu_sd": false
  }
}