{
  "sid": "20231205",
  "align": "stim",
  "features": [
    "C"
  ],
  "winC": [
    0.1,
    0.3
  ],
  "winR": null,
  "winS": null,
  "winT": null,
  "pt_min_ms": 200.0,
  "orientation": "vertical",
  "areas": [
    "SFEF",
    "SLIP",
    "SSC"
  ],
  "tag": "axes_peakbin_stimC-stim-vertical-20mssw",
  "norm": "global",
  "baseline_win": null,
  "clf_binary": "logreg",
  "C_grid": [
    0.1,
    0.3,
    1.0,
    3.0,
    10.0
  ],
  "lda_shrinkage": null,
  "searchC": true,
  "searchS": false,
  "searchT": false,
  "searchR": false,
  "search_step_ms": 20.0,
  "search_len_ms": [
    50.0,
    100.0,
    150.0,
    200.0,
    250.0
  ],
  "search_range_C": "0.00:0.50",
  "search_range_S": null,
  "search_range_T": null,
  "search_range_R": null,
  "search_score_mode": "peak_bin_auc",
  "search_tiebreak": "shortest_then_earliest",
  "search_tol": 0.01,
  "per_area_results": {
    "SFEF": {
      "winC_selected": [
        0.27999999999999997,
        0.32999999999999996
      ],
      "winC_cv_best": 0.9820408163265306,
      "winC_best_param": 0.1,
      "winC_peak_time_ms": 319.9999928474426,
      "winC_peak_auc": 0.9820408163265306,
      "winC_mean_bin_auc": 0.9509523809523809,
      "winC_cv_auc_original": 1.0,
      "sC_auc": 0.9820408163265306,
      "n_trials_C": 99
    },
    "SLIP": {
      "winC_selected": [
        0.19999999999999998,
        0.44999999999999996
      ],
      "winC_cv_best": 0.8297959183673469,
      "winC_best_param": 0.1,
      "winC_peak_time_ms": 359.99999940395355,
      "winC_peak_auc": 0.8297959183673469,
      "winC_mean_bin_auc": 0.6683673469387754,
      "winC_cv_auc_original": 0.8528888888888888,
      "sC_auc": 0.8297959183673469,
      "n_trials_C": 99
    },
    "SSC": {
      "winC_selected": [
        0.4400000000000001,
        0.4900000000000001
      ],
      "winC_cv_best": 0.8583673469387756,
      "winC_best_param": 0.1,
      "winC_peak_time_ms": 460.00000834465027,
      "winC_peak_auc": 0.8583673469387756,
      "winC_mean_bin_auc": 0.8324489795918367,
      "winC_cv_auc_original": 0.8915555555555557,
      "sC_auc": 0.8583673469387756,
      "n_trials_C": 99
    }
  },
  "rebin_factor": null,
  "sliding_window_ms": 20.0,
  "sliding_step_ms": 10.0,
  "sliding_window_bins": 2,
  "sliding_step_bins": 1
}