{
  "time": [
    -0.24000000208616257,
    -0.2199999988079071,
    -0.19999999552965164,
    -0.17999999970197678,
    -0.1600000038743019,
    -0.14000000059604645,
    -0.12000000104308128,
    -0.09999999776482582,
    -0.08000000193715096,
    -0.05999999865889549,
    -0.04000000096857548,
    -0.02000000001862645,
    0.0,
    0.02000000001862645,
    0.04000000096857548,
    0.05999999865889549,
    0.08000000193715096,
    0.09999999776482582,
    0.12000000104308128,
    0.14000000059604645,
    0.1600000038743019,
    0.17999999970197678,
    0.19999999552965164,
    0.2199999988079071,
    0.24000000208616257,
    0.25999999046325684,
    0.2800000011920929,
    0.29999999701976776,
    0.3199999928474426,
    0.3400000035762787,
    0.35999999940395355,
    0.3799999952316284,
    0.4000000059604645,
    0.42000000178813934,
    0.4399999976158142,
    0.46000000834465027,
    0.48000000417232513,
    0.5,
    0.5199999809265137,
    0.5400000214576721,
    0.5600000023841858,
    0.5799999833106995,
    0.6000000238418579,
    0.6200000047683716,
    0.6399999856948853,
    0.6599999964237213,
    0.6800000071525574,
    0.699999988079071,
    0.7199999988079071,
    0.7400000095367432,
    0.7599999904632568,
    0.7800000011920929
  ],
  "auc_C": [
    0.5201577563540754,
    0.45569675723049957,
    0.507931638913234,
    0.5565731814198073,
    0.4433829973707274,
    0.5139351446099912,
    0.4875109553023663,
    0.43974583698510084,
    0.46310254163014897,
    0.5177914110429448,
    0.43518843120070116,
    0.46494303242769497,
    0.5065293602103418,
    0.45368098159509196,
    0.4649868536371604,
    0.4895267309377739,
    0.45639789658194563,
    0.4588957055214724,
    0.534136722173532,
    0.6176161262050832,
    0.6391323400525853,
    0.6894390885188432,
    0.7762489044697632,
    0.8443470639789659,
    0.8707274320771253,
    0.8885626643295356,
    0.9647239263803682,
    0.9423312883435583,
    0.9744960560911481,
    0.9140666082383874,
    0.9184925503943909,
    0.9323400525854514,
    0.9063978965819456,
    0.8869851007887817,
    0.8310254163014901,
    0.8139789658194567,
    0.7634969325153375,
    0.8245398773006135,
    0.7652497808939526,
    0.7978965819456617,
    0.7605609114811569,
    0.7397458369851008,
    0.7222173531989483,
    0.7894829097283086,
    0.7702015775635407,
    0.7187116564417177,
    0.6556529360210341,
    0.7203768624014023,
    0.742068361086766,
    0.6398334794040316,
    0.644478527607362,
    0.5992550394390885
  ],
  "auc_S_raw": null,
  "auc_S_inv": null,
  "acc_R_macro": [
    0.3784618755477651,
    0.377410166520596,
    0.4014460999123576,
    0.4356047326906223,
    0.43308501314636283,
    0.4064855390008764,
    0.41014460999123575,
    0.4397239263803681,
    0.4060254163014899,
    0.4156879929886065,
    0.41110867659947414,
    0.405521472392638,
    0.43102541630148994,
    0.4290096406660824,
    0.41161262050832603,
    0.4484224364592463,
    0.41010078878177036,
    0.4070333041191937,
    0.4208588957055215,
    0.42337861524978093,
    0.3993865030674847,
    0.4014022787028922,
    0.41064855390008764,
    0.4085889570552147,
    0.5433829973707274,
    0.60056967572305,
    0.5357800175284837,
    0.5168711656441718,
    0.5490140227870289,
    0.5797326906222612,
    0.5240140227870289,
    0.5781770376862401,
    0.4734224364592463,
    0.487751971954426,
    0.49544259421560033,
    0.46064855390008763,
    0.4417397020157756,
    0.47854951796669587,
    0.49590271691498683,
    0.4356485539000876,
    0.4065293602103418,
    0.4285056967572305,
    0.42951358457493427,
    0.4519500438212095,
    0.43262489044697633,
    0.3927475898334794,
    0.4479184925503944,
    0.39677914110429446,
    0.405521472392638,
    0.43770815074496056,
    0.4489263803680982,
    0.4290096406660824
  ],
  "auc_T": null,
  "latencies_ms": {
    "C": 140.00000059604645,
    "S_raw": null,
    "S_inv": null,
    "T": null
  },
  "meta": {
    "align": "stim",
    "orientation": "vertical",
    "pt_min_ms": 200.0,
    "n_trials": 303,
    "n_bins": 52,
    "n_units": 76,
    "thr": 0.6,
    "k_bins": 5,
    "norm": "global",
    "baseline_win": null,
    "used_axes_mu_sd": false
  }
}