{
  "time": [
    -0.39000000059604645,
    -0.3799999952316284,
    -0.3700000047683716,
    -0.35999999940395355,
    -0.3499999940395355,
    -0.3400000035762787,
    -0.32999999821186066,
    -0.3199999928474426,
    -0.3100000023841858,
    -0.30000000447034836,
    -0.28999999910593033,
    -0.2800000011920929,
    -0.27000000327825546,
    -0.25999999791383743,
    -0.25,
    -0.24000000208616257,
    -0.23000000044703484,
    -0.2200000025331974,
    -0.21000000089406967,
    -0.19999999925494194,
    -0.1900000013411045,
    -0.17999999970197678,
    -0.16999999806284904,
    -0.1600000001490116,
    -0.14999999850988388,
    -0.13999999687075615,
    -0.12999999895691872,
    -0.11999999918043613,
    -0.10999999940395355,
    -0.09999999962747097,
    -0.08999999985098839,
    -0.0800000000745058,
    -0.07000000029802322,
    -0.06000000052154064,
    -0.049999999813735485,
    -0.0400000000372529,
    -0.03000000026077032,
    -0.020000000251457095,
    -0.010000000009313226,
    0.0,
    0.010000000009313226,
    0.020000000251457095,
    0.03000000026077032,
    0.0400000000372529,
    0.049999999813735485,
    0.06000000052154064,
    0.07000000029802322,
    0.0800000000745058,
    0.08999999985098839,
    0.09999999962747097,
    0.10999999940395355,
    0.11999999918043613,
    0.12999999895691872,
    0.13999999687075615,
    0.14999999850988388,
    0.1600000001490116,
    0.16999999806284904,
    0.17999999970197678,
    0.1900000013411045,
    0.19999999925494194,
    0.21000000089406967,
    0.2200000025331974,
    0.23000000044703484,
    0.24000000208616257,
    0.25,
    0.25999999791383743,
    0.27000000327825546,
    0.2800000011920929,
    0.28999999910593033
  ],
  "auc_C": [
    0.5192409255056452,
    0.5445124823363166,
    0.5247469989580211,
    0.5204863044005767,
    0.5120220100201258,
    0.4929595055595998,
    0.5239655147803994,
    0.4649474014758989,
    0.4393511183431108,
    0.5022552420103056,
    0.52553918839835,
    0.5187663255256284,
    0.5340712827759461,
    0.5265454830928218,
    0.5192730412937667,
    0.5430815455544612,
    0.532858019669136,
    0.45296464408569925,
    0.5123395994804378,
    0.6104640374541458,
    0.6131189426055182,
    0.5267239041379409,
    0.5311094934269687,
    0.5629969026106567,
    0.531280777630283,
    0.48588332691017566,
    0.5054311366134258,
    0.5197547781155883,
    0.5154512625073153,
    0.5405658088182816,
    0.5252858305142808,
    0.5006958420759646,
    0.4993648210793759,
    0.5311558828986996,
    0.5351989037810988,
    0.5258888936467835,
    0.5059663997487831,
    0.4656361067100586,
    0.47719779043377725,
    0.5056416734466663,
    0.4939836423585835,
    0.485176779571504,
    0.461018570062376,
    0.4732154327067186,
    0.5036183787950157,
    0.499000842147333,
    0.47880714826075166,
    0.4880564952397265,
    0.4928417476698212,
    0.46953639075636244,
    0.4655290540829871,
    0.48546582166459695,
    0.49117172668750625,
    0.4994468947601307,
    0.5072082102228122,
    0.4862651479467306,
    0.5087640417362509,
    0.5304314934555161,
    0.51023066272713,
    0.5032579682838749,
    0.5075543470503433,
    0.49936482107937596,
    0.4988937895202615,
    0.4797634850625901,
    0.4914572003596968,
    0.5105553890292468,
    0.4887773162620078,
    0.48276452704149364,
    0.4803272955651665
  ],
  "auc_S_raw": [
    0.5179130621291199,
    0.5007900193036391,
    0.4973296632587403,
    0.529652534496318,
    0.5083506112819046,
    0.47225638092514477,
    0.48840709229999285,
    0.5035997712161293,
    0.47748623722027594,
    0.4812361478515765,
    0.493729892042611,
    0.5081182526631872,
    0.5337992421534282,
    0.5343890755701723,
    0.4966754843783513,
    0.46423464645742474,
    0.4938299849860585,
    0.48995495817544865,
    0.47656752698934723,
    0.47444412668906843,
    0.500146564667191,
    0.5342031886751983,
    0.514359762636734,
    0.4958032458711661,
    0.5006863516122114,
    0.49890255237005793,
    0.5137055837563452,
    0.5155787516980053,
    0.5271895331379137,
    0.5392364338314148,
    0.5199435189819117,
    0.5050439694001574,
    0.48269464502752557,
    0.5190462572388647,
    0.5363730606992207,
    0.5300493315221277,
    0.5467898763137199,
    0.562461571459212,
    0.5388682347894473,
    0.5660077214556374,
    0.6071816686923572,
    0.563730606992207,
    0.5253306641881748,
    0.5332630299563881,
    0.558275541574319,
    0.5597590619861299,
    0.526124258239794,
    0.5051798098234075,
    0.5323407449774791,
    0.5212733252305712,
    0.5133588332022593,
    0.5206441695860442,
    0.5110066490312433,
    0.522377922356474,
    0.5416815614499177,
    0.5372131264745836,
    0.5046078501465647,
    0.5212661757346106,
    0.5506041324086652,
    0.5350361049546007,
    0.5302459426610424,
    0.4994852362908415,
    0.5328197612068349,
    0.5263137198827483,
    0.5337134482019017,
    0.5400693501108171,
    0.5505290627010795,
    0.5472009723314506,
    0.4920104382641024
  ],
  "auc_S_inv": [
    0.5151819546721956,
    0.5034925287767211,
    0.49896689783370274,
    0.5278508615142632,
    0.5059626796310861,
    0.47637449059841286,
    0.48732751840995214,
    0.5029134196039179,
    0.4772360048616573,
    0.4789554586401659,
    0.4908986916422392,
    0.5035568742403661,
    0.528730249517409,
    0.5306856366626153,
    0.4960177307499821,
    0.4634910988775291,
    0.4923214413383856,
    0.49170658468577966,
    0.47634589261457067,
    0.4717273182240652,
    0.4969864874526346,
    0.5299849860584829,
    0.5146957889468793,
    0.4963895045399299,
    0.5012797597769357,
    0.4952205619503825,
    0.5121469936369486,
    0.5153142203474655,
    0.5274755129763351,
    0.5368413526846357,
    0.5197719310788589,
    0.50588403517552,
    0.4831665117609209,
    0.5202473725602345,
    0.5362014727961679,
    0.5292986344462716,
    0.5482841209694717,
    0.5625688138986202,
    0.5385179094873811,
    0.5674376206477443,
    0.609719739758347,
    0.563930792879102,
    0.5240437549152785,
    0.5324193894330449,
    0.5565525130478302,
    0.5570708515049689,
    0.5256881389862015,
    0.5055587331093158,
    0.5322763995138343,
    0.5202151998284121,
    0.5100772145563738,
    0.5207442625294917,
    0.5115142632444413,
    0.5214413383856439,
    0.5387002216343748,
    0.5367126617573461,
    0.5017552012583113,
    0.5174554943876457,
    0.5486952169872024,
    0.532741116751269,
    0.5271073139343676,
    0.5015442911274756,
    0.5338850361049546,
    0.5264638592979195,
    0.5319761206834918,
    0.5380817902337885,
    0.5506935011081718,
    0.5451061700150139,
    0.48950096518195463
  ],
  "acc_R_macro": null,
  "auc_T": null,
  "latencies_ms": {
    "C": null,
    "S_raw": null,
    "S_inv": null,
    "T": null
  },
  "meta": {
    "align": "sacc",
    "orientation": null,
    "pt_min_ms": 200.0,
    "n_trials": 749,
    "n_bins": 69,
    "n_units": 31,
    "thr": 0.6,
    "k_bins": 5,
    "norm": "global",
    "baseline_win": null,
    "used_axes_mu_sd": false,
    "correct_mode": "correctonly"
  }
}