{
  "time": [
    -0.39000000059604645,
    -0.3799999952316284,
    -0.3700000047683716,
    -0.35999999940395355,
    -0.3499999940395355,
    -0.3400000035762787,
    -0.32999999821186066,
    -0.3199999928474426,
    -0.3100000023841858,
    -0.30000000447034836,
    -0.28999999910593033,
    -0.2800000011920929,
    -0.27000000327825546,
    -0.25999999791383743,
    -0.25,
    -0.24000000208616257,
    -0.23000000044703484,
    -0.2200000025331974,
    -0.21000000089406967,
    -0.19999999925494194,
    -0.1900000013411045,
    -0.17999999970197678,
    -0.16999999806284904,
    -0.1600000001490116,
    -0.14999999850988388,
    -0.13999999687075615,
    -0.12999999895691872,
    -0.11999999918043613,
    -0.10999999940395355,
    -0.09999999962747097,
    -0.08999999985098839,
    -0.0800000000745058,
    -0.07000000029802322,
    -0.06000000052154064,
    -0.049999999813735485,
    -0.0400000000372529,
    -0.03000000026077032,
    -0.020000000251457095,
    -0.010000000009313226,
    0.0,
    0.010000000009313226,
    0.020000000251457095,
    0.03000000026077032,
    0.0400000000372529,
    0.049999999813735485,
    0.06000000052154064,
    0.07000000029802322,
    0.0800000000745058,
    0.08999999985098839,
    0.09999999962747097,
    0.10999999940395355,
    0.11999999918043613,
    0.12999999895691872,
    0.13999999687075615,
    0.14999999850988388,
    0.1600000001490116,
    0.16999999806284904,
    0.17999999970197678,
    0.1900000013411045,
    0.19999999925494194,
    0.21000000089406967,
    0.2200000025331974,
    0.23000000044703484,
    0.24000000208616257,
    0.25,
    0.25999999791383743,
    0.27000000327825546,
    0.2800000011920929,
    0.28999999910593033
  ],
  "auc_C": [
    0.5608915342782512,
    0.5182845887038068,
    0.5260780199546098,
    0.5489266189925635,
    0.5126785994661642,
    0.5232446937581181,
    0.5171712413822634,
    0.5274090409511983,
    0.5410689561655176,
    0.5233374727015802,
    0.5398449877960005,
    0.5440021981472759,
    0.5558850397522088,
    0.554300660871551,
    0.5391491457200359,
    0.5714076706775717,
    0.5654626814542029,
    0.5545290398093036,
    0.5487374926847373,
    0.5278051356713628,
    0.5328508828273313,
    0.5362051984755706,
    0.5224061148460584,
    0.5678107024079705,
    0.599701680012561,
    0.5981565537618294,
    0.5856884911289056,
    0.6007543641787636,
    0.6535384461668023,
    0.6657638561783639,
    0.6521895830657017,
    0.6761550978461012,
    0.6889764341483607,
    0.6851261079946902,
    0.6828601607216773,
    0.6868282447651266,
    0.6381656889193394,
    0.6628484563011176,
    0.6806620134458099,
    0.6557508671262794,
    0.6331663312351019,
    0.6965343496196064,
    0.6398535520061662,
    0.6485355200616623,
    0.7064688334118385,
    0.6421908676972267,
    0.6882734552305914,
    0.6976155811530281,
    0.6946859075921723,
    0.6770079504417705,
    0.6526284988366948,
    0.6817789291882554,
    0.7026434862044848,
    0.6909426340655733,
    0.607302416534635,
    0.5939386802552135,
    0.6061890692130918,
    0.5889250488873663,
    0.6109957321686008,
    0.6503946673518035,
    0.6083907849098616,
    0.596996816968555,
    0.592022438230634,
    0.5466571032986483,
    0.5729456600864985,
    0.5760073652207425,
    0.5864806805692345,
    0.5558457871222826,
    0.5449763770536262
  ],
  "auc_S_raw": [
    0.5,
    0.5084113819975692,
    0.50962679631086,
    0.4843068563666262,
    0.5119503824980339,
    0.5333809966397369,
    0.49986415957674984,
    0.5185028955458639,
    0.5528526488882534,
    0.49661113891470654,
    0.5199399442339314,
    0.5180310288124688,
    0.5049724744405519,
    0.539651104597126,
    0.5203438907557018,
    0.5116000571959677,
    0.5006327303925073,
    0.5427968828197612,
    0.5568563666261528,
    0.5048580825051834,
    0.5203546149996425,
    0.5117930935869022,
    0.5407163794952456,
    0.5497175949095588,
    0.517580610566955,
    0.5338349896332308,
    0.5422427968828198,
    0.5589440194466291,
    0.601429899192107,
    0.540026453135054,
    0.5619325087581325,
    0.6049903481804533,
    0.614223922213484,
    0.6379209265746766,
    0.6480839350825767,
    0.707875169800529,
    0.7310073639808393,
    0.791231143204404,
    0.7982019017659255,
    0.7950632730392506,
    0.7705440766425966,
    0.7189247158075356,
    0.68476084936012,
    0.7165618073925789,
    0.7663473225137628,
    0.7494673625509403,
    0.749517409022664,
    0.742714663616215,
    0.7409201401301209,
    0.7173732751840995,
    0.6709444484163867,
    0.6379495245585187,
    0.6199470937298921,
    0.6294809465932651,
    0.6282119110602704,
    0.5858404232501608,
    0.5528955458640166,
    0.5781368413526846,
    0.538035318510045,
    0.500707800100093,
    0.5279330807178094,
    0.5181775934796597,
    0.49318653034961035,
    0.5112997783656252,
    0.5479516694073068,
    0.5091370558375635,
    0.49666476013441047,
    0.5129084149567456,
    0.5194216057767927
  ],
  "auc_S_inv": [
    0.5004075212697505,
    0.5215807535568742,
    0.5228176163580468,
    0.47970258096804175,
    0.5163258740258811,
    0.5483734896689784,
    0.49051976835633093,
    0.5067491241867448,
    0.5493994423393151,
    0.5029741903195826,
    0.5255737470508329,
    0.5314649317223136,
    0.5169764781582898,
    0.5443411739472368,
    0.5270429684707227,
    0.5130728533638379,
    0.5008186172874812,
    0.5474011582183456,
    0.5537892328590834,
    0.5052084078072496,
    0.5127332523057124,
    0.5197147351111747,
    0.5457639236433831,
    0.5528633731321942,
    0.5347751483520412,
    0.5383391720883678,
    0.542593122184886,
    0.5611174662186317,
    0.6003574747980267,
    0.5492421534281834,
    0.5544612854793737,
    0.6023593336669765,
    0.5972510188031743,
    0.6188746693358117,
    0.6192500178737399,
    0.6815936226496032,
    0.7114892400085795,
    0.7562522342174878,
    0.7852470150854365,
    0.7948416386644741,
    0.7720740687781511,
    0.7168942589547438,
    0.6548437835132623,
    0.6861407020805033,
    0.7277257453349539,
    0.721591477800815,
    0.7370701365553728,
    0.7390898691642239,
    0.7649352970615573,
    0.7316150711374848,
    0.6490312432973475,
    0.6083577607778652,
    0.6015585901193966,
    0.6201937513405305,
    0.6209551726603275,
    0.565428612282834,
    0.5390183742046186,
    0.5589904911703725,
    0.5222206334453421,
    0.48526488882533786,
    0.5056552513047831,
    0.4955565882605277,
    0.4665117609208551,
    0.4896225066132838,
    0.5278901837420462,
    0.48648030313862867,
    0.48437477657825123,
    0.4753235146922141,
    0.5062379352255666
  ],
  "acc_R_macro": null,
  "auc_T": null,
  "latencies_ms": {
    "C": -119.99999918043613,
    "S_raw": -80.0000000745058,
    "S_inv": -60.00000052154064,
    "T": null
  },
  "meta": {
    "align": "sacc",
    "orientation": null,
    "pt_min_ms": 200.0,
    "n_trials": 749,
    "n_bins": 69,
    "n_units": 27,
    "thr": 0.6,
    "k_bins": 5,
    "norm": "global",
    "baseline_win": null,
    "used_axes_mu_sd": false,
    "correct_mode": "correctonly"
  }
}