{
  "sid": "20201204",
  "trainC": [
    -0.3,
    -0.1
  ],
  "trainS": [
    -0.1,
    -0.03
  ],
  "orientation": "vertical",
  "areas": {
    "MFEF": {
      "sC_auc_mean": 0.6902423158237111,
      "sSraw_auc_mean": 0.9842625473484847,
      "cos_sSraw_sC": 0.07062002020410564,
      "auc_C_from_sSraw": 0.5282992237120677,
      "auc_C_from_sSinv": 0.507410021171489
    },
    "MLIP": {
      "sC_auc_mean": 0.80709871523825,
      "sSraw_auc_mean": 0.7213423295454545,
      "cos_sSraw_sC": 0.012345310088747301,
      "auc_C_from_sSraw": 0.5590684544812985,
      "auc_C_from_sSinv": 0.5555751587861679
    },
    "MSC": {
      "sC_auc_mean": 0.559493413563181,
      "sSraw_auc_mean": 0.5435665246212121,
      "cos_sSraw_sC": 0.03145857742770787,
      "auc_C_from_sSraw": 0.5212773465067043,
      "auc_C_from_sSinv": 0.5150317572335922
    }
  }
}