{
  "time": [
    -0.39000000059604645,
    -0.3799999952316284,
    -0.3700000047683716,
    -0.35999999940395355,
    -0.3499999940395355,
    -0.3400000035762787,
    -0.32999999821186066,
    -0.3199999928474426,
    -0.3100000023841858,
    -0.30000000447034836,
    -0.28999999910593033,
    -0.2800000011920929,
    -0.27000000327825546,
    -0.25999999791383743,
    -0.25,
    -0.24000000208616257,
    -0.23000000044703484,
    -0.2200000025331974,
    -0.21000000089406967,
    -0.19999999925494194,
    -0.1900000013411045,
    -0.17999999970197678,
    -0.16999999806284904,
    -0.1600000001490116,
    -0.14999999850988388,
    -0.13999999687075615,
    -0.12999999895691872,
    -0.11999999918043613,
    -0.10999999940395355,
    -0.09999999962747097,
    -0.08999999985098839,
    -0.0800000000745058,
    -0.07000000029802322,
    -0.06000000052154064,
    -0.049999999813735485,
    -0.0400000000372529,
    -0.03000000026077032,
    -0.020000000251457095,
    -0.010000000009313226,
    0.0,
    0.010000000009313226,
    0.020000000251457095,
    0.03000000026077032,
    0.0400000000372529,
    0.049999999813735485,
    0.06000000052154064,
    0.07000000029802322,
    0.0800000000745058,
    0.08999999985098839,
    0.09999999962747097,
    0.10999999940395355,
    0.11999999918043613,
    0.12999999895691872,
    0.13999999687075615,
    0.14999999850988388,
    0.1600000001490116,
    0.16999999806284904,
    0.17999999970197678,
    0.1900000013411045,
    0.19999999925494194,
    0.21000000089406967,
    0.2200000025331974,
    0.23000000044703484,
    0.24000000208616257,
    0.25,
    0.25999999791383743,
    0.27000000327825546,
    0.2800000011920929,
    0.28999999910593033
  ],
  "auc_C": [
    0.47415540540540546,
    0.5130912162162162,
    0.4921452702702703,
    0.4855152027027027,
    0.5083192567567567,
    0.5020692567567567,
    0.5066722972972973,
    0.46777871621621625,
    0.5323902027027028,
    0.5413851351351352,
    0.5353462837837839,
    0.5096283783783784,
    0.5241976351351352,
    0.5926942567567567,
    0.537668918918919,
    0.4575591216216217,
    0.49142736486486494,
    0.5388513513513513,
    0.5766469594594594,
    0.565160472972973,
    0.5605152027027027,
    0.5782939189189189,
    0.5488175675675675,
    0.5563344594594595,
    0.6057010135135136,
    0.6036739864864865,
    0.6474662162162161,
    0.7175253378378379,
    0.7631545608108109,
    0.782643581081081,
    0.7305320945945946,
    0.7335726351351352,
    0.7468327702702703,
    0.7325591216216216,
    0.7073057432432432,
    0.7328125,
    0.7425675675675676,
    0.7646114864864865,
    0.7741131756756757,
    0.7211993243243243,
    0.7651604729729731,
    0.7563344594594594,
    0.7232685810810812,
    0.7207347972972973,
    0.7581925675675676,
    0.7484375000000001,
    0.7561655405405405,
    0.7635557432432432,
    0.7210304054054054,
    0.7062077702702703,
    0.7203124999999999,
    0.7172297297297298,
    0.6827702702702703,
    0.6031672297297297,
    0.6015625000000001,
    0.6266891891891893,
    0.6002956081081081,
    0.6324746621621622,
    0.5738597972972973,
    0.5608952702702703,
    0.5936233108108108,
    0.5788851351351352,
    0.5280405405405406,
    0.5356841216216216,
    0.5857263513513514,
    0.5502533783783783,
    0.5238597972972973,
    0.5294341216216216,
    0.5324324324324324
  ],
  "auc_S_raw": [
    0.48187988218721983,
    0.5538481239595338,
    0.4935757886199683,
    0.45759166773381144,
    0.49212447176334995,
    0.49622230759380204,
    0.4778247321466683,
    0.45114611345882955,
    0.45485977718017667,
    0.4695010031160627,
    0.518418918342084,
    0.5496649165492807,
    0.5414692448883767,
    0.5116745635377983,
    0.5031800913475903,
    0.5328894011183676,
    0.5545310965979425,
    0.554488410808042,
    0.5253340163059717,
    0.56063516455372,
    0.5655867161821828,
    0.5059973534810261,
    0.53463951850429,
    0.56456225722457,
    0.53621889273061,
    0.5819780595039911,
    0.5964485422802749,
    0.5349383190335937,
    0.5679771204166133,
    0.6169804072224356,
    0.6724719340931403,
    0.6594100823835745,
    0.6798992615358347,
    0.7229692235454817,
    0.7149016092542793,
    0.7461049216715755,
    0.7560933965083023,
    0.795833866905707,
    0.8280616382806164,
    0.8326717035898749,
    0.8272506082725061,
    0.8135911555043326,
    0.803389251718103,
    0.8009134759038715,
    0.7771801767191702,
    0.7431596021684381,
    0.7361164468348488,
    0.7694113629572714,
    0.7359883894651471,
    0.7128526913390532,
    0.6928757416655995,
    0.7216459640585648,
    0.6847654415844964,
    0.7312075809962864,
    0.7241644256626968,
    0.6521534981004823,
    0.6477995475306271,
    0.6813932641823536,
    0.6284201989157809,
    0.5846672642677252,
    0.6357621547786741,
    0.6740513083194605,
    0.6390062748111154,
    0.5547872113373458,
    0.5692150083237291,
    0.638024501643403,
    0.5596960771759081,
    0.617236521961839,
    0.6669654671959706
  ],
  "auc_S_inv": [
    0.48085542322960684,
    0.5525248644726171,
    0.4971187091817134,
    0.45357920348316044,
    0.4859777180176719,
    0.5012592308020659,
    0.47846501899517657,
    0.44999359713151493,
    0.4525120587356469,
    0.4715499210312887,
    0.5224740683826354,
    0.5540615529090365,
    0.5373714090579247,
    0.5055704955820207,
    0.5024117471293805,
    0.5421095317368847,
    0.5543176676484398,
    0.5501344602381867,
    0.5209373799462158,
    0.5586289324283946,
    0.56298288299825,
    0.5045033508345071,
    0.5350236906133948,
    0.5599095061254108,
    0.5320783711102574,
    0.5716054125581594,
    0.5867588679728518,
    0.5269133905322918,
    0.5636658556366585,
    0.6113031971656635,
    0.6705083877577155,
    0.6485252059589363,
    0.6698681009092072,
    0.710633030264225,
    0.7049131344175524,
    0.7376104494813677,
    0.7514833311990439,
    0.7910530584368464,
    0.8282750672301191,
    0.829683698296837,
    0.8263542066845946,
    0.8144021855124429,
    0.7960046100653092,
    0.7957058095360054,
    0.7774362914585734,
    0.7458061211422717,
    0.7384641652793785,
    0.7741494856362316,
    0.7308234088871814,
    0.7086267981388996,
    0.7017117001750117,
    0.7222862509070731,
    0.6787894309984206,
    0.7287318051820549,
    0.7243351688222991,
    0.6480556622700303,
    0.6483544627993341,
    0.6845520126349938,
    0.6305971742007085,
    0.588039441669868,
    0.63857941691211,
    0.6743927946386649,
    0.6394758185000213,
    0.559525334016306,
    0.5683612925257182,
    0.6399880479788278,
    0.5611473940325264,
    0.6222734451701029,
    0.6753318820164766
  ],
  "acc_R_macro": null,
  "auc_T": null,
  "latencies_ms": {
    "C": -149.99999850988388,
    "S_raw": -99.99999962747097,
    "S_inv": -99.99999962747097,
    "T": null
  },
  "meta": {
    "align": "sacc",
    "orientation": "horizontal",
    "pt_min_ms": 200.0,
    "n_trials": 308,
    "n_bins": 69,
    "n_units": 61,
    "thr": 0.6,
    "k_bins": 5,
    "norm": "global",
    "baseline_win": null,
    "used_axes_mu_sd": false
  }
}