{
  "time": [
    -0.39000000059604645,
    -0.3799999952316284,
    -0.3700000047683716,
    -0.35999999940395355,
    -0.3499999940395355,
    -0.3400000035762787,
    -0.32999999821186066,
    -0.3199999928474426,
    -0.3100000023841858,
    -0.30000000447034836,
    -0.28999999910593033,
    -0.2800000011920929,
    -0.27000000327825546,
    -0.25999999791383743,
    -0.25,
    -0.24000000208616257,
    -0.23000000044703484,
    -0.2200000025331974,
    -0.21000000089406967,
    -0.19999999925494194,
    -0.1900000013411045,
    -0.17999999970197678,
    -0.16999999806284904,
    -0.1600000001490116,
    -0.14999999850988388,
    -0.13999999687075615,
    -0.12999999895691872,
    -0.11999999918043613,
    -0.10999999940395355,
    -0.09999999962747097,
    -0.08999999985098839,
    -0.0800000000745058,
    -0.07000000029802322,
    -0.06000000052154064,
    -0.049999999813735485,
    -0.0400000000372529,
    -0.03000000026077032,
    -0.020000000251457095,
    -0.010000000009313226,
    0.0,
    0.010000000009313226,
    0.020000000251457095,
    0.03000000026077032,
    0.0400000000372529,
    0.049999999813735485,
    0.06000000052154064,
    0.07000000029802322,
    0.0800000000745058,
    0.08999999985098839,
    0.09999999962747097,
    0.10999999940395355,
    0.11999999918043613,
    0.12999999895691872,
    0.13999999687075615,
    0.14999999850988388,
    0.1600000001490116,
    0.16999999806284904,
    0.17999999970197678,
    0.1900000013411045
  ],
  "auc_C": null,
  "auc_S_raw": [
    0.505420054200542,
    0.5271618625277162,
    0.4950418822370042,
    0.44342818428184283,
    0.49242424242424243,
    0.5006159152500615,
    0.49057649667405767,
    0.47333086967233307,
    0.43437423010593745,
    0.45423749692042376,
    0.4785045577728505,
    0.4607969943335797,
    0.5049889135254989,
    0.5495503818674551,
    0.5471175166297119,
    0.5331054446908106,
    0.5072677999507268,
    0.45796378418329636,
    0.4419807834441981,
    0.4777346637102735,
    0.5043422025129342,
    0.4606122197585612,
    0.4635378171963538,
    0.5363389997536339,
    0.5420670115792068,
    0.5732323232323233,
    0.5767738359201774,
    0.5002463661000246,
    0.5155210643015521,
    0.5674119241192412,
    0.563470066518847,
    0.5869364375461936,
    0.6069536831731954,
    0.5943582163094357,
    0.6013488543976349,
    0.6700849963045084,
    0.6819413648681941,
    0.7164634146341463,
    0.7308758314855875,
    0.7241931510224193,
    0.74069967972407,
    0.7160322739591033,
    0.7890798226164081,
    0.8481152993348116,
    0.8487312145848731,
    0.852549889135255,
    0.852549889135255,
    0.7865853658536586,
    0.747289972899729,
    0.697739591032274,
    0.7059928553830994,
    0.654009608277901,
    0.5536154225178616,
    0.5043114067504311,
    0.4746550874599655,
    0.5192165558019217,
    0.5480721852673072,
    0.5147511702389751,
    0.48401699926090175
  ],
  "auc_S_inv": [
    0.505420054200542,
    0.5271618625277162,
    0.4950418822370042,
    0.44342818428184283,
    0.49242424242424243,
    0.5006159152500615,
    0.49057649667405767,
    0.47333086967233307,
    0.43437423010593745,
    0.45423749692042376,
    0.4785045577728505,
    0.4607969943335797,
    0.5049889135254989,
    0.5495503818674551,
    0.5471175166297119,
    0.5331054446908106,
    0.5072677999507268,
    0.45796378418329636,
    0.4419807834441981,
    0.4777346637102735,
    0.5043422025129342,
    0.4606122197585612,
    0.4635378171963538,
    0.5363389997536339,
    0.5420670115792068,
    0.5732323232323233,
    0.5767738359201774,
    0.5002463661000246,
    0.5155210643015521,
    0.5674119241192412,
    0.563470066518847,
    0.5869364375461936,
    0.6069536831731954,
    0.5943582163094357,
    0.6013488543976349,
    0.6700849963045084,
    0.6819413648681941,
    0.7164634146341463,
    0.7308758314855875,
    0.7241931510224193,
    0.74069967972407,
    0.7160322739591033,
    0.7890798226164081,
    0.8481152993348116,
    0.8487312145848731,
    0.852549889135255,
    0.852549889135255,
    0.7865853658536586,
    0.747289972899729,
    0.697739591032274,
    0.7059928553830994,
    0.654009608277901,
    0.5536154225178616,
    0.5043114067504311,
    0.4746550874599655,
    0.5192165558019217,
    0.5480721852673072,
    0.5147511702389751,
    0.48401699926090175
  ],
  "acc_R_macro": null,
  "auc_T": null,
  "latencies_ms": {
    "C": null,
    "S_raw": -49.999999813735485,
    "S_inv": -49.999999813735485,
    "T": null
  },
  "meta": {
    "align": "sacc",
    "orientation": "horizontal",
    "pt_min_ms": 200.0,
    "n_trials": 255,
    "n_bins": 59,
    "n_units": 42,
    "thr": 0.6,
    "k_bins": 5,
    "norm": "global",
    "baseline_win": null,
    "used_axes_mu_sd": false
  }
}