{
  "time": [
    -0.39000000059604645,
    -0.3799999952316284,
    -0.3700000047683716,
    -0.35999999940395355,
    -0.3499999940395355,
    -0.3400000035762787,
    -0.32999999821186066,
    -0.3199999928474426,
    -0.3100000023841858,
    -0.30000000447034836,
    -0.28999999910593033,
    -0.2800000011920929,
    -0.27000000327825546,
    -0.25999999791383743,
    -0.25,
    -0.24000000208616257,
    -0.23000000044703484,
    -0.2200000025331974,
    -0.21000000089406967,
    -0.19999999925494194,
    -0.1900000013411045,
    -0.17999999970197678,
    -0.16999999806284904,
    -0.1600000001490116,
    -0.14999999850988388,
    -0.13999999687075615,
    -0.12999999895691872,
    -0.11999999918043613,
    -0.10999999940395355,
    -0.09999999962747097,
    -0.08999999985098839,
    -0.0800000000745058,
    -0.07000000029802322,
    -0.06000000052154064,
    -0.049999999813735485,
    -0.0400000000372529,
    -0.03000000026077032,
    -0.020000000251457095,
    -0.010000000009313226,
    0.0,
    0.010000000009313226,
    0.020000000251457095,
    0.03000000026077032,
    0.0400000000372529,
    0.049999999813735485,
    0.06000000052154064,
    0.07000000029802322,
    0.0800000000745058,
    0.08999999985098839,
    0.09999999962747097,
    0.10999999940395355,
    0.11999999918043613,
    0.12999999895691872,
    0.13999999687075615,
    0.14999999850988388,
    0.1600000001490116,
    0.16999999806284904,
    0.17999999970197678,
    0.1900000013411045
  ],
  "auc_C": null,
  "auc_S_raw": [
    0.5143222845036853,
    0.5133512821644525,
    0.5010372070441806,
    0.5030233481926115,
    0.5292404113519001,
    0.5301672772211679,
    0.5173235644613143,
    0.498168336496447,
    0.49604978593812066,
    0.5116299598358123,
    0.5205455267687691,
    0.5123802798252195,
    0.4956966941783997,
    0.5740389283665093,
    0.5286225007723883,
    0.4853246237365936,
    0.4863397625457916,
    0.4440570243191949,
    0.49702078827735363,
    0.5236792161362934,
    0.5398773006134969,
    0.5227082137970605,
    0.539568345323741,
    0.5954892527695634,
    0.5998146268261466,
    0.5487487310764885,
    0.5491018228362096,
    0.5733327448470672,
    0.6451427814803372,
    0.6716687999293816,
    0.7194685969016199,
    0.7853643465595621,
    0.8579688396522046,
    0.8997219402392196,
    0.9225846316811581,
    0.9609392240808581,
    0.9812861367347839,
    0.9911727060069735,
    0.9915699342366597,
    0.983625369642936,
    0.9824336849538774,
    0.9588206735225318,
    0.9442997749040032,
    0.9374586220594077,
    0.8955289755925321,
    0.8663547689455797,
    0.8543937855850289,
    0.8194818378426094,
    0.7680187138632653,
    0.7600300127995763,
    0.711170940548175,
    0.7176590016330494,
    0.7153197687248973,
    0.6513660237454209,
    0.6809815950920246,
    0.6546321225228406,
    0.6670344705830429,
    0.6736549410778127,
    0.6279736946639007
  ],
  "auc_S_inv": [
    0.5143222845036853,
    0.5133512821644525,
    0.5010372070441806,
    0.5030233481926115,
    0.5292404113519001,
    0.5301672772211679,
    0.5173235644613143,
    0.498168336496447,
    0.49604978593812066,
    0.5116299598358123,
    0.5205455267687691,
    0.5123802798252195,
    0.4956966941783997,
    0.5740389283665093,
    0.5286225007723883,
    0.4853246237365936,
    0.4863397625457916,
    0.4440570243191949,
    0.49702078827735363,
    0.5236792161362934,
    0.5398773006134969,
    0.5227082137970605,
    0.539568345323741,
    0.5954892527695634,
    0.5998146268261466,
    0.5487487310764885,
    0.5491018228362096,
    0.5733327448470672,
    0.6451427814803372,
    0.6716687999293816,
    0.7194685969016199,
    0.7853643465595621,
    0.8579688396522046,
    0.8997219402392196,
    0.9225846316811581,
    0.9609392240808581,
    0.9812861367347839,
    0.9911727060069735,
    0.9915699342366597,
    0.983625369642936,
    0.9824336849538774,
    0.9588206735225318,
    0.9442997749040032,
    0.9374586220594077,
    0.8955289755925321,
    0.8663547689455797,
    0.8543937855850289,
    0.8194818378426094,
    0.7680187138632653,
    0.7600300127995763,
    0.711170940548175,
    0.7176590016330494,
    0.7153197687248973,
    0.6513660237454209,
    0.6809815950920246,
    0.6546321225228406,
    0.6670344705830429,
    0.6736549410778127,
    0.6279736946639007
  ],
  "acc_R_macro": null,
  "auc_T": null,
  "latencies_ms": {
    "C": null,
    "S_raw": -109.99999940395355,
    "S_inv": -109.99999940395355,
    "T": null
  },
  "meta": {
    "align": "sacc",
    "orientation": "horizontal",
    "pt_min_ms": 200.0,
    "n_trials": 302,
    "n_bins": 59,
    "n_units": 99,
    "thr": 0.6,
    "k_bins": 5,
    "norm": "global",
    "baseline_win": null,
    "used_axes_mu_sd": false
  }
}