{
  "time": [
    -0.39000000059604645,
    -0.3799999952316284,
    -0.3700000047683716,
    -0.35999999940395355,
    -0.3499999940395355,
    -0.3400000035762787,
    -0.32999999821186066,
    -0.3199999928474426,
    -0.3100000023841858,
    -0.30000000447034836,
    -0.28999999910593033,
    -0.2800000011920929,
    -0.27000000327825546,
    -0.25999999791383743,
    -0.25,
    -0.24000000208616257,
    -0.23000000044703484,
    -0.2200000025331974,
    -0.21000000089406967,
    -0.19999999925494194,
    -0.1900000013411045,
    -0.17999999970197678,
    -0.16999999806284904,
    -0.1600000001490116,
    -0.14999999850988388,
    -0.13999999687075615,
    -0.12999999895691872,
    -0.11999999918043613,
    -0.10999999940395355,
    -0.09999999962747097,
    -0.08999999985098839,
    -0.0800000000745058,
    -0.07000000029802322,
    -0.06000000052154064,
    -0.049999999813735485,
    -0.0400000000372529,
    -0.03000000026077032,
    -0.020000000251457095,
    -0.010000000009313226,
    0.0,
    0.010000000009313226,
    0.020000000251457095,
    0.03000000026077032,
    0.0400000000372529,
    0.049999999813735485,
    0.06000000052154064,
    0.07000000029802322,
    0.0800000000745058,
    0.08999999985098839,
    0.09999999962747097,
    0.10999999940395355,
    0.11999999918043613,
    0.12999999895691872,
    0.13999999687075615,
    0.14999999850988388,
    0.1600000001490116,
    0.16999999806284904,
    0.17999999970197678,
    0.1900000013411045
  ],
  "auc_C": null,
  "auc_S_raw": [
    0.4828712658499893,
    0.5048355899419729,
    0.4648613797549967,
    0.47057812164195145,
    0.49035031162690734,
    0.5262841177734794,
    0.5110681280894047,
    0.4646464646464646,
    0.48188265635074146,
    0.514334837739093,
    0.5171717171717172,
    0.5781646249731356,
    0.6442295293359123,
    0.5659574468085106,
    0.506254029658285,
    0.4692456479690521,
    0.4836019772189985,
    0.48007736943907164,
    0.477197506984741,
    0.5006662368364496,
    0.49546529120997207,
    0.45239630346013315,
    0.4567375886524823,
    0.48983451536643025,
    0.48635289060820974,
    0.4808080808080808,
    0.480120352460778,
    0.5323017408123791,
    0.6111326026219643,
    0.6967977648828712,
    0.7359123146357189,
    0.7739952718676122,
    0.8281968622394155,
    0.8596174511068128,
    0.8710939179024285,
    0.8989039329464862,
    0.9183752417794971,
    0.9495379325166559,
    0.9778637438211906,
    0.973866322802493,
    0.9894691596819256,
    0.995056952503761,
    0.9938964109176875,
    0.9808725553406404,
    0.961960025789813,
    0.8836019772189985,
    0.9193638512787449,
    0.9770040833870621,
    0.9660863958736299,
    0.921598968407479,
    0.9214700193423598,
    0.8909520739307973,
    0.8511497958306469,
    0.8528691166989039,
    0.8935740382548892,
    0.8825703846980443,
    0.8800773694390716,
    0.82381259402536,
    0.7804857081452826
  ],
  "auc_S_inv": [
    0.4828712658499893,
    0.5048355899419729,
    0.4648613797549967,
    0.47057812164195145,
    0.49035031162690734,
    0.5262841177734794,
    0.5110681280894047,
    0.4646464646464646,
    0.48188265635074146,
    0.514334837739093,
    0.5171717171717172,
    0.5781646249731356,
    0.6442295293359123,
    0.5659574468085106,
    0.506254029658285,
    0.4692456479690521,
    0.4836019772189985,
    0.48007736943907164,
    0.477197506984741,
    0.5006662368364496,
    0.49546529120997207,
    0.45239630346013315,
    0.4567375886524823,
    0.48983451536643025,
    0.48635289060820974,
    0.4808080808080808,
    0.480120352460778,
    0.5323017408123791,
    0.6111326026219643,
    0.6967977648828712,
    0.7359123146357189,
    0.7739952718676122,
    0.8281968622394155,
    0.8596174511068128,
    0.8710939179024285,
    0.8989039329464862,
    0.9183752417794971,
    0.9495379325166559,
    0.9778637438211906,
    0.973866322802493,
    0.9894691596819256,
    0.995056952503761,
    0.9938964109176875,
    0.9808725553406404,
    0.961960025789813,
    0.8836019772189985,
    0.9193638512787449,
    0.9770040833870621,
    0.9660863958736299,
    0.921598968407479,
    0.9214700193423598,
    0.8909520739307973,
    0.8511497958306469,
    0.8528691166989039,
    0.8935740382548892,
    0.8825703846980443,
    0.8800773694390716,
    0.82381259402536,
    0.7804857081452826
  ],
  "acc_R_macro": null,
  "auc_T": null,
  "latencies_ms": {
    "C": null,
    "S_raw": -109.99999940395355,
    "S_inv": -109.99999940395355,
    "T": null
  },
  "meta": {
    "align": "sacc",
    "orientation": "horizontal",
    "pt_min_ms": 200.0,
    "n_trials": 306,
    "n_bins": 59,
    "n_units": 79,
    "thr": 0.6,
    "k_bins": 5,
    "norm": "global",
    "baseline_win": null,
    "used_axes_mu_sd": false
  }
}