{
  "time": [
    -0.39000000059604645,
    -0.3799999952316284,
    -0.3700000047683716,
    -0.35999999940395355,
    -0.3499999940395355,
    -0.3400000035762787,
    -0.32999999821186066,
    -0.3199999928474426,
    -0.3100000023841858,
    -0.30000000447034836,
    -0.28999999910593033,
    -0.2800000011920929,
    -0.27000000327825546,
    -0.25999999791383743,
    -0.25,
    -0.24000000208616257,
    -0.23000000044703484,
    -0.2200000025331974,
    -0.21000000089406967,
    -0.19999999925494194,
    -0.1900000013411045,
    -0.17999999970197678,
    -0.16999999806284904,
    -0.1600000001490116,
    -0.14999999850988388,
    -0.13999999687075615,
    -0.12999999895691872,
    -0.11999999918043613,
    -0.10999999940395355,
    -0.09999999962747097,
    -0.08999999985098839,
    -0.0800000000745058,
    -0.07000000029802322,
    -0.06000000052154064,
    -0.049999999813735485,
    -0.0400000000372529,
    -0.03000000026077032,
    -0.020000000251457095,
    -0.010000000009313226,
    0.0,
    0.010000000009313226,
    0.020000000251457095,
    0.03000000026077032,
    0.0400000000372529,
    0.049999999813735485,
    0.06000000052154064,
    0.07000000029802322,
    0.0800000000745058,
    0.08999999985098839,
    0.09999999962747097,
    0.10999999940395355,
    0.11999999918043613,
    0.12999999895691872,
    0.13999999687075615,
    0.14999999850988388,
    0.1600000001490116,
    0.16999999806284904,
    0.17999999970197678,
    0.1900000013411045
  ],
  "auc_C": null,
  "auc_S_raw": [
    0.47512909917464796,
    0.4260934810433861,
    0.4614026570154919,
    0.485457033146489,
    0.4527077724323608,
    0.4919892307013285,
    0.4431742949198923,
    0.4405702431919495,
    0.46400670874343464,
    0.4358035044357153,
    0.448735490135499,
    0.4804254755704639,
    0.5028909387827162,
    0.46179988524517807,
    0.4761883744538112,
    0.46555148519221434,
    0.47159818157743744,
    0.5041267599417398,
    0.49229818599108444,
    0.48775212958467584,
    0.46356534404378336,
    0.44171779141104295,
    0.5084962704682879,
    0.5344926512777508,
    0.562563446175575,
    0.6128348854658605,
    0.68618969854791,
    0.725603566226773,
    0.7753895043474422,
    0.8297656353444851,
    0.8729752394403495,
    0.9059451825043033,
    0.925232819879066,
    0.965264598137441,
    0.9818157743743655,
    0.9936002118550559,
    0.9947918965441144,
    0.9958953082932427,
    0.9995586353003487,
    0.9996027717703138,
    0.9972635388621618,
    0.986008739021053,
    0.9936002118550558,
    0.9897603389680893,
    0.9793882685262834,
    0.9723264333318621,
    0.980624089685307,
    0.966941783996116,
    0.9606302687911021,
    0.9601006311515206,
    0.9383854879286755,
    0.9112856953700843,
    0.927881008076974,
    0.8968972061614512,
    0.885774815730238,
    0.9144635212075738,
    0.8898795074369952,
    0.8678554089243943,
    0.845080990422386
  ],
  "auc_S_inv": [
    0.47512909917464796,
    0.4260934810433861,
    0.4614026570154919,
    0.485457033146489,
    0.4527077724323608,
    0.4919892307013285,
    0.4431742949198923,
    0.4405702431919495,
    0.46400670874343464,
    0.4358035044357153,
    0.448735490135499,
    0.4804254755704639,
    0.5028909387827162,
    0.46179988524517807,
    0.4761883744538112,
    0.46555148519221434,
    0.47159818157743744,
    0.5041267599417398,
    0.49229818599108444,
    0.48775212958467584,
    0.46356534404378336,
    0.44171779141104295,
    0.5084962704682879,
    0.5344926512777508,
    0.562563446175575,
    0.6128348854658605,
    0.68618969854791,
    0.725603566226773,
    0.7753895043474422,
    0.8297656353444851,
    0.8729752394403495,
    0.9059451825043033,
    0.925232819879066,
    0.965264598137441,
    0.9818157743743655,
    0.9936002118550559,
    0.9947918965441144,
    0.9958953082932427,
    0.9995586353003487,
    0.9996027717703138,
    0.9972635388621618,
    0.986008739021053,
    0.9936002118550558,
    0.9897603389680893,
    0.9793882685262834,
    0.9723264333318621,
    0.980624089685307,
    0.966941783996116,
    0.9606302687911021,
    0.9601006311515206,
    0.9383854879286755,
    0.9112856953700843,
    0.927881008076974,
    0.8968972061614512,
    0.885774815730238,
    0.9144635212075738,
    0.8898795074369952,
    0.8678554089243943,
    0.845080990422386
  ],
  "acc_R_macro": null,
  "auc_T": null,
  "latencies_ms": {
    "C": null,
    "S_raw": -139.99999687075615,
    "S_inv": -139.99999687075615,
    "T": null
  },
  "meta": {
    "align": "sacc",
    "orientation": "horizontal",
    "pt_min_ms": 200.0,
    "n_trials": 302,
    "n_bins": 59,
    "n_units": 60,
    "thr": 0.6,
    "k_bins": 5,
    "norm": "global",
    "baseline_win": null,
    "used_axes_mu_sd": false
  }
}