{
  "time": [
    -0.39000000059604645,
    -0.3799999952316284,
    -0.3700000047683716,
    -0.35999999940395355,
    -0.3499999940395355,
    -0.3400000035762787,
    -0.32999999821186066,
    -0.3199999928474426,
    -0.3100000023841858,
    -0.30000000447034836,
    -0.28999999910593033,
    -0.2800000011920929,
    -0.27000000327825546,
    -0.25999999791383743,
    -0.25,
    -0.24000000208616257,
    -0.23000000044703484,
    -0.2200000025331974,
    -0.21000000089406967,
    -0.19999999925494194,
    -0.1900000013411045,
    -0.17999999970197678,
    -0.16999999806284904,
    -0.1600000001490116,
    -0.14999999850988388,
    -0.13999999687075615,
    -0.12999999895691872,
    -0.11999999918043613,
    -0.10999999940395355,
    -0.09999999962747097,
    -0.08999999985098839,
    -0.0800000000745058,
    -0.07000000029802322,
    -0.06000000052154064,
    -0.049999999813735485,
    -0.0400000000372529,
    -0.03000000026077032,
    -0.020000000251457095,
    -0.010000000009313226,
    0.0,
    0.010000000009313226,
    0.020000000251457095,
    0.03000000026077032,
    0.0400000000372529,
    0.049999999813735485,
    0.06000000052154064,
    0.07000000029802322,
    0.0800000000745058,
    0.08999999985098839,
    0.09999999962747097,
    0.10999999940395355,
    0.11999999918043613,
    0.12999999895691872,
    0.13999999687075615,
    0.14999999850988388,
    0.1600000001490116,
    0.16999999806284904,
    0.17999999970197678,
    0.1900000013411045,
    0.19999999925494194,
    0.21000000089406967,
    0.2200000025331974,
    0.23000000044703484,
    0.24000000208616257,
    0.25,
    0.25999999791383743,
    0.27000000327825546,
    0.2800000011920929,
    0.28999999910593033
  ],
  "auc_C": null,
  "auc_S_raw": [
    0.4799914033956587,
    0.4294003868471954,
    0.4686438856651622,
    0.4948205458843757,
    0.46052009456264775,
    0.4975284762518805,
    0.4520094562647754,
    0.44233827638082956,
    0.4618095852138405,
    0.4368364496024071,
    0.4465506125080594,
    0.47822909950569525,
    0.5077154523963034,
    0.46821405544809797,
    0.4797764882871266,
    0.46967547818611655,
    0.4760369653986675,
    0.5099935525467441,
    0.49696969696969695,
    0.4871695680206319,
    0.4665807006232538,
    0.44788308618095846,
    0.5150225660863958,
    0.5394369224156458,
    0.5722329679776489,
    0.6202020202020202,
    0.6942617666021922,
    0.734708790027939,
    0.7835375026864388,
    0.8294863528906082,
    0.8724693745970341,
    0.9074575542660649,
    0.9252955082742317,
    0.9653986675263271,
    0.9810874704491725,
    0.9933806146572104,
    0.9945411562432839,
    0.995658714807651,
    0.9994842037395228,
    0.9996991188480551,
    0.9974640017193209,
    0.9858156028368794,
    0.9932086825703847,
    0.9870191274446594,
    0.9766172361917043,
    0.9709864603481625,
    0.9791532344723834,
    0.9635074145712443,
    0.9552976574253169,
    0.9497958306468944,
    0.9252955082742317,
    0.8878572963679346,
    0.8982162045991833,
    0.8677412422093274,
    0.8470664087685363,
    0.8781001504405759,
    0.8398452611218569,
    0.7839673329035031,
    0.7570599613152804,
    0.7626047711154095,
    0.7462712228669675,
    0.7535353535353536,
    0.7105523318289275,
    0.6798624543305394,
    0.6822265205243929,
    0.6482269503546099,
    0.6036535568450462,
    0.5758005587792822,
    0.5960025789813024
  ],
  "auc_S_inv": [
    0.4799914033956587,
    0.4294003868471954,
    0.4686438856651622,
    0.4948205458843757,
    0.46052009456264775,
    0.4975284762518805,
    0.4520094562647754,
    0.44233827638082956,
    0.4618095852138405,
    0.4368364496024071,
    0.4465506125080594,
    0.47822909950569525,
    0.5077154523963034,
    0.46821405544809797,
    0.4797764882871266,
    0.46967547818611655,
    0.4760369653986675,
    0.5099935525467441,
    0.49696969696969695,
    0.4871695680206319,
    0.4665807006232538,
    0.44788308618095846,
    0.5150225660863958,
    0.5394369224156458,
    0.5722329679776489,
    0.6202020202020202,
    0.6942617666021922,
    0.734708790027939,
    0.7835375026864388,
    0.8294863528906082,
    0.8724693745970341,
    0.9074575542660649,
    0.9252955082742317,
    0.9653986675263271,
    0.9810874704491725,
    0.9933806146572104,
    0.9945411562432839,
    0.995658714807651,
    0.9994842037395228,
    0.9996991188480551,
    0.9974640017193209,
    0.9858156028368794,
    0.9932086825703847,
    0.9870191274446594,
    0.9766172361917043,
    0.9709864603481625,
    0.9791532344723834,
    0.9635074145712443,
    0.9552976574253169,
    0.9497958306468944,
    0.9252955082742317,
    0.8878572963679346,
    0.8982162045991833,
    0.8677412422093274,
    0.8470664087685363,
    0.8781001504405759,
    0.8398452611218569,
    0.7839673329035031,
    0.7570599613152804,
    0.7626047711154095,
    0.7462712228669675,
    0.7535353535353536,
    0.7105523318289275,
    0.6798624543305394,
    0.6822265205243929,
    0.6482269503546099,
    0.6036535568450462,
    0.5758005587792822,
    0.5960025789813024
  ],
  "acc_R_macro": null,
  "auc_T": null,
  "latencies_ms": {
    "C": null,
    "S_raw": -139.99999687075615,
    "S_inv": -139.99999687075615,
    "T": null
  },
  "meta": {
    "align": "sacc",
    "orientation": "horizontal",
    "pt_min_ms": 200.0,
    "n_trials": 306,
    "n_bins": 69,
    "n_units": 60,
    "thr": 0.6,
    "k_bins": 5,
    "norm": "global",
    "baseline_win": null,
    "used_axes_mu_sd": false
  }
}