{
  "time": [
    -0.39000000059604645,
    -0.3799999952316284,
    -0.3700000047683716,
    -0.35999999940395355,
    -0.3499999940395355,
    -0.3400000035762787,
    -0.32999999821186066,
    -0.3199999928474426,
    -0.3100000023841858,
    -0.30000000447034836,
    -0.28999999910593033,
    -0.2800000011920929,
    -0.27000000327825546,
    -0.25999999791383743,
    -0.25,
    -0.24000000208616257,
    -0.23000000044703484,
    -0.2200000025331974,
    -0.21000000089406967,
    -0.19999999925494194,
    -0.1900000013411045,
    -0.17999999970197678,
    -0.16999999806284904,
    -0.1600000001490116,
    -0.14999999850988388,
    -0.13999999687075615,
    -0.12999999895691872,
    -0.11999999918043613,
    -0.10999999940395355,
    -0.09999999962747097,
    -0.08999999985098839,
    -0.0800000000745058,
    -0.07000000029802322,
    -0.06000000052154064,
    -0.049999999813735485,
    -0.0400000000372529,
    -0.03000000026077032,
    -0.020000000251457095,
    -0.010000000009313226,
    0.0,
    0.010000000009313226,
    0.020000000251457095,
    0.03000000026077032,
    0.0400000000372529,
    0.049999999813735485,
    0.06000000052154064,
    0.07000000029802322,
    0.0800000000745058,
    0.08999999985098839,
    0.09999999962747097,
    0.10999999940395355,
    0.11999999918043613,
    0.12999999895691872,
    0.13999999687075615,
    0.14999999850988388,
    0.1600000001490116,
    0.16999999806284904,
    0.17999999970197678,
    0.1900000013411045
  ],
  "auc_C": null,
  "auc_S_raw": [
    0.4866928543055127,
    0.503508849362228,
    0.4578717394182813,
    0.4592399699872005,
    0.4797192920510218,
    0.5196186608995013,
    0.5099527739771373,
    0.4620647040649689,
    0.4736284591958336,
    0.5121154610054288,
    0.5185593856203381,
    0.5730237895573111,
    0.636403760427241,
    0.5654323167233084,
    0.5079224963587412,
    0.46718453458092424,
    0.48038133910049874,
    0.47433464271527565,
    0.472127819217019,
    0.49763869885686546,
    0.4968883788674582,
    0.4501478571743832,
    0.4549145959306175,
    0.4926071412808404,
    0.48620735313589614,
    0.47839519795206786,
    0.4802930661605685,
    0.5284900913624928,
    0.6056406408615439,
    0.693163260802401,
    0.7346956790395903,
    0.7753453678774771,
    0.8317517764929161,
    0.8582336584719954,
    0.8676347265745685,
    0.8969854791013815,
    0.916184843536214,
    0.9486251489605861,
    0.9773579909078872,
    0.9742243015403629,
    0.9900692942578453,
    0.9950125788939401,
    0.9937767577349164,
    0.9833605508231451,
    0.9610274970207883,
    0.8904091450765769,
    0.9227611775610187,
    0.977931765017434,
    0.9655294169572317,
    0.9212164011122391,
    0.9227611775610187,
    0.893498697974136,
    0.8574833384825881,
    0.8544379220549941,
    0.8927925144546939,
    0.8851569051507261,
    0.8856424063203425,
    0.8280001765458798,
    0.7788321490047225
  ],
  "auc_S_inv": [
    0.4866928543055127,
    0.503508849362228,
    0.4578717394182813,
    0.4592399699872005,
    0.4797192920510218,
    0.5196186608995013,
    0.5099527739771373,
    0.4620647040649689,
    0.4736284591958336,
    0.5121154610054288,
    0.5185593856203381,
    0.5730237895573111,
    0.636403760427241,
    0.5654323167233084,
    0.5079224963587412,
    0.46718453458092424,
    0.48038133910049874,
    0.47433464271527565,
    0.472127819217019,
    0.49763869885686546,
    0.4968883788674582,
    0.4501478571743832,
    0.4549145959306175,
    0.4926071412808404,
    0.48620735313589614,
    0.47839519795206786,
    0.4802930661605685,
    0.5284900913624928,
    0.6056406408615439,
    0.693163260802401,
    0.7346956790395903,
    0.7753453678774771,
    0.8317517764929161,
    0.8582336584719954,
    0.8676347265745685,
    0.8969854791013815,
    0.916184843536214,
    0.9486251489605861,
    0.9773579909078872,
    0.9742243015403629,
    0.9900692942578453,
    0.9950125788939401,
    0.9937767577349164,
    0.9833605508231451,
    0.9610274970207883,
    0.8904091450765769,
    0.9227611775610187,
    0.977931765017434,
    0.9655294169572317,
    0.9212164011122391,
    0.9227611775610187,
    0.893498697974136,
    0.8574833384825881,
    0.8544379220549941,
    0.8927925144546939,
    0.8851569051507261,
    0.8856424063203425,
    0.8280001765458798,
    0.7788321490047225
  ],
  "acc_R_macro": null,
  "auc_T": null,
  "latencies_ms": {
    "C": null,
    "S_raw": -109.99999940395355,
    "S_inv": -109.99999940395355,
    "T": null
  },
  "meta": {
    "align": "sacc",
    "orientation": "horizontal",
    "pt_min_ms": 200.0,
    "n_trials": 302,
    "n_bins": 59,
    "n_units": 79,
    "thr": 0.6,
    "k_bins": 5,
    "norm": "global",
    "baseline_win": null,
    "used_axes_mu_sd": false
  }
}