{
  "time": [
    -0.39000000059604645,
    -0.3799999952316284,
    -0.3700000047683716,
    -0.35999999940395355,
    -0.3499999940395355,
    -0.3400000035762787,
    -0.32999999821186066,
    -0.3199999928474426,
    -0.3100000023841858,
    -0.30000000447034836,
    -0.28999999910593033,
    -0.2800000011920929,
    -0.27000000327825546,
    -0.25999999791383743,
    -0.25,
    -0.24000000208616257,
    -0.23000000044703484,
    -0.2200000025331974,
    -0.21000000089406967,
    -0.19999999925494194,
    -0.1900000013411045,
    -0.17999999970197678,
    -0.16999999806284904,
    -0.1600000001490116,
    -0.14999999850988388,
    -0.13999999687075615,
    -0.12999999895691872,
    -0.11999999918043613,
    -0.10999999940395355,
    -0.09999999962747097,
    -0.08999999985098839,
    -0.0800000000745058,
    -0.07000000029802322,
    -0.06000000052154064,
    -0.049999999813735485,
    -0.0400000000372529,
    -0.03000000026077032,
    -0.020000000251457095,
    -0.010000000009313226,
    0.0,
    0.010000000009313226,
    0.020000000251457095,
    0.03000000026077032,
    0.0400000000372529,
    0.049999999813735485,
    0.06000000052154064,
    0.07000000029802322,
    0.0800000000745058,
    0.08999999985098839,
    0.09999999962747097,
    0.10999999940395355,
    0.11999999918043613,
    0.12999999895691872,
    0.13999999687075615,
    0.14999999850988388,
    0.1600000001490116,
    0.16999999806284904,
    0.17999999970197678,
    0.1900000013411045,
    0.19999999925494194,
    0.21000000089406967,
    0.2200000025331974,
    0.23000000044703484,
    0.24000000208616257,
    0.25,
    0.25999999791383743,
    0.27000000327825546,
    0.2800000011920929,
    0.28999999910593033
  ],
  "auc_C": [
    0.5084284232365145,
    0.4909417605216361,
    0.5266189982216953,
    0.5245257854179016,
    0.5198762596324836,
    0.5303608476585655,
    0.521339656194428,
    0.5559980735032601,
    0.529304979253112,
    0.5339174570243035,
    0.5089100474214582,
    0.5112255483106106,
    0.5749666567871962,
    0.583080171902786,
    0.5529601363366924,
    0.530064463544754,
    0.5384002667457024,
    0.5675200059276823,
    0.5715211914641375,
    0.5830431238885596,
    0.5961581209247184,
    0.6300200059276823,
    0.6423755186721991,
    0.6349288678126852,
    0.641097362181387,
    0.6633817427385893,
    0.7016708654416123,
    0.6862588915234143,
    0.7016893894487255,
    0.7467027267338471,
    0.8053497332542976,
    0.8230586840545346,
    0.7967916419679906,
    0.746443390634262,
    0.703078689982217,
    0.6949096028452875,
    0.6873703319502075,
    0.6937055423829283,
    0.6775711321873148,
    0.6553793716656787,
    0.6486736810906936,
    0.5948243924125667,
    0.574262744516894,
    0.5744850326022525,
    0.6231846473029046,
    0.6361514522821576,
    0.576726437462952,
    0.5947688203912269,
    0.6563981920569057,
    0.6350214878482513,
    0.5872110254890338,
    0.5856364848844102,
    0.5651674570243035,
    0.5527008002371073,
    0.5828393598103142,
    0.6131631594546532,
    0.5465323058684054,
    0.5285640189685833,
    0.5012411084765857,
    0.5401044754001185,
    0.5627963841138115,
    0.5192834914048607,
    0.5504408713692946,
    0.5080579430942501,
    0.5151896858328394,
    0.5348436573799645,
    0.5173384706579727,
    0.5596843509187908,
    0.5720954356846473
  ],
  "auc_S_raw": [
    0.46711451624842704,
    0.48811903175660676,
    0.5087349174624325,
    0.5336442371752165,
    0.5001480494485159,
    0.5042379154637648,
    0.5098267821452366,
    0.4873787845140276,
    0.5138426234362278,
    0.5117329187948776,
    0.4835665112147457,
    0.5096787326967207,
    0.5115293508031682,
    0.4890443408098305,
    0.49468872603449554,
    0.5155822044562884,
    0.5107891035605893,
    0.5207824413354061,
    0.5288326300984529,
    0.49537345473388117,
    0.5050151750684728,
    0.5025168406247686,
    0.49411503442149673,
    0.48360352357687464,
    0.5184876748834111,
    0.5342364349692797,
    0.5303686431268044,
    0.5169516618550596,
    0.5003701236212896,
    0.5701014138722333,
    0.6151639647642312,
    0.6071322821822489,
    0.6481234732400621,
    0.7100081427196684,
    0.7608261159227183,
    0.7812014212747058,
    0.8066104078762307,
    0.7955992301428678,
    0.8225627359538086,
    0.8576134428899254,
    0.8595936042638241,
    0.8486009327115257,
    0.8715485972314753,
    0.8544488859278999,
    0.8217854763491005,
    0.7898623140128802,
    0.7785735435635502,
    0.7577540898660153,
    0.7776297283292619,
    0.8159375231327264,
    0.7839033237101192,
    0.8022059367828855,
    0.778332963209712,
    0.6774927825893848,
    0.6535087719298245,
    0.7059367828854837,
    0.7451883929232364,
    0.7363239321933525,
    0.6811199940780222,
    0.6817677104152787,
    0.698904434080983,
    0.6780479680213192,
    0.6555999703901102,
    0.6635391220667703,
    0.6678510622547931,
    0.6262491672218521,
    0.6340217632689318,
    0.6182915093641277,
    0.584406691835073
  ],
  "auc_S_inv": [
    0.464079502553853,
    0.48636094455548157,
    0.5112147457250722,
    0.5367717817751129,
    0.49940780220593683,
    0.5076245465985639,
    0.5135650307202606,
    0.49122807017543857,
    0.5167110815012215,
    0.5139166481604857,
    0.48314086905026277,
    0.5047005699903767,
    0.5126582278481013,
    0.4905248352949886,
    0.4925975275742097,
    0.5180805388999925,
    0.5151195499296766,
    0.5209489969649863,
    0.5266674069139092,
    0.4948182693019469,
    0.5039233103856688,
    0.5037382485750241,
    0.49474424457768884,
    0.48067954696868753,
    0.5206158857058257,
    0.5364201643348878,
    0.5343844844177955,
    0.5172292545710268,
    0.5009438152342882,
    0.5704715374935229,
    0.6152935080316826,
    0.6083536901325042,
    0.6469945961951292,
    0.7082500555185431,
    0.7625842031238433,
    0.7829039899326374,
    0.8115700644015101,
    0.7943037974683544,
    0.8208786734769414,
    0.8588163446591164,
    0.860833518395144,
    0.8474165371233993,
    0.8702531645569621,
    0.8548930342734474,
    0.8210082167443927,
    0.7876230661040787,
    0.7764268265600711,
    0.7539973351099267,
    0.7731882448737879,
    0.8109593604263825,
    0.7802761122214821,
    0.7972647864386706,
    0.7729291583388852,
    0.6739395958250056,
    0.6494374120956399,
    0.7013287438004294,
    0.7411540454511807,
    0.732678214523651,
    0.6748463986971649,
    0.6750684728699384,
    0.6968687541638907,
    0.6767155229846769,
    0.6511584869346361,
    0.656913909245688,
    0.6623732326597083,
    0.6236027833296323,
    0.6313198608335184,
    0.614608779332297,
    0.580205788733437
  ],
  "acc_R_macro": null,
  "auc_T": null,
  "latencies_ms": {
    "C": -179.99999970197678,
    "S_raw": -89.99999985098839,
    "S_inv": -89.99999985098839,
    "T": null
  },
  "meta": {
    "align": "sacc",
    "orientation": "horizontal",
    "pt_min_ms": 200.0,
    "n_trials": 465,
    "n_bins": 69,
    "n_units": 118,
    "thr": 0.6,
    "k_bins": 5,
    "norm": "global",
    "baseline_win": null,
    "used_axes_mu_sd": false
  }
}