{
  "time": [
    -0.39000000059604645,
    -0.3799999952316284,
    -0.3700000047683716,
    -0.35999999940395355,
    -0.3499999940395355,
    -0.3400000035762787,
    -0.32999999821186066,
    -0.3199999928474426,
    -0.3100000023841858,
    -0.30000000447034836,
    -0.28999999910593033,
    -0.2800000011920929,
    -0.27000000327825546,
    -0.25999999791383743,
    -0.25,
    -0.24000000208616257,
    -0.23000000044703484,
    -0.2200000025331974,
    -0.21000000089406967,
    -0.19999999925494194,
    -0.1900000013411045,
    -0.17999999970197678,
    -0.16999999806284904,
    -0.1600000001490116,
    -0.14999999850988388,
    -0.13999999687075615,
    -0.12999999895691872,
    -0.11999999918043613,
    -0.10999999940395355,
    -0.09999999962747097,
    -0.08999999985098839,
    -0.0800000000745058,
    -0.07000000029802322,
    -0.06000000052154064,
    -0.049999999813735485,
    -0.0400000000372529,
    -0.03000000026077032,
    -0.020000000251457095,
    -0.010000000009313226,
    0.0,
    0.010000000009313226,
    0.020000000251457095,
    0.03000000026077032,
    0.0400000000372529,
    0.049999999813735485,
    0.06000000052154064,
    0.07000000029802322,
    0.0800000000745058,
    0.08999999985098839,
    0.09999999962747097,
    0.10999999940395355,
    0.11999999918043613,
    0.12999999895691872,
    0.13999999687075615,
    0.14999999850988388,
    0.1600000001490116,
    0.16999999806284904,
    0.17999999970197678,
    0.1900000013411045,
    0.19999999925494194,
    0.21000000089406967,
    0.2200000025331974,
    0.23000000044703484,
    0.24000000208616257,
    0.25,
    0.25999999791383743,
    0.27000000327825546,
    0.2800000011920929,
    0.28999999910593033
  ],
  "auc_C": [
    0.47910491997628923,
    0.5143097954949615,
    0.4894042679312389,
    0.49046939834024894,
    0.5191908713692945,
    0.4996758298755187,
    0.49748999703615887,
    0.5354179016004742,
    0.5435592027267337,
    0.5131890930646118,
    0.5228493627741553,
    0.5138189093064612,
    0.48513448429164197,
    0.49782342916419675,
    0.4911177385892116,
    0.510836544161233,
    0.5183850770598697,
    0.49704542086544157,
    0.5010743924125667,
    0.4926644931831654,
    0.5052330320094842,
    0.5636670124481328,
    0.5483939685832839,
    0.512355512744517,
    0.5730772080616479,
    0.6465341582691169,
    0.6092823799644338,
    0.6084117516301126,
    0.6288807794902194,
    0.6065593509187908,
    0.5478382483698874,
    0.5394005631298162,
    0.5702893449911085,
    0.5988533639596918,
    0.5528119442797865,
    0.5464767338470657,
    0.5686036603438056,
    0.5283509928867812,
    0.507066908713693,
    0.5263133521043272,
    0.5051589359810313,
    0.4962488885595732,
    0.5202652637818612,
    0.5002685981031416,
    0.5023618109069354,
    0.5454579134558388,
    0.47812314759928876,
    0.4658787788974511,
    0.5107717101363367,
    0.5233217249555424,
    0.5601937611144042,
    0.5226363366923532,
    0.5016671606401897,
    0.5284621369294606,
    0.4875703912270303,
    0.4648692205097807,
    0.45607031713100177,
    0.4717786751630112,
    0.45983995257854177,
    0.4350270450503853,
    0.45724659158269115,
    0.4682128037937167,
    0.44567834914048604,
    0.49917568168346177,
    0.46806461173681096,
    0.48809832542975695,
    0.48978401007705985,
    0.4592564463544754,
    0.45594064908120924
  ],
  "auc_S_raw": [
    0.49236620031090383,
    0.4644218669035458,
    0.46383892220001477,
    0.42464283070545567,
    0.4540121400547783,
    0.49368013916648157,
    0.48798948848915547,
    0.4860833518395144,
    0.44146494929306396,
    0.4217651195499297,
    0.45763009845288327,
    0.44997779258272275,
    0.4555759123547265,
    0.4568343326671108,
    0.44412983936634837,
    0.5209304907839218,
    0.5206806573395514,
    0.48512103042416166,
    0.46977940632171145,
    0.4625527426160338,
    0.49114479236064845,
    0.514397808868162,
    0.5006754756088534,
    0.5230124361536753,
    0.5301558220445629,
    0.549624324524391,
    0.5762547190761715,
    0.5610611444222371,
    0.5661873565770967,
    0.5760233918128654,
    0.5722943963283738,
    0.590985639203494,
    0.5702217040491524,
    0.5411022281442002,
    0.5641886890221335,
    0.5970741727737063,
    0.6131745502998001,
    0.6471241394625805,
    0.6771596713302244,
    0.6586072248130876,
    0.6464301576726628,
    0.6971278406987934,
    0.7177807387667482,
    0.727626027093049,
    0.7511103708638686,
    0.7374713154193502,
    0.7179565474868606,
    0.7094622103782664,
    0.7408301872825525,
    0.7708472129691317,
    0.7284958176030796,
    0.7039103560589237,
    0.7230735065511881,
    0.7139499592864016,
    0.7126082611592272,
    0.7121456066326154,
    0.6883096454215709,
    0.6404434080983049,
    0.6009234584351173,
    0.6300891997927308,
    0.6734214227552002,
    0.6571267303279296,
    0.6371770671404249,
    0.672477607520912,
    0.6502239247908801,
    0.614923384410393,
    0.6072895847212969,
    0.63558553556888,
    0.6679158338885187
  ],
  "auc_S_inv": [
    0.49083018728255234,
    0.46434784217928793,
    0.4640980087349174,
    0.4182026796950182,
    0.45316085572581244,
    0.4924309719446295,
    0.49006218076837665,
    0.4910707676363905,
    0.44027130061440517,
    0.4221722555333481,
    0.45642719668369236,
    0.44940410096972383,
    0.44917277370641795,
    0.45760233918128657,
    0.44703530979347106,
    0.5178399585461544,
    0.516109630616626,
    0.4841402028277445,
    0.4636168480272411,
    0.4658283366644459,
    0.4909227181878748,
    0.5059774964838256,
    0.5071341328003554,
    0.5276389814197943,
    0.5239192390258347,
    0.5479587682285884,
    0.5704437782219262,
    0.5556573395514102,
    0.5563605744318603,
    0.5802242949145014,
    0.5746076689614332,
    0.5902824043230439,
    0.5653175660670664,
    0.5413057961359093,
    0.5612462062328818,
    0.5910966762898808,
    0.6049022873639796,
    0.6390184321563401,
    0.6730512991339107,
    0.6591439040639574,
    0.6450977126360204,
    0.6893737508327782,
    0.7158468428455104,
    0.7250259086534903,
    0.7508882966910948,
    0.7375638463246725,
    0.7140702494633206,
    0.708166777703753,
    0.7483066844326005,
    0.7879839366348361,
    0.7370641794359316,
    0.7139777185579983,
    0.7374343030572212,
    0.7232030498186395,
    0.7212876600784661,
    0.7166611148123474,
    0.6875879043600562,
    0.6399252350284995,
    0.6007754089866015,
    0.6314956695536309,
    0.6706454955955289,
    0.6528055370493745,
    0.6302187430601821,
    0.6662225183211192,
    0.6438763046857651,
    0.610056258790436,
    0.6004237915463765,
    0.6287382485750241,
    0.6653619809016212
  ],
  "acc_R_macro": null,
  "auc_T": null,
  "latencies_ms": {
    "C": -139.99999687075615,
    "S_raw": -30.00000026077032,
    "S_inv": -30.00000026077032,
    "T": null
  },
  "meta": {
    "align": "sacc",
    "orientation": "horizontal",
    "pt_min_ms": 200.0,
    "n_trials": 465,
    "n_bins": 69,
    "n_units": 35,
    "thr": 0.6,
    "k_bins": 5,
    "norm": "global",
    "baseline_win": null,
    "used_axes_mu_sd": false
  }
}