{
  "time": [
    -0.39500001072883606,
    -0.38499999046325684,
    -0.375,
    -0.36500000953674316,
    -0.35499998927116394,
    -0.3449999988079071,
    -0.33500000834465027,
    -0.32499998807907104,
    -0.3149999976158142,
    -0.3050000071525574,
    -0.29500000178813934,
    -0.2849999964237213,
    -0.2750000059604645,
    -0.26500000059604645,
    -0.2549999952316284,
    -0.24500000476837158,
    -0.23499999940395355,
    -0.22500000149011612,
    -0.2150000035762787,
    -0.20499999821186066,
    -0.19500000029802322,
    -0.1850000023841858,
    -0.17499999701976776,
    -0.16499999910593033,
    -0.1550000011920929,
    -0.14499999582767487,
    -0.13499999791383743,
    -0.125,
    -0.11499999836087227,
    -0.10500000044703484,
    -0.0949999988079071,
    -0.08500000089406967,
    -0.07499999925494194,
    -0.06500000134110451,
    -0.054999999701976776,
    -0.044999999925494194,
    -0.03500000014901161,
    -0.02500000037252903,
    -0.01500000013038516,
    -0.004999999888241291,
    0.004999999888241291,
    0.01500000013038516,
    0.02500000037252903,
    0.03500000014901161,
    0.044999999925494194,
    0.054999999701976776,
    0.06500000134110451,
    0.07499999925494194,
    0.08500000089406967,
    0.0949999988079071,
    0.10500000044703484,
    0.11499999836087227,
    0.125,
    0.13499999791383743,
    0.14499999582767487,
    0.1550000011920929,
    0.16499999910593033,
    0.17499999701976776,
    0.1850000023841858,
    0.19500000029802322,
    0.20499999821186066,
    0.2150000035762787,
    0.22500000149011612,
    0.23499999940395355,
    0.24500000476837158,
    0.2549999952316284,
    0.26500000059604645,
    0.2750000059604645,
    0.2849999964237213,
    0.29500000178813934
  ],
  "auc_C": null,
  "auc_S_raw": [
    0.4728008088978766,
    0.44231547017189077,
    0.5592012133468149,
    0.5022244691607685,
    0.4654701718907988,
    0.44661274014155716,
    0.4929726996966633,
    0.5077856420626896,
    0.5309908998988878,
    0.49732052578361985,
    0.5034378159757331,
    0.5071284125379171,
    0.4577350859453994,
    0.5030839231547017,
    0.4843781597573307,
    0.42098078867542976,
    0.4245197168857432,
    0.43968655207280083,
    0.45515672396359963,
    0.5309403437815976,
    0.3872598584428716,
    0.47992922143579375,
    0.41375126390293226,
    0.441860465116279,
    0.4682002022244692,
    0.44160768452982807,
    0.4014661274014156,
    0.5502022244691608,
    0.5235591506572295,
    0.6112740141557129,
    0.6182507583417594,
    0.6568756319514661,
    0.6514155712841253,
    0.7025783619817998,
    0.7707280080889789,
    0.7392821031344793,
    0.7659251769464105,
    0.8141051567239636,
    0.8129929221435793,
    0.8438827098078868,
    0.8911526794742164,
    0.8970171890798786,
    0.9352376137512639,
    0.9362992922143579,
    0.9881193124368048,
    0.9541456016177958,
    0.9143579373104146,
    0.9570273003033367,
    0.9661779575328615,
    0.8868554095045501,
    0.888928210313448,
    0.8941354903943377,
    0.871587462082912,
    0.872901921132457,
    0.8314459049544994,
    0.8209807886754297,
    0.813953488372093,
    0.732103134479272,
    0.7519716885743175,
    0.7860465116279071,
    0.7266430738119313,
    0.736602628918099,
    0.7393832153690596,
    0.7162790697674419,
    0.7115773508594541,
    0.7519716885743175,
    0.7030333670374115,
    0.7391304347826086,
    0.7319009100101113,
    0.693427704752275
  ],
  "auc_S_inv": [
    0.4728008088978766,
    0.44231547017189077,
    0.5592012133468149,
    0.5022244691607685,
    0.4654701718907988,
    0.44661274014155716,
    0.4929726996966633,
    0.5077856420626896,
    0.5309908998988878,
    0.49732052578361985,
    0.5034378159757331,
    0.5071284125379171,
    0.4577350859453994,
    0.5030839231547017,
    0.4843781597573307,
    0.42098078867542976,
    0.4245197168857432,
    0.43968655207280083,
    0.45515672396359963,
    0.5309403437815976,
    0.3872598584428716,
    0.47992922143579375,
    0.41375126390293226,
    0.441860465116279,
    0.4682002022244692,
    0.44160768452982807,
    0.4014661274014156,
    0.5502022244691608,
    0.5235591506572295,
    0.6112740141557129,
    0.6182507583417594,
    0.6568756319514661,
    0.6514155712841253,
    0.7025783619817998,
    0.7707280080889789,
    0.7392821031344793,
    0.7659251769464105,
    0.8141051567239636,
    0.8129929221435793,
    0.8438827098078868,
    0.8911526794742164,
    0.8970171890798786,
    0.9352376137512639,
    0.9362992922143579,
    0.9881193124368048,
    0.9541456016177958,
    0.9143579373104146,
    0.9570273003033367,
    0.9661779575328615,
    0.8868554095045501,
    0.888928210313448,
    0.8941354903943377,
    0.871587462082912,
    0.872901921132457,
    0.8314459049544994,
    0.8209807886754297,
    0.813953488372093,
    0.732103134479272,
    0.7519716885743175,
    0.7860465116279071,
    0.7266430738119313,
    0.736602628918099,
    0.7393832153690596,
    0.7162790697674419,
    0.7115773508594541,
    0.7519716885743175,
    0.7030333670374115,
    0.7391304347826086,
    0.7319009100101113,
    0.693427704752275
  ],
  "acc_R_macro": null,
  "auc_T": null,
  "latencies_ms": {
    "C": null,
    "S_raw": -105.00000044703484,
    "S_inv": -105.00000044703484,
    "T": null
  },
  "meta": {
    "align": "sacc",
    "orientation": "horizontal",
    "pt_min_ms": 200.0,
    "n_trials": 287,
    "n_bins": 70,
    "n_units": 92,
    "thr": 0.6,
    "k_bins": 5,
    "norm": "global",
    "baseline_win": null,
    "used_axes_mu_sd": false
  }
}