{
  "sid": "20230627",
  "align": "sacc",
  "features": [
    "C",
    "S"
  ],
  "winC": [
    -0.3,
    -0.18
  ],
  "winR": null,
  "winS": [
    -0.1,
    -0.03
  ],
  "winT": null,
  "pt_min_ms": 200.0,
  "orientation": "pooled",
  "areas": [
    "SFEF",
    "SLIP"
  ],
  "tag": "axes_peakbin_saccCS-sacc-pooled-20mssw_nofilter",
  "norm": "global",
  "baseline_win": null,
  "clf_binary": "logreg",
  "C_grid": [
    0.1,
    0.3,
    1.0,
    3.0,
    10.0
  ],
  "lda_shrinkage": null,
  "searchC": true,
  "searchS": true,
  "searchT": false,
  "searchR": false,
  "search_step_ms": 20.0,
  "search_len_ms": [
    30,
    50,
    100,
    150,
    200,
    250
  ],
  "search_range_C": null,
  "search_range_S": null,
  "search_range_T": null,
  "search_range_R": null,
  "search_score_mode": "peak_bin_auc",
  "search_tiebreak": "shortest_then_earliest",
  "search_tol": 0.01,
  "per_area_results": {
    "SFEF": {
      "winC_selected": [
        -0.08,
        -0.05
      ],
      "winC_cv_best": 0.8230304109299995,
      "winC_best_param": 0.1,
      "winC_peak_time_ms": -60.00000052154064,
      "winC_peak_auc": 0.8230304109299995,
      "winC_mean_bin_auc": 0.8084546605475551,
      "winC_cv_auc_original": 0.8244641464480804,
      "winS_selected": [
        -0.02000000000000002,
        0.009999999999999978
      ],
      "winS_cv_best": 0.7628326996197718,
      "winS_peak_time_ms": 0.0,
      "winS_peak_auc": 0.7628326996197718,
      "sC_auc": 0.8230304109299995,
      "n_trials_C": 1102
    },
    "SLIP": {
      "winC_selected": [
        -0.18,
        -0.13
      ],
      "winC_cv_best": 0.6051623410877248,
      "winC_best_param": 0.1,
      "winC_peak_time_ms": -169.99999806284904,
      "winC_peak_auc": 0.6051623410877248,
      "winC_mean_bin_auc": 0.5958949860209948,
      "winC_cv_auc_original": 0.6379874320607072,
      "winS_selected": [
        0.01999999999999998,
        0.049999999999999975
      ],
      "winS_cv_best": 0.85792604034643,
      "winS_peak_time_ms": 49.999999813735485,
      "winS_peak_auc": 0.85792604034643,
      "sC_auc": 0.6051623410877248,
      "n_trials_C": 1102
    }
  },
  "rebin_factor": null,
  "sliding_window_ms": 20.0,
  "sliding_step_ms": 10.0,
  "sliding_window_bins": 4,
  "sliding_step_bins": 2
}