{
  "time": [
    -0.39000000059604645,
    -0.3799999952316284,
    -0.3700000047683716,
    -0.35999999940395355,
    -0.3499999940395355,
    -0.3400000035762787,
    -0.32999999821186066,
    -0.3199999928474426,
    -0.3100000023841858,
    -0.30000000447034836,
    -0.28999999910593033,
    -0.2800000011920929,
    -0.27000000327825546,
    -0.25999999791383743,
    -0.25,
    -0.24000000208616257,
    -0.23000000044703484,
    -0.2200000025331974,
    -0.21000000089406967,
    -0.19999999925494194,
    -0.1900000013411045,
    -0.17999999970197678,
    -0.16999999806284904,
    -0.1600000001490116,
    -0.14999999850988388,
    -0.13999999687075615,
    -0.12999999895691872,
    -0.11999999918043613,
    -0.10999999940395355,
    -0.09999999962747097,
    -0.08999999985098839,
    -0.0800000000745058,
    -0.07000000029802322,
    -0.06000000052154064,
    -0.049999999813735485,
    -0.0400000000372529,
    -0.03000000026077032,
    -0.020000000251457095,
    -0.010000000009313226,
    0.0,
    0.010000000009313226,
    0.020000000251457095,
    0.03000000026077032,
    0.0400000000372529,
    0.049999999813735485,
    0.06000000052154064,
    0.07000000029802322,
    0.0800000000745058,
    0.08999999985098839,
    0.09999999962747097,
    0.10999999940395355,
    0.11999999918043613,
    0.12999999895691872,
    0.13999999687075615,
    0.14999999850988388,
    0.1600000001490116,
    0.16999999806284904,
    0.17999999970197678,
    0.1900000013411045,
    0.19999999925494194,
    0.21000000089406967,
    0.2200000025331974,
    0.23000000044703484,
    0.24000000208616257,
    0.25,
    0.25999999791383743,
    0.27000000327825546,
    0.2800000011920929,
    0.28999999910593033
  ],
  "auc_C": [
    0.4895981761185523,
    0.47720148190367623,
    0.5198062125961813,
    0.536833855799373,
    0.5312767170133942,
    0.5438871473354232,
    0.555072670276432,
    0.5047021943573669,
    0.5628384155029923,
    0.5166714163579367,
    0.4953690510116843,
    0.5406811057281277,
    0.5614135081219721,
    0.48396979196352236,
    0.4965802222855515,
    0.5079082359646623,
    0.45205186662866914,
    0.46637218580792245,
    0.4983613565118268,
    0.5266457680250783,
    0.5882017668851525,
    0.6027358221715589,
    0.5602023368481048,
    0.591336563123397,
    0.7031205471644344,
    0.7288401253918495,
    0.6991308064975776,
    0.7211456255343404,
    0.7155884867483614,
    0.7445141065830722,
    0.7620404673696208,
    0.7583357081789684,
    0.6178398404103733,
    0.6137076090054147,
    0.6430607010544315,
    0.6681390709603876,
    0.652180108292961,
    0.597249928754631,
    0.6046594471359362,
    0.5900541464804787,
    0.5879880307779994,
    0.6080792248503847,
    0.6508264462809917,
    0.6377885437446565,
    0.6256055856369336,
    0.5988173268737533,
    0.5722428042177259,
    0.585708178968367,
    0.5945426047306925,
    0.5595611285266457,
    0.5254345967512112,
    0.4957965232259903,
    0.5393274437161585,
    0.5217298375605586,
    0.572741521801083,
    0.5925477343972642,
    0.5385437446565974,
    0.5716728412653177,
    0.6179823311484753,
    0.6456967797093189,
    0.6327301225420348,
    0.6449130806497577,
    0.6297378170418922,
    0.5967512111712739,
    0.5637646053006555,
    0.5253633513821602,
    0.5511541749786264,
    0.5896979196352238,
    0.5331290966087204
  ],
  "auc_S_raw": [
    0.5032116788321168,
    0.48810218978102193,
    0.4758394160583941,
    0.44197080291970803,
    0.5084671532846715,
    0.606934306569343,
    0.6085401459854014,
    0.5617518248175182,
    0.5418978102189781,
    0.5697080291970803,
    0.5356204379562044,
    0.47664233576642334,
    0.47445255474452547,
    0.526934306569343,
    0.5265693430656935,
    0.5531386861313868,
    0.5937226277372263,
    0.5233576642335767,
    0.4551824817518248,
    0.4913138686131387,
    0.5143065693430657,
    0.5363503649635036,
    0.5612773722627737,
    0.5345255474452554,
    0.48481751824817515,
    0.5136496350364963,
    0.5523357664233577,
    0.6296350364963504,
    0.6427737226277374,
    0.6410948905109489,
    0.6427737226277371,
    0.6495620437956204,
    0.6677372262773723,
    0.6762043795620438,
    0.7643065693430656,
    0.7727007299270073,
    0.737007299270073,
    0.7937226277372263,
    0.832116788321168,
    0.8670802919708029,
    0.8899270072992701,
    0.9024087591240876,
    0.8831386861313869,
    0.8858394160583941,
    0.9629197080291971,
    0.9764233576642336,
    0.9443795620437956,
    0.843065693430657,
    0.8078102189781022,
    0.8382481751824818,
    0.8297810218978102,
    0.8156204379562043,
    0.8328467153284671,
    0.8569343065693431,
    0.8266423357664234,
    0.7675182481751824,
    0.7751094890510949,
    0.7986861313868613,
    0.8299270072992702,
    0.7967883211678832,
    0.8272262773722627,
    0.8348175182481752,
    0.8000729927007298,
    0.7605839416058394,
    0.6881021897810219,
    0.7152554744525548,
    0.7372992700729927,
    0.7562043795620438,
    0.7406569343065692
  ],
  "auc_S_inv": [
    0.4741605839416058,
    0.4616058394160584,
    0.468029197080292,
    0.44467153284671534,
    0.5110948905109489,
    0.5794890510948906,
    0.6066423357664233,
    0.582992700729927,
    0.5277372262773723,
    0.5521167883211678,
    0.5197810218978103,
    0.49970802919708024,
    0.4711678832116788,
    0.5264963503649636,
    0.547956204379562,
    0.5548905109489052,
    0.5856934306569342,
    0.49795620437956206,
    0.45729927007299265,
    0.5118248175182482,
    0.5142335766423358,
    0.5456934306569343,
    0.5534671532846716,
    0.5388321167883212,
    0.5145255474452555,
    0.5423357664233576,
    0.6093430656934307,
    0.6618978102189781,
    0.67007299270073,
    0.6334306569343066,
    0.637956204379562,
    0.6554014598540147,
    0.6748175182481752,
    0.658029197080292,
    0.7188321167883212,
    0.7272992700729928,
    0.7014598540145985,
    0.7698540145985402,
    0.8135036496350365,
    0.8489051094890512,
    0.8713138686131386,
    0.8627007299270073,
    0.8643795620437956,
    0.8660583941605838,
    0.9489781021897811,
    0.9705109489051095,
    0.938905109489051,
    0.8069343065693431,
    0.7645985401459853,
    0.8191970802919709,
    0.8275912408759123,
    0.8174452554744526,
    0.8616788321167883,
    0.8864963503649635,
    0.8358394160583941,
    0.7918978102189781,
    0.803138686131387,
    0.8175182481751825,
    0.8657664233576643,
    0.8321897810218978,
    0.8493430656934307,
    0.8716058394160584,
    0.8316788321167883,
    0.7867883211678831,
    0.7205109489051095,
    0.7481751824817519,
    0.7437226277372262,
    0.7605109489051095,
    0.7545255474452555
  ],
  "acc_R_macro": null,
  "auc_T": null,
  "latencies_ms": {
    "C": -149.99999850988388,
    "S_raw": -119.99999918043613,
    "S_inv": -129.99999895691872,
    "T": null
  },
  "meta": {
    "align": "sacc",
    "orientation": "horizontal",
    "pt_min_ms": 200.0,
    "n_trials": 237,
    "n_bins": 69,
    "n_units": 86,
    "thr": 0.6,
    "k_bins": 5,
    "norm": "global",
    "baseline_win": null,
    "used_axes_mu_sd": false
  }
}