{
  "sid": "20201001",
  "align": "stim",
  "features": [
    "C",
    "R"
  ],
  "winC": [
    0.1,
    0.3
  ],
  "winR": [
    0.05,
    0.2
  ],
  "winS": null,
  "winT": null,
  "pt_min_ms": 200.0,
  "orientation": "vertical",
  "areas": [
    "MFEF",
    "MLIP",
    "MSC"
  ],
  "tag": "axes_peakbin_stimCR-stim-vertical-10msnative",
  "norm": "global",
  "baseline_win": null,
  "clf_binary": "logreg",
  "C_grid": [
    0.1,
    0.3,
    1.0,
    3.0,
    10.0
  ],
  "lda_shrinkage": null,
  "searchC": true,
  "searchS": false,
  "searchT": false,
  "searchR": true,
  "search_step_ms": 20.0,
  "search_len_ms": [
    50.0,
    100.0,
    150.0,
    200.0,
    250.0
  ],
  "search_range_C": "0.00:0.50",
  "search_range_S": null,
  "search_range_T": null,
  "search_range_R": "0.00:0.50",
  "search_score_mode": "peak_bin_auc",
  "search_tiebreak": "shortest_then_earliest",
  "search_tol": 0.01,
  "per_area_results": {
    "MFEF": {
      "winC_selected": [
        0.21999999999999997,
        0.26999999999999996
      ],
      "winC_cv_best": 0.9571049258377586,
      "winC_best_param": 0.1,
      "winC_peak_time_ms": 264.99998569488525,
      "winC_peak_auc": 0.9571049258377586,
      "winC_mean_bin_auc": 0.9419062442776049,
      "winC_cv_auc_original": 0.9975066580478344,
      "winR_selected": [
        0.1,
        0.35
      ],
      "winR_cv_best": 0.733027795733678,
      "sC_auc": 0.9571049258377586,
      "n_trials_C": 299
    },
    "MLIP": {
      "winC_selected": [
        0.4200000000000001,
        0.4700000000000001
      ],
      "winC_cv_best": 0.8257645119941401,
      "winC_best_param": 0.1,
      "winC_peak_time_ms": 465.0000035762787,
      "winC_peak_auc": 0.8257645119941401,
      "winC_mean_bin_auc": 0.7868796923640359,
      "winC_cv_auc_original": 0.9230032320620556,
      "winR_selected": [
        0.16,
        0.31
      ],
      "winR_cv_best": 0.7365404007756949,
      "sC_auc": 0.8257645119941401,
      "n_trials_C": 299
    },
    "MSC": {
      "winC_selected": [
        0.34,
        0.39
      ],
      "winC_cv_best": 0.7230131843984617,
      "winC_best_param": 0.1,
      "winC_peak_time_ms": 375.0,
      "winC_peak_auc": 0.7230131843984617,
      "winC_mean_bin_auc": 0.6481184764695109,
      "winC_cv_auc_original": 0.7503203619909502,
      "winR_selected": [
        0.12000000000000001,
        0.32
      ],
      "winR_cv_best": 0.6036108597285068,
      "sC_auc": 0.7230131843984617,
      "n_trials_C": 299
    }
  },
  "rebin_factor": null,
  "sliding_window_ms": null,
  "sliding_step_ms": null,
  "sliding_window_bins": null,
  "sliding_step_bins": null
}