{
  "time": [
    -0.24000000208616257,
    -0.2199999988079071,
    -0.19999999552965164,
    -0.17999999970197678,
    -0.1600000038743019,
    -0.14000000059604645,
    -0.12000000104308128,
    -0.09999999776482582,
    -0.08000000193715096,
    -0.05999999865889549,
    -0.04000000096857548,
    -0.02000000001862645,
    0.0,
    0.02000000001862645,
    0.04000000096857548,
    0.05999999865889549,
    0.08000000193715096,
    0.09999999776482582,
    0.12000000104308128,
    0.14000000059604645,
    0.1600000038743019,
    0.17999999970197678,
    0.19999999552965164,
    0.2199999988079071,
    0.24000000208616257,
    0.25999999046325684,
    0.2800000011920929,
    0.29999999701976776,
    0.3199999928474426,
    0.3400000035762787,
    0.35999999940395355,
    0.3799999952316284,
    0.4000000059604645,
    0.42000000178813934,
    0.4399999976158142,
    0.46000000834465027,
    0.48000000417232513,
    0.5,
    0.5199999809265137,
    0.5400000214576721,
    0.5600000023841858,
    0.5799999833106995,
    0.6000000238418579,
    0.6200000047683716,
    0.6399999856948853,
    0.6599999964237213,
    0.6800000071525574,
    0.699999988079071,
    0.7199999988079071,
    0.7400000095367432,
    0.7599999904632568,
    0.7800000011920929
  ],
  "auc_C": [
    0.5048554652213189,
    0.5557813911472448,
    0.4817920054200543,
    0.44060523938572715,
    0.5049966124661247,
    0.44472673893405607,
    0.6016824751580849,
    0.5078195573622404,
    0.5269873532068655,
    0.528370596205962,
    0.4995200993676604,
    0.4759767389340561,
    0.5257170280036134,
    0.4653906955736224,
    0.5498814363143631,
    0.4918416892502258,
    0.48309056007226736,
    0.5020325203252033,
    0.4533084914182475,
    0.524362014453478,
    0.5285964317976514,
    0.501609078590786,
    0.5509259259259259,
    0.5612579042457091,
    0.5816395663956639,
    0.6089939024390244,
    0.6561088527551943,
    0.6541327913279134,
    0.6112804878048781,
    0.6948396567299006,
    0.6356142728093949,
    0.6326784101174345,
    0.5971657633242999,
    0.548949864498645,
    0.6160512646793135,
    0.5238256549232159,
    0.5369241192411923,
    0.5099932249322494,
    0.5392389340560072,
    0.5768970189701896,
    0.5542852303523036,
    0.4896397922312557,
    0.5167682926829269,
    0.5414972899728997,
    0.5425982384823849,
    0.6167005420054201,
    0.5300361336946702,
    0.551857497741644,
    0.5247007678410117,
    0.5404810298102982,
    0.5016937669376693,
    0.5484699638663053
  ],
  "auc_S_raw": null,
  "auc_S_inv": null,
  "acc_R_macro": [
    0.4040481029810298,
    0.4046409214092141,
    0.4203082655826558,
    0.4272527100271003,
    0.3727981029810298,
    0.38211382113821135,
    0.4307249322493225,
    0.4226795392953929,
    0.39134485094850946,
    0.41336382113821135,
    0.4307249322493225,
    0.3942242547425474,
    0.40286246612466126,
    0.3971883468834688,
    0.38084349593495936,
    0.41209349593495936,
    0.4127710027100271,
    0.5177845528455285,
    0.5211720867208671,
    0.5026253387533876,
    0.5716463414634146,
    0.4761178861788618,
    0.46443089430894313,
    0.5055047425474255,
    0.47433943089430897,
    0.4464769647696477,
    0.45519986449864497,
    0.42674457994579945,
    0.3820291327913279,
    0.42606707317073167,
    0.3895663956639567,
    0.42835365853658536,
    0.434789972899729,
    0.41039972899729,
    0.4393631436314363,
    0.4069275067750677,
    0.43944783197831977,
    0.44935636856368566,
    0.45342140921409213,
    0.4203082655826558,
    0.45215108401084014,
    0.43309620596205967,
    0.4162432249322493,
    0.4596883468834688,
    0.41336382113821135,
    0.4358062330623306,
    0.402269647696477,
    0.40523373983739835,
    0.4358909214092141,
    0.34959349593495936,
    0.3935467479674797,
    0.4087059620596206
  ],
  "auc_T": null,
  "latencies_ms": {
    "C": 259.99999046325684,
    "S_raw": null,
    "S_inv": null,
    "T": null
  },
  "meta": {
    "align": "stim",
    "orientation": "vertical",
    "pt_min_ms": 200.0,
    "n_trials": 267,
    "n_bins": 52,
    "n_units": 28,
    "thr": 0.6,
    "k_bins": 5,
    "norm": "global",
    "baseline_win": null,
    "used_axes_mu_sd": false
  }
}