{
  "time": [
    -0.24000000208616257,
    -0.2199999988079071,
    -0.19999999552965164,
    -0.17999999970197678,
    -0.1600000038743019,
    -0.14000000059604645,
    -0.12000000104308128,
    -0.09999999776482582,
    -0.08000000193715096,
    -0.05999999865889549,
    -0.04000000096857548,
    -0.02000000001862645,
    0.0,
    0.02000000001862645,
    0.04000000096857548,
    0.05999999865889549,
    0.08000000193715096,
    0.09999999776482582,
    0.12000000104308128,
    0.14000000059604645,
    0.1600000038743019,
    0.17999999970197678,
    0.19999999552965164,
    0.2199999988079071,
    0.24000000208616257,
    0.25999999046325684,
    0.2800000011920929,
    0.29999999701976776,
    0.3199999928474426,
    0.3400000035762787,
    0.35999999940395355,
    0.3799999952316284,
    0.4000000059604645,
    0.42000000178813934,
    0.4399999976158142,
    0.46000000834465027,
    0.48000000417232513,
    0.5,
    0.5199999809265137,
    0.5400000214576721,
    0.5600000023841858,
    0.5799999833106995,
    0.6000000238418579,
    0.6200000047683716,
    0.6399999856948853,
    0.6599999964237213,
    0.6800000071525574,
    0.699999988079071,
    0.7199999988079071,
    0.7400000095367432,
    0.7599999904632568,
    0.7800000011920929
  ],
  "auc_C": [
    0.44738030713640464,
    0.47781165311653123,
    0.49395889792231246,
    0.47809394760614277,
    0.47899728997289975,
    0.5416666666666667,
    0.49407181571815717,
    0.5287940379403795,
    0.5266485998193315,
    0.496556007226739,
    0.5062104787714543,
    0.5279471544715446,
    0.510840108401084,
    0.51806684733514,
    0.4534778681120145,
    0.4487353206865402,
    0.4753839205058717,
    0.5202687443541102,
    0.6194670280036134,
    0.6260162601626017,
    0.7591463414634146,
    0.8335027100271003,
    0.892163504968383,
    0.9279019873532068,
    0.9555668473351401,
    0.9360885275519422,
    0.9140695573622403,
    0.916553748870822,
    0.9109078590785908,
    0.8959462511291779,
    0.8670957542908763,
    0.8364950316169828,
    0.7414747064137308,
    0.7586382113821137,
    0.7183265582655827,
    0.772414182475158,
    0.7173667570009034,
    0.6694896115627823,
    0.6833785004516713,
    0.6721431797651309,
    0.652269647696477,
    0.5610885275519422,
    0.5298102981029811,
    0.5662262872628727,
    0.4932249322493225,
    0.5070009033423668,
    0.4505420054200542,
    0.5160343270099368,
    0.4979674796747967,
    0.4259259259259258,
    0.501072719060524,
    0.48436088527551946
  ],
  "auc_S_raw": null,
  "auc_S_inv": null,
  "acc_R_macro": [
    0.43191056910569103,
    0.4208163956639567,
    0.3894817073170732,
    0.40235433604336046,
    0.3826219512195122,
    0.40752032520325204,
    0.42090108401084014,
    0.4104844173441734,
    0.3780487804878049,
    0.3779640921409214,
    0.4040481029810298,
    0.37627032520325204,
    0.38787262872628725,
    0.4203082655826558,
    0.42784552845528456,
    0.43013211382113825,
    0.46138211382113825,
    0.3907520325203252,
    0.4034552845528455,
    0.43597560975609756,
    0.48873644986449866,
    0.5060975609756098,
    0.48407859078590787,
    0.466039972899729,
    0.54784891598916,
    0.5361619241192411,
    0.4915311653116531,
    0.5373475609756098,
    0.5078760162601627,
    0.4794207317073171,
    0.5134654471544715,
    0.5130420054200542,
    0.49737466124661245,
    0.5013550135501355,
    0.43944783197831977,
    0.46316056910569103,
    0.40057588075880757,
    0.4226795392953929,
    0.44063346883468835,
    0.4515582655826558,
    0.4516429539295393,
    0.44579945799457993,
    0.44461382113821135,
    0.37440718157181574,
    0.4417344173441734,
    0.3943089430894309,
    0.46612466124661245,
    0.31410907859078596,
    0.3871951219512195,
    0.45689363143631434,
    0.4220020325203252,
    0.4516429539295393
  ],
  "auc_T": null,
  "latencies_ms": {
    "C": 120.00000104308128,
    "S_raw": null,
    "S_inv": null,
    "T": null
  },
  "meta": {
    "align": "stim",
    "orientation": "vertical",
    "pt_min_ms": 200.0,
    "n_trials": 267,
    "n_bins": 52,
    "n_units": 77,
    "thr": 0.6,
    "k_bins": 5,
    "norm": "global",
    "baseline_win": null,
    "used_axes_mu_sd": false
  }
}