{
  "sid": "20231025",
  "align": "stim",
  "features": [
    "C"
  ],
  "winC": [
    0.1,
    0.3
  ],
  "winR": null,
  "winS": null,
  "winT": null,
  "pt_min_ms": 200.0,
  "orientation": "pooled",
  "areas": [
    "SFEF",
    "SLIP",
    "SSC"
  ],
  "tag": "axes_peakbin_stimC-stim-pooled-20mssw_nofilter",
  "norm": "global",
  "baseline_win": null,
  "clf_binary": "logreg",
  "C_grid": [
    0.1,
    0.3,
    1.0,
    3.0,
    10.0
  ],
  "lda_shrinkage": null,
  "searchC": true,
  "searchS": false,
  "searchT": false,
  "searchR": false,
  "search_step_ms": 20.0,
  "search_len_ms": [
    50.0,
    100.0,
    150.0,
    200.0,
    250.0
  ],
  "search_range_C": "0.00:0.50",
  "search_range_S": null,
  "search_range_T": null,
  "search_range_R": null,
  "search_score_mode": "peak_bin_auc",
  "search_tiebreak": "shortest_then_earliest",
  "search_tol": 0.01,
  "per_area_results": {
    "SFEF": {
      "winC_selected": [
        0.21999999999999997,
        0.26999999999999996
      ],
      "winC_cv_best": 0.7098272490221643,
      "winC_best_param": 0.1,
      "winC_peak_time_ms": 269.99999582767487,
      "winC_peak_auc": 0.7098272490221643,
      "winC_mean_bin_auc": 0.6781852093292773,
      "winC_cv_auc_original": 0.7788035947379102,
      "sC_auc": 0.7098272490221643,
      "n_trials_C": 666
    },
    "SLIP": {
      "winC_selected": [
        0.27999999999999997,
        0.38
      ],
      "winC_cv_best": 0.6750416485585977,
      "winC_best_param": 0.1,
      "winC_peak_time_ms": 370.0000047683716,
      "winC_peak_auc": 0.6750416485585977,
      "winC_mean_bin_auc": 0.6194605770876959,
      "winC_cv_auc_original": 0.743915515623181,
      "sC_auc": 0.6750416485585977,
      "n_trials_C": 666
    },
    "SSC": {
      "winC_selected": [
        0.4200000000000001,
        0.4700000000000001
      ],
      "winC_cv_best": 0.6987586918730986,
      "winC_best_param": 1.0,
      "winC_peak_time_ms": 420.00000178813934,
      "winC_peak_auc": 0.6987586918730986,
      "winC_mean_bin_auc": 0.6760096757448452,
      "winC_cv_auc_original": 0.7698886612042969,
      "sC_auc": 0.6987586918730986,
      "n_trials_C": 666
    }
  },
  "rebin_factor": null,
  "sliding_window_ms": 20.0,
  "sliding_step_ms": 10.0,
  "sliding_window_bins": 2,
  "sliding_step_bins": 1
}