{
  "time": [
    -0.39000000059604645,
    -0.3799999952316284,
    -0.3700000047683716,
    -0.35999999940395355,
    -0.3499999940395355,
    -0.3400000035762787,
    -0.32999999821186066,
    -0.3199999928474426,
    -0.3100000023841858,
    -0.30000000447034836,
    -0.28999999910593033,
    -0.2800000011920929,
    -0.27000000327825546,
    -0.25999999791383743,
    -0.25,
    -0.24000000208616257,
    -0.23000000044703484,
    -0.2200000025331974,
    -0.21000000089406967,
    -0.19999999925494194,
    -0.1900000013411045,
    -0.17999999970197678,
    -0.16999999806284904,
    -0.1600000001490116,
    -0.14999999850988388,
    -0.13999999687075615,
    -0.12999999895691872,
    -0.11999999918043613,
    -0.10999999940395355,
    -0.09999999962747097,
    -0.08999999985098839,
    -0.0800000000745058,
    -0.07000000029802322,
    -0.06000000052154064,
    -0.049999999813735485,
    -0.0400000000372529,
    -0.03000000026077032,
    -0.020000000251457095,
    -0.010000000009313226,
    0.0,
    0.010000000009313226,
    0.020000000251457095,
    0.03000000026077032,
    0.0400000000372529,
    0.049999999813735485,
    0.06000000052154064,
    0.07000000029802322,
    0.0800000000745058,
    0.08999999985098839,
    0.09999999962747097,
    0.10999999940395355,
    0.11999999918043613,
    0.12999999895691872,
    0.13999999687075615,
    0.14999999850988388,
    0.1600000001490116,
    0.16999999806284904,
    0.17999999970197678,
    0.1900000013411045,
    0.19999999925494194,
    0.21000000089406967,
    0.2200000025331974,
    0.23000000044703484,
    0.24000000208616257,
    0.25,
    0.25999999791383743,
    0.27000000327825546,
    0.2800000011920929,
    0.28999999910593033
  ],
  "auc_C": [
    0.5080751050420167,
    0.4902179621848739,
    0.514640231092437,
    0.5486475840336134,
    0.5381433823529412,
    0.5378807773109244,
    0.508469012605042,
    0.5260635504201681,
    0.5464810924369747,
    0.4617253151260504,
    0.45410976890756294,
    0.514968487394958,
    0.4864101890756303,
    0.5101759453781513,
    0.5691964285714286,
    0.5294117647058822,
    0.5209427521008403,
    0.5320378151260504,
    0.5338760504201681,
    0.5047925420168067,
    0.5405068277310925,
    0.6207983193277311,
    0.5699842436974789,
    0.531578256302521,
    0.5867253151260504,
    0.6136423319327731,
    0.6099658613445379,
    0.6527704831932774,
    0.6752232142857143,
    0.7660189075630252,
    0.7933954831932772,
    0.8052783613445378,
    0.8051470588235294,
    0.7847951680672268,
    0.7811186974789917,
    0.7964154411764706,
    0.7687762605042017,
    0.7560399159663866,
    0.7764574579831933,
    0.8021927521008404,
    0.7706801470588236,
    0.7553177521008404,
    0.7417279411764706,
    0.720063025210084,
    0.6922268907563026,
    0.6565126050420168,
    0.6857274159663865,
    0.6806066176470589,
    0.7201286764705883,
    0.6720063025210083,
    0.6284138655462185,
    0.6349789915966387,
    0.5603335084033614,
    0.5116202731092436,
    0.538077731092437,
    0.5596769957983194,
    0.5847557773109243,
    0.6291360294117647,
    0.5833114495798319,
    0.5323660714285714,
    0.5466780462184873,
    0.5001313025210083,
    0.5305934873949579,
    0.5297400210084033,
    0.5368960084033613,
    0.5686055672268908,
    0.608390231092437,
    0.5733324579831933,
    0.5334164915966387
  ],
  "auc_S_raw": [
    0.48757908757908763,
    0.5543789543789543,
    0.5280053280053278,
    0.45521145521145523,
    0.4470862470862471,
    0.42897102897102896,
    0.37289377289377285,
    0.43762903762903765,
    0.49830169830169824,
    0.4777222777222777,
    0.45940725940725935,
    0.45727605727605725,
    0.4053946053946054,
    0.4514818514818515,
    0.46899766899766904,
    0.4526806526806527,
    0.4905760905760906,
    0.5460539460539461,
    0.5354645354645355,
    0.5494505494505495,
    0.5317349317349317,
    0.4584082584082584,
    0.44249084249084253,
    0.48245088245088247,
    0.5062937062937063,
    0.5037629037629039,
    0.558974358974359,
    0.5836829836829837,
    0.5666333666333667,
    0.5685647685647686,
    0.5892107892107892,
    0.5994671994671995,
    0.6580752580752581,
    0.7142191142191142,
    0.6951714951714951,
    0.6935730935730935,
    0.7143523143523144,
    0.7944055944055944,
    0.867932067932068,
    0.9104895104895104,
    0.9076257076257076,
    0.9351315351315351,
    0.9476523476523475,
    0.9362637362637363,
    0.9492507492507493,
    0.9320013320013321,
    0.9153513153513153,
    0.8788544788544789,
    0.8372294372294372,
    0.8605394605394605,
    0.8474858474858475,
    0.8108558108558108,
    0.7982683982683982,
    0.766966366966367,
    0.7383949383949384,
    0.7010323010323011,
    0.6656010656010656,
    0.6396270396270397,
    0.6594738594738595,
    0.69004329004329,
    0.6431568431568431,
    0.5894771894771895,
    0.5964701964701965,
    0.6011988011988012,
    0.6228438228438229,
    0.5719613719613719,
    0.5272727272727272,
    0.6045288045288046,
    0.6162504162504162
  ],
  "auc_S_inv": [
    0.4953712953712953,
    0.5497835497835497,
    0.5262071262071262,
    0.46113886113886116,
    0.4487512487512487,
    0.42903762903762904,
    0.3756909756909757,
    0.44229104229104227,
    0.4965034965034965,
    0.470995670995671,
    0.45787545787545786,
    0.4569430569430569,
    0.4122544122544123,
    0.4595404595404596,
    0.4640692640692641,
    0.4552780552780553,
    0.4968364968364969,
    0.5457875457875458,
    0.5307359307359307,
    0.5442557442557443,
    0.5333999333999334,
    0.4614052614052614,
    0.4482184482184482,
    0.4757908757908757,
    0.5015651015651016,
    0.507026307026307,
    0.5556443556443558,
    0.5794871794871794,
    0.5657675657675658,
    0.5657675657675657,
    0.5918081918081918,
    0.6077256077256077,
    0.6606726606726606,
    0.7161505161505162,
    0.7036297036297037,
    0.7015651015651015,
    0.7138195138195138,
    0.7976023976023976,
    0.8687978687978688,
    0.9105561105561105,
    0.9076923076923077,
    0.9349317349317349,
    0.946986346986347,
    0.9321345321345321,
    0.945054945054945,
    0.9282717282717283,
    0.9114885114885115,
    0.8721944721944722,
    0.8293706293706294,
    0.8516150516150517,
    0.8421578421578422,
    0.805860805860806,
    0.7837495837495838,
    0.7567099567099568,
    0.7256743256743258,
    0.6985680985680985,
    0.6618048618048619,
    0.6328338328338328,
    0.6598068598068598,
    0.6905760905760906,
    0.6458208458208459,
    0.5828837828837828,
    0.591075591075591,
    0.6038628038628039,
    0.6207126207126207,
    0.5625041625041626,
    0.5219447219447219,
    0.6067266067266068,
    0.6173826173826172
  ],
  "acc_R_macro": null,
  "auc_T": null,
  "latencies_ms": {
    "C": -139.99999687075615,
    "S_raw": -70.00000029802322,
    "S_inv": -80.0000000745058,
    "T": null
  },
  "meta": {
    "align": "sacc",
    "orientation": "horizontal",
    "pt_min_ms": 200.0,
    "n_trials": 248,
    "n_bins": 69,
    "n_units": 102,
    "thr": 0.6,
    "k_bins": 5,
    "norm": "global",
    "baseline_win": null,
    "used_axes_mu_sd": false
  }
}