{
  "time": [
    -0.39000000059604645,
    -0.3799999952316284,
    -0.3700000047683716,
    -0.35999999940395355,
    -0.3499999940395355,
    -0.3400000035762787,
    -0.32999999821186066,
    -0.3199999928474426,
    -0.3100000023841858,
    -0.30000000447034836,
    -0.28999999910593033,
    -0.2800000011920929,
    -0.27000000327825546,
    -0.25999999791383743,
    -0.25,
    -0.24000000208616257,
    -0.23000000044703484,
    -0.2200000025331974,
    -0.21000000089406967,
    -0.19999999925494194,
    -0.1900000013411045,
    -0.17999999970197678,
    -0.16999999806284904,
    -0.1600000001490116,
    -0.14999999850988388,
    -0.13999999687075615,
    -0.12999999895691872,
    -0.11999999918043613,
    -0.10999999940395355,
    -0.09999999962747097,
    -0.08999999985098839,
    -0.0800000000745058,
    -0.07000000029802322,
    -0.06000000052154064,
    -0.049999999813735485,
    -0.0400000000372529,
    -0.03000000026077032,
    -0.020000000251457095,
    -0.010000000009313226,
    0.0,
    0.010000000009313226,
    0.020000000251457095,
    0.03000000026077032,
    0.0400000000372529,
    0.049999999813735485,
    0.06000000052154064,
    0.07000000029802322,
    0.0800000000745058,
    0.08999999985098839,
    0.09999999962747097,
    0.10999999940395355,
    0.11999999918043613,
    0.12999999895691872,
    0.13999999687075615,
    0.14999999850988388,
    0.1600000001490116,
    0.16999999806284904,
    0.17999999970197678,
    0.1900000013411045,
    0.19999999925494194,
    0.21000000089406967,
    0.2200000025331974,
    0.23000000044703484,
    0.24000000208616257,
    0.25,
    0.25999999791383743,
    0.27000000327825546,
    0.2800000011920929,
    0.28999999910593033
  ],
  "auc_C": [
    0.4521730567226891,
    0.47170430672268904,
    0.4786305147058823,
    0.46957064075630245,
    0.47613576680672265,
    0.5054490546218487,
    0.48644301470588236,
    0.4421940651260504,
    0.47265624999999994,
    0.5207129726890756,
    0.4982930672268907,
    0.48929884453781514,
    0.514640231092437,
    0.5036108193277311,
    0.48841255252100835,
    0.4907759978991597,
    0.4938944327731092,
    0.5927324054621849,
    0.5637473739495799,
    0.44889049369747897,
    0.5198923319327731,
    0.4943868172268908,
    0.4964548319327731,
    0.5417870273109244,
    0.568375787815126,
    0.6237198004201681,
    0.6645220588235294,
    0.6626181722689075,
    0.5447741596638656,
    0.5282628676470588,
    0.53515625,
    0.4678308823529412,
    0.47019432773109243,
    0.5016741071428571,
    0.4375328256302522,
    0.42633928571428575,
    0.4983915441176471,
    0.5091583508403361,
    0.4924829306722689,
    0.482438287815126,
    0.490217962184874,
    0.5023306197478992,
    0.46668198529411764,
    0.4372373949579832,
    0.3755580357142857,
    0.44997373949579833,
    0.4690126050420168,
    0.4025407037815126,
    0.39078912815126043,
    0.3903623949579832,
    0.5105370273109244,
    0.5933232668067226,
    0.49563419117647056,
    0.522452731092437,
    0.5428046218487396,
    0.5484506302521008,
    0.5164456407563025,
    0.5546875,
    0.571625525210084,
    0.507484243697479,
    0.5366662289915967,
    0.492515756302521,
    0.5381433823529411,
    0.6048450630252101,
    0.6125262605042017,
    0.6137736344537815,
    0.5356814600840336,
    0.5172991071428572,
    0.5425748424369747
  ],
  "auc_S_raw": [
    0.5131202131202132,
    0.58005328005328,
    0.5954045954045953,
    0.5481518481518481,
    0.4922743922743923,
    0.4518148518148518,
    0.4977355977355977,
    0.4997335997335997,
    0.49830169830169835,
    0.5121212121212121,
    0.5589077589077589,
    0.5666666666666667,
    0.5197469197469198,
    0.48521478521478517,
    0.49910089910089905,
    0.5204129204129204,
    0.4975690975690976,
    0.497036297036297,
    0.5253080253080253,
    0.5007992007992008,
    0.4142191142191142,
    0.4770895770895771,
    0.4979020979020979,
    0.5014319014319014,
    0.4962370962370962,
    0.47329337329337334,
    0.5338661338661339,
    0.5378954378954379,
    0.5275724275724276,
    0.581884781884782,
    0.571062271062271,
    0.5936063936063936,
    0.6735264735264735,
    0.719014319014319,
    0.7363303363303364,
    0.841092241092241,
    0.978021978021978,
    0.9998001998001999,
    1.0,
    0.9996003996003996,
    0.9274059274059273,
    0.7396603396603397,
    0.8292374292374293,
    0.8207792207792207,
    0.8129204129204128,
    0.8160839160839161,
    0.804095904095904,
    0.7574758574758576,
    0.7299034299034299,
    0.7264069264069264,
    0.6626706626706625,
    0.6754245754245753,
    0.6873459873459874,
    0.6540792540792542,
    0.6302697302697303,
    0.5436563436563436,
    0.5238761238761238,
    0.501964701964702,
    0.46373626373626375,
    0.46873126873126875,
    0.42074592074592077,
    0.4182817182817183,
    0.4503496503496504,
    0.4167832167832168,
    0.37056277056277054,
    0.41961371961371957,
    0.3959040959040959,
    0.4311355311355312,
    0.4232101232101232
  ],
  "auc_S_inv": [
    0.5073260073260073,
    0.5356310356310355,
    0.5724941724941726,
    0.5494838494838494,
    0.5147852147852148,
    0.46346986346986346,
    0.5257076257076257,
    0.5434232434232434,
    0.4864468864468865,
    0.48854478854478856,
    0.5776223776223776,
    0.6132201132201132,
    0.5487179487179487,
    0.4825507825507826,
    0.5038295038295039,
    0.5284715284715285,
    0.5076257076257076,
    0.5115551115551116,
    0.5592074592074591,
    0.4808857808857808,
    0.4290709290709291,
    0.4844155844155844,
    0.5170829170829171,
    0.5046953046953048,
    0.5033633033633034,
    0.47276057276057276,
    0.5483849483849484,
    0.5373626373626372,
    0.5505494505494506,
    0.6057276057276058,
    0.584049284049284,
    0.5911421911421911,
    0.6881118881118882,
    0.7184815184815185,
    0.7238095238095238,
    0.8343656343656343,
    0.9780885780885781,
    0.9994005994005994,
    1.0,
    0.9992673992673993,
    0.913886113886114,
    0.7113553113553113,
    0.8227772227772229,
    0.8302364302364302,
    0.7974691974691975,
    0.8117549117549118,
    0.794039294039294,
    0.7628038628038627,
    0.7705960705960706,
    0.7626373626373626,
    0.6669330669330669,
    0.683150183150183,
    0.7183150183150183,
    0.6530802530802531,
    0.6245421245421247,
    0.5564435564435565,
    0.5164169164169163,
    0.5105561105561105,
    0.47952047952047955,
    0.4847152847152847,
    0.43779553779553776,
    0.41435231435231434,
    0.4618714618714618,
    0.43143523143523144,
    0.4009324009324009,
    0.44145854145854146,
    0.42574092574092576,
    0.4481851481851482,
    0.43093573093573095
  ],
  "acc_R_macro": null,
  "auc_T": null,
  "latencies_ms": {
    "C": null,
    "S_raw": -70.00000029802322,
    "S_inv": -70.00000029802322,
    "T": null
  },
  "meta": {
    "align": "sacc",
    "orientation": "horizontal",
    "pt_min_ms": 200.0,
    "n_trials": 248,
    "n_bins": 69,
    "n_units": 23,
    "thr": 0.6,
    "k_bins": 5,
    "norm": "global",
    "baseline_win": null,
    "used_axes_mu_sd": false
  }
}