{
  "sid": "20230627",
  "monkey": "S",
  "orientation": "pooled",
  "area": "SFEF",
  "axes_tag": "axes_peakbin_saccCS-sacc-pooled-20mssw",
  "window_centers_ms": [
    -350.0,
    -329.99999999999994,
    -309.99999999999994,
    -289.99999999999994,
    -269.9999999999999,
    -249.99999999999991,
    -229.99999999999991,
    -209.99999999999994,
    -189.99999999999994,
    -169.99999999999994,
    -149.99999999999997,
    -129.99999999999997,
    -109.99999999999997,
    -89.99999999999997,
    -69.99999999999997,
    -49.999999999999964,
    -29.99999999999996,
    -9.999999999999961,
    10.00000000000004,
    30.00000000000004,
    50.00000000000004,
    70.00000000000004,
    90.00000000000006,
    110.00000000000006,
    130.00000000000006,
    150.00000000000006,
    170.00000000000003,
    190.00000000000003
  ],
  "alignments": [
    0.1478668957842891,
    0.194281990170566,
    0.1523907103188031,
    0.2067703509599457,
    0.13477302649521786,
    0.12803752617822714,
    0.11777316308422835,
    0.1980288731849738,
    0.17296487911963998,
    0.14707959898676878,
    0.07800483586266699,
    0.11444633074815669,
    0.02617252855761758,
    0.043775891141037984,
    0.06270773981510544,
    0.03063762974686042,
    0.03999317076307903,
    0.05834416292354213,
    0.04651436505317101,
    0.0682749310390693,
    0.10225211283721891,
    0.17445838403103014,
    0.14748906361735964,
    0.1839663613761102,
    0.20496716243241245,
    0.24886718605209282,
    0.21703641085336076,
    0.2637599085228539
  ],
  "alignment_mean": 0.1325583996305502,
  "alignment_std": 0.06770816533114876,
  "alignment_max": 0.2637599085228539,
  "alignment_min": 0.02617252855761758,
  "peak_time_ms": 190.00000000000003,
  "n_trials": 867,
  "rt_mean_ms": 306.2621107266324,
  "rt_std_ms": 52.80961732807415,
  "null_mean": 0.0618033169882804,
  "null_std": 0.048355234853796926,
  "null_median": 0.050456508768200375,
  "D_eff": 1.7617138624191284,
  "expected_cos": 0.6011354923248291,
  "manifold_dim": 67,
  "window_length_ms": 50.0,
  "step_ms": 20.0,
  "time_range_ms": [
    -350.0,
    200.0
  ],
  "pt_min_ms": 200.0,
  "winS_selected": [
    -0.04000000000000002,
    0.009999999999999981
  ]
}