{
  "sid": "20200327",
  "monkey": "M",
  "orientation": "pooled",
  "area": "MLIP",
  "axes_tag": "axes_peakbin_saccCS-sacc-pooled-20mssw",
  "window_centers_ms": [
    -300.0,
    -279.99999999999994,
    -259.99999999999994,
    -239.99999999999997,
    -219.99999999999997,
    -199.99999999999997,
    -180.0,
    -160.0,
    -140.0,
    -120.00000000000001,
    -100.0,
    -80.0,
    -60.0,
    -39.99999999999999,
    -19.999999999999993,
    6.938893903907228e-15,
    20.000000000000007,
    40.00000000000001,
    60.000000000000014,
    80.00000000000001
  ],
  "alignments": [
    0.11726655593328003,
    0.16783265861590047,
    0.07175854501052739,
    0.054532088024903745,
    0.038001309678171606,
    0.10151408826690878,
    0.05208302980064695,
    0.08592193198635839,
    0.09433401126554739,
    0.02624418012164915,
    0.09909452057442152,
    0.003803553254686236,
    0.0016082150493579896,
    0.04763613614913764,
    0.046782565306733,
    0.0732465482230463,
    0.00995072164378975,
    0.06342208192902016,
    0.13392110400113777,
    0.13643463696116226
  ],
  "alignment_mean": 0.07126942408981932,
  "alignment_std": 0.04484308979461395,
  "alignment_max": 0.16783265861590047,
  "alignment_min": 0.0016082150493579896,
  "peak_time_ms": -279.99999999999994,
  "n_trials": 545,
  "rt_mean_ms": 264.0059174312063,
  "rt_std_ms": 45.7563474123133,
  "window_length_ms": 50.0,
  "step_ms": 20.0,
  "time_range_ms": [
    -300.0,
    100.0
  ],
  "pt_min_ms": 200.0,
  "winS_selected": [
    -0.060000000000000026,
    -0.010000000000000023
  ]
}