{
  "sid": "20231121",
  "monkey": "S",
  "orientation": "pooled",
  "area": "SLIP",
  "axes_tag": "axes_peakbin_saccCS-sacc-pooled-20mssw",
  "window_centers_ms": [
    -350.0,
    -329.99999999999994,
    -309.99999999999994,
    -289.99999999999994,
    -269.9999999999999,
    -249.99999999999991,
    -229.99999999999991,
    -209.99999999999994,
    -189.99999999999994,
    -169.99999999999994,
    -149.99999999999997,
    -129.99999999999997,
    -109.99999999999997,
    -89.99999999999997,
    -69.99999999999997,
    -49.999999999999964,
    -29.99999999999996,
    -9.999999999999961,
    10.00000000000004,
    30.00000000000004,
    50.00000000000004,
    70.00000000000004,
    90.00000000000006,
    110.00000000000006,
    130.00000000000006,
    150.00000000000006,
    170.00000000000003,
    190.00000000000003
  ],
  "alignments": [
    0.14835323197194827,
    0.23573300654286605,
    0.3190944704102274,
    0.2950703004264783,
    0.19081385501653553,
    0.12140594410959787,
    0.05455048249810656,
    0.09977049655908996,
    0.08877263236381813,
    0.0610920870100108,
    0.10325748935367954,
    0.019682662006631074,
    0.028923084575136836,
    0.061194420215158134,
    0.00012737092199392464,
    0.05246784637374611,
    0.11907760556459472,
    0.22622626663694967,
    0.25797514344409256,
    0.10532782746294903,
    0.07601027702231138,
    0.025590390386296766,
    0.08703362388133946,
    0.1515550393018526,
    0.14081124859853303,
    0.14078276416785196,
    0.19586881263758915,
    0.15122406948524197
  ],
  "alignment_mean": 0.12706401603373668,
  "alignment_std": 0.08223114451983746,
  "alignment_max": 0.3190944704102274,
  "alignment_min": 0.00012737092199392464,
  "peak_time_ms": -309.99999999999994,
  "n_trials": 749,
  "rt_mean_ms": 293.7830440587325,
  "rt_std_ms": 52.57037143820878,
  "null_mean": 0.1478709980411516,
  "null_std": 0.0884105166503839,
  "null_median": 0.14374750057999117,
  "D_eff": 1.50367271900177,
  "expected_cos": 0.6506739258766174,
  "manifold_dim": 30,
  "window_length_ms": 50.0,
  "step_ms": 20.0,
  "time_range_ms": [
    -350.0,
    200.0
  ],
  "pt_min_ms": 200.0,
  "winS_selected": [
    -0.060000000000000026,
    0.03999999999999998
  ]
}