{
  "sid": "20201004",
  "monkey": "M",
  "orientation": "pooled",
  "area": "MFEF",
  "axes_tag": "axes_peakbin_saccCS-sacc-pooled-20mssw",
  "window_centers_ms": [
    -300.0,
    -279.99999999999994,
    -259.99999999999994,
    -239.99999999999997,
    -219.99999999999997,
    -199.99999999999997,
    -180.0,
    -160.0,
    -140.0,
    -120.00000000000001,
    -100.0,
    -80.0,
    -60.0,
    -39.99999999999999,
    -19.999999999999993,
    6.938893903907228e-15,
    20.000000000000007,
    40.00000000000001,
    60.000000000000014,
    80.00000000000001
  ],
  "alignments": [
    0.01291086324863773,
    0.109977472611496,
    0.2107075076941094,
    0.07370621747964923,
    0.05726965944769181,
    0.08623124247089775,
    0.01963744505765844,
    0.14749968027196705,
    0.1406038826996245,
    0.17605200943893434,
    0.25505106830134505,
    0.2981180752685215,
    0.256115839392278,
    0.2226690386362086,
    0.15995521251999298,
    0.10955272253625342,
    0.07692053768797742,
    0.06423153365192694,
    0.08194291370606119,
    0.05599201042576188
  ],
  "alignment_mean": 0.13075724662734967,
  "alignment_std": 0.0807297853054908,
  "alignment_max": 0.2981180752685215,
  "alignment_min": 0.01291086324863773,
  "peak_time_ms": -80.0,
  "n_trials": 528,
  "rt_mean_ms": 257.2561079545539,
  "rt_std_ms": 43.257501039347126,
  "window_length_ms": 50.0,
  "step_ms": 20.0,
  "time_range_ms": [
    -300.0,
    100.0
  ],
  "pt_min_ms": 200.0,
  "winS_selected": [
    -0.02000000000000002,
    0.02999999999999998
  ]
}