{
  "sid": "20231025",
  "monkey": "S",
  "orientation": "pooled",
  "area": "SLIP",
  "axes_tag": "axes_peakbin_saccCS-sacc-pooled-20mssw",
  "window_centers_ms": [
    -350.0,
    -329.99999999999994,
    -309.99999999999994,
    -289.99999999999994,
    -269.9999999999999,
    -249.99999999999991,
    -229.99999999999991,
    -209.99999999999994,
    -189.99999999999994,
    -169.99999999999994,
    -149.99999999999997,
    -129.99999999999997,
    -109.99999999999997,
    -89.99999999999997,
    -69.99999999999997,
    -49.999999999999964,
    -29.99999999999996,
    -9.999999999999961,
    10.00000000000004,
    30.00000000000004,
    50.00000000000004,
    70.00000000000004,
    90.00000000000006,
    110.00000000000006,
    130.00000000000006,
    150.00000000000006,
    170.00000000000003,
    190.00000000000003
  ],
  "alignments": [
    0.0519010169643247,
    0.016837735672589203,
    0.0504991162864305,
    0.19529839711412444,
    0.12241859743978496,
    0.1424661464056673,
    0.13763221979126586,
    0.038911448879418484,
    0.07577974188798556,
    0.01351633937411405,
    0.0026521944426483924,
    0.06259337238877362,
    0.048945099435708676,
    0.10325966256234631,
    0.16368971157406512,
    0.1763127548396717,
    0.16570743687408762,
    0.08477012643703011,
    0.030015572918704592,
    0.0530078215180964,
    0.08706543423776793,
    0.004645853253922771,
    0.09273363094212803,
    0.10586738583604959,
    0.04515737286252235,
    0.08262686723204225,
    0.07257387831000299,
    0.038774599328101546
  ],
  "alignment_mean": 0.08091641195747767,
  "alignment_std": 0.05287123509467424,
  "alignment_max": 0.19529839711412444,
  "alignment_min": 0.0026521944426483924,
  "peak_time_ms": -289.99999999999994,
  "n_trials": 595,
  "rt_mean_ms": 284.8776890756264,
  "rt_std_ms": 50.027700552808234,
  "null_mean": 0.1517748695620863,
  "null_std": 0.09361109625434684,
  "null_median": 0.14563811376419067,
  "D_eff": 1.1897169351577759,
  "expected_cos": 0.7315065860748291,
  "manifold_dim": 97,
  "window_length_ms": 50.0,
  "step_ms": 20.0,
  "time_range_ms": [
    -350.0,
    200.0
  ],
  "pt_min_ms": 200.0,
  "winS_selected": [
    -2.0816681711721685e-17,
    0.04999999999999998
  ]
}