{
  "sid": "20231109",
  "monkey": "S",
  "orientation": "pooled",
  "area": "SLIP",
  "axes_tag": "axes_peakbin_saccCS-sacc-pooled-20mssw",
  "window_centers_ms": [
    -350.0,
    -329.99999999999994,
    -309.99999999999994,
    -289.99999999999994,
    -269.9999999999999,
    -249.99999999999991,
    -229.99999999999991,
    -209.99999999999994,
    -189.99999999999994,
    -169.99999999999994,
    -149.99999999999997,
    -129.99999999999997,
    -109.99999999999997,
    -89.99999999999997,
    -69.99999999999997,
    -49.999999999999964,
    -29.99999999999996,
    -9.999999999999961,
    10.00000000000004,
    30.00000000000004,
    50.00000000000004,
    70.00000000000004,
    90.00000000000006,
    110.00000000000006,
    130.00000000000006,
    150.00000000000006,
    170.00000000000003,
    190.00000000000003
  ],
  "alignments": [
    0.14335967019650053,
    0.008060517354881688,
    0.02654239591517414,
    0.129768259024442,
    0.0286069003131107,
    0.027823341132843127,
    0.03404599640248431,
    0.05803303785098201,
    0.24547984551571994,
    0.30448026228785363,
    0.41688916831492967,
    0.3386618678669612,
    0.26144980734691653,
    0.3227776013167257,
    0.3525670456129952,
    0.23789832012862755,
    0.2434417586876422,
    0.13825960802555073,
    0.16066837209490986,
    0.2538040045281069,
    0.28570407082608895,
    0.19351726611578565,
    0.16050583018099507,
    0.24620289160038578,
    0.23664077822724144,
    0.2811703027104474,
    0.2481538018365897,
    0.16440178095597868
  ],
  "alignment_mean": 0.1981755179418168,
  "alignment_std": 0.10974764057619198,
  "alignment_max": 0.41688916831492967,
  "alignment_min": 0.008060517354881688,
  "peak_time_ms": -149.99999999999997,
  "n_trials": 651,
  "rt_mean_ms": 307.98087557602236,
  "rt_std_ms": 53.663758583012346,
  "null_mean": 0.13611150496951074,
  "null_std": 0.10152689950165926,
  "null_median": 0.11363992677575431,
  "D_eff": 6.583223819732666,
  "expected_cos": 0.31097161769866943,
  "manifold_dim": 41,
  "window_length_ms": 50.0,
  "step_ms": 20.0,
  "time_range_ms": [
    -350.0,
    200.0
  ],
  "pt_min_ms": 200.0,
  "winS_selected": [
    -2.0816681711721685e-17,
    0.04999999999999998
  ]
}