{
  "sid": "20231205",
  "monkey": "S",
  "orientation": "pooled",
  "area": "SLIP",
  "axes_tag": "axes_peakbin_saccCS-sacc-pooled-20mssw",
  "window_centers_ms": [
    -350.0,
    -329.99999999999994,
    -309.99999999999994,
    -289.99999999999994,
    -269.9999999999999,
    -249.99999999999991,
    -229.99999999999991,
    -209.99999999999994,
    -189.99999999999994,
    -169.99999999999994,
    -149.99999999999997,
    -129.99999999999997,
    -109.99999999999997,
    -89.99999999999997,
    -69.99999999999997,
    -49.999999999999964,
    -29.99999999999996,
    -9.999999999999961,
    10.00000000000004,
    30.00000000000004,
    50.00000000000004,
    70.00000000000004,
    90.00000000000006,
    110.00000000000006,
    130.00000000000006,
    150.00000000000006,
    170.00000000000003,
    190.00000000000003
  ],
  "alignments": [
    0.22216228968863103,
    0.17190631806800452,
    0.28861776349816626,
    0.2522396384679437,
    0.2809028716315597,
    0.36669916629397326,
    0.31772353981351514,
    0.36870366031551627,
    0.06512159828217712,
    0.037575177999358986,
    0.05620572781139334,
    0.033158508993800885,
    0.08583821152354469,
    0.066494649010129,
    0.11713957828606393,
    0.07940050170181033,
    0.2297507728784229,
    0.43327160640626133,
    0.4192459061074482,
    0.29554222572934175,
    0.16123412607050341,
    0.06528716161856023,
    0.11372054307420802,
    0.19114705145763194,
    0.16124937167413272,
    0.08508153124652877,
    0.0453559730882467,
    0.1956250561577601
  ],
  "alignment_mean": 0.18594287596052267,
  "alignment_std": 0.12051219810217635,
  "alignment_max": 0.43327160640626133,
  "alignment_min": 0.033158508993800885,
  "peak_time_ms": -9.999999999999961,
  "n_trials": 115,
  "rt_mean_ms": 281.8680434782486,
  "rt_std_ms": 61.93876784752821,
  "null_mean": 0.08173622887939581,
  "null_std": 0.06397528833709536,
  "null_median": 0.06372244379879788,
  "D_eff": 1.4632214307785034,
  "expected_cos": 0.6596066355705261,
  "manifold_dim": 64,
  "window_length_ms": 50.0,
  "step_ms": 20.0,
  "time_range_ms": [
    -350.0,
    200.0
  ],
  "pt_min_ms": 200.0,
  "winS_selected": [
    -2.0816681711721685e-17,
    0.04999999999999998
  ]
}