{
  "sid": "20201001",
  "monkey": "M",
  "orientation": "pooled",
  "area": "MFEF",
  "axes_tag": "axes_peakbin_saccCS-sacc-pooled-20mssw",
  "window_centers_ms": [
    -350.0,
    -329.99999999999994,
    -309.99999999999994,
    -289.99999999999994,
    -269.9999999999999,
    -249.99999999999991,
    -229.99999999999991,
    -209.99999999999994,
    -189.99999999999994,
    -169.99999999999994,
    -149.99999999999997,
    -129.99999999999997,
    -109.99999999999997,
    -89.99999999999997,
    -69.99999999999997,
    -49.999999999999964,
    -29.99999999999996,
    -9.999999999999961,
    10.00000000000004,
    30.00000000000004,
    50.00000000000004,
    70.00000000000004,
    90.00000000000006,
    110.00000000000006,
    130.00000000000006,
    150.00000000000006,
    170.00000000000003,
    190.00000000000003
  ],
  "alignments": [
    0.11947620053243536,
    0.11605572547024152,
    0.008914776469260853,
    0.05052231734667758,
    0.03153542485252418,
    0.06073851801294276,
    0.032563726728657115,
    0.005735670069154813,
    0.13672191124300562,
    0.0847428850387819,
    0.05042136739571337,
    0.18356198455977085,
    0.19282345493755335,
    0.1650017961962152,
    0.21000479515274828,
    0.20232297712361366,
    0.1481114850446755,
    0.13261830377397651,
    0.11825537963329875,
    0.18717685665859768,
    0.2020170231442551,
    0.15559909277874448,
    0.11994851205997982,
    0.12755470329542545,
    0.15953436312726535,
    0.12728149125564256,
    0.20379757932588138,
    0.2098258902266698
  ],
  "alignment_mean": 0.12653086469477529,
  "alignment_std": 0.06292327121931057,
  "alignment_max": 0.21000479515274828,
  "alignment_min": 0.005735670069154813,
  "peak_time_ms": -69.99999999999997,
  "n_trials": 548,
  "rt_mean_ms": 259.71135948905686,
  "rt_std_ms": 41.70174239984125,
  "null_mean": 0.12772642891497607,
  "null_std": 0.09266719978458478,
  "null_median": 0.10949204595765696,
  "D_eff": 1.7680295705795288,
  "expected_cos": 0.6000608205795288,
  "manifold_dim": 138,
  "window_length_ms": 50.0,
  "step_ms": 20.0,
  "time_range_ms": [
    -350.0,
    200.0
  ],
  "pt_min_ms": 200.0,
  "winS_selected": [
    -0.02000000000000002,
    0.02999999999999998
  ]
}