{
  "sid": "20231103",
  "monkey": "S",
  "orientation": "pooled",
  "area": "SFEF",
  "axes_tag": "axes_peakbin_saccCS-sacc-pooled-20mssw",
  "window_centers_ms": [
    -350.0,
    -329.99999999999994,
    -309.99999999999994,
    -289.99999999999994,
    -269.9999999999999,
    -249.99999999999991,
    -229.99999999999991,
    -209.99999999999994,
    -189.99999999999994,
    -169.99999999999994,
    -149.99999999999997,
    -129.99999999999997,
    -109.99999999999997,
    -89.99999999999997,
    -69.99999999999997,
    -49.999999999999964,
    -29.99999999999996,
    -9.999999999999961,
    10.00000000000004,
    30.00000000000004,
    50.00000000000004,
    70.00000000000004,
    90.00000000000006,
    110.00000000000006,
    130.00000000000006,
    150.00000000000006,
    170.00000000000003,
    190.00000000000003
  ],
  "alignments": [
    0.007739851527038082,
    0.0072534507953725975,
    0.032395210867176866,
    0.007921668981527647,
    0.16745137398677012,
    0.15024897849743954,
    0.004677469103684865,
    0.05783289252667488,
    0.18022350698704936,
    0.14719224939575778,
    0.00799059192224619,
    0.006375876944176746,
    0.005265980799486067,
    0.03033001118367411,
    0.08265168860456724,
    0.02136834332785733,
    0.04735625561824512,
    0.03926323106327554,
    0.03713356144571452,
    0.051386142182827436,
    0.11089432668072459,
    0.0700544954372046,
    0.06962454333790287,
    0.06147344777757651,
    0.023989617048004726,
    0.003071880362173273,
    0.038043692122766946,
    0.09219524903165763
  ],
  "alignment_mean": 0.05576448526994904,
  "alignment_std": 0.05168196893065369,
  "alignment_max": 0.18022350698704936,
  "alignment_min": 0.003071880362173273,
  "peak_time_ms": -189.99999999999994,
  "n_trials": 112,
  "rt_mean_ms": 257.3555803571332,
  "rt_std_ms": 41.39022806057088,
  "null_mean": 0.3676571206673524,
  "null_std": 0.18187784702622045,
  "null_median": 0.40563176505375526,
  "D_eff": 1.6787223815917969,
  "expected_cos": 0.6158155202865601,
  "manifold_dim": 71,
  "window_length_ms": 50.0,
  "step_ms": 20.0,
  "time_range_ms": [
    -350.0,
    200.0
  ],
  "pt_min_ms": 200.0,
  "winS_selected": [
    -2.0816681711721685e-17,
    0.04999999999999998
  ]
}