{
  "sid": "20201216",
  "monkey": "M",
  "orientation": "pooled",
  "area": "MLIP",
  "axes_tag": "axes_peakbin_saccCS-sacc-pooled-20mssw",
  "window_centers_ms": [
    -300.0,
    -279.99999999999994,
    -259.99999999999994,
    -239.99999999999997,
    -219.99999999999997,
    -199.99999999999997,
    -180.0,
    -160.0,
    -140.0,
    -120.00000000000001,
    -100.0,
    -80.0,
    -60.0,
    -39.99999999999999,
    -19.999999999999993,
    6.938893903907228e-15,
    20.000000000000007,
    40.00000000000001,
    60.000000000000014,
    80.00000000000001
  ],
  "alignments": [
    0.10385718948273444,
    0.004138475373890848,
    0.06145461918598466,
    0.1353952883198166,
    0.05997127378467449,
    0.056060701013368484,
    0.08844258250162162,
    0.14963799138426953,
    0.08234496486758969,
    0.0906150051728915,
    0.09338478162392537,
    0.0990159049167323,
    0.05256055744205075,
    0.01553582169478389,
    0.10101656761589052,
    0.00951428221383227,
    0.019442487682244856,
    0.09715297549870214,
    0.1276316247093583,
    0.12517483609637295
  ],
  "alignment_mean": 0.07861739652903676,
  "alignment_std": 0.041738372644435875,
  "alignment_max": 0.14963799138426953,
  "alignment_min": 0.004138475373890848,
  "peak_time_ms": -160.0,
  "n_trials": 508,
  "rt_mean_ms": 253.09847440944458,
  "rt_std_ms": 37.795186022833384,
  "window_length_ms": 50.0,
  "step_ms": 20.0,
  "time_range_ms": [
    -300.0,
    100.0
  ],
  "pt_min_ms": 200.0,
  "winS_selected": [
    -2.0816681711721685e-17,
    0.04999999999999998
  ]
}