{
  "sid": "20200328",
  "monkey": "M",
  "orientation": "pooled",
  "area": "MFEF",
  "axes_tag": "axes_peakbin_saccCS-sacc-pooled-20mssw",
  "window_centers_ms": [
    -350.0,
    -329.99999999999994,
    -309.99999999999994,
    -289.99999999999994,
    -269.9999999999999,
    -249.99999999999991,
    -229.99999999999991,
    -209.99999999999994,
    -189.99999999999994,
    -169.99999999999994,
    -149.99999999999997,
    -129.99999999999997,
    -109.99999999999997,
    -89.99999999999997,
    -69.99999999999997,
    -49.999999999999964,
    -29.99999999999996,
    -9.999999999999961,
    10.00000000000004,
    30.00000000000004,
    50.00000000000004,
    70.00000000000004,
    90.00000000000006,
    110.00000000000006,
    130.00000000000006,
    150.00000000000006,
    170.00000000000003,
    190.00000000000003
  ],
  "alignments": [
    0.25109158329146647,
    0.31559000505484686,
    0.17746397702562183,
    0.1516582196291543,
    0.07160841323795207,
    0.022110383323496414,
    0.03610500637262714,
    0.05883977163313743,
    0.1544169722865405,
    0.19929490584512516,
    0.14934294990176877,
    0.01288886906438889,
    0.020821476443772864,
    0.014326396137852035,
    0.049954283678804084,
    0.09430085422698718,
    0.1896423781766319,
    0.19311258476634408,
    0.21727021721729264,
    0.18816482816618663,
    0.12747833266751085,
    0.07117401087255415,
    0.010222928460917217,
    0.005654737993821666,
    0.01838111642670688,
    0.0620050120752386,
    0.11988337563826164,
    0.14731115167843797
  ],
  "alignment_mean": 0.11178981218905167,
  "alignment_std": 0.08307516975065454,
  "alignment_max": 0.31559000505484686,
  "alignment_min": 0.005654737993821666,
  "peak_time_ms": -329.99999999999994,
  "n_trials": 524,
  "rt_mean_ms": 271.79160305346295,
  "rt_std_ms": 50.01620213260943,
  "null_mean": 0.15861853988777802,
  "null_std": 0.10928517869990556,
  "null_median": 0.14232703640573136,
  "D_eff": 1.82369065284729,
  "expected_cos": 0.5908325910568237,
  "manifold_dim": 59,
  "window_length_ms": 50.0,
  "step_ms": 20.0,
  "time_range_ms": [
    -350.0,
    200.0
  ],
  "pt_min_ms": 200.0,
  "winS_selected": [
    -0.02000000000000002,
    0.02999999999999998
  ]
}