{
  "sid": "20230707",
  "monkey": "S",
  "orientation": "pooled",
  "area": "SFEF",
  "axes_tag": "axes_peakbin_saccCS-sacc-pooled-20mssw",
  "window_centers_ms": [
    -350.0,
    -329.99999999999994,
    -309.99999999999994,
    -289.99999999999994,
    -269.9999999999999,
    -249.99999999999991,
    -229.99999999999991,
    -209.99999999999994,
    -189.99999999999994,
    -169.99999999999994,
    -149.99999999999997,
    -129.99999999999997,
    -109.99999999999997,
    -89.99999999999997,
    -69.99999999999997,
    -49.999999999999964,
    -29.99999999999996,
    -9.999999999999961,
    10.00000000000004,
    30.00000000000004,
    50.00000000000004,
    70.00000000000004,
    90.00000000000006,
    110.00000000000006,
    130.00000000000006,
    150.00000000000006,
    170.00000000000003,
    190.00000000000003
  ],
  "alignments": [
    0.10095762547569187,
    0.09796751655013551,
    0.0634526641869072,
    0.2178077586199582,
    0.3045063734223532,
    0.18667743611971804,
    0.020957916451115575,
    0.15563637663093235,
    0.037554671513575666,
    0.041519448055673085,
    0.08952604185377247,
    0.1171582273573615,
    0.19539620045550177,
    0.06685822905392183,
    0.028350463688619737,
    0.02599799309506068,
    0.005147592078732832,
    0.023787649943418636,
    0.04819755206520912,
    0.06805177299176274,
    0.0008278810714864027,
    0.07339226198211052,
    0.011373101009278574,
    0.07424724518831269,
    0.07402025601338375,
    0.022919704314059763,
    0.08771710227881799,
    0.05647659048919564
  ],
  "alignment_mean": 0.08201727328414528,
  "alignment_std": 0.0706116035115947,
  "alignment_max": 0.3045063734223532,
  "alignment_min": 0.0008278810714864027,
  "peak_time_ms": -269.9999999999999,
  "n_trials": 785,
  "rt_mean_ms": 274.9261783439474,
  "rt_std_ms": 49.2239964593783,
  "null_mean": 0.19471911860246938,
  "null_std": 0.1377482800521269,
  "null_median": 0.16034908876875603,
  "D_eff": 4.493093490600586,
  "expected_cos": 0.37641534209251404,
  "manifold_dim": 31,
  "window_length_ms": 50.0,
  "step_ms": 20.0,
  "time_range_ms": [
    -350.0,
    200.0
  ],
  "pt_min_ms": 200.0,
  "winS_selected": [
    -2.0816681711721685e-17,
    0.04999999999999998
  ]
}