{
  "sid": "20200929",
  "monkey": "M",
  "orientation": "pooled",
  "area": "MFEF",
  "axes_tag": "axes_peakbin_saccCS-sacc-pooled-20mssw",
  "window_centers_ms": [
    -350.0,
    -329.99999999999994,
    -309.99999999999994,
    -289.99999999999994,
    -269.9999999999999,
    -249.99999999999991,
    -229.99999999999991,
    -209.99999999999994,
    -189.99999999999994,
    -169.99999999999994,
    -149.99999999999997,
    -129.99999999999997,
    -109.99999999999997,
    -89.99999999999997,
    -69.99999999999997,
    -49.999999999999964,
    -29.99999999999996,
    -9.999999999999961,
    10.00000000000004,
    30.00000000000004,
    50.00000000000004,
    70.00000000000004,
    90.00000000000006,
    110.00000000000006,
    130.00000000000006,
    150.00000000000006,
    170.00000000000003,
    190.00000000000003
  ],
  "alignments": [
    0.09001406484791673,
    0.1110692499230051,
    0.04324144761175229,
    0.1588961884410995,
    0.1536275252538514,
    0.14584866480344952,
    0.13675129790528776,
    0.19333362612040314,
    0.0567712205514674,
    0.11371125447614562,
    0.10746426870170518,
    0.072942898714812,
    0.06884232787877136,
    0.013525397665320057,
    0.023481432177248605,
    0.0049741156697556445,
    0.02979693870199851,
    0.011135600656173599,
    0.05576432838404397,
    0.06143676845640068,
    0.006484582372239557,
    0.03288124717015699,
    0.004609787584626923,
    0.022877541311145163,
    0.03827642346359832,
    0.062278789103264544,
    0.05284145368094468,
    0.04972808603111632
  ],
  "alignment_mean": 0.06866451884491788,
  "alignment_std": 0.05181953715362968,
  "alignment_max": 0.19333362612040314,
  "alignment_min": 0.004609787584626923,
  "peak_time_ms": -209.99999999999994,
  "n_trials": 548,
  "rt_mean_ms": 260.2781478102509,
  "rt_std_ms": 42.57639618636118,
  "null_mean": 0.27741605987086326,
  "null_std": 0.1582016077124922,
  "null_median": 0.27623007578637315,
  "D_eff": 2.6932976245880127,
  "expected_cos": 0.4861808717250824,
  "manifold_dim": 75,
  "window_length_ms": 50.0,
  "step_ms": 20.0,
  "time_range_ms": [
    -350.0,
    200.0
  ],
  "pt_min_ms": 200.0,
  "winS_selected": [
    -2.0816681711721685e-17,
    0.04999999999999998
  ]
}