{
  "sid": "20201216",
  "monkey": "M",
  "orientation": "pooled",
  "area": "MLIP",
  "axes_tag": "axes_peakbin_saccCS-sacc-pooled-20mssw",
  "window_centers_ms": [
    -350.0,
    -329.99999999999994,
    -309.99999999999994,
    -289.99999999999994,
    -269.9999999999999,
    -249.99999999999991,
    -229.99999999999991,
    -209.99999999999994,
    -189.99999999999994,
    -169.99999999999994,
    -149.99999999999997,
    -129.99999999999997,
    -109.99999999999997,
    -89.99999999999997,
    -69.99999999999997,
    -49.999999999999964,
    -29.99999999999996,
    -9.999999999999961,
    10.00000000000004,
    30.00000000000004,
    50.00000000000004,
    70.00000000000004,
    90.00000000000006,
    110.00000000000006,
    130.00000000000006,
    150.00000000000006,
    170.00000000000003,
    190.00000000000003
  ],
  "alignments": [
    0.2871193985745556,
    0.08504641156640823,
    0.002094349827608418,
    0.09430527488131596,
    0.0563103541687846,
    0.08346835343614113,
    0.10441842650978377,
    0.013572582065822908,
    0.08994996708951701,
    0.10143489248133489,
    0.11891778297342145,
    0.0741455612849594,
    0.10176826609194065,
    0.10888072172278865,
    0.07993641203309661,
    0.020556874998942834,
    0.05314406608156624,
    0.06163416125284353,
    0.015695167479658437,
    0.07615465715680486,
    0.12912464427599613,
    0.10758434362808879,
    0.09652173296522368,
    0.08022718009763981,
    0.018401307254793088,
    0.027861867645287218,
    0.044408750124077294,
    0.050858512237606256
  ],
  "alignment_mean": 0.0779836435680717,
  "alignment_std": 0.053083222206386275,
  "alignment_max": 0.2871193985745556,
  "alignment_min": 0.002094349827608418,
  "peak_time_ms": -350.0,
  "n_trials": 508,
  "rt_mean_ms": 253.09847440944458,
  "rt_std_ms": 37.795186022833384,
  "null_mean": 0.1121930279862108,
  "null_std": 0.08899583368022891,
  "null_median": 0.09091745844144339,
  "D_eff": 2.9551985263824463,
  "expected_cos": 0.46413758397102356,
  "manifold_dim": 65,
  "window_length_ms": 50.0,
  "step_ms": 20.0,
  "time_range_ms": [
    -350.0,
    200.0
  ],
  "pt_min_ms": 200.0,
  "winS_selected": [
    -2.0816681711721685e-17,
    0.04999999999999998
  ]
}