{
  "sid": "20230627",
  "monkey": "S",
  "orientation": "pooled",
  "area": "SLIP",
  "axes_tag": "axes_peakbin_saccCS-sacc-pooled-20mssw",
  "window_centers_ms": [
    -350.0,
    -329.99999999999994,
    -309.99999999999994,
    -289.99999999999994,
    -269.9999999999999,
    -249.99999999999991,
    -229.99999999999991,
    -209.99999999999994,
    -189.99999999999994,
    -169.99999999999994,
    -149.99999999999997,
    -129.99999999999997,
    -109.99999999999997,
    -89.99999999999997,
    -69.99999999999997,
    -49.999999999999964,
    -29.99999999999996,
    -9.999999999999961,
    10.00000000000004,
    30.00000000000004,
    50.00000000000004,
    70.00000000000004,
    90.00000000000006,
    110.00000000000006,
    130.00000000000006,
    150.00000000000006,
    170.00000000000003,
    190.00000000000003
  ],
  "alignments": [
    0.21601815377879027,
    0.10626519813782621,
    0.23896919629344765,
    0.29969713884886584,
    0.1400158582767376,
    0.0552353948164653,
    0.03926196420678707,
    0.11475725729575709,
    0.1331319868922276,
    0.0689771648887235,
    0.07255357134923517,
    0.009470749924517756,
    0.059184245182271646,
    0.0029231146628486597,
    0.05128451649636295,
    0.01669443085485311,
    0.026116721695554155,
    0.10739591622360495,
    0.02648475035598533,
    0.06229505084869891,
    0.12042238577470753,
    0.15171764351028091,
    0.35408688170428104,
    0.18790148246384866,
    0.054882119638453464,
    0.07946798438323285,
    0.2738593339480009,
    0.33500054091342163
  ],
  "alignment_mean": 0.12157395547734959,
  "alignment_std": 0.09896071435419364,
  "alignment_max": 0.35408688170428104,
  "alignment_min": 0.0029231146628486597,
  "peak_time_ms": 90.00000000000006,
  "n_trials": 867,
  "rt_mean_ms": 306.2621107266324,
  "rt_std_ms": 52.80961732807415,
  "null_mean": 0.10045720494223143,
  "null_std": 0.07569050959731434,
  "null_median": 0.08347411463840518,
  "D_eff": 2.1369967460632324,
  "expected_cos": 0.545805811882019,
  "manifold_dim": 53,
  "window_length_ms": 50.0,
  "step_ms": 20.0,
  "time_range_ms": [
    -350.0,
    200.0
  ],
  "pt_min_ms": 200.0,
  "winS_selected": [
    -2.0816681711721685e-17,
    0.04999999999999998
  ]
}