{
  "sid": "20230707",
  "monkey": "S",
  "orientation": "pooled",
  "area": "SFEF",
  "axes_tag": "axes_peakbin_saccCS-sacc-pooled-20mssw",
  "window_centers_ms": [
    -300.0,
    -279.99999999999994,
    -259.99999999999994,
    -239.99999999999997,
    -219.99999999999997,
    -199.99999999999997,
    -180.0,
    -160.0,
    -140.0,
    -120.00000000000001,
    -100.0,
    -80.0,
    -60.0,
    -39.99999999999999,
    -19.999999999999993,
    6.938893903907228e-15,
    20.000000000000007,
    40.00000000000001,
    60.000000000000014,
    80.00000000000001
  ],
  "alignments": [
    0.057353257821502926,
    0.2803964631703544,
    0.2934425125832536,
    0.0510341725380621,
    0.13869684694403334,
    0.08425637385693549,
    0.008711687977425206,
    0.05604532841057995,
    0.16672945058961536,
    0.1736384936218545,
    0.13343005112811865,
    0.030351535750329554,
    0.030058472880662553,
    0.025881241402107204,
    0.0057668268923241235,
    0.04897289415251116,
    0.05712824931593395,
    0.032689188104843614,
    0.036149850916420104,
    0.06660324292520006
  ],
  "alignment_mean": 0.08886680704910341,
  "alignment_std": 0.08154296693682121,
  "alignment_max": 0.2934425125832536,
  "alignment_min": 0.0057668268923241235,
  "peak_time_ms": -259.99999999999994,
  "n_trials": 785,
  "rt_mean_ms": 274.9261783439474,
  "rt_std_ms": 49.2239964593783,
  "window_length_ms": 50.0,
  "step_ms": 20.0,
  "time_range_ms": [
    -300.0,
    100.0
  ],
  "pt_min_ms": 200.0,
  "winS_selected": [
    -2.0816681711721685e-17,
    0.04999999999999998
  ]
}