{
  "sid": "20201216",
  "monkey": "M",
  "orientation": "pooled",
  "area": "MFEF",
  "axes_tag": "axes_peakbin_saccCS-sacc-pooled-20mssw",
  "window_centers_ms": [
    -350.0,
    -329.99999999999994,
    -309.99999999999994,
    -289.99999999999994,
    -269.9999999999999,
    -249.99999999999991,
    -229.99999999999991,
    -209.99999999999994,
    -189.99999999999994,
    -169.99999999999994,
    -149.99999999999997,
    -129.99999999999997,
    -109.99999999999997,
    -89.99999999999997,
    -69.99999999999997,
    -49.999999999999964,
    -29.99999999999996,
    -9.999999999999961,
    10.00000000000004,
    30.00000000000004,
    50.00000000000004,
    70.00000000000004,
    90.00000000000006,
    110.00000000000006,
    130.00000000000006,
    150.00000000000006,
    170.00000000000003,
    190.00000000000003
  ],
  "alignments": [
    0.014314312054723213,
    0.10802225062203813,
    0.05685635675151419,
    0.010049117833639093,
    0.11508604085344051,
    0.0182030797484415,
    0.01381800505112119,
    0.0421605239425311,
    0.013339385261425434,
    0.08881417628362548,
    0.07650535015708261,
    0.00222943270299607,
    0.020522008519441238,
    0.08107838029545478,
    0.14326472529734838,
    0.16891688817075637,
    0.17458375132004122,
    0.17327836093573598,
    0.1467826780234649,
    0.20489493426370564,
    0.1664549240579905,
    0.12689890652893332,
    0.21263648209307037,
    0.2638168325006708,
    0.24888477511427545,
    0.24732448453437506,
    0.2282701122690595,
    0.2990496679836003
  ],
  "alignment_mean": 0.12378771225608935,
  "alignment_std": 0.0884348831922321,
  "alignment_max": 0.2990496679836003,
  "alignment_min": 0.00222943270299607,
  "peak_time_ms": 190.00000000000003,
  "n_trials": 508,
  "rt_mean_ms": 253.09847440944458,
  "rt_std_ms": 37.795186022833384,
  "null_mean": 0.07724823474766762,
  "null_std": 0.06046155321876997,
  "null_median": 0.06362941000415892,
  "D_eff": 3.9803502559661865,
  "expected_cos": 0.39992576837539673,
  "manifold_dim": 76,
  "window_length_ms": 50.0,
  "step_ms": 20.0,
  "time_range_ms": [
    -350.0,
    200.0
  ],
  "pt_min_ms": 200.0,
  "winS_selected": [
    -0.04000000000000002,
    0.009999999999999981
  ]
}