{
  "sid": "20200402",
  "monkey": "M",
  "orientation": "pooled",
  "area": "MLIP",
  "axes_tag": "axes_peakbin_saccCS-sacc-pooled-20mssw",
  "window_centers_ms": [
    -350.0,
    -329.99999999999994,
    -309.99999999999994,
    -289.99999999999994,
    -269.9999999999999,
    -249.99999999999991,
    -229.99999999999991,
    -209.99999999999994,
    -189.99999999999994,
    -169.99999999999994,
    -149.99999999999997,
    -129.99999999999997,
    -109.99999999999997,
    -89.99999999999997,
    -69.99999999999997,
    -49.999999999999964,
    -29.99999999999996,
    -9.999999999999961,
    10.00000000000004,
    30.00000000000004,
    50.00000000000004,
    70.00000000000004,
    90.00000000000006,
    110.00000000000006,
    130.00000000000006,
    150.00000000000006,
    170.00000000000003,
    190.00000000000003
  ],
  "alignments": [
    0.025571355873799065,
    0.06998280181021663,
    0.11238644090369349,
    0.10677428000383236,
    0.22750505231979257,
    0.1274673080859442,
    0.08617002851792056,
    0.07377246736382971,
    0.16766047420670321,
    0.12753042341078635,
    0.09301329694706117,
    0.08599204381318463,
    0.26491151260815593,
    0.21718240338567715,
    0.16995548891286721,
    0.23227985609243817,
    0.08422940845622004,
    0.0029975783993602388,
    0.0317369758885436,
    0.048881435680926934,
    0.031110697069787526,
    0.010983640999799212,
    0.035850426157082414,
    0.04659045823501176,
    0.13354894001375833,
    0.046583520136309446,
    0.0922349768014419,
    0.12467212587049192
  ],
  "alignment_mean": 0.10277055064159413,
  "alignment_std": 0.06929046686161505,
  "alignment_max": 0.26491151260815593,
  "alignment_min": 0.0029975783993602388,
  "peak_time_ms": -109.99999999999997,
  "n_trials": 454,
  "rt_mean_ms": 262.05435022028183,
  "rt_std_ms": 43.38472296498518,
  "null_mean": 0.13964895288359372,
  "null_std": 0.07273261402623112,
  "null_median": 0.14022483569028282,
  "D_eff": 1.3742632865905762,
  "expected_cos": 0.6806206107139587,
  "manifold_dim": 85,
  "window_length_ms": 50.0,
  "step_ms": 20.0,
  "time_range_ms": [
    -350.0,
    200.0
  ],
  "pt_min_ms": 200.0,
  "winS_selected": [
    -2.0816681711721685e-17,
    0.04999999999999998
  ]
}