{
  "sid": "20230707",
  "monkey": "S",
  "orientation": "pooled",
  "area": "SLIP",
  "axes_tag": "axes_peakbin_saccCS-sacc-pooled-20mssw",
  "window_centers_ms": [
    -300.0,
    -279.99999999999994,
    -259.99999999999994,
    -239.99999999999997,
    -219.99999999999997,
    -199.99999999999997,
    -180.0,
    -160.0,
    -140.0,
    -120.00000000000001,
    -100.0,
    -80.0,
    -60.0,
    -39.99999999999999,
    -19.999999999999993,
    6.938893903907228e-15,
    20.000000000000007,
    40.00000000000001,
    60.000000000000014,
    80.00000000000001
  ],
  "alignments": [
    0.15225016874770905,
    0.12381978805259103,
    0.12925060468648722,
    0.05373114883025749,
    0.045871999482431154,
    0.07143642511094203,
    0.15655574373077016,
    0.07042819778534658,
    0.06195303660143377,
    0.012139876362484708,
    0.03401081972805342,
    0.04214377809868992,
    0.02149547033463907,
    0.0721609679816366,
    0.08271400553163308,
    0.053209732613905006,
    0.025821935691524838,
    0.042627599638815954,
    0.032252232253791965,
    0.02375786066650861
  ],
  "alignment_mean": 0.06538156959648259,
  "alignment_std": 0.0422110828988239,
  "alignment_max": 0.15655574373077016,
  "alignment_min": 0.012139876362484708,
  "peak_time_ms": -180.0,
  "n_trials": 785,
  "rt_mean_ms": 274.9261783439474,
  "rt_std_ms": 49.2239964593783,
  "window_length_ms": 50.0,
  "step_ms": 20.0,
  "time_range_ms": [
    -300.0,
    100.0
  ],
  "pt_min_ms": 200.0,
  "winS_selected": [
    -2.0816681711721685e-17,
    0.04999999999999998
  ]
}