{
  "sid": "20201211",
  "monkey": "M",
  "orientation": "pooled",
  "area": "MLIP",
  "axes_tag": "axes_peakbin_saccCS-sacc-pooled-20mssw",
  "window_centers_ms": [
    -350.0,
    -329.99999999999994,
    -309.99999999999994,
    -289.99999999999994,
    -269.9999999999999,
    -249.99999999999991,
    -229.99999999999991,
    -209.99999999999994,
    -189.99999999999994,
    -169.99999999999994,
    -149.99999999999997,
    -129.99999999999997,
    -109.99999999999997,
    -89.99999999999997,
    -69.99999999999997,
    -49.999999999999964,
    -29.99999999999996,
    -9.999999999999961,
    10.00000000000004,
    30.00000000000004,
    50.00000000000004,
    70.00000000000004,
    90.00000000000006,
    110.00000000000006,
    130.00000000000006,
    150.00000000000006,
    170.00000000000003,
    190.00000000000003
  ],
  "alignments": [
    0.0788204127485774,
    0.08945042764786627,
    0.04269840320430584,
    0.02073335276167671,
    0.02162629275797028,
    0.08015355686896954,
    0.004286139668759326,
    0.07610157685547533,
    0.041081184509351595,
    0.11178879521959924,
    0.09770355001996947,
    0.13220489313214648,
    0.19981708624268738,
    0.23436821833614951,
    0.205273791138083,
    0.11539030093692003,
    0.0433504975217918,
    0.027105623245133145,
    0.08674751025072609,
    0.023694320061224256,
    0.10465322664093812,
    0.04415760189632736,
    0.0031774411397531357,
    0.0640432203012062,
    0.12282707814689382,
    0.06949358309191962,
    0.034107964238255954,
    0.0012626140942005072
  ],
  "alignment_mean": 0.07771852366703134,
  "alignment_std": 0.05986761861152261,
  "alignment_max": 0.23436821833614951,
  "alignment_min": 0.0012626140942005072,
  "peak_time_ms": -89.99999999999997,
  "n_trials": 551,
  "rt_mean_ms": 257.7440562613339,
  "rt_std_ms": 41.18212999653091,
  "null_mean": 0.23086402495859215,
  "null_std": 0.1401763192987173,
  "null_median": 0.2210351502071892,
  "D_eff": 2.940131902694702,
  "expected_cos": 0.465325266122818,
  "manifold_dim": 78,
  "window_length_ms": 50.0,
  "step_ms": 20.0,
  "time_range_ms": [
    -350.0,
    200.0
  ],
  "pt_min_ms": 200.0,
  "winS_selected": [
    -2.0816681711721685e-17,
    0.04999999999999998
  ]
}