{
  "sid": "20201211",
  "monkey": "M",
  "orientation": "pooled",
  "area": "MLIP",
  "axes_tag": "axes_peakbin_saccCS-sacc-pooled-20mssw",
  "window_centers_ms": [
    -300.0,
    -279.99999999999994,
    -259.99999999999994,
    -239.99999999999997,
    -219.99999999999997,
    -199.99999999999997,
    -180.0,
    -160.0,
    -140.0,
    -120.00000000000001,
    -100.0,
    -80.0,
    -60.0,
    -39.99999999999999,
    -19.999999999999993,
    6.938893903907228e-15,
    20.000000000000007,
    40.00000000000001,
    60.000000000000014,
    80.00000000000001
  ],
  "alignments": [
    0.02383720155225916,
    0.028133226594392047,
    0.030938484619893236,
    0.03601732415302328,
    0.019660085996832374,
    0.049856563315134675,
    0.06474771371345005,
    0.09277243675825148,
    0.1650255931972541,
    0.13447061016784798,
    0.2388400641446887,
    0.2394764902838053,
    0.1497052012708251,
    0.08958112799455757,
    0.004146575793164593,
    0.058047453498438796,
    0.07851491095713597,
    0.11314965578945034,
    0.046412504424061404,
    0.03119477316401855
  ],
  "alignment_mean": 0.08472639986942422,
  "alignment_std": 0.06758003136811751,
  "alignment_max": 0.2394764902838053,
  "alignment_min": 0.004146575793164593,
  "peak_time_ms": -80.0,
  "n_trials": 551,
  "rt_mean_ms": 257.7440562613339,
  "rt_std_ms": 41.18212999653091,
  "window_length_ms": 50.0,
  "step_ms": 20.0,
  "time_range_ms": [
    -300.0,
    100.0
  ],
  "pt_min_ms": 200.0,
  "winS_selected": [
    -2.0816681711721685e-17,
    0.04999999999999998
  ]
}