{
  "sid": "20201004",
  "monkey": "M",
  "orientation": "pooled",
  "area": "MFEF",
  "axes_tag": "axes_peakbin_saccCS-sacc-pooled-20mssw",
  "window_centers_ms": [
    -350.0,
    -329.99999999999994,
    -309.99999999999994,
    -289.99999999999994,
    -269.9999999999999,
    -249.99999999999991,
    -229.99999999999991,
    -209.99999999999994,
    -189.99999999999994,
    -169.99999999999994,
    -149.99999999999997,
    -129.99999999999997,
    -109.99999999999997,
    -89.99999999999997,
    -69.99999999999997,
    -49.999999999999964,
    -29.99999999999996,
    -9.999999999999961,
    10.00000000000004,
    30.00000000000004,
    50.00000000000004,
    70.00000000000004,
    90.00000000000006,
    110.00000000000006,
    130.00000000000006,
    150.00000000000006,
    170.00000000000003,
    190.00000000000003
  ],
  "alignments": [
    0.09301779456831326,
    0.004969299425058978,
    0.047445918516001315,
    0.07487331809031376,
    0.23994381055574784,
    0.11657233370923799,
    0.08717167350249193,
    0.01957875787861799,
    0.07269790029785313,
    0.06429787503513527,
    0.13862037447644324,
    0.1372986065941901,
    0.18635398081280027,
    0.31483689890976274,
    0.26916032771210113,
    0.2712842493192488,
    0.17786309931853217,
    0.14535896311688745,
    0.08895935330307884,
    0.0741481711248824,
    0.03643210404876135,
    0.0686056968054617,
    0.006696789691528821,
    0.06459109656138617,
    0.035497973315792276,
    0.04682038672366384,
    0.04700051678350996,
    0.13381564246295366
  ],
  "alignment_mean": 0.10942546116641987,
  "alignment_std": 0.08189315673702376,
  "alignment_max": 0.31483689890976274,
  "alignment_min": 0.004969299425058978,
  "peak_time_ms": -89.99999999999997,
  "n_trials": 528,
  "rt_mean_ms": 257.2561079545539,
  "rt_std_ms": 43.257501039347126,
  "null_mean": 0.20528736383438476,
  "null_std": 0.11580023241776648,
  "null_median": 0.20472496612267327,
  "D_eff": 2.89162540435791,
  "expected_cos": 0.4692119359970093,
  "manifold_dim": 122,
  "window_length_ms": 50.0,
  "step_ms": 20.0,
  "time_range_ms": [
    -350.0,
    200.0
  ],
  "pt_min_ms": 200.0,
  "winS_selected": [
    -0.02000000000000002,
    0.02999999999999998
  ]
}