{
  "sid": "20201001",
  "monkey": "M",
  "orientation": "pooled",
  "area": "MLIP",
  "axes_tag": "axes_peakbin_saccCS-sacc-pooled-20mssw",
  "window_centers_ms": [
    -350.0,
    -329.99999999999994,
    -309.99999999999994,
    -289.99999999999994,
    -269.9999999999999,
    -249.99999999999991,
    -229.99999999999991,
    -209.99999999999994,
    -189.99999999999994,
    -169.99999999999994,
    -149.99999999999997,
    -129.99999999999997,
    -109.99999999999997,
    -89.99999999999997,
    -69.99999999999997,
    -49.999999999999964,
    -29.99999999999996,
    -9.999999999999961,
    10.00000000000004,
    30.00000000000004,
    50.00000000000004,
    70.00000000000004,
    90.00000000000006,
    110.00000000000006,
    130.00000000000006,
    150.00000000000006,
    170.00000000000003,
    190.00000000000003
  ],
  "alignments": [
    0.14891212198767792,
    0.0821240797768695,
    0.13650951246848692,
    0.03250859787425655,
    0.18208281227960324,
    0.16570810112374745,
    0.14328903399718204,
    0.037532483446230974,
    0.016863347824907327,
    0.093688601545417,
    0.052977272591106676,
    0.01564244107458572,
    0.019699090288316134,
    0.03226350255382166,
    0.026434958270270512,
    0.011237860236134541,
    0.042274287577301055,
    0.029693423263241227,
    0.07694119124474558,
    0.05689338483442052,
    0.004618365854712437,
    0.031916371030467086,
    0.03642947264715575,
    0.021174519323221622,
    0.019862981839343243,
    0.07533516772331603,
    0.026428192293390933,
    0.023432850379685708
  ],
  "alignment_mean": 0.05865978661962911,
  "alignment_std": 0.050406651985398655,
  "alignment_max": 0.18208281227960324,
  "alignment_min": 0.004618365854712437,
  "peak_time_ms": -269.9999999999999,
  "n_trials": 548,
  "rt_mean_ms": 259.71135948905686,
  "rt_std_ms": 41.70174239984125,
  "null_mean": 0.11208983318666434,
  "null_std": 0.06663966890364151,
  "null_median": 0.1077970369225156,
  "D_eff": 3.0483226776123047,
  "expected_cos": 0.456993043422699,
  "manifold_dim": 75,
  "window_length_ms": 50.0,
  "step_ms": 20.0,
  "time_range_ms": [
    -350.0,
    200.0
  ],
  "pt_min_ms": 200.0,
  "winS_selected": [
    -2.0816681711721685e-17,
    0.04999999999999998
  ]
}