{
  "sid": "20201001",
  "monkey": "M",
  "orientation": "pooled",
  "area": "MFEF",
  "axes_tag": "axes_peakbin_saccCS-sacc-pooled-20mssw",
  "window_centers_ms": [
    -300.0,
    -279.99999999999994,
    -259.99999999999994,
    -239.99999999999997,
    -219.99999999999997,
    -199.99999999999997,
    -180.0,
    -160.0,
    -140.0,
    -120.00000000000001,
    -100.0,
    -80.0,
    -60.0,
    -39.99999999999999,
    -19.999999999999993,
    6.938893903907228e-15,
    20.000000000000007,
    40.00000000000001,
    60.000000000000014,
    80.00000000000001
  ],
  "alignments": [
    0.08013764552623874,
    0.03396994434010986,
    0.06047278824314034,
    0.07748822309775827,
    0.005750277399005814,
    0.07448425320956634,
    0.1155190659921644,
    0.10055079672302648,
    0.0845066594462598,
    0.2216947179590177,
    0.156939752863869,
    0.18991430367539108,
    0.21812434260701533,
    0.1849467140199035,
    0.14434254176033817,
    0.12361869127335656,
    0.14603666904438642,
    0.19625986144601024,
    0.2004182459391613,
    0.11632354828540054
  ],
  "alignment_mean": 0.126574952142556,
  "alignment_std": 0.06094247303181219,
  "alignment_max": 0.2216947179590177,
  "alignment_min": 0.005750277399005814,
  "peak_time_ms": -120.00000000000001,
  "n_trials": 548,
  "rt_mean_ms": 259.71135948905686,
  "rt_std_ms": 41.70174239984125,
  "window_length_ms": 50.0,
  "step_ms": 20.0,
  "time_range_ms": [
    -300.0,
    100.0
  ],
  "pt_min_ms": 200.0,
  "winS_selected": [
    -0.02000000000000002,
    0.02999999999999998
  ]
}