{
  "sid": "20201004",
  "monkey": "M",
  "orientation": "pooled",
  "area": "MLIP",
  "axes_tag": "axes_peakbin_saccCS-sacc-pooled-20mssw",
  "window_centers_ms": [
    -300.0,
    -279.99999999999994,
    -259.99999999999994,
    -239.99999999999997,
    -219.99999999999997,
    -199.99999999999997,
    -180.0,
    -160.0,
    -140.0,
    -120.00000000000001,
    -100.0,
    -80.0,
    -60.0,
    -39.99999999999999,
    -19.999999999999993,
    6.938893903907228e-15,
    20.000000000000007,
    40.00000000000001,
    60.000000000000014,
    80.00000000000001
  ],
  "alignments": [
    0.2268539157617909,
    0.2102160751849754,
    0.10736642385009817,
    0.06399418988687954,
    0.1901027335905246,
    0.08685221059291215,
    0.25033442902992353,
    0.18707063489836848,
    0.04041224564634842,
    0.029016910887154197,
    0.04052853920425533,
    0.028002297096630054,
    0.01651600907418893,
    0.0010346400942477458,
    0.053888219147021695,
    0.08329624025203472,
    0.05114037446950468,
    0.18926989590637322,
    0.19968284673909864,
    0.2302050786983844
  ],
  "alignment_mean": 0.11428919550053573,
  "alignment_std": 0.08297738449010268,
  "alignment_max": 0.25033442902992353,
  "alignment_min": 0.0010346400942477458,
  "peak_time_ms": -180.0,
  "n_trials": 528,
  "rt_mean_ms": 257.2561079545539,
  "rt_std_ms": 43.257501039347126,
  "window_length_ms": 50.0,
  "step_ms": 20.0,
  "time_range_ms": [
    -300.0,
    100.0
  ],
  "pt_min_ms": 200.0,
  "winS_selected": [
    -2.0816681711721685e-17,
    0.04999999999999998
  ]
}