{
  "sid": "20201204",
  "monkey": "M",
  "orientation": "pooled",
  "area": "MLIP",
  "axes_tag": "axes_peakbin_saccCS-sacc-pooled-20mssw",
  "window_centers_ms": [
    -300.0,
    -279.99999999999994,
    -259.99999999999994,
    -239.99999999999997,
    -219.99999999999997,
    -199.99999999999997,
    -180.0,
    -160.0,
    -140.0,
    -120.00000000000001,
    -100.0,
    -80.0,
    -60.0,
    -39.99999999999999,
    -19.999999999999993,
    6.938893903907228e-15,
    20.000000000000007,
    40.00000000000001,
    60.000000000000014,
    80.00000000000001
  ],
  "alignments": [
    0.07095149269495965,
    0.1895327717497879,
    0.23903667778359367,
    0.1759607827625545,
    0.10407521324810594,
    0.14759709971233398,
    0.10828896397589813,
    0.00333725105484434,
    0.01593629243544868,
    0.0012404019631066033,
    0.04198519428566449,
    0.027530518417469216,
    0.009795011998740766,
    0.05780831393051454,
    0.04317090938454096,
    0.060122316440999864,
    0.05576495258878691,
    0.17192946644795518,
    0.15086948507913064,
    0.08469817637493054
  ],
  "alignment_mean": 0.08798156461646832,
  "alignment_std": 0.0681519627740507,
  "alignment_max": 0.23903667778359367,
  "alignment_min": 0.0012404019631066033,
  "peak_time_ms": -259.99999999999994,
  "n_trials": 514,
  "rt_mean_ms": 257.0345330739346,
  "rt_std_ms": 43.04552191328758,
  "window_length_ms": 50.0,
  "step_ms": 20.0,
  "time_range_ms": [
    -300.0,
    100.0
  ],
  "pt_min_ms": 200.0,
  "winS_selected": [
    -2.0816681711721685e-17,
    0.04999999999999998
  ]
}