{
  "sid": "20201004",
  "monkey": "M",
  "orientation": "pooled",
  "area": "MLIP",
  "axes_tag": "axes_peakbin_saccCS-sacc-pooled-20mssw",
  "window_centers_ms": [
    -350.0,
    -329.99999999999994,
    -309.99999999999994,
    -289.99999999999994,
    -269.9999999999999,
    -249.99999999999991,
    -229.99999999999991,
    -209.99999999999994,
    -189.99999999999994,
    -169.99999999999994,
    -149.99999999999997,
    -129.99999999999997,
    -109.99999999999997,
    -89.99999999999997,
    -69.99999999999997,
    -49.999999999999964,
    -29.99999999999996,
    -9.999999999999961,
    10.00000000000004,
    30.00000000000004,
    50.00000000000004,
    70.00000000000004,
    90.00000000000006,
    110.00000000000006,
    130.00000000000006,
    150.00000000000006,
    170.00000000000003,
    190.00000000000003
  ],
  "alignments": [
    0.08802499603827159,
    0.09686610269792971,
    0.21437441318174147,
    0.2389680975694245,
    0.1934414853158057,
    0.00845035844926461,
    0.18363628169881463,
    0.08099817636854417,
    0.21997145373955163,
    0.22681027051736496,
    0.14811090926559514,
    0.0330057175005323,
    0.039638697645731864,
    0.033037782110714405,
    0.07281875512391461,
    0.013379089746077398,
    0.024795679440056957,
    0.10701000323363269,
    0.038263057883844626,
    0.1542188196000113,
    0.17791198016259366,
    0.232170608371759,
    0.22913116572158818,
    0.04896282812016966,
    0.1090841233588048,
    0.11844777288855109,
    0.16592684320475778,
    0.19126624069689738
  ],
  "alignment_mean": 0.12459720391614092,
  "alignment_std": 0.07608617466766521,
  "alignment_max": 0.2389680975694245,
  "alignment_min": 0.00845035844926461,
  "peak_time_ms": -289.99999999999994,
  "n_trials": 528,
  "rt_mean_ms": 257.2561079545539,
  "rt_std_ms": 43.257501039347126,
  "null_mean": 0.10183680434442345,
  "null_std": 0.07699118346494754,
  "null_median": 0.08944847581577672,
  "D_eff": 3.636890411376953,
  "expected_cos": 0.4183838963508606,
  "manifold_dim": 81,
  "window_length_ms": 50.0,
  "step_ms": 20.0,
  "time_range_ms": [
    -350.0,
    200.0
  ],
  "pt_min_ms": 200.0,
  "winS_selected": [
    -2.0816681711721685e-17,
    0.04999999999999998
  ]
}