{
  "sid": "20230710",
  "monkey": "S",
  "orientation": "pooled",
  "area": "SFEF",
  "axes_tag": "axes_peakbin_saccCS-sacc-pooled-20mssw",
  "window_centers_ms": [
    -300.0,
    -279.99999999999994,
    -259.99999999999994,
    -239.99999999999997,
    -219.99999999999997,
    -199.99999999999997,
    -180.0,
    -160.0,
    -140.0,
    -120.00000000000001,
    -100.0,
    -80.0,
    -60.0,
    -39.99999999999999,
    -19.999999999999993,
    6.938893903907228e-15,
    20.000000000000007,
    40.00000000000001,
    60.000000000000014,
    80.00000000000001
  ],
  "alignments": [
    0.2363000946314106,
    0.11883465088607736,
    0.1398427410653229,
    0.08760533889485415,
    0.06940343999336647,
    0.009899509829622654,
    0.18081114324895106,
    0.14214357988859588,
    0.18533345160476047,
    0.05687718763073246,
    0.09351190870575733,
    0.1846921213965288,
    0.08711001653277109,
    0.16461025414848388,
    0.19664314201087632,
    0.20065032396736074,
    0.25631236409371344,
    0.21981477918718006,
    0.19182147369310493,
    0.13417753694596488
  ],
  "alignment_mean": 0.14781975291777177,
  "alignment_std": 0.06358277934123056,
  "alignment_max": 0.25631236409371344,
  "alignment_min": 0.009899509829622654,
  "peak_time_ms": 20.000000000000007,
  "n_trials": 906,
  "rt_mean_ms": 304.8342439293603,
  "rt_std_ms": 46.425962468461684,
  "window_length_ms": 50.0,
  "step_ms": 20.0,
  "time_range_ms": [
    -300.0,
    100.0
  ],
  "pt_min_ms": 200.0,
  "winS_selected": [
    -0.02000000000000002,
    0.02999999999999998
  ]
}