{
  "time": [
    -0.39000000059604645,
    -0.3799999952316284,
    -0.3700000047683716,
    -0.35999999940395355,
    -0.3499999940395355,
    -0.3400000035762787,
    -0.32999999821186066,
    -0.3199999928474426,
    -0.3100000023841858,
    -0.30000000447034836,
    -0.28999999910593033,
    -0.2800000011920929,
    -0.27000000327825546,
    -0.25999999791383743,
    -0.25,
    -0.24000000208616257,
    -0.23000000044703484,
    -0.2200000025331974,
    -0.21000000089406967,
    -0.19999999925494194,
    -0.1900000013411045,
    -0.17999999970197678,
    -0.16999999806284904,
    -0.1600000001490116,
    -0.14999999850988388,
    -0.13999999687075615,
    -0.12999999895691872,
    -0.11999999918043613,
    -0.10999999940395355,
    -0.09999999962747097,
    -0.08999999985098839,
    -0.0800000000745058,
    -0.07000000029802322,
    -0.06000000052154064,
    -0.049999999813735485,
    -0.0400000000372529,
    -0.03000000026077032,
    -0.020000000251457095,
    -0.010000000009313226,
    0.0,
    0.010000000009313226,
    0.020000000251457095,
    0.03000000026077032,
    0.0400000000372529,
    0.049999999813735485,
    0.06000000052154064,
    0.07000000029802322,
    0.0800000000745058,
    0.08999999985098839,
    0.09999999962747097,
    0.10999999940395355,
    0.11999999918043613,
    0.12999999895691872,
    0.13999999687075615,
    0.14999999850988388,
    0.1600000001490116,
    0.16999999806284904,
    0.17999999970197678,
    0.1900000013411045,
    0.19999999925494194,
    0.21000000089406967,
    0.2200000025331974,
    0.23000000044703484,
    0.24000000208616257,
    0.25,
    0.25999999791383743,
    0.27000000327825546,
    0.2800000011920929,
    0.28999999910593033
  ],
  "auc_C": null,
  "auc_S_raw": [
    0.5032963988919668,
    0.48844875346260386,
    0.4649861495844876,
    0.4913019390581717,
    0.48036011080332397,
    0.47925207756232685,
    0.52601108033241,
    0.49709141274238233,
    0.4710803324099723,
    0.4856232686980609,
    0.4399168975069252,
    0.40781163434903045,
    0.43357340720221604,
    0.43886426592797784,
    0.4321883656509695,
    0.410387811634349,
    0.43819944598337945,
    0.5038504155124653,
    0.5130747922437674,
    0.4761772853185595,
    0.4380886426592798,
    0.43872576177285316,
    0.479584487534626,
    0.44346260387811637,
    0.4605263157894737,
    0.5174792243767312,
    0.5553462603878117,
    0.5768144044321329,
    0.5746260387811635,
    0.5975346260387812,
    0.6486426592797783,
    0.7130470914127425,
    0.7471191135734072,
    0.7883102493074791,
    0.834819944598338,
    0.830831024930748,
    0.8430193905817175,
    0.8518559556786703,
    0.8485872576177286,
    0.8722437673130194,
    0.895207756232687,
    0.9169252077562327,
    0.92,
    0.9549861495844875,
    0.925623268698061,
    0.8255124653739612,
    0.8077008310249307,
    0.7824930747922438,
    0.7624930747922438,
    0.7458448753462603,
    0.7465373961218836,
    0.7306371191135734,
    0.6911357340720221,
    0.6779501385041551,
    0.7070914127423822,
    0.709529085872576,
    0.6920775623268698,
    0.6657063711911357,
    0.6625207756232687,
    0.6678393351800553,
    0.6162603878116344,
    0.6150415512465374,
    0.6676731301939057,
    0.6711080332409973,
    0.6295844875346259,
    0.6064542936288088,
    0.5890304709141274,
    0.5981994459833795,
    0.6547091412742383
  ],
  "auc_S_inv": [
    0.5032963988919668,
    0.48844875346260386,
    0.4649861495844876,
    0.4913019390581717,
    0.48036011080332397,
    0.47925207756232685,
    0.52601108033241,
    0.49709141274238233,
    0.4710803324099723,
    0.4856232686980609,
    0.4399168975069252,
    0.40781163434903045,
    0.43357340720221604,
    0.43886426592797784,
    0.4321883656509695,
    0.410387811634349,
    0.43819944598337945,
    0.5038504155124653,
    0.5130747922437674,
    0.4761772853185595,
    0.4380886426592798,
    0.43872576177285316,
    0.479584487534626,
    0.44346260387811637,
    0.4605263157894737,
    0.5174792243767312,
    0.5553462603878117,
    0.5768144044321329,
    0.5746260387811635,
    0.5975346260387812,
    0.6486426592797783,
    0.7130470914127425,
    0.7471191135734072,
    0.7883102493074791,
    0.834819944598338,
    0.830831024930748,
    0.8430193905817175,
    0.8518559556786703,
    0.8485872576177286,
    0.8722437673130194,
    0.895207756232687,
    0.9169252077562327,
    0.92,
    0.9549861495844875,
    0.925623268698061,
    0.8255124653739612,
    0.8077008310249307,
    0.7824930747922438,
    0.7624930747922438,
    0.7458448753462603,
    0.7465373961218836,
    0.7306371191135734,
    0.6911357340720221,
    0.6779501385041551,
    0.7070914127423822,
    0.709529085872576,
    0.6920775623268698,
    0.6657063711911357,
    0.6625207756232687,
    0.6678393351800553,
    0.6162603878116344,
    0.6150415512465374,
    0.6676731301939057,
    0.6711080332409973,
    0.6295844875346259,
    0.6064542936288088,
    0.5890304709141274,
    0.5981994459833795,
    0.6547091412742383
  ],
  "acc_R_macro": null,
  "auc_T": null,
  "latencies_ms": {
    "C": null,
    "S_raw": -89.99999985098839,
    "S_inv": -89.99999985098839,
    "T": null
  },
  "meta": {
    "align": "sacc",
    "orientation": "horizontal",
    "pt_min_ms": 200.0,
    "n_trials": 380,
    "n_bins": 69,
    "n_units": 84,
    "thr": 0.6,
    "k_bins": 5,
    "norm": "global",
    "baseline_win": null,
    "used_axes_mu_sd": false
  }
}