{
  "time": [
    -0.39000000059604645,
    -0.3799999952316284,
    -0.3700000047683716,
    -0.35999999940395355,
    -0.3499999940395355,
    -0.3400000035762787,
    -0.32999999821186066,
    -0.3199999928474426,
    -0.3100000023841858,
    -0.30000000447034836,
    -0.28999999910593033,
    -0.2800000011920929,
    -0.27000000327825546,
    -0.25999999791383743,
    -0.25,
    -0.24000000208616257,
    -0.23000000044703484,
    -0.2200000025331974,
    -0.21000000089406967,
    -0.19999999925494194,
    -0.1900000013411045,
    -0.17999999970197678,
    -0.16999999806284904,
    -0.1600000001490116,
    -0.14999999850988388,
    -0.13999999687075615,
    -0.12999999895691872,
    -0.11999999918043613,
    -0.10999999940395355,
    -0.09999999962747097,
    -0.08999999985098839,
    -0.0800000000745058,
    -0.07000000029802322,
    -0.06000000052154064,
    -0.049999999813735485,
    -0.0400000000372529,
    -0.03000000026077032,
    -0.020000000251457095,
    -0.010000000009313226,
    0.0,
    0.010000000009313226,
    0.020000000251457095,
    0.03000000026077032,
    0.0400000000372529,
    0.049999999813735485,
    0.06000000052154064,
    0.07000000029802322,
    0.0800000000745058,
    0.08999999985098839,
    0.09999999962747097,
    0.10999999940395355,
    0.11999999918043613,
    0.12999999895691872,
    0.13999999687075615,
    0.14999999850988388,
    0.1600000001490116,
    0.16999999806284904,
    0.17999999970197678,
    0.1900000013411045,
    0.19999999925494194,
    0.21000000089406967,
    0.2200000025331974,
    0.23000000044703484,
    0.24000000208616257,
    0.25,
    0.25999999791383743,
    0.27000000327825546,
    0.2800000011920929,
    0.28999999910593033
  ],
  "auc_C": null,
  "auc_S_raw": [
    0.5119113573407202,
    0.5126869806094182,
    0.47869806094182826,
    0.4995013850415513,
    0.49240997229916894,
    0.5088919667590028,
    0.5128254847645429,
    0.538365650969529,
    0.5642936288088642,
    0.49332409972299174,
    0.4797783933518006,
    0.5334626038781164,
    0.5464819944598337,
    0.5086149584487535,
    0.5050692520775623,
    0.4796675900277009,
    0.5157340720221606,
    0.49966759002770084,
    0.508393351800554,
    0.5542105263157895,
    0.4918282548476454,
    0.4707202216066482,
    0.46908587257617734,
    0.48094182825484755,
    0.4447368421052632,
    0.4765373961218836,
    0.48739612188365644,
    0.5068421052631579,
    0.5200831024930748,
    0.5320775623268698,
    0.5890304709141274,
    0.5993628808864265,
    0.6134072022160664,
    0.6901108033240998,
    0.7552077562326871,
    0.7513850415512464,
    0.7758448753462603,
    0.8384210526315791,
    0.863157894736842,
    0.886786703601108,
    0.8971191135734073,
    0.926759002770083,
    0.9198614958448753,
    0.9330470914127423,
    0.9573961218836565,
    0.9669252077562327,
    0.9565373961218837,
    0.9347368421052632,
    0.9412742382271468,
    0.9413019390581718,
    0.9311357340720221,
    0.908781163434903,
    0.8703324099722992,
    0.8056509695290859,
    0.7550415512465375,
    0.7274792243767313,
    0.6872022160664819,
    0.6676731301939058,
    0.6954847645429363,
    0.6525207756232688,
    0.6501108033240998,
    0.6498614958448753,
    0.6308310249307479,
    0.7052631578947367,
    0.725207756232687,
    0.6696675900277007,
    0.6946260387811634,
    0.7325484764542938,
    0.7314958448753464
  ],
  "auc_S_inv": [
    0.5119113573407202,
    0.5126869806094182,
    0.47869806094182826,
    0.4995013850415513,
    0.49240997229916894,
    0.5088919667590028,
    0.5128254847645429,
    0.538365650969529,
    0.5642936288088642,
    0.49332409972299174,
    0.4797783933518006,
    0.5334626038781164,
    0.5464819944598337,
    0.5086149584487535,
    0.5050692520775623,
    0.4796675900277009,
    0.5157340720221606,
    0.49966759002770084,
    0.508393351800554,
    0.5542105263157895,
    0.4918282548476454,
    0.4707202216066482,
    0.46908587257617734,
    0.48094182825484755,
    0.4447368421052632,
    0.4765373961218836,
    0.48739612188365644,
    0.5068421052631579,
    0.5200831024930748,
    0.5320775623268698,
    0.5890304709141274,
    0.5993628808864265,
    0.6134072022160664,
    0.6901108033240998,
    0.7552077562326871,
    0.7513850415512464,
    0.7758448753462603,
    0.8384210526315791,
    0.863157894736842,
    0.886786703601108,
    0.8971191135734073,
    0.926759002770083,
    0.9198614958448753,
    0.9330470914127423,
    0.9573961218836565,
    0.9669252077562327,
    0.9565373961218837,
    0.9347368421052632,
    0.9412742382271468,
    0.9413019390581718,
    0.9311357340720221,
    0.908781163434903,
    0.8703324099722992,
    0.8056509695290859,
    0.7550415512465375,
    0.7274792243767313,
    0.6872022160664819,
    0.6676731301939058,
    0.6954847645429363,
    0.6525207756232688,
    0.6501108033240998,
    0.6498614958448753,
    0.6308310249307479,
    0.7052631578947367,
    0.725207756232687,
    0.6696675900277007,
    0.6946260387811634,
    0.7325484764542938,
    0.7314958448753464
  ],
  "acc_R_macro": null,
  "auc_T": null,
  "latencies_ms": {
    "C": null,
    "S_raw": -70.00000029802322,
    "S_inv": -70.00000029802322,
    "T": null
  },
  "meta": {
    "align": "sacc",
    "orientation": "horizontal",
    "pt_min_ms": 200.0,
    "n_trials": 380,
    "n_bins": 69,
    "n_units": 87,
    "thr": 0.6,
    "k_bins": 5,
    "norm": "global",
    "baseline_win": null,
    "used_axes_mu_sd": false
  }
}