{
  "time": [
    -0.39000000059604645,
    -0.3799999952316284,
    -0.3700000047683716,
    -0.35999999940395355,
    -0.3499999940395355,
    -0.3400000035762787,
    -0.32999999821186066,
    -0.3199999928474426,
    -0.3100000023841858,
    -0.30000000447034836,
    -0.28999999910593033,
    -0.2800000011920929,
    -0.27000000327825546,
    -0.25999999791383743,
    -0.25,
    -0.24000000208616257,
    -0.23000000044703484,
    -0.2200000025331974,
    -0.21000000089406967,
    -0.19999999925494194,
    -0.1900000013411045,
    -0.17999999970197678,
    -0.16999999806284904,
    -0.1600000001490116,
    -0.14999999850988388,
    -0.13999999687075615,
    -0.12999999895691872,
    -0.11999999918043613,
    -0.10999999940395355,
    -0.09999999962747097,
    -0.08999999985098839,
    -0.0800000000745058,
    -0.07000000029802322,
    -0.06000000052154064,
    -0.049999999813735485,
    -0.0400000000372529,
    -0.03000000026077032,
    -0.020000000251457095,
    -0.010000000009313226,
    0.0,
    0.010000000009313226,
    0.020000000251457095,
    0.03000000026077032,
    0.0400000000372529,
    0.049999999813735485,
    0.06000000052154064,
    0.07000000029802322,
    0.0800000000745058,
    0.08999999985098839,
    0.09999999962747097,
    0.10999999940395355,
    0.11999999918043613,
    0.12999999895691872,
    0.13999999687075615,
    0.14999999850988388,
    0.1600000001490116,
    0.16999999806284904,
    0.17999999970197678,
    0.1900000013411045,
    0.19999999925494194,
    0.21000000089406967,
    0.2200000025331974,
    0.23000000044703484,
    0.24000000208616257,
    0.25,
    0.25999999791383743,
    0.27000000327825546,
    0.2800000011920929,
    0.28999999910593033
  ],
  "auc_C": null,
  "auc_S_raw": [
    0.44802831142568256,
    0.454196157735086,
    0.47082912032355917,
    0.42381193124368044,
    0.5174418604651163,
    0.5107684529828109,
    0.4710313447927199,
    0.48569261880687564,
    0.474721941354904,
    0.45849342770475227,
    0.45864509605662285,
    0.43877654196157734,
    0.48463094034378157,
    0.5229524772497471,
    0.4511627906976744,
    0.4273508594539939,
    0.4759352881698685,
    0.4753286147623863,
    0.4570778564206268,
    0.4814459049544995,
    0.5308897876643073,
    0.5335187057633974,
    0.5323559150657229,
    0.603943377148635,
    0.6555611729019211,
    0.7074317492416582,
    0.7859453993933265,
    0.8206774519716887,
    0.8874620829120323,
    0.9205763397371082,
    0.9437310414560162,
    0.9816481294236602,
    0.9966632962588473,
    0.9975227502527806,
    0.9985844287158746,
    0.9999494438827098,
    0.9998988877654196,
    1.0,
    1.0,
    0.9998988877654196,
    0.9983316481294237,
    0.9973710819009101,
    0.997118301314459,
    0.9860970677451971,
    0.9730535894843276,
    0.9645601617795754,
    0.9556117290192114,
    0.9342770475227503,
    0.9343276036400404,
    0.9019716885743175,
    0.8456521739130435,
    0.7764408493427706,
    0.785035389282103,
    0.8085945399393326,
    0.7599089989888776,
    0.6859453993933267,
    0.6390798786653186,
    0.6848837209302325,
    0.6448938321536907,
    0.5936804853387259,
    0.5920121334681496,
    0.598685540950455,
    0.5389787664307382,
    0.5208291203235591,
    0.5499494438827098,
    0.4724974721941355,
    0.4594034378159757,
    0.4452982810920121,
    0.49929221435793725
  ],
  "auc_S_inv": [
    0.44802831142568256,
    0.454196157735086,
    0.47082912032355917,
    0.42381193124368044,
    0.5174418604651163,
    0.5107684529828109,
    0.4710313447927199,
    0.48569261880687564,
    0.474721941354904,
    0.45849342770475227,
    0.45864509605662285,
    0.43877654196157734,
    0.48463094034378157,
    0.5229524772497471,
    0.4511627906976744,
    0.4273508594539939,
    0.4759352881698685,
    0.4753286147623863,
    0.4570778564206268,
    0.4814459049544995,
    0.5308897876643073,
    0.5335187057633974,
    0.5323559150657229,
    0.603943377148635,
    0.6555611729019211,
    0.7074317492416582,
    0.7859453993933265,
    0.8206774519716887,
    0.8874620829120323,
    0.9205763397371082,
    0.9437310414560162,
    0.9816481294236602,
    0.9966632962588473,
    0.9975227502527806,
    0.9985844287158746,
    0.9999494438827098,
    0.9998988877654196,
    1.0,
    1.0,
    0.9998988877654196,
    0.9983316481294237,
    0.9973710819009101,
    0.997118301314459,
    0.9860970677451971,
    0.9730535894843276,
    0.9645601617795754,
    0.9556117290192114,
    0.9342770475227503,
    0.9343276036400404,
    0.9019716885743175,
    0.8456521739130435,
    0.7764408493427706,
    0.785035389282103,
    0.8085945399393326,
    0.7599089989888776,
    0.6859453993933267,
    0.6390798786653186,
    0.6848837209302325,
    0.6448938321536907,
    0.5936804853387259,
    0.5920121334681496,
    0.598685540950455,
    0.5389787664307382,
    0.5208291203235591,
    0.5499494438827098,
    0.4724974721941355,
    0.4594034378159757,
    0.4452982810920121,
    0.49929221435793725
  ],
  "acc_R_macro": null,
  "auc_T": null,
  "latencies_ms": {
    "C": null,
    "S_raw": -160.0000001490116,
    "S_inv": -160.0000001490116,
    "T": null
  },
  "meta": {
    "align": "sacc",
    "orientation": "horizontal",
    "pt_min_ms": 200.0,
    "n_trials": 287,
    "n_bins": 69,
    "n_units": 59,
    "thr": 0.6,
    "k_bins": 5,
    "norm": "global",
    "baseline_win": null,
    "used_axes_mu_sd": false
  }
}