{
  "time": [
    -0.39000000059604645,
    -0.3799999952316284,
    -0.3700000047683716,
    -0.35999999940395355,
    -0.3499999940395355,
    -0.3400000035762787,
    -0.32999999821186066,
    -0.3199999928474426,
    -0.3100000023841858,
    -0.30000000447034836,
    -0.28999999910593033,
    -0.2800000011920929,
    -0.27000000327825546,
    -0.25999999791383743,
    -0.25,
    -0.24000000208616257,
    -0.23000000044703484,
    -0.2200000025331974,
    -0.21000000089406967,
    -0.19999999925494194,
    -0.1900000013411045,
    -0.17999999970197678,
    -0.16999999806284904,
    -0.1600000001490116,
    -0.14999999850988388,
    -0.13999999687075615,
    -0.12999999895691872,
    -0.11999999918043613,
    -0.10999999940395355,
    -0.09999999962747097,
    -0.08999999985098839,
    -0.0800000000745058,
    -0.07000000029802322,
    -0.06000000052154064,
    -0.049999999813735485,
    -0.0400000000372529,
    -0.03000000026077032,
    -0.020000000251457095,
    -0.010000000009313226,
    0.0,
    0.010000000009313226,
    0.020000000251457095,
    0.03000000026077032,
    0.0400000000372529,
    0.049999999813735485,
    0.06000000052154064,
    0.07000000029802322,
    0.0800000000745058,
    0.08999999985098839,
    0.09999999962747097,
    0.10999999940395355,
    0.11999999918043613,
    0.12999999895691872,
    0.13999999687075615,
    0.14999999850988388,
    0.1600000001490116,
    0.16999999806284904,
    0.17999999970197678,
    0.1900000013411045,
    0.19999999925494194,
    0.21000000089406967,
    0.2200000025331974,
    0.23000000044703484,
    0.24000000208616257,
    0.25,
    0.25999999791383743,
    0.27000000327825546,
    0.2800000011920929,
    0.28999999910593033
  ],
  "auc_C": null,
  "auc_S_raw": [
    0.4339370240790286,
    0.5077176373739452,
    0.5389997941963367,
    0.48152912121835767,
    0.4545173904095492,
    0.479368182753653,
    0.5360670919942375,
    0.5299444330109077,
    0.5111133978184812,
    0.5032928586128833,
    0.5057110516567195,
    0.47396583659189134,
    0.47267956369623376,
    0.4954723194072854,
    0.43738423543939087,
    0.4118131302737189,
    0.4080057625025725,
    0.41855320024696435,
    0.47787610619469023,
    0.4411401522947108,
    0.4119160321053715,
    0.42395554640872607,
    0.4008026342868903,
    0.4484461823420457,
    0.45317966659806547,
    0.41736982918295945,
    0.4923852644577074,
    0.5594772586952048,
    0.5864889895040131,
    0.6525519654249845,
    0.6776600123482197,
    0.7175859230294298,
    0.7400699732455237,
    0.8107120806750361,
    0.8227515949783906,
    0.8058242436715373,
    0.8538793990533031,
    0.8808911298621116,
    0.91917061123688,
    0.9322905947725869,
    0.9516875900391027,
    0.9627495369417576,
    0.9741716402551965,
    0.9958324758180696,
    0.9985593743568636,
    0.9956266721547643,
    0.9895554640872608,
    0.9973760032928586,
    0.9851821362420252,
    0.9437641490018522,
    0.9493208479110928,
    0.9490635933319613,
    0.9269911504424778,
    0.9283803251697881,
    0.891387116690677,
    0.8830520683268163,
    0.8257871990121424,
    0.7910578308293887,
    0.8227515949783907,
    0.8414797283391644,
    0.804898127186664,
    0.8054126363449269,
    0.806956163819716,
    0.7924984564725251,
    0.8056698909240585,
    0.7879707758798106,
    0.7955855114221033,
    0.8023255813953489,
    0.7906976744186047
  ],
  "auc_S_inv": [
    0.4339370240790286,
    0.5077176373739452,
    0.5389997941963367,
    0.48152912121835767,
    0.4545173904095492,
    0.479368182753653,
    0.5360670919942375,
    0.5299444330109077,
    0.5111133978184812,
    0.5032928586128833,
    0.5057110516567195,
    0.47396583659189134,
    0.47267956369623376,
    0.4954723194072854,
    0.43738423543939087,
    0.4118131302737189,
    0.4080057625025725,
    0.41855320024696435,
    0.47787610619469023,
    0.4411401522947108,
    0.4119160321053715,
    0.42395554640872607,
    0.4008026342868903,
    0.4484461823420457,
    0.45317966659806547,
    0.41736982918295945,
    0.4923852644577074,
    0.5594772586952048,
    0.5864889895040131,
    0.6525519654249845,
    0.6776600123482197,
    0.7175859230294298,
    0.7400699732455237,
    0.8107120806750361,
    0.8227515949783906,
    0.8058242436715373,
    0.8538793990533031,
    0.8808911298621116,
    0.91917061123688,
    0.9322905947725869,
    0.9516875900391027,
    0.9627495369417576,
    0.9741716402551965,
    0.9958324758180696,
    0.9985593743568636,
    0.9956266721547643,
    0.9895554640872608,
    0.9973760032928586,
    0.9851821362420252,
    0.9437641490018522,
    0.9493208479110928,
    0.9490635933319613,
    0.9269911504424778,
    0.9283803251697881,
    0.891387116690677,
    0.8830520683268163,
    0.8257871990121424,
    0.7910578308293887,
    0.8227515949783907,
    0.8414797283391644,
    0.804898127186664,
    0.8054126363449269,
    0.806956163819716,
    0.7924984564725251,
    0.8056698909240585,
    0.7879707758798106,
    0.7955855114221033,
    0.8023255813953489,
    0.7906976744186047
  ],
  "acc_R_macro": null,
  "auc_T": null,
  "latencies_ms": {
    "C": null,
    "S_raw": -99.99999962747097,
    "S_inv": -99.99999962747097,
    "T": null
  },
  "meta": {
    "align": "sacc",
    "orientation": "horizontal",
    "pt_min_ms": 200.0,
    "n_trials": 285,
    "n_bins": 69,
    "n_units": 92,
    "thr": 0.6,
    "k_bins": 5,
    "norm": "global",
    "baseline_win": null,
    "used_axes_mu_sd": false
  }
}