{
  "time": [
    -0.39000000059604645,
    -0.3799999952316284,
    -0.3700000047683716,
    -0.35999999940395355,
    -0.3499999940395355,
    -0.3400000035762787,
    -0.32999999821186066,
    -0.3199999928474426,
    -0.3100000023841858,
    -0.30000000447034836,
    -0.28999999910593033,
    -0.2800000011920929,
    -0.27000000327825546,
    -0.25999999791383743,
    -0.25,
    -0.24000000208616257,
    -0.23000000044703484,
    -0.2200000025331974,
    -0.21000000089406967,
    -0.19999999925494194,
    -0.1900000013411045,
    -0.17999999970197678,
    -0.16999999806284904,
    -0.1600000001490116,
    -0.14999999850988388,
    -0.13999999687075615,
    -0.12999999895691872,
    -0.11999999918043613,
    -0.10999999940395355,
    -0.09999999962747097,
    -0.08999999985098839,
    -0.0800000000745058,
    -0.07000000029802322,
    -0.06000000052154064,
    -0.049999999813735485,
    -0.0400000000372529,
    -0.03000000026077032,
    -0.020000000251457095,
    -0.010000000009313226,
    0.0,
    0.010000000009313226,
    0.020000000251457095,
    0.03000000026077032,
    0.0400000000372529,
    0.049999999813735485,
    0.06000000052154064,
    0.07000000029802322,
    0.0800000000745058,
    0.08999999985098839,
    0.09999999962747097,
    0.10999999940395355,
    0.11999999918043613,
    0.12999999895691872,
    0.13999999687075615,
    0.14999999850988388,
    0.1600000001490116,
    0.16999999806284904,
    0.17999999970197678,
    0.1900000013411045,
    0.19999999925494194,
    0.21000000089406967,
    0.2200000025331974,
    0.23000000044703484,
    0.24000000208616257,
    0.25,
    0.25999999791383743,
    0.27000000327825546,
    0.2800000011920929,
    0.28999999910593033
  ],
  "auc_C": null,
  "auc_S_raw": [
    0.44659394937229885,
    0.4819407285449681,
    0.5188310351924265,
    0.5281951018728133,
    0.512090965219181,
    0.5074603827948138,
    0.5210948754887837,
    0.5285552582835975,
    0.49886807985182136,
    0.44052274130479524,
    0.4818892776291418,
    0.5139946491047541,
    0.5321053714756122,
    0.5545379707758797,
    0.49979419633669475,
    0.4690265486725664,
    0.478339164437127,
    0.49969129450504224,
    0.49727310146120607,
    0.5239761267750566,
    0.513994649104754,
    0.5264457707347191,
    0.5635418810454825,
    0.5459456678328874,
    0.556801811072237,
    0.5558242436715374,
    0.5527886396377856,
    0.5648281539411402,
    0.5628215682239143,
    0.599763325787199,
    0.6204980448651986,
    0.6126775056596008,
    0.6492076558962749,
    0.6439596624819922,
    0.6525005145091582,
    0.6807985182136241,
    0.7311689648075737,
    0.7316320230500102,
    0.6678328874253961,
    0.6955649310557728,
    0.7068841325375591,
    0.6608355628730191,
    0.6319201481786376,
    0.6038279481374769,
    0.5399773615970365,
    0.5730088495575222,
    0.6285243877341016,
    0.6298621115455856,
    0.5896789462852439,
    0.46151471496192636,
    0.40800576250257253,
    0.3795019551348014,
    0.3696233792961514,
    0.39457707347190774,
    0.3707038485285038,
    0.3307779378472937,
    0.3458530561844001,
    0.3957089936200864,
    0.4612574603827948,
    0.4338855731632023,
    0.42112574603827946,
    0.46846058859847706,
    0.46290388968923646,
    0.4254476229676888,
    0.4332681621732867,
    0.3914385676065034,
    0.4018831035192426,
    0.43357686766824455,
    0.38845441448857787
  ],
  "auc_S_inv": [
    0.44659394937229885,
    0.4819407285449681,
    0.5188310351924265,
    0.5281951018728133,
    0.512090965219181,
    0.5074603827948138,
    0.5210948754887837,
    0.5285552582835975,
    0.49886807985182136,
    0.44052274130479524,
    0.4818892776291418,
    0.5139946491047541,
    0.5321053714756122,
    0.5545379707758797,
    0.49979419633669475,
    0.4690265486725664,
    0.478339164437127,
    0.49969129450504224,
    0.49727310146120607,
    0.5239761267750566,
    0.513994649104754,
    0.5264457707347191,
    0.5635418810454825,
    0.5459456678328874,
    0.556801811072237,
    0.5558242436715374,
    0.5527886396377856,
    0.5648281539411402,
    0.5628215682239143,
    0.599763325787199,
    0.6204980448651986,
    0.6126775056596008,
    0.6492076558962749,
    0.6439596624819922,
    0.6525005145091582,
    0.6807985182136241,
    0.7311689648075737,
    0.7316320230500102,
    0.6678328874253961,
    0.6955649310557728,
    0.7068841325375591,
    0.6608355628730191,
    0.6319201481786376,
    0.6038279481374769,
    0.5399773615970365,
    0.5730088495575222,
    0.6285243877341016,
    0.6298621115455856,
    0.5896789462852439,
    0.46151471496192636,
    0.40800576250257253,
    0.3795019551348014,
    0.3696233792961514,
    0.39457707347190774,
    0.3707038485285038,
    0.3307779378472937,
    0.3458530561844001,
    0.3957089936200864,
    0.4612574603827948,
    0.4338855731632023,
    0.42112574603827946,
    0.46846058859847706,
    0.46290388968923646,
    0.4254476229676888,
    0.4332681621732867,
    0.3914385676065034,
    0.4018831035192426,
    0.43357686766824455,
    0.38845441448857787
  ],
  "acc_R_macro": null,
  "auc_T": null,
  "latencies_ms": {
    "C": null,
    "S_raw": -89.99999985098839,
    "S_inv": -89.99999985098839,
    "T": null
  },
  "meta": {
    "align": "sacc",
    "orientation": "horizontal",
    "pt_min_ms": 200.0,
    "n_trials": 285,
    "n_bins": 69,
    "n_units": 60,
    "thr": 0.6,
    "k_bins": 5,
    "norm": "global",
    "baseline_win": null,
    "used_axes_mu_sd": false
  }
}