{
  "sid": "20231109",
  "align": "stim",
  "features": [
    "C"
  ],
  "winC": [
    0.1,
    0.3
  ],
  "winR": null,
  "winS": null,
  "winT": null,
  "pt_min_ms": 200.0,
  "orientation": "horizontal",
  "areas": [
    "SFEF",
    "SLIP",
    "SSC"
  ],
  "tag": "axes_peakbin_stimC-stim-horizontal-20mssw_nofilter",
  "norm": "global",
  "baseline_win": null,
  "clf_binary": "logreg",
  "C_grid": [
    0.1,
    0.3,
    1.0,
    3.0,
    10.0
  ],
  "lda_shrinkage": null,
  "searchC": true,
  "searchS": false,
  "searchT": false,
  "searchR": false,
  "search_step_ms": 20.0,
  "search_len_ms": [
    50.0,
    100.0,
    150.0,
    200.0,
    250.0
  ],
  "search_range_C": "0.00:0.50",
  "search_range_S": null,
  "search_range_T": null,
  "search_range_R": null,
  "search_score_mode": "peak_bin_auc",
  "search_tiebreak": "shortest_then_earliest",
  "search_tol": 0.01,
  "per_area_results": {
    "SFEF": {
      "winC_selected": [
        0.27999999999999997,
        0.32999999999999996
      ],
      "winC_cv_best": 0.7577440717795343,
      "winC_best_param": 0.1,
      "winC_peak_time_ms": 299.99999701976776,
      "winC_peak_auc": 0.7577440717795343,
      "winC_mean_bin_auc": 0.7215872676778465,
      "winC_cv_auc_original": 0.8404688172043011,
      "sC_auc": 0.7577440717795343,
      "n_trials_C": 275
    },
    "SLIP": {
      "winC_selected": [
        0.36000000000000004,
        0.4600000000000001
      ],
      "winC_cv_best": 0.7582247383037812,
      "winC_best_param": 0.1,
      "winC_peak_time_ms": 420.00000178813934,
      "winC_peak_auc": 0.7582247383037812,
      "winC_mean_bin_auc": 0.6336965035960976,
      "winC_cv_auc_original": 0.759731182795699,
      "sC_auc": 0.7582247383037812,
      "n_trials_C": 275
    },
    "SSC": {
      "winC_selected": [
        0.25999999999999995,
        0.30999999999999994
      ],
      "winC_cv_best": 0.7449262977996155,
      "winC_best_param": 0.3,
      "winC_peak_time_ms": 269.99999582767487,
      "winC_peak_auc": 0.7449262977996155,
      "winC_mean_bin_auc": 0.7033820230719932,
      "winC_cv_auc_original": 0.8041591397849462,
      "sC_auc": 0.7449262977996155,
      "n_trials_C": 275
    }
  },
  "rebin_factor": null,
  "sliding_window_ms": 20.0,
  "sliding_step_ms": 10.0,
  "sliding_window_bins": 2,
  "sliding_step_bins": 1
}