{
  "sid": "20201004",
  "align": "sacc",
  "features": [
    "C",
    "S"
  ],
  "winC": [
    -0.3,
    -0.18
  ],
  "winR": null,
  "winS": [
    -0.1,
    -0.03
  ],
  "winT": null,
  "pt_min_ms": 200.0,
  "orientation": "vertical",
  "areas": [
    "MFEF",
    "MLIP",
    "MSC"
  ],
  "tag": "axes_peakbin_saccCS-sacc-vertical-20mssw_nofilter",
  "norm": "global",
  "baseline_win": null,
  "clf_binary": "logreg",
  "C_grid": [
    0.1,
    0.3,
    1.0,
    3.0,
    10.0
  ],
  "lda_shrinkage": null,
  "searchC": true,
  "searchS": true,
  "searchT": false,
  "searchR": false,
  "search_step_ms": 20.0,
  "search_len_ms": [
    50.0,
    100.0,
    150.0,
    200.0,
    250.0
  ],
  "search_range_C": "-0.20:0.05",
  "search_range_S": "-0.20:0.05",
  "search_range_T": null,
  "search_range_R": null,
  "search_score_mode": "peak_bin_auc",
  "search_tiebreak": "shortest_then_closest0",
  "search_tol": 0.01,
  "per_area_results": {
    "MFEF": {
      "winC_selected": [
        -0.02000000000000002,
        0.02999999999999998
      ],
      "winC_cv_best": 0.9795985305694045,
      "winC_best_param": 1.0,
      "winC_peak_time_ms": 0.0,
      "winC_peak_auc": 0.9795985305694045,
      "winC_mean_bin_auc": 0.9622966413014957,
      "winC_cv_auc_original": 0.9822118226600984,
      "winS_selected": [
        -0.02000000000000002,
        0.02999999999999998
      ],
      "winS_cv_best": 0.9674037361799466,
      "winS_peak_time_ms": 10.000000009313226,
      "winS_peak_auc": 0.9674037361799466,
      "sC_auc": 0.9795985305694045,
      "n_trials_C": 251
    },
    "MLIP": {
      "winC_selected": [
        -0.02000000000000002,
        0.02999999999999998
      ],
      "winC_cv_best": 0.9038310154815009,
      "winC_best_param": 0.1,
      "winC_peak_time_ms": -10.000000009313226,
      "winC_peak_auc": 0.9038310154815009,
      "winC_mean_bin_auc": 0.886939123589609,
      "winC_cv_auc_original": 0.948392993979201,
      "winS_selected": [
        -2.0816681711721685e-17,
        0.04999999999999998
      ],
      "winS_cv_best": 0.9653069004956157,
      "winS_peak_time_ms": 49.999999813735485,
      "winS_peak_auc": 0.9653069004956157,
      "sC_auc": 0.9038310154815009,
      "n_trials_C": 251
    },
    "MSC": {
      "winC_selected": [
        -0.060000000000000026,
        0.03999999999999998
      ],
      "winC_cv_best": 0.5874442403568616,
      "winC_best_param": 0.1,
      "winC_peak_time_ms": 30.00000026077032,
      "winC_peak_auc": 0.5874442403568616,
      "winC_mean_bin_auc": 0.5364187002536516,
      "winC_cv_auc_original": 0.5648828680897646,
      "winS_selected": [
        -2.0816681711721685e-17,
        0.04999999999999998
      ],
      "winS_cv_best": 0.6591688905833016,
      "winS_peak_time_ms": 49.999999813735485,
      "winS_peak_auc": 0.6591688905833016,
      "sC_auc": 0.5874442403568616,
      "n_trials_C": 251
    }
  },
  "rebin_factor": null,
  "sliding_window_ms": 20.0,
  "sliding_step_ms": 10.0,
  "sliding_window_bins": 4,
  "sliding_step_bins": 2
}