{
  "sid": "20231130",
  "align": "sacc",
  "features": [
    "C",
    "S"
  ],
  "winC": [
    -0.3,
    -0.18
  ],
  "winR": null,
  "winS": [
    -0.1,
    -0.03
  ],
  "winT": null,
  "pt_min_ms": 200.0,
  "orientation": "pooled",
  "areas": [
    "SFEF",
    "SLIP",
    "SSC"
  ],
  "tag": "axes_peakbin_saccCS-sacc-pooled-20mssw_nofilter",
  "norm": "global",
  "baseline_win": null,
  "clf_binary": "logreg",
  "C_grid": [
    0.1,
    0.3,
    1.0,
    3.0,
    10.0
  ],
  "lda_shrinkage": null,
  "searchC": true,
  "searchS": true,
  "searchT": false,
  "searchR": false,
  "search_step_ms": 20.0,
  "search_len_ms": [
    50.0,
    100.0,
    150.0,
    200.0,
    250.0
  ],
  "search_range_C": "-0.20:0.05",
  "search_range_S": "-0.20:0.05",
  "search_range_T": null,
  "search_range_R": null,
  "search_score_mode": "peak_bin_auc",
  "search_tiebreak": "shortest_then_closest0",
  "search_tol": 0.01,
  "per_area_results": {
    "SFEF": {
      "winC_selected": [
        -2.0816681711721685e-17,
        0.04999999999999998
      ],
      "winC_cv_best": 0.7280020703933748,
      "winC_best_param": 0.3,
      "winC_peak_time_ms": 49.999999813735485,
      "winC_peak_auc": 0.7280020703933748,
      "winC_mean_bin_auc": 0.6201259489302967,
      "winC_cv_auc_original": 0.696953046953047,
      "winS_selected": [
        -0.060000000000000026,
        0.03999999999999998
      ],
      "winS_cv_best": 0.7464788732394366,
      "winS_peak_time_ms": 0.0,
      "winS_peak_auc": 0.7464788732394366,
      "sC_auc": 0.7280020703933748,
      "n_trials_C": 125
    },
    "SLIP": {
      "winC_selected": [
        -0.10000000000000003,
        0.04999999999999996
      ],
      "winC_cv_best": 0.6609730848861284,
      "winC_best_param": 0.1,
      "winC_peak_time_ms": 49.999999813735485,
      "winC_peak_auc": 0.6609730848861284,
      "winC_mean_bin_auc": 0.5623544254658386,
      "winC_cv_auc_original": 0.6191974691974692,
      "winS_selected": [
        -0.12000000000000004,
        0.029999999999999957
      ],
      "winS_cv_best": 0.715962441314554,
      "winS_peak_time_ms": -80.0000000745058,
      "winS_peak_auc": 0.715962441314554,
      "sC_auc": 0.6609730848861284,
      "n_trials_C": 125
    },
    "SSC": {
      "winC_selected": [
        -0.04000000000000002,
        0.009999999999999981
      ],
      "winC_cv_best": 0.7831262939958592,
      "winC_best_param": 1.0,
      "winC_peak_time_ms": -30.00000026077032,
      "winC_peak_auc": 0.7831262939958592,
      "winC_mean_bin_auc": 0.7021868530020703,
      "winC_cv_auc_original": 0.7668498168498169,
      "winS_selected": [
        -0.02000000000000002,
        0.02999999999999998
      ],
      "winS_cv_best": 0.9994783515910277,
      "winS_peak_time_ms": 0.0,
      "winS_peak_auc": 0.9994783515910277,
      "sC_auc": 0.7831262939958592,
      "n_trials_C": 125
    }
  },
  "rebin_factor": null,
  "sliding_window_ms": 20.0,
  "sliding_step_ms": 10.0,
  "sliding_window_bins": 4,
  "sliding_step_bins": 2
}