{
  "sid": "20230622",
  "area": "SFEF",
  "monkey": "S",
  "analysis": "cross_alignment",
  "align_C": "stim",
  "axes_tag_C": "axes_peakbin_stimC-stim-vertical-20mssw",
  "orientation_C": "vertical",
  "align_S": "sacc",
  "axes_tag_S": "axes_peakbin_saccCS-sacc-horizontal-20mssw",
  "orientation_S": "horizontal",
  "a_obs": 0.4091300942661284,
  "theta_obs_deg": 65.84979960906925,
  "null_mean": 0.15291633799863127,
  "null_std": 0.10575915901610515,
  "null_angle_mean_deg": 81.14385234602976,
  "p_orth": 0.988011988011988,
  "p_align": 0.012987012987012988,
  "n_perms_valid": 1000,
  "delta": 0.2562137562674971,
  "delta_theta_deg": -15.29405273696051,
  "z_score": 2.4226152954608926,
  "manifold_dim": 94,
  "D_eff": 7.880398391875334,
  "expected_cos": 0.28422742113948973,
  "expected_angle_deg": 73.48732662414787,
  "D_C_shape": [
    118,
    100
  ],
  "D_S_shape": [
    118,
    100
  ],
  "use_rich_cond": false,
  "win_C": [
    0.0,
    0.5
  ],
  "win_S": [
    -0.2,
    0.05
  ],
  "pt_min_ms": 200.0,
  "n_trials_C": 401,
  "n_trials_S": 465
}