{
  "sid": "20200929",
  "area": "MFEF",
  "monkey": "M",
  "analysis": "cross_alignment",
  "align_C": "stim",
  "axes_tag_C": "axes_peakbin_stimC-stim-vertical-20mssw",
  "orientation_C": "vertical",
  "align_S": "sacc",
  "axes_tag_S": "axes_peakbin_saccCS-sacc-horizontal-20mssw",
  "orientation_S": "horizontal",
  "a_obs": 0.33707812837580364,
  "theta_obs_deg": 70.30104249274748,
  "null_mean": 0.20697954244770647,
  "null_std": 0.13952644071931666,
  "null_angle_mean_deg": 77.90889060886413,
  "p_orth": 0.8121878121878122,
  "p_align": 0.1888111888111888,
  "n_perms_valid": 1000,
  "delta": 0.13009858592809717,
  "delta_theta_deg": -7.607848116116642,
  "z_score": 0.932429618768923,
  "manifold_dim": 45,
  "D_eff": 6.49222041792149,
  "expected_cos": 0.3131435230945881,
  "expected_angle_deg": 71.7512237017692,
  "D_C_shape": [
    76,
    40
  ],
  "D_S_shape": [
    76,
    28
  ],
  "use_rich_cond": false,
  "win_C": [
    0.1,
    0.3
  ],
  "win_S": [
    -0.1,
    -0.03
  ],
  "pt_min_ms": 200.0,
  "n_trials_C": 284,
  "n_trials_S": 264
}