{
  "sid": "20201004",
  "area": "MFEF",
  "monkey": "M",
  "analysis": "cross_alignment",
  "align_C": "stim",
  "axes_tag_C": "axes_peakbin_stimC-stim-vertical-20mssw",
  "orientation_C": "vertical",
  "align_S": "sacc",
  "axes_tag_S": "axes_peakbin_saccCS-sacc-horizontal-20mssw",
  "orientation_S": "horizontal",
  "a_obs": 0.4748283085775885,
  "theta_obs_deg": 61.651828193183135,
  "null_mean": 0.3302639176329951,
  "null_std": 0.18778692781740586,
  "null_angle_mean_deg": 70.28659967440022,
  "p_orth": 0.7302697302697303,
  "p_align": 0.2707292707292707,
  "n_perms_valid": 1000,
  "delta": 0.1445643909445934,
  "delta_theta_deg": -8.634771481217086,
  "z_score": 0.7698320251831384,
  "manifold_dim": 36,
  "D_eff": 2.9710800576847016,
  "expected_cos": 0.4628954205775796,
  "expected_angle_deg": 62.42589789992378,
  "D_C_shape": [
    123,
    102
  ],
  "D_S_shape": [
    123,
    52
  ],
  "use_rich_cond": false,
  "null_mode": "s_epoch",
  "win_C": [
    0.0,
    0.5
  ],
  "win_S": [
    -0.2,
    0.05
  ],
  "pt_min_ms": 200.0,
  "n_trials_C": 237,
  "n_trials_S": 291
}