{
  "sid": "20231025",
  "area": "SFEF",
  "monkey": "S",
  "analysis": "cross_alignment",
  "align_C": "stim",
  "axes_tag_C": "axes_peakbin_stimC-stim-vertical-20mssw",
  "orientation_C": "vertical",
  "align_S": "sacc",
  "axes_tag_S": "axes_peakbin_saccCS-sacc-horizontal-20mssw",
  "orientation_S": "horizontal",
  "a_obs": 0.4809673659921445,
  "theta_obs_deg": 61.25139871308886,
  "null_mean": 0.15446515588312168,
  "null_std": 0.10579110911723849,
  "null_angle_mean_deg": 81.05365207134226,
  "p_orth": 0.999000999000999,
  "p_align": 0.001998001998001998,
  "n_perms_valid": 1000,
  "delta": 0.3265022101090228,
  "delta_theta_deg": -19.802253358253395,
  "z_score": 3.086291587577465,
  "manifold_dim": 38,
  "D_eff": 4.970806102378088,
  "expected_cos": 0.35787111801569726,
  "expected_angle_deg": 69.03048847564837,
  "D_C_shape": [
    48,
    40
  ],
  "D_S_shape": [
    48,
    28
  ],
  "use_rich_cond": false,
  "win_C": [
    0.1,
    0.3
  ],
  "win_S": [
    -0.1,
    -0.03
  ],
  "pt_min_ms": 200.0,
  "n_trials_C": 365,
  "n_trials_S": 230
}