{
  "sid": "20231025",
  "area": "SFEF",
  "monkey": "S",
  "analysis": "cross_alignment",
  "align_C": "stim",
  "axes_tag_C": "axes_peakbin_stimC-stim-vertical-20mssw",
  "orientation_C": "vertical",
  "align_S": "sacc",
  "axes_tag_S": "axes_peakbin_saccCS-sacc-horizontal-20mssw",
  "orientation_S": "horizontal",
  "a_obs": 0.43996058301019647,
  "theta_obs_deg": 63.89863379414447,
  "null_mean": 0.13782764626081428,
  "null_std": 0.10301555920174375,
  "null_angle_mean_deg": 82.02265585986824,
  "p_orth": 0.989010989010989,
  "p_align": 0.011988011988011988,
  "n_perms_valid": 1000,
  "delta": 0.3021329367493822,
  "delta_theta_deg": -18.124022065723764,
  "z_score": 2.9328864405588546,
  "manifold_dim": 43,
  "D_eff": 6.537634833766441,
  "expected_cos": 0.31205398429051606,
  "expected_angle_deg": 71.81694319636067,
  "D_C_shape": [
    48,
    100
  ],
  "D_S_shape": [
    48,
    100
  ],
  "use_rich_cond": false,
  "win_C": [
    0.0,
    0.5
  ],
  "win_S": [
    -0.2,
    0.05
  ],
  "pt_min_ms": 200.0,
  "n_trials_C": 365,
  "n_trials_S": 230
}