{
  "sid": "20201204",
  "area": "MFEF",
  "monkey": "M",
  "analysis": "cross_alignment",
  "align_C": "stim",
  "axes_tag_C": "axes_peakbin_stimC-stim-vertical-20mssw",
  "orientation_C": "vertical",
  "align_S": "sacc",
  "axes_tag_S": "axes_peakbin_saccCS-sacc-horizontal-20mssw",
  "orientation_S": "horizontal",
  "a_obs": 0.8804397923455554,
  "theta_obs_deg": 28.304539108545722,
  "null_mean": 0.24046957719796883,
  "null_std": 0.15358290893198837,
  "null_angle_mean_deg": 75.88000556349614,
  "p_orth": 1.0,
  "p_align": 0.000999000999000999,
  "n_perms_valid": 1000,
  "delta": 0.6399702151475866,
  "delta_theta_deg": -47.575466454950416,
  "z_score": 4.166936409773217,
  "manifold_dim": 38,
  "D_eff": 6.652794659926267,
  "expected_cos": 0.30934136812943164,
  "expected_angle_deg": 71.98045723143164,
  "D_C_shape": [
    59,
    40
  ],
  "D_S_shape": [
    59,
    28
  ],
  "use_rich_cond": false,
  "win_C": [
    0.1,
    0.3
  ],
  "win_S": [
    -0.1,
    -0.03
  ],
  "pt_min_ms": 200.0,
  "n_trials_C": 229,
  "n_trials_S": 285
}