{
  "sid": "20230622",
  "area": "SFEF",
  "monkey": "S",
  "analysis": "cross_alignment",
  "align_C": "stim",
  "axes_tag_C": "axes_peakbin_stimC-stim-vertical-20mssw",
  "orientation_C": "vertical",
  "align_S": "sacc",
  "axes_tag_S": "axes_peakbin_saccCS-sacc-horizontal-20mssw",
  "orientation_S": "horizontal",
  "a_obs": 0.1372555636585006,
  "theta_obs_deg": 82.11093149519245,
  "null_mean": 0.15006748543504994,
  "null_std": 0.09495124048249719,
  "null_angle_mean_deg": 81.32482467468213,
  "p_orth": 0.4855144855144855,
  "p_align": 0.5154845154845155,
  "n_perms_valid": 1000,
  "delta": -0.012811921776549329,
  "delta_theta_deg": 0.7861068205103123,
  "z_score": -0.13493158921826842,
  "manifold_dim": 56,
  "D_eff": 6.329137236033679,
  "expected_cos": 0.3171522560978879,
  "expected_angle_deg": 71.5092074679775,
  "D_C_shape": [
    118,
    40
  ],
  "D_S_shape": [
    118,
    28
  ],
  "use_rich_cond": false,
  "win_C": [
    0.1,
    0.3
  ],
  "win_S": [
    -0.1,
    -0.03
  ],
  "pt_min_ms": 200.0,
  "n_trials_C": 401,
  "n_trials_S": 465
}