{
  "sid": "20200402",
  "area": "MFEF",
  "monkey": "M",
  "analysis": "cross_alignment",
  "align_C": "stim",
  "axes_tag_C": "axes_peakbin_stimC-stim-vertical-20mssw",
  "orientation_C": "vertical",
  "align_S": "sacc",
  "axes_tag_S": "axes_peakbin_saccCS-sacc-horizontal-20mssw",
  "orientation_S": "horizontal",
  "a_obs": 0.6163438797308398,
  "theta_obs_deg": 51.95036599083824,
  "null_mean": 0.18213311214513397,
  "null_std": 0.12724990275981998,
  "null_angle_mean_deg": 79.39867311891236,
  "p_orth": 1.0,
  "p_align": 0.000999000999000999,
  "n_perms_valid": 1000,
  "delta": 0.43421076758570587,
  "delta_theta_deg": -27.448307128074113,
  "z_score": 3.4122679716719664,
  "manifold_dim": 66,
  "D_eff": 8.142314615369148,
  "expected_cos": 0.2796186417741166,
  "expected_angle_deg": 73.76255461639602,
  "D_C_shape": [
    80,
    100
  ],
  "D_S_shape": [
    80,
    100
  ],
  "use_rich_cond": false,
  "win_C": [
    0.0,
    0.5
  ],
  "win_S": [
    -0.2,
    0.05
  ],
  "pt_min_ms": 200.0,
  "n_trials_C": 217,
  "n_trials_S": 237
}