{
  "sid": "20200327",
  "area": "MFEF",
  "monkey": "M",
  "analysis": "cross_alignment",
  "align_C": "stim",
  "axes_tag_C": "axes_peakbin_stimC-stim-vertical-20mssw",
  "orientation_C": "vertical",
  "align_S": "sacc",
  "axes_tag_S": "axes_peakbin_saccCS-sacc-horizontal-20mssw",
  "orientation_S": "horizontal",
  "a_obs": 0.13150992720633575,
  "theta_obs_deg": 82.4431460526237,
  "null_mean": 0.1334924452611761,
  "null_std": 0.09221636714639989,
  "null_angle_mean_deg": 82.28828906866013,
  "p_orth": 0.5414585414585414,
  "p_align": 0.4595404595404595,
  "n_perms_valid": 1000,
  "delta": -0.001982518054840343,
  "delta_theta_deg": 0.15485698396356895,
  "z_score": -0.02149854864368012,
  "manifold_dim": 34,
  "D_eff": 4.786311560323173,
  "expected_cos": 0.3647032041602425,
  "expected_angle_deg": 68.6106814738353,
  "D_C_shape": [
    41,
    40
  ],
  "D_S_shape": [
    41,
    28
  ],
  "use_rich_cond": false,
  "win_C": [
    0.1,
    0.3
  ],
  "win_S": [
    -0.1,
    -0.03
  ],
  "pt_min_ms": 200.0,
  "n_trials_C": 261,
  "n_trials_S": 284
}