{
  "sid": "20200926",
  "area": "MFEF",
  "monkey": "M",
  "analysis": "cross_alignment",
  "align_C": "stim",
  "axes_tag_C": "axes_peakbin_stimC-stim-vertical-20mssw",
  "orientation_C": "vertical",
  "align_S": "sacc",
  "axes_tag_S": "axes_peakbin_saccCS-sacc-horizontal-20mssw",
  "orientation_S": "horizontal",
  "a_obs": 0.02318277701092367,
  "theta_obs_deg": 88.67160571279824,
  "null_mean": 0.14357413943835867,
  "null_std": 0.10780574859886861,
  "null_angle_mean_deg": 81.68286978822482,
  "p_orth": 0.10989010989010989,
  "p_align": 0.8911088911088911,
  "n_perms_valid": 1000,
  "delta": -0.120391362427435,
  "delta_theta_deg": 6.988735924573419,
  "z_score": -1.1167434389365993,
  "manifold_dim": 67,
  "D_eff": 11.576404649143276,
  "expected_cos": 0.23450559668067084,
  "expected_angle_deg": 76.43751880849958,
  "D_C_shape": [
    82,
    100
  ],
  "D_S_shape": [
    82,
    100
  ],
  "use_rich_cond": false,
  "win_C": [
    0.0,
    0.5
  ],
  "win_S": [
    -0.2,
    0.05
  ],
  "pt_min_ms": 200.0,
  "n_trials_C": 279,
  "n_trials_S": 290
}