{
  "sid": "20231103",
  "area": "SFEF",
  "monkey": "S",
  "analysis": "cross_alignment",
  "align_C": "stim",
  "axes_tag_C": "axes_peakbin_stimC-stim-vertical-20mssw",
  "orientation_C": "vertical",
  "align_S": "sacc",
  "axes_tag_S": "axes_peakbin_saccCS-sacc-horizontal-20mssw",
  "orientation_S": "horizontal",
  "a_obs": 0.19282744041671684,
  "theta_obs_deg": 78.88216342573091,
  "null_mean": 0.18502676063990123,
  "null_std": 0.12468896863307916,
  "null_angle_mean_deg": 79.23313337548484,
  "p_orth": 0.5694305694305695,
  "p_align": 0.43156843156843155,
  "n_perms_valid": 1000,
  "delta": 0.007800679776815617,
  "delta_theta_deg": -0.3509699497539316,
  "z_score": 0.06256110594490993,
  "manifold_dim": 51,
  "D_eff": 12.32981774238423,
  "expected_cos": 0.2272279409056005,
  "expected_angle_deg": 76.86607622431752,
  "D_C_shape": [
    72,
    40
  ],
  "D_S_shape": [
    72,
    28
  ],
  "use_rich_cond": false,
  "win_C": [
    0.1,
    0.3
  ],
  "win_S": [
    -0.1,
    -0.03
  ],
  "pt_min_ms": 200.0,
  "n_trials_C": 62,
  "n_trials_S": 50
}