{
  "sid": "20201001",
  "area": "MFEF",
  "monkey": "M",
  "analysis": "cross_alignment",
  "align_C": "stim",
  "axes_tag_C": "axes_peakbin_stimC-stim-vertical-20mssw",
  "orientation_C": "vertical",
  "align_S": "sacc",
  "axes_tag_S": "axes_peakbin_saccCS-sacc-horizontal-20mssw",
  "orientation_S": "horizontal",
  "a_obs": 0.6060932189154993,
  "theta_obs_deg": 52.69244982030618,
  "null_mean": 0.2014015264015752,
  "null_std": 0.13609955341238522,
  "null_angle_mean_deg": 78.24692615040215,
  "p_orth": 1.0,
  "p_align": 0.000999000999000999,
  "n_perms_valid": 1000,
  "delta": 0.4046916925139241,
  "delta_theta_deg": -25.554476330095966,
  "z_score": 2.9734975785533817,
  "manifold_dim": 56,
  "D_eff": 7.068844905531418,
  "expected_cos": 0.3000998891010872,
  "expected_angle_deg": 72.53639720863563,
  "D_C_shape": [
    139,
    40
  ],
  "D_S_shape": [
    139,
    28
  ],
  "use_rich_cond": false,
  "win_C": [
    0.1,
    0.3
  ],
  "win_S": [
    -0.1,
    -0.03
  ],
  "pt_min_ms": 200.0,
  "n_trials_C": 292,
  "n_trials_S": 256
}