{
  "sid": "20200401",
  "area": "MFEF",
  "monkey": "M",
  "analysis": "cross_alignment",
  "align_C": "stim",
  "axes_tag_C": "axes_peakbin_stimC-stim-vertical-20mssw",
  "orientation_C": "vertical",
  "align_S": "sacc",
  "axes_tag_S": "axes_peakbin_saccCS-sacc-horizontal-20mssw",
  "orientation_S": "horizontal",
  "a_obs": 0.7788555898335201,
  "theta_obs_deg": 38.84408661556483,
  "null_mean": 0.20007651026189788,
  "null_std": 0.1304747290211729,
  "null_angle_mean_deg": 78.33694629169881,
  "p_orth": 1.0,
  "p_align": 0.000999000999000999,
  "n_perms_valid": 1000,
  "delta": 0.5787790795716222,
  "delta_theta_deg": -39.49285967613398,
  "z_score": 4.435947741862719,
  "manifold_dim": 46,
  "D_eff": 6.2354761044694405,
  "expected_cos": 0.31952530042449234,
  "expected_angle_deg": 71.36578049688698,
  "D_C_shape": [
    71,
    40
  ],
  "D_S_shape": [
    71,
    28
  ],
  "use_rich_cond": false,
  "win_C": [
    0.1,
    0.3
  ],
  "win_S": [
    -0.1,
    -0.03
  ],
  "pt_min_ms": 200.0,
  "n_trials_C": 253,
  "n_trials_S": 250
}