{
  "sid": "20230627",
  "area": "SFEF",
  "monkey": "S",
  "analysis": "cross_alignment",
  "align_C": "stim",
  "axes_tag_C": "axes_peakbin_stimC-stim-vertical-20mssw",
  "orientation_C": "vertical",
  "align_S": "sacc",
  "axes_tag_S": "axes_peakbin_saccCS-sacc-horizontal-20mssw",
  "orientation_S": "horizontal",
  "a_obs": 0.3539804859470304,
  "theta_obs_deg": 69.26902634264988,
  "null_mean": 0.2271958732987589,
  "null_std": 0.1328956748092961,
  "null_angle_mean_deg": 76.73357372924907,
  "p_orth": 0.8021978021978022,
  "p_align": 0.19880119880119881,
  "n_perms_valid": 1000,
  "delta": 0.1267846126482715,
  "delta_theta_deg": -7.464547386599193,
  "z_score": 0.954016094430508,
  "manifold_dim": 47,
  "D_eff": 4.451814327456663,
  "expected_cos": 0.37815647416307374,
  "expected_angle_deg": 67.78046291597975,
  "D_C_shape": [
    68,
    100
  ],
  "D_S_shape": [
    68,
    100
  ],
  "use_rich_cond": false,
  "win_C": [
    0.0,
    0.5
  ],
  "win_S": [
    -0.2,
    0.05
  ],
  "pt_min_ms": 200.0,
  "n_trials_C": 435,
  "n_trials_S": 432
}