{
  "sid": "20230622",
  "area": "SFEF",
  "monkey": "S",
  "analysis": "cross_alignment",
  "align_C": "stim",
  "axes_tag_C": "axes_peakbin_stimC-stim-vertical-20mssw",
  "orientation_C": "vertical",
  "align_S": "sacc",
  "axes_tag_S": "axes_peakbin_saccCS-sacc-horizontal-20mssw",
  "orientation_S": "horizontal",
  "a_obs": 0.6772011843513933,
  "theta_obs_deg": 47.37468103667717,
  "null_mean": 0.16468793052434486,
  "null_std": 0.11283558285912569,
  "null_angle_mean_deg": 80.4477373688393,
  "p_orth": 1.0,
  "p_align": 0.000999000999000999,
  "n_perms_valid": 1000,
  "delta": 0.5125132538270485,
  "delta_theta_deg": -33.07305633216213,
  "z_score": 4.542124397646061,
  "manifold_dim": 50,
  "D_eff": 6.020930739753112,
  "expected_cos": 0.3251683338950873,
  "expected_angle_deg": 71.02422624426384,
  "D_C_shape": [
    118,
    102
  ],
  "D_S_shape": [
    118,
    52
  ],
  "use_rich_cond": false,
  "null_mode": "s_epoch",
  "win_C": [
    0.0,
    0.5
  ],
  "win_S": [
    -0.2,
    0.05
  ],
  "pt_min_ms": 200.0,
  "n_trials_C": 401,
  "n_trials_S": 465
}