{
  "sid": "20231205",
  "align": "stim",
  "features": [
    "C"
  ],
  "winC": [
    0.1,
    0.3
  ],
  "winR": null,
  "winS": null,
  "winT": null,
  "pt_min_ms": 200.0,
  "orientation": "pooled",
  "areas": [
    "SFEF",
    "SLIP",
    "SSC"
  ],
  "tag": "axes_peakbin_stimC-stim-pooled-20mssw",
  "norm": "global",
  "baseline_win": null,
  "clf_binary": "logreg",
  "C_grid": [
    0.1,
    0.3,
    1.0,
    3.0,
    10.0
  ],
  "lda_shrinkage": null,
  "searchC": true,
  "searchS": false,
  "searchT": false,
  "searchR": false,
  "search_step_ms": 20.0,
  "search_len_ms": [
    50.0,
    100.0,
    150.0,
    200.0,
    250.0
  ],
  "search_range_C": "0.00:0.50",
  "search_range_S": null,
  "search_range_T": null,
  "search_range_R": null,
  "search_score_mode": "peak_bin_auc",
  "search_tiebreak": "shortest_then_earliest",
  "search_tol": 0.01,
  "per_area_results": {
    "SFEF": {
      "winC_selected": [
        0.27999999999999997,
        0.32999999999999996
      ],
      "winC_cv_best": 0.9798534798534798,
      "winC_best_param": 0.1,
      "winC_peak_time_ms": 319.9999928474426,
      "winC_peak_auc": 0.9798534798534798,
      "winC_mean_bin_auc": 0.9500915750915752,
      "winC_cv_auc_original": 0.9938927738927739,
      "sC_auc": 0.9798534798534798,
      "n_trials_C": 115
    },
    "SLIP": {
      "winC_selected": [
        0.19999999999999998,
        0.4
      ],
      "winC_cv_best": 0.8025030525030524,
      "winC_best_param": 0.3,
      "winC_peak_time_ms": 359.99999940395355,
      "winC_peak_auc": 0.8025030525030524,
      "winC_mean_bin_auc": 0.6497333076280445,
      "winC_cv_auc_original": 0.8086247086247086,
      "sC_auc": 0.8025030525030524,
      "n_trials_C": 115
    },
    "SSC": {
      "winC_selected": [
        0.25999999999999995,
        0.4099999999999999
      ],
      "winC_cv_best": 0.8751526251526252,
      "winC_best_param": 3.0,
      "winC_peak_time_ms": 349.9999940395355,
      "winC_peak_auc": 0.8751526251526252,
      "winC_mean_bin_auc": 0.691880341880342,
      "winC_cv_auc_original": 0.9052447552447553,
      "sC_auc": 0.8751526251526252,
      "n_trials_C": 115
    }
  },
  "rebin_factor": null,
  "sliding_window_ms": 20.0,
  "sliding_step_ms": 10.0,
  "sliding_window_bins": 2,
  "sliding_step_bins": 1
}