{
  "sid": "20200327",
  "area": "MFEF",
  "analysis": "axis_projections",
  "timestamp": "2026-02-03T21:56:15.493996",
  "cos_CS": 0.21463007825652028,
  "angle_CS_deg": 77.60617427880456,
  "n_neurons": 41,
  "var_explained_top10": [
    0.2950582504272461,
    0.0998370423913002,
    0.06783747673034668,
    0.05073477327823639,
    0.042638570070266724,
    0.038549985736608505,
    0.03469711169600487,
    0.031400080770254135,
    0.027860743924975395,
    0.02606625109910965
  ],
  "cumvar_top10": [
    0.2950582504272461,
    0.3948952853679657,
    0.4627327620983124,
    0.51346755027771,
    0.5561060905456543,
    0.5946560502052307,
    0.6293531656265259,
    0.6607532501220703,
    0.688614010810852,
    0.7146802544593811
  ],
  "proj_C_top10": [
    -0.021262819320064727,
    -0.02855070333403644,
    0.024662642483581233,
    -0.007229131793108304,
    0.11253898158304614,
    0.1191165333477419,
    0.07761306389538668,
    0.16792857889862653,
    0.037322960966273376,
    -0.12436038006174026
  ],
  "proj_S_top10": [
    0.1411194552367461,
    0.22531071611839854,
    -0.08874784817275551,
    0.1775252804039097,
    0.03799020845980974,
    0.045104168403748444,
    0.019738790934656893,
    0.23509873143691162,
    -0.23787309699136341,
    -0.005416331894270097
  ],
  "proj_C_sq_top10": [
    0.00045210748543771784,
    0.0008151426608681596,
    0.0006082459342729459,
    5.2260346482129274e-05,
    0.012665022375749197,
    0.014188748516783709,
    0.006023787687229375,
    0.028200007610912237,
    0.0013930034152899661,
    0.015465504129100483
  ],
  "proj_S_sq_top10": [
    0.019914700646315987,
    0.05076491879778557,
    0.007876180555294463,
    0.03151522518248676,
    0.0014432559388197997,
    0.0020343860073936994,
    0.00038961986756209314,
    0.0552714135232451,
    0.05658361027226259,
    2.93366511888875e-05
  ],
  "shared_pcs": [],
  "n_shared_pcs": 0,
  "overlap_metric": 0.045033027357474976,
  "eff_shared_dim": 22.20592437772255,
  "top_joint_pcs": [
    37,
    31,
    36
  ],
  "top_joint_scores": [
    0.029545735740537152,
    0.006047742911576755,
    0.002799300645327989
  ]
}