{
  "sid": "20201001",
  "area": "MFEF",
  "analysis": "axis_projections",
  "timestamp": "2026-02-03T21:56:15.703491",
  "cos_CS": 0.4768131753095875,
  "angle_CS_deg": 61.52252851697429,
  "n_neurons": 139,
  "var_explained_top10": [
    0.21697072684764862,
    0.10118917375802994,
    0.07747043669223785,
    0.045362409204244614,
    0.04378579556941986,
    0.028768502175807953,
    0.02607814408838749,
    0.02304799109697342,
    0.019375136122107506,
    0.01802418753504753
  ],
  "cumvar_top10": [
    0.21697072684764862,
    0.31815990805625916,
    0.3956303596496582,
    0.4409927725791931,
    0.48477858304977417,
    0.5135470628738403,
    0.5396252274513245,
    0.5626732110977173,
    0.5820483565330505,
    0.6000725626945496
  ],
  "proj_C_top10": [
    0.15143167046517567,
    0.6897639214534684,
    0.2360348657293894,
    0.14807415413922362,
    0.29846456856521286,
    0.1382138330872222,
    -0.011196609323945486,
    -0.006839940124241101,
    -0.18611949339484507,
    -0.09075845376216171
  ],
  "proj_S_top10": [
    0.23616977933728536,
    0.49873689182950426,
    0.2687400961756756,
    0.16268346391258232,
    -0.15505632717888929,
    0.42859189877319803,
    -0.18017552847057494,
    0.23466822850230656,
    0.14724479241422953,
    -0.09454875755617209
  ],
  "proj_C_sq_top10": [
    0.022931550819873556,
    0.4757742673388666,
    0.05571245783989088,
    0.021925955124046555,
    0.08908109868881865,
    0.01910306365666252,
    0.000125364060353063,
    4.6784780903203366e-05,
    0.03464046582155378,
    0.008237096929298445
  ],
  "proj_S_sq_top10": [
    0.05577616467222206,
    0.24873848727175463,
    0.07222123929251138,
    0.02646590943059647,
    0.02404246459820676,
    0.18369101569401522,
    0.03246322105965096,
    0.055069177468410765,
    0.021681028893109546,
    0.008939467555415808
  ],
  "shared_pcs": [
    {
      "pc": 1,
      "var_explained": 0.10118917375802994,
      "proj_C_sq": 0.4757742673388666,
      "proj_S_sq": 0.24873848727175463,
      "product": 0.11834337154069705
    }
  ],
  "n_shared_pcs": 1,
  "overlap_metric": 0.13130973872376386,
  "eff_shared_dim": 7.615581370576776,
  "top_joint_pcs": [
    1,
    2,
    5
  ],
  "top_joint_scores": [
    0.11834337154069705,
    0.004023622749228711,
    0.0035090611659597667
  ]
}