{
  "sid": "20230627",
  "area": "SFEF",
  "analysis": "axis_projections",
  "timestamp": "2026-02-03T21:56:15.996211",
  "cos_CS": 0.058349956635920394,
  "angle_CS_deg": 86.6548937253735,
  "n_neurons": 68,
  "var_explained_top10": [
    0.27289414405822754,
    0.2226523756980896,
    0.05599300190806389,
    0.04406008869409561,
    0.03790028393268585,
    0.031460952013731,
    0.0272358488291502,
    0.02328546531498432,
    0.021972285583615303,
    0.017553580924868584
  ],
  "cumvar_top10": [
    0.27289414405822754,
    0.49554651975631714,
    0.5515395402908325,
    0.5955996513366699,
    0.6334999203681946,
    0.6649608612060547,
    0.6921967267990112,
    0.7154821753501892,
    0.7374544739723206,
    0.7550080418586731
  ],
  "proj_C_top10": [
    -0.02095722818734469,
    0.48913977323965013,
    0.14353046560529042,
    -0.08557926028743149,
    -0.02693297925919679,
    -0.0877868740032325,
    0.21531952072289318,
    0.09344828383151112,
    0.06345067272684657,
    0.11189268786398718
  ],
  "proj_S_top10": [
    -0.004733824960220821,
    0.2654540747146341,
    -0.07630906133028206,
    -0.24399715730931698,
    0.09912711503327389,
    -0.011281099700995459,
    -0.24538044484863736,
    0.22973856510620258,
    -0.16282753486615076,
    0.00812083168623113
  ],
  "proj_C_sq_top10": [
    0.0004392054132964348,
    0.23925771776493635,
    0.020600994556871456,
    0.0073238097913439475,
    0.0007253853717763244,
    0.007706535247259418,
    0.04636249600433642,
    0.008732581751054663,
    0.004025987869489391,
    0.012519973597427663
  ],
  "proj_S_sq_top10": [
    2.2409098754009654e-05,
    0.07046586578260255,
    0.005823072841108749,
    0.05953461277502758,
    0.009826184934819914,
    0.00012726321046379983,
    0.06021156271411516,
    0.052779808297056884,
    0.026512806110587542,
    6.594790727609553e-05
  ],
  "shared_pcs": [],
  "n_shared_pcs": 0,
  "overlap_metric": 0.02673248356897597,
  "eff_shared_dim": 37.40767285687354,
  "top_joint_pcs": [
    1,
    6,
    34
  ],
  "top_joint_scores": [
    0.016859502227475807,
    0.002791558335748016,
    0.0014211894567634049
  ]
}