{
  "sid": "20200929",
  "align": "stim",
  "features": [
    "C"
  ],
  "winC": [
    0.1,
    0.3
  ],
  "winR": null,
  "winS": null,
  "winT": null,
  "pt_min_ms": 200.0,
  "orientation": "pooled",
  "areas": [
    "MFEF",
    "MLIP",
    "MSC"
  ],
  "tag": "axes_peakbin_stimC-stim-pooled-20mssw",
  "norm": "global",
  "baseline_win": null,
  "clf_binary": "logreg",
  "C_grid": [
    0.1,
    0.3,
    1.0,
    3.0,
    10.0
  ],
  "lda_shrinkage": null,
  "searchC": true,
  "searchS": false,
  "searchT": false,
  "searchR": false,
  "search_step_ms": 20.0,
  "search_len_ms": [
    50.0,
    100.0,
    150.0,
    200.0,
    250.0
  ],
  "search_range_C": "0.00:0.50",
  "search_range_S": null,
  "search_range_T": null,
  "search_range_R": null,
  "search_score_mode": "peak_bin_auc",
  "search_tiebreak": "shortest_then_earliest",
  "search_tol": 0.01,
  "per_area_results": {
    "MFEF": {
      "winC_selected": [
        0.25999999999999995,
        0.30999999999999994
      ],
      "winC_cv_best": 0.9122663629664367,
      "winC_best_param": 0.3,
      "winC_peak_time_ms": 289.99999165534973,
      "winC_peak_auc": 0.9122663629664367,
      "winC_mean_bin_auc": 0.9044248676894219,
      "winC_cv_auc_original": 0.966679960119641,
      "sC_auc": 0.9122663629664367,
      "n_trials_C": 548
    },
    "MLIP": {
      "winC_selected": [
        0.38000000000000006,
        0.43000000000000005
      ],
      "winC_cv_best": 0.8466269176659743,
      "winC_best_param": 0.3,
      "winC_peak_time_ms": 420.00000178813934,
      "winC_peak_auc": 0.8466269176659743,
      "winC_mean_bin_auc": 0.799554498559657,
      "winC_cv_auc_original": 0.8830893984712528,
      "sC_auc": 0.8466269176659743,
      "n_trials_C": 548
    },
    "MSC": {
      "winC_selected": [
        0.34,
        0.39
      ],
      "winC_cv_best": 0.5934347156159978,
      "winC_best_param": 0.1,
      "winC_peak_time_ms": 340.0000035762787,
      "winC_peak_auc": 0.5934347156159978,
      "winC_mean_bin_auc": 0.5265250887653246,
      "winC_cv_auc_original": 0.5368361581920904,
      "sC_auc": 0.5934347156159978,
      "n_trials_C": 548
    }
  },
  "rebin_factor": null,
  "sliding_window_ms": 20.0,
  "sliding_step_ms": 10.0,
  "sliding_window_bins": 2,
  "sliding_step_bins": 1,
  "correct_mode": "correctonly"
}