{
  "time": [
    -0.24000000208616257,
    -0.2199999988079071,
    -0.19999999552965164,
    -0.17999999970197678,
    -0.1600000038743019,
    -0.14000000059604645,
    -0.12000000104308128,
    -0.09999999776482582,
    -0.08000000193715096,
    -0.05999999865889549,
    -0.04000000096857548,
    -0.02000000001862645,
    0.0,
    0.02000000001862645,
    0.04000000096857548,
    0.05999999865889549,
    0.08000000193715096,
    0.09999999776482582,
    0.12000000104308128,
    0.14000000059604645,
    0.1600000038743019,
    0.17999999970197678,
    0.19999999552965164,
    0.2199999988079071,
    0.24000000208616257,
    0.25999999046325684,
    0.2800000011920929,
    0.29999999701976776,
    0.3199999928474426,
    0.3400000035762787,
    0.35999999940395355,
    0.3799999952316284,
    0.4000000059604645,
    0.42000000178813934,
    0.4399999976158142,
    0.46000000834465027,
    0.48000000417232513,
    0.5,
    0.5199999809265137,
    0.5400000214576721,
    0.5600000023841858,
    0.5799999833106995,
    0.6000000238418579,
    0.6200000047683716,
    0.6399999856948853,
    0.6599999964237213,
    0.6800000071525574,
    0.699999988079071,
    0.7199999988079071,
    0.7400000095367432,
    0.7599999904632568,
    0.7800000011920929
  ],
  "auc_C": [
    0.5076863109810305,
    0.5060792975641779,
    0.4947071132568349,
    0.4839708959612676,
    0.49153411655292206,
    0.5011078135043834,
    0.48877142114692895,
    0.47640767536961304,
    0.5112696089828631,
    0.5147093015304238,
    0.5182994378872219,
    0.47858911060355325,
    0.5340139775975491,
    0.5078982999849557,
    0.49423526676422724,
    0.5395803985393275,
    0.5186687090553497,
    0.5246385929400824,
    0.5147845234350426,
    0.528262921071707,
    0.530752082279087,
    0.5104011379022662,
    0.5929332439788284,
    0.5435398060642532,
    0.6166554973535565,
    0.5074264534923478,
    0.4817005621127782,
    0.5444151154998154,
    0.5874146915218075,
    0.5579071898464105,
    0.5887686858049428,
    0.6045242556450621,
    0.5900748116033208,
    0.6470314701095504,
    0.6844099183500417,
    0.5769998769096106,
    0.5082812478630141,
    0.5617435069819604,
    0.48328706046473463,
    0.5004444930727464,
    0.4694257149500116,
    0.5062570947932765,
    0.46192403955304506,
    0.4562550432867869,
    0.4514476797461603,
    0.5142716468126427,
    0.4924641328282068,
    0.5236470314701095,
    0.5065921741865778,
    0.47615465623589587,
    0.5182037009177072,
    0.5052586949683384
  ],
  "auc_S_raw": null,
  "auc_S_inv": null,
  "acc_R_macro": [
    0.40153452685422,
    0.38226404256192126,
    0.4141307767003569,
    0.3573040469384685,
    0.38819289631686205,
    0.39411491171683743,
    0.3548285624410192,
    0.3975751193292941,
    0.3731211619732757,
    0.39856668079926694,
    0.36669310830586593,
    0.3993052231355225,
    0.42401219962525816,
    0.38917761943186946,
    0.3797953964194373,
    0.40845494207913347,
    0.39436793085055455,
    0.3948671307630236,
    0.40869428450292,
    0.40993886510660993,
    0.4158677188615507,
    0.365947727614645,
    0.38225720420695597,
    0.3787969965944992,
    0.3879398771831448,
    0.3447146354472968,
    0.4035108114392002,
    0.4390907723238098,
    0.4390907723238098,
    0.44403490296374304,
    0.4534239643311405,
    0.41462997661282597,
    0.40327146901541366,
    0.4472489297974479,
    0.43810604920880236,
    0.38547123104066083,
    0.3703926583421092,
    0.3985598424443016,
    0.4017738692780065,
    0.42178973426152605,
    0.3748444274245387,
    0.3867021349344202,
    0.3941217500718027,
    0.40375015386298674,
    0.3923984846205397,
    0.41363841514285327,
    0.3790431773732511,
    0.40128150772050275,
    0.411662130557873,
    0.4052340768904632,
    0.43859841076630607,
    0.3923916462655743
  ],
  "auc_T": null,
  "latencies_ms": {
    "C": null,
    "S_raw": null,
    "S_inv": null,
    "T": null
  },
  "meta": {
    "align": "stim",
    "orientation": "vertical",
    "pt_min_ms": 200.0,
    "n_trials": 542,
    "n_bins": 52,
    "n_units": 35,
    "thr": 0.6,
    "k_bins": 5,
    "norm": "global",
    "baseline_win": null,
    "used_axes_mu_sd": false
  }
}