{
  "sid": "20200328",
  "align": "stim",
  "features": [
    "C",
    "R"
  ],
  "winC": [
    0.1,
    0.3
  ],
  "winR": [
    0.05,
    0.2
  ],
  "winS": null,
  "winT": null,
  "pt_min_ms": 200.0,
  "orientation": "vertical",
  "areas": [
    "MFEF",
    "MLIP"
  ],
  "tag": "axes_peakbin_stimCR-stim-vertical",
  "norm": "global",
  "baseline_win": null,
  "clf_binary": "logreg",
  "C_grid": [
    0.1,
    0.3,
    1.0,
    3.0,
    10.0
  ],
  "lda_shrinkage": null,
  "searchC": true,
  "searchS": false,
  "searchT": false,
  "searchR": true,
  "search_step_ms": 20.0,
  "search_len_ms": [
    50.0,
    100.0,
    150.0,
    200.0,
    250.0
  ],
  "search_range_C": "0.00:0.50",
  "search_range_S": null,
  "search_range_T": null,
  "search_range_R": "0.00:0.50",
  "search_score_mode": "peak_bin_auc",
  "search_tiebreak": "shortest_then_earliest",
  "search_tol": 0.01,
  "per_area_results": {
    "MFEF": {
      "winC_selected": [
        0.21999999999999997,
        0.26999999999999996
      ],
      "winC_cv_best": 0.9099125364431485,
      "winC_best_param": 0.1,
      "winC_peak_time_ms": 254.99999523162842,
      "winC_peak_auc": 0.9099125364431485,
      "winC_mean_bin_auc": 0.8850145772594752,
      "winC_cv_auc_original": 0.9657635467980296,
      "winR_selected": [
        0.1,
        0.35
      ],
      "winR_cv_best": 0.6390722495894909,
      "sC_auc": 0.9099125364431485,
      "n_trials_C": 287
    },
    "MLIP": {
      "winC_selected": [
        0.38000000000000006,
        0.43000000000000005
      ],
      "winC_cv_best": 0.8860544217687075,
      "winC_best_param": 0.1,
      "winC_peak_time_ms": 425.00001192092896,
      "winC_peak_auc": 0.8860544217687075,
      "winC_mean_bin_auc": 0.8279300291545189,
      "winC_cv_auc_original": 0.9484400656814449,
      "winR_selected": [
        0.1,
        0.25
      ],
      "winR_cv_best": 0.8823070607553367,
      "sC_auc": 0.8860544217687075,
      "n_trials_C": 287
    }
  }
}