{
  "sid": "20201216",
  "align": "stim",
  "features": [
    "C",
    "R"
  ],
  "winC": [
    0.1,
    0.3
  ],
  "winR": [
    0.05,
    0.2
  ],
  "winS": null,
  "winT": null,
  "pt_min_ms": 200.0,
  "orientation": "vertical",
  "areas": [
    "MFEF",
    "MLIP",
    "MSC"
  ],
  "tag": "axes_peakbin_stimCR-stim-vertical-20mssw_nofilter",
  "norm": "global",
  "baseline_win": null,
  "clf_binary": "logreg",
  "C_grid": [
    0.1,
    0.3,
    1.0,
    3.0,
    10.0
  ],
  "lda_shrinkage": null,
  "searchC": true,
  "searchS": false,
  "searchT": false,
  "searchR": true,
  "search_step_ms": 20.0,
  "search_len_ms": [
    50.0,
    100.0,
    150.0,
    200.0,
    250.0
  ],
  "search_range_C": "0.00:0.50",
  "search_range_S": null,
  "search_range_T": null,
  "search_range_R": "0.00:0.50",
  "search_score_mode": "peak_bin_auc",
  "search_tiebreak": "shortest_then_earliest",
  "search_tol": 0.01,
  "per_area_results": {
    "MFEF": {
      "winC_selected": [
        0.21999999999999997,
        0.26999999999999996
      ],
      "winC_cv_best": 0.9575294260405292,
      "winC_best_param": 1.0,
      "winC_peak_time_ms": 230.00000044703484,
      "winC_peak_auc": 0.9575294260405292,
      "winC_mean_bin_auc": 0.9355782065283339,
      "winC_cv_auc_original": 0.9914719848053182,
      "winR_selected": [
        0.16,
        0.41000000000000003
      ],
      "winR_cv_best": 0.6206438746438746,
      "sC_auc": 0.9575294260405292,
      "n_trials_C": 257
    },
    "MLIP": {
      "winC_selected": [
        0.4400000000000001,
        0.4900000000000001
      ],
      "winC_cv_best": 0.9773692513044534,
      "winC_best_param": 3.0,
      "winC_peak_time_ms": 469.9999988079071,
      "winC_peak_auc": 0.9773692513044534,
      "winC_mean_bin_auc": 0.9639606843829633,
      "winC_cv_auc_original": 0.9972345679012345,
      "winR_selected": [
        0.1,
        0.25
      ],
      "winR_cv_best": 0.8127948717948718,
      "sC_auc": 0.9773692513044534,
      "n_trials_C": 257
    },
    "MSC": {
      "winC_selected": [
        0.32,
        0.37
      ],
      "winC_cv_best": 0.688448003883024,
      "winC_best_param": 10.0,
      "winC_peak_time_ms": 340.0000035762787,
      "winC_peak_auc": 0.688448003883024,
      "winC_mean_bin_auc": 0.6386209197912875,
      "winC_cv_auc_original": 0.7335042735042736,
      "winR_selected": [
        0.08,
        0.22999999999999998
      ],
      "winR_cv_best": 0.5858888888888889,
      "sC_auc": 0.688448003883024,
      "n_trials_C": 257
    }
  },
  "rebin_factor": null,
  "sliding_window_ms": 20.0,
  "sliding_step_ms": 10.0,
  "sliding_window_bins": 4,
  "sliding_step_bins": 2
}