{
  "sid": "20230707",
  "area": "SFEF",
  "monkey": "S",
  "analysis": "axis_covariance",
  "axes_tag": "axes_peakbin_saccCS-sacc-horizontal-20mssw_nofilter",
  "a_obs": 0.056979933353997834,
  "theta_obs_deg": 86.73352112005009,
  "null_mean": 0.28998083762845167,
  "null_std": 0.14024956110342116,
  "null_angle_mean_deg": 72.96248768244344,
  "p_orth": 0.07992007992007992,
  "p_align": 0.9210789210789211,
  "n_perms_valid": 1000,
  "delta": -0.23300090427445383,
  "delta_theta_deg": 13.771033437606647,
  "z_score": -1.6613307196208413,
  "manifold_dim": 20,
  "D_eff": 1.9537365883818116,
  "expected_cos": 0.7154297491454832,
  "expected_angle_deg": 44.32157026057094,
  "win_C": [
    -0.3,
    -0.1
  ],
  "win_S": [
    -0.1,
    -0.03
  ],
  "n_trials": 464,
  "n_valid_C": 464,
  "n_valid_S": 464,
  "use_rich_cond": false
}