{
  "sid": "20200327",
  "area": "MFEF",
  "monkey": "M",
  "analysis": "axis_covariance",
  "axes_tag": "axes_peakbin_saccCS-sacc-horizontal-20mssw_nofilter",
  "a_obs": 0.2372658130771938,
  "theta_obs_deg": 76.27477756921677,
  "null_mean": 0.20123751653086122,
  "null_std": 0.13656092258039107,
  "null_angle_mean_deg": 78.25225763886576,
  "p_orth": 0.6403596403596403,
  "p_align": 0.36063936063936064,
  "n_perms_valid": 1000,
  "delta": 0.03602829654633258,
  "delta_theta_deg": -1.9774800696489905,
  "z_score": 0.2638258138972614,
  "manifold_dim": 35,
  "D_eff": 20.258728956940026,
  "expected_cos": 0.2221743421896964,
  "expected_angle_deg": 77.1632252541921,
  "win_C": [
    -0.2,
    0.05
  ],
  "win_S": [
    -0.2,
    0.05
  ],
  "n_trials": 291,
  "n_valid_C": 291,
  "n_valid_S": 291,
  "use_rich_cond": false
}