{
  "sid": "20200929",
  "area": "MFEF",
  "monkey": "M",
  "analysis": "axis_covariance",
  "axes_tag": "axes_peakbin_saccCS-sacc-horizontal-20mssw_nofilter",
  "a_obs": 0.03413643355731783,
  "theta_obs_deg": 88.04374636823275,
  "null_mean": 0.17219544169355572,
  "null_std": 0.131703315840817,
  "null_angle_mean_deg": 79.96105965224031,
  "p_orth": 0.13786213786213786,
  "p_align": 0.8631368631368631,
  "n_perms_valid": 1000,
  "delta": -0.1380590081362379,
  "delta_theta_deg": 8.082686715992438,
  "z_score": -1.0482576482971977,
  "manifold_dim": 29,
  "D_eff": 3.4454641782280455,
  "expected_cos": 0.5387361650912378,
  "expected_angle_deg": 57.40235449385118,
  "win_C": [
    -0.2,
    0.05
  ],
  "win_S": [
    -0.2,
    0.05
  ],
  "n_trials": 268,
  "n_valid_C": 268,
  "n_valid_S": 268,
  "use_rich_cond": false
}