{
  "sid": "20201001",
  "area": "MFEF",
  "monkey": "M",
  "analysis": "axis_covariance",
  "axes_tag": "axes_peakbin_saccCS-sacc-horizontal-20mssw_nofilter",
  "a_obs": 0.02567505337303994,
  "theta_obs_deg": 88.52876613113835,
  "null_mean": 0.1681475184439235,
  "null_std": 0.10289614668199398,
  "null_angle_mean_deg": 80.26058544759161,
  "p_orth": 0.09090909090909091,
  "p_align": 0.9100899100899101,
  "n_perms_valid": 1000,
  "delta": -0.14247246507088357,
  "delta_theta_deg": 8.268180683546746,
  "z_score": -1.3846239112452121,
  "manifold_dim": 35,
  "D_eff": 2.9803733137831183,
  "expected_cos": 0.5792481653983732,
  "expected_angle_deg": 54.60232004282488,
  "win_C": [
    -0.3,
    -0.1
  ],
  "win_S": [
    -0.1,
    -0.03
  ],
  "n_trials": 260,
  "n_valid_C": 260,
  "n_valid_S": 260,
  "use_rich_cond": false
}