{
  "sid": "20200926",
  "area": "MFEF",
  "monkey": "M",
  "analysis": "axis_covariance",
  "axes_tag": "axes_peakbin_saccCS-sacc-horizontal-20mssw_nofilter",
  "a_obs": 0.09915351000294818,
  "theta_obs_deg": 84.30957208466236,
  "null_mean": 0.21168246673158012,
  "null_std": 0.152034710404926,
  "null_angle_mean_deg": 77.58490811434648,
  "p_orth": 0.28471528471528473,
  "p_align": 0.7162837162837162,
  "n_perms_valid": 1000,
  "delta": -0.11252895672863193,
  "delta_theta_deg": 6.724663970315888,
  "z_score": -0.7401530639215526,
  "manifold_dim": 38,
  "D_eff": 5.267398173650551,
  "expected_cos": 0.4357144123809999,
  "expected_angle_deg": 64.16923823884721,
  "win_C": [
    -0.2,
    0.05
  ],
  "win_S": [
    -0.2,
    0.05
  ],
  "n_trials": 295,
  "n_valid_C": 295,
  "n_valid_S": 295,
  "use_rich_cond": false
}