{
  "sid": "20230710",
  "area": "SFEF",
  "monkey": "S",
  "analysis": "axis_covariance",
  "axes_tag": "axes_peakbin_saccCS-sacc-horizontal-20mssw_nofilter",
  "a_obs": 0.21852930638537205,
  "theta_obs_deg": 77.37733323785051,
  "null_mean": 0.23758012641632534,
  "null_std": 0.15054643299387957,
  "null_angle_mean_deg": 76.06289038070037,
  "p_orth": 0.5034965034965035,
  "p_align": 0.4975024975024975,
  "n_perms_valid": 1000,
  "delta": -0.01905082003095329,
  "delta_theta_deg": 1.3144428571501408,
  "z_score": -0.12654447968041727,
  "manifold_dim": 43,
  "D_eff": 6.632240548879872,
  "expected_cos": 0.3883022126121099,
  "expected_angle_deg": 67.15110071319855,
  "win_C": [
    -0.2,
    0.05
  ],
  "win_S": [
    -0.2,
    0.05
  ],
  "n_trials": 570,
  "n_valid_C": 570,
  "n_valid_S": 570,
  "use_rich_cond": false
}