{
  "sid": "20201001",
  "area": "MFEF",
  "monkey": "M",
  "analysis": "axis_covariance",
  "axes_tag": "axes_peakbin_saccCS-sacc-horizontal-20mssw_nofilter",
  "a_obs": 0.029448524726371297,
  "theta_obs_deg": 88.31247985303295,
  "null_mean": 0.1952889359429257,
  "null_std": 0.14947255353166258,
  "null_angle_mean_deg": 78.55991654323441,
  "p_orth": 0.0979020979020979,
  "p_align": 0.903096903096903,
  "n_perms_valid": 1000,
  "delta": -0.1658404112165544,
  "delta_theta_deg": 9.752563309798546,
  "z_score": -1.1095041015769136,
  "manifold_dim": 42,
  "D_eff": 5.089607504790526,
  "expected_cos": 0.44325929760081273,
  "expected_angle_deg": 63.68797719294929,
  "win_C": [
    -0.2,
    0.05
  ],
  "win_S": [
    -0.2,
    0.05
  ],
  "n_trials": 260,
  "n_valid_C": 260,
  "n_valid_S": 260,
  "use_rich_cond": false
}