{
  "sid": "20201216",
  "area": "MFEF",
  "monkey": "M",
  "analysis": "axis_covariance",
  "axes_tag": "axes_peakbin_saccCS-sacc-horizontal-20mssw_nofilter",
  "a_obs": 0.03683877019188468,
  "theta_obs_deg": 87.88881624900094,
  "null_mean": 0.26651256744469237,
  "null_std": 0.1650496848237168,
  "null_angle_mean_deg": 74.26715796991894,
  "p_orth": 0.06993006993006994,
  "p_align": 0.9310689310689311,
  "n_perms_valid": 1000,
  "delta": -0.22967379725280768,
  "delta_theta_deg": 13.621658279081998,
  "z_score": -1.3915433858484092,
  "manifold_dim": 36,
  "D_eff": 3.5320566616962186,
  "expected_cos": 0.5320913134755483,
  "expected_angle_deg": 57.85313434714716,
  "win_C": [
    -0.2,
    0.05
  ],
  "win_S": [
    -0.2,
    0.05
  ],
  "n_trials": 252,
  "n_valid_C": 252,
  "n_valid_S": 252,
  "use_rich_cond": false
}