{
  "sid": "20231103",
  "area": "SFEF",
  "monkey": "S",
  "analysis": "axis_covariance",
  "axes_tag": "axes_peakbin_saccCS-sacc-horizontal-20mssw_nofilter",
  "a_obs": 0.013424677325993749,
  "theta_obs_deg": 89.23079954224652,
  "null_mean": 0.13770486234761203,
  "null_std": 0.09863063491741529,
  "null_angle_mean_deg": 82.03688288941477,
  "p_orth": 0.060939060939060936,
  "p_align": 0.9400599400599401,
  "n_perms_valid": 1000,
  "delta": -0.12428018502161828,
  "delta_theta_deg": 7.193916652831746,
  "z_score": -1.2600566256688877,
  "manifold_dim": 39,
  "D_eff": 13.255845866009894,
  "expected_cos": 0.2746605448150222,
  "expected_angle_deg": 74.05821412220368,
  "win_C": [
    -0.3,
    -0.1
  ],
  "win_S": [
    -0.1,
    -0.03
  ],
  "n_trials": 64,
  "n_valid_C": 64,
  "n_valid_S": 64,
  "use_rich_cond": false
}