{
  "sid": "20231103",
  "area": "SFEF",
  "monkey": "S",
  "analysis": "axis_covariance",
  "axes_tag": "axes_peakbin_saccCS-sacc-horizontal-20mssw_nofilter",
  "a_obs": 0.09357422084109772,
  "theta_obs_deg": 84.63073688178201,
  "null_mean": 0.22693559677747,
  "null_std": 0.153726174990672,
  "null_angle_mean_deg": 76.68134833222426,
  "p_orth": 0.24575424575424576,
  "p_align": 0.7552447552447552,
  "n_perms_valid": 1000,
  "delta": -0.13336137593637226,
  "delta_theta_deg": 7.949388549557753,
  "z_score": -0.867525494239771,
  "manifold_dim": 48,
  "D_eff": 12.32110402411119,
  "expected_cos": 0.28488867666362205,
  "expected_angle_deg": 73.44780562751292,
  "win_C": [
    -0.2,
    0.05
  ],
  "win_S": [
    -0.2,
    0.05
  ],
  "n_trials": 64,
  "n_valid_C": 64,
  "n_valid_S": 64,
  "use_rich_cond": false
}