{
  "sid": "20201204",
  "area": "MFEF",
  "monkey": "M",
  "analysis": "axis_covariance",
  "axes_tag": "axes_peakbin_saccCS-sacc-horizontal-20mssw_nofilter",
  "a_obs": 0.06241504483974397,
  "theta_obs_deg": 86.42155539558603,
  "null_mean": 0.2612014279091676,
  "null_std": 0.17758649248972858,
  "null_angle_mean_deg": 74.52759894732569,
  "p_orth": 0.15284715284715283,
  "p_align": 0.8481518481518482,
  "n_perms_valid": 1000,
  "delta": -0.19878638306942364,
  "delta_theta_deg": 11.89395644826034,
  "z_score": -1.1193778326407413,
  "manifold_dim": 27,
  "D_eff": 4.2704594122415855,
  "expected_cos": 0.48390788720451633,
  "expected_angle_deg": 61.05905509728052,
  "win_C": [
    -0.2,
    0.05
  ],
  "win_S": [
    -0.2,
    0.05
  ],
  "n_trials": 287,
  "n_valid_C": 287,
  "n_valid_S": 287,
  "use_rich_cond": false
}