{
  "sid": "20231123",
  "area": "SFEF",
  "monkey": "S",
  "analysis": "axis_covariance",
  "axes_tag": "axes_peakbin_saccCS-sacc-horizontal-20mssw_nofilter",
  "a_obs": 0.0928154085999133,
  "theta_obs_deg": 84.67440366424137,
  "null_mean": 0.2270376225334882,
  "null_std": 0.1566291561471074,
  "null_angle_mean_deg": 76.6616266926408,
  "p_orth": 0.24775224775224775,
  "p_align": 0.7532467532467533,
  "n_perms_valid": 1000,
  "delta": -0.1342222139335749,
  "delta_theta_deg": 8.012776971600573,
  "z_score": -0.856942712552906,
  "manifold_dim": 51,
  "D_eff": 9.413481586018284,
  "expected_cos": 0.32593039374661775,
  "expected_angle_deg": 70.97804786428571,
  "win_C": [
    -0.2,
    0.05
  ],
  "win_S": [
    -0.2,
    0.05
  ],
  "n_trials": 303,
  "n_valid_C": 303,
  "n_valid_S": 303,
  "use_rich_cond": false
}