{
  "sid": "20201211",
  "area": "MFEF",
  "monkey": "M",
  "analysis": "axis_covariance",
  "axes_tag": "axes_peakbin_saccCS-sacc-horizontal-20mssw_nofilter",
  "a_obs": 0.026094852749447225,
  "theta_obs_deg": 88.50470533636349,
  "null_mean": 0.2064883357451225,
  "null_std": 0.14628225501272077,
  "null_angle_mean_deg": 77.91804276286022,
  "p_orth": 0.0899100899100899,
  "p_align": 0.9110889110889111,
  "n_perms_valid": 1000,
  "delta": -0.18039348299567526,
  "delta_theta_deg": 10.586662573503261,
  "z_score": -1.2331877368173478,
  "manifold_dim": 30,
  "D_eff": 4.265177235353281,
  "expected_cos": 0.4842074405424897,
  "expected_angle_deg": 61.0394408869112,
  "win_C": [
    -0.2,
    0.05
  ],
  "win_S": [
    -0.2,
    0.05
  ],
  "n_trials": 306,
  "n_valid_C": 306,
  "n_valid_S": 306,
  "use_rich_cond": false
}