{
  "sid": "20200328",
  "area": "MFEF",
  "monkey": "M",
  "analysis": "axis_covariance",
  "axes_tag": "axes_peakbin_saccCS-sacc-horizontal-20mssw_nofilter",
  "a_obs": 0.009885794828088386,
  "theta_obs_deg": 89.43357645296739,
  "null_mean": 0.23618279337178166,
  "null_std": 0.17195237793238688,
  "null_angle_mean_deg": 76.0434363617507,
  "p_orth": 0.03196803196803197,
  "p_align": 0.9690309690309691,
  "n_perms_valid": 1000,
  "delta": -0.22629699854369328,
  "delta_theta_deg": 13.390140091216693,
  "z_score": -1.3160446006316653,
  "manifold_dim": 30,
  "D_eff": 3.097299552176271,
  "expected_cos": 0.5682093752276016,
  "expected_angle_deg": 55.374545800650566,
  "win_C": [
    -0.2,
    0.05
  ],
  "win_S": [
    -0.2,
    0.05
  ],
  "n_trials": 255,
  "n_valid_C": 255,
  "n_valid_S": 255,
  "use_rich_cond": false
}