{
  "sid": "20230705",
  "area": "SFEF",
  "monkey": "S",
  "analysis": "axis_covariance",
  "axes_tag": "axes_peakbin_saccCS-sacc-horizontal-20mssw_nofilter",
  "a_obs": 0.18351829735576353,
  "theta_obs_deg": 79.42524184520148,
  "null_mean": 0.21201051150687492,
  "null_std": 0.14291320545772082,
  "null_angle_mean_deg": 77.59540084826598,
  "p_orth": 0.47352647352647353,
  "p_align": 0.5274725274725275,
  "n_perms_valid": 1000,
  "delta": -0.02849221415111139,
  "delta_theta_deg": 1.829840996935502,
  "z_score": -0.19936725972842637,
  "manifold_dim": 40,
  "D_eff": 5.049303413722923,
  "expected_cos": 0.44502485344015563,
  "expected_angle_deg": 63.575071107427654,
  "win_C": [
    -0.2,
    0.05
  ],
  "win_S": [
    -0.2,
    0.05
  ],
  "n_trials": 442,
  "n_valid_C": 442,
  "n_valid_S": 442,
  "use_rich_cond": false
}