{
  "time": [
    -0.39000000059604645,
    -0.3799999952316284,
    -0.3700000047683716,
    -0.35999999940395355,
    -0.3499999940395355,
    -0.3400000035762787,
    -0.32999999821186066,
    -0.3199999928474426,
    -0.3100000023841858,
    -0.30000000447034836,
    -0.28999999910593033,
    -0.2800000011920929,
    -0.27000000327825546,
    -0.25999999791383743,
    -0.25,
    -0.24000000208616257,
    -0.23000000044703484,
    -0.2200000025331974,
    -0.21000000089406967,
    -0.19999999925494194,
    -0.1900000013411045,
    -0.17999999970197678,
    -0.16999999806284904,
    -0.1600000001490116,
    -0.14999999850988388,
    -0.13999999687075615,
    -0.12999999895691872,
    -0.11999999918043613,
    -0.10999999940395355,
    -0.09999999962747097,
    -0.08999999985098839,
    -0.0800000000745058,
    -0.07000000029802322,
    -0.06000000052154064,
    -0.049999999813735485,
    -0.0400000000372529,
    -0.03000000026077032,
    -0.020000000251457095,
    -0.010000000009313226,
    0.0,
    0.010000000009313226,
    0.020000000251457095,
    0.03000000026077032,
    0.0400000000372529,
    0.049999999813735485,
    0.06000000052154064,
    0.07000000029802322,
    0.0800000000745058,
    0.08999999985098839,
    0.09999999962747097,
    0.10999999940395355,
    0.11999999918043613,
    0.12999999895691872,
    0.13999999687075615,
    0.14999999850988388,
    0.1600000001490116,
    0.16999999806284904,
    0.17999999970197678,
    0.1900000013411045,
    0.19999999925494194,
    0.21000000089406967,
    0.2200000025331974,
    0.23000000044703484,
    0.24000000208616257,
    0.25,
    0.25999999791383743,
    0.27000000327825546,
    0.2800000011920929,
    0.28999999910593033
  ],
  "auc_C": [
    0.44056603773584907,
    0.47231989708404803,
    0.5067109777015437,
    0.4914987135506003,
    0.45415951972555746,
    0.49048027444253867,
    0.542356346483705,
    0.5295883361921098,
    0.485430960548885,
    0.5152873070325901,
    0.5509648370497426,
    0.5504609777015438,
    0.6618246140651802,
    0.7231132075471698,
    0.6789451114922813,
    0.6232204116638078,
    0.6526801029159519,
    0.6558962264150944,
    0.621816037735849,
    0.5538057461406518,
    0.5289022298456261,
    0.528741423670669,
    0.5124892795883362,
    0.501447255574614,
    0.47185891938250435,
    0.47064751286449397,
    0.49664451114922814,
    0.517131217838765,
    0.52477487135506,
    0.4925064322469983,
    0.5000428816466552,
    0.5563679245283019,
    0.5777015437392796,
    0.5462478559176672,
    0.5316466552315608,
    0.5351951114922814,
    0.4899764150943396,
    0.5195754716981131,
    0.5441573756432247,
    0.49382504288164664,
    0.5055210120068611,
    0.538786449399657,
    0.5446719554030875,
    0.5242924528301887,
    0.5504931389365352,
    0.5850986277873069,
    0.6160162950257289,
    0.6193181818181819,
    0.5805960548885076,
    0.5351629502572899,
    0.5372105488850772,
    0.6239922813036022,
    0.6045454545454545,
    0.543246140651801,
    0.5283018867924528,
    0.4980381646655232,
    0.5081689536878217,
    0.5698327615780446,
    0.5913807890222985,
    0.559155231560892,
    0.5267581475128644,
    0.5462478559176672,
    0.5521333619210977,
    0.4987671526586621,
    0.46150300171526587,
    0.4882397084048028,
    0.5068181818181818,
    0.5352594339622642,
    0.5561856775300171
  ],
  "auc_S_raw": [
    0.44146289146289147,
    0.47048477048477044,
    0.49228871728871726,
    0.46570141570141566,
    0.4914092664092663,
    0.49899184899184895,
    0.5371085371085371,
    0.5269412269412269,
    0.4894144144144144,
    0.44490561990561994,
    0.4716108966108966,
    0.5423101673101672,
    0.5323573573573573,
    0.5146932646932647,
    0.5014586014586014,
    0.4767052767052767,
    0.4954740454740455,
    0.4952595452595452,
    0.5159373659373659,
    0.5262441012441013,
    0.5120334620334621,
    0.4813599313599313,
    0.48611111111111116,
    0.48241098241098235,
    0.44963534963534957,
    0.47700557700557694,
    0.5254290004290005,
    0.49570999570999574,
    0.5105212355212355,
    0.5378163878163877,
    0.5202702702702702,
    0.5267267267267267,
    0.5213427713427713,
    0.5586658086658087,
    0.5876876876876876,
    0.629869154869155,
    0.6827005577005577,
    0.6786143286143287,
    0.7078292578292579,
    0.7241956241956242,
    0.734009009009009,
    0.7832046332046332,
    0.8180072930072929,
    0.8500643500643501,
    0.856081081081081,
    0.8045259545259547,
    0.7335049335049335,
    0.7567138567138566,
    0.8137494637494638,
    0.7853281853281854,
    0.8010939510939512,
    0.8509223509223509,
    0.833955383955384,
    0.7962891462891463,
    0.7711926211926212,
    0.7207957957957958,
    0.7009223509223509,
    0.6965036465036465,
    0.7281638781638782,
    0.7058236808236807,
    0.7112076362076363,
    0.7305555555555555,
    0.7275418275418275,
    0.7154440154440155,
    0.6966752466752466,
    0.6873981123981124,
    0.6745280995280996,
    0.6612505362505363,
    0.6218790218790219
  ],
  "auc_S_inv": [
    0.44109824109824103,
    0.4705920205920206,
    0.4922672672672673,
    0.4659802659802659,
    0.4916452166452166,
    0.4991205491205491,
    0.5364650364650364,
    0.526962676962677,
    0.48945731445731444,
    0.44501287001287,
    0.4717181467181467,
    0.5422458172458172,
    0.532979407979408,
    0.5154225654225654,
    0.5016945516945517,
    0.4764907764907764,
    0.4953024453024453,
    0.4954096954096954,
    0.5158086658086658,
    0.5260296010296011,
    0.5116902616902617,
    0.48127413127413127,
    0.4858108108108108,
    0.48213213213213213,
    0.4498498498498498,
    0.47734877734877734,
    0.5254075504075504,
    0.49558129558129566,
    0.5103067353067353,
    0.5379021879021879,
    0.5205491205491205,
    0.5268983268983268,
    0.5214929214929215,
    0.5586872586872587,
    0.5876662376662376,
    0.6298048048048048,
    0.6822930072930072,
    0.6781638781638781,
    0.7077863577863577,
    0.7241741741741742,
    0.7336443586443586,
    0.7831617331617333,
    0.8181145431145431,
    0.8498712998712998,
    0.8558236808236809,
    0.8048906048906049,
    0.7336121836121836,
    0.7566280566280567,
    0.8135778635778635,
    0.7851565851565852,
    0.8008794508794509,
    0.8504075504075503,
    0.8335478335478335,
    0.7959673959673959,
    0.7712569712569713,
    0.7205169455169455,
    0.7003432003432004,
    0.6960746460746461,
    0.7278421278421278,
    0.70503003003003,
    0.7110574860574861,
    0.7303196053196053,
    0.7277134277134276,
    0.7154869154869155,
    0.6963320463320463,
    0.6868404118404119,
    0.6743779493779494,
    0.6609502359502359,
    0.6216859716859717
  ],
  "acc_R_macro": null,
  "auc_T": null,
  "latencies_ms": {
    "C": -270.00000327825546,
    "S_raw": -40.0000000372529,
    "S_inv": -40.0000000372529,
    "T": null
  },
  "meta": {
    "align": "sacc",
    "orientation": "horizontal",
    "pt_min_ms": 200.0,
    "n_trials": 432,
    "n_bins": 69,
    "n_units": 54,
    "thr": 0.6,
    "k_bins": 5,
    "norm": "global",
    "baseline_win": null,
    "used_axes_mu_sd": false
  }
}