{
  "time": [
    -0.39000000059604645,
    -0.3799999952316284,
    -0.3700000047683716,
    -0.35999999940395355,
    -0.3499999940395355,
    -0.3400000035762787,
    -0.32999999821186066,
    -0.3199999928474426,
    -0.3100000023841858,
    -0.30000000447034836,
    -0.28999999910593033,
    -0.2800000011920929,
    -0.27000000327825546,
    -0.25999999791383743,
    -0.25,
    -0.24000000208616257,
    -0.23000000044703484,
    -0.2200000025331974,
    -0.21000000089406967,
    -0.19999999925494194,
    -0.1900000013411045,
    -0.17999999970197678,
    -0.16999999806284904,
    -0.1600000001490116,
    -0.14999999850988388,
    -0.13999999687075615,
    -0.12999999895691872,
    -0.11999999918043613,
    -0.10999999940395355,
    -0.09999999962747097,
    -0.08999999985098839,
    -0.0800000000745058,
    -0.07000000029802322,
    -0.06000000052154064,
    -0.049999999813735485,
    -0.0400000000372529,
    -0.03000000026077032,
    -0.020000000251457095,
    -0.010000000009313226,
    0.0,
    0.010000000009313226,
    0.020000000251457095,
    0.03000000026077032,
    0.0400000000372529,
    0.049999999813735485,
    0.06000000052154064,
    0.07000000029802322,
    0.0800000000745058,
    0.08999999985098839,
    0.09999999962747097,
    0.10999999940395355,
    0.11999999918043613,
    0.12999999895691872,
    0.13999999687075615,
    0.14999999850988388,
    0.1600000001490116,
    0.16999999806284904,
    0.17999999970197678,
    0.1900000013411045,
    0.19999999925494194,
    0.21000000089406967,
    0.2200000025331974,
    0.23000000044703484,
    0.24000000208616257,
    0.25,
    0.25999999791383743,
    0.27000000327825546,
    0.2800000011920929,
    0.28999999910593033
  ],
  "auc_C": [
    0.46857142857142864,
    0.5154870129870129,
    0.5532142857142857,
    0.5174025974025974,
    0.5018831168831169,
    0.5249025974025974,
    0.4973701298701299,
    0.4432467532467533,
    0.4776623376623377,
    0.5147077922077923,
    0.5426623376623377,
    0.5626948051948051,
    0.5158116883116883,
    0.49762987012987014,
    0.4174675324675325,
    0.4824350649350649,
    0.5966558441558442,
    0.5222077922077922,
    0.4500974025974026,
    0.46058441558441554,
    0.48542207792207803,
    0.4802922077922078,
    0.43110389610389616,
    0.4888636363636364,
    0.5467207792207792,
    0.5101298701298702,
    0.5049999999999999,
    0.5335064935064935,
    0.5743831168831169,
    0.6221753246753245,
    0.6054220779220778,
    0.5610714285714287,
    0.5791883116883116,
    0.6291883116883116,
    0.5642532467532468,
    0.6157792207792208,
    0.6021753246753248,
    0.5428246753246754,
    0.5703246753246753,
    0.5779870129870129,
    0.558603896103896,
    0.5195129870129871,
    0.5522727272727274,
    0.5980519480519481,
    0.537077922077922,
    0.5393831168831167,
    0.6341883116883117,
    0.6571103896103896,
    0.650551948051948,
    0.6502272727272727,
    0.6315909090909091,
    0.6628246753246753,
    0.6947727272727273,
    0.6333116883116884,
    0.6228571428571429,
    0.6011363636363635,
    0.6211363636363636,
    0.6331818181818182,
    0.6532142857142859,
    0.6613961038961039,
    0.6115584415584415,
    0.5602272727272728,
    0.5687012987012987,
    0.6106818181818181,
    0.590487012987013,
    0.5805194805194804,
    0.581948051948052,
    0.5987337662337661,
    0.5848051948051948
  ],
  "auc_S_raw": [
    0.4517161885245901,
    0.4920594262295082,
    0.5543352971311475,
    0.5221887807377049,
    0.4767546106557377,
    0.4882492315573771,
    0.45747950819672134,
    0.45565445696721313,
    0.4559106045081967,
    0.5069480020491803,
    0.4828381147540984,
    0.44476818647540983,
    0.49327612704918034,
    0.4801805840163934,
    0.5406634221311475,
    0.506563780737705,
    0.5167456454918034,
    0.5592661372950819,
    0.5103419569672132,
    0.4663486168032787,
    0.508452868852459,
    0.5098616803278688,
    0.4845671106557377,
    0.5072681864754098,
    0.5010886270491803,
    0.4737448770491803,
    0.43961321721311475,
    0.5256147540983607,
    0.6215099897540983,
    0.5513255635245902,
    0.5468109631147541,
    0.6008580942622952,
    0.6553855020491803,
    0.7491034836065573,
    0.8036949282786886,
    0.9379162397540983,
    1.0,
    1.0,
    1.0,
    1.0,
    0.998655225409836,
    0.970030737704918,
    0.9653560450819672,
    0.8890560963114753,
    0.8478803790983607,
    0.8686603483606556,
    0.806672643442623,
    0.7670338114754099,
    0.7074154713114755,
    0.6697617827868854,
    0.6929111168032787,
    0.7365842725409836,
    0.6947681864754097,
    0.66015625,
    0.6788870389344261,
    0.6149141905737705,
    0.5923732069672131,
    0.5595222848360655,
    0.5336834016393442,
    0.5530865778688524,
    0.5322425717213115,
    0.5651895491803278,
    0.5584336577868853,
    0.46138575819672134,
    0.429655481557377,
    0.4451203893442623,
    0.4616419057377049,
    0.4834784836065574,
    0.4991675204918033
  ],
  "auc_S_inv": [
    0.46340292008196726,
    0.511750768442623,
    0.4997438524590164,
    0.49135502049180324,
    0.5308657786885246,
    0.5203317110655739,
    0.4482902151639344,
    0.4599769467213115,
    0.5020171618852459,
    0.4881851946721311,
    0.4997438524590164,
    0.509765625,
    0.4864241803278689,
    0.4938204405737705,
    0.5538230020491804,
    0.5360207479508197,
    0.4800525102459016,
    0.46109759221311475,
    0.4624743852459016,
    0.47019082991803274,
    0.5303534836065573,
    0.5082927766393442,
    0.4753778176229508,
    0.5017289959016393,
    0.5202996926229508,
    0.4849833504098361,
    0.46820568647540983,
    0.5038101946721312,
    0.5441534323770492,
    0.5289766905737705,
    0.5668224897540984,
    0.6160988729508197,
    0.6394082991803278,
    0.7149718237704918,
    0.8116034836065573,
    0.9413742315573771,
    1.0,
    1.0,
    1.0,
    1.0,
    0.9994877049180328,
    0.9701267930327869,
    0.9623463114754098,
    0.8713819159836065,
    0.8443263319672132,
    0.8519147028688524,
    0.7963306864754098,
    0.7995645491803279,
    0.7153880635245902,
    0.6764856557377049,
    0.6841060450819673,
    0.7446849385245902,
    0.697233606557377,
    0.6438588627049181,
    0.6558017418032787,
    0.6175397028688525,
    0.5838563012295082,
    0.5544633709016393,
    0.5688396516393442,
    0.589203381147541,
    0.5395427766393442,
    0.5290087090163934,
    0.49042648565573765,
    0.5142161885245902,
    0.4854956454918032,
    0.46183401639344257,
    0.5000640368852459,
    0.4748655225409836,
    0.4683337602459017
  ],
  "acc_R_macro": null,
  "auc_T": null,
  "latencies_ms": {
    "C": 70.00000029802322,
    "S_raw": -80.0000000745058,
    "S_inv": -80.0000000745058,
    "T": null
  },
  "meta": {
    "align": "sacc",
    "orientation": "horizontal",
    "pt_min_ms": 200.0,
    "n_trials": 250,
    "n_bins": 69,
    "n_units": 13,
    "thr": 0.6,
    "k_bins": 5,
    "norm": "global",
    "baseline_win": null,
    "used_axes_mu_sd": false
  }
}