{
  "time": [
    -0.39000000059604645,
    -0.3799999952316284,
    -0.3700000047683716,
    -0.35999999940395355,
    -0.3499999940395355,
    -0.3400000035762787,
    -0.32999999821186066,
    -0.3199999928474426,
    -0.3100000023841858,
    -0.30000000447034836,
    -0.28999999910593033,
    -0.2800000011920929,
    -0.27000000327825546,
    -0.25999999791383743,
    -0.25,
    -0.24000000208616257,
    -0.23000000044703484,
    -0.2200000025331974,
    -0.21000000089406967,
    -0.19999999925494194,
    -0.1900000013411045,
    -0.17999999970197678,
    -0.16999999806284904,
    -0.1600000001490116,
    -0.14999999850988388,
    -0.13999999687075615,
    -0.12999999895691872,
    -0.11999999918043613,
    -0.10999999940395355,
    -0.09999999962747097,
    -0.08999999985098839,
    -0.0800000000745058,
    -0.07000000029802322,
    -0.06000000052154064,
    -0.049999999813735485,
    -0.0400000000372529,
    -0.03000000026077032,
    -0.020000000251457095,
    -0.010000000009313226,
    0.0,
    0.010000000009313226,
    0.020000000251457095,
    0.03000000026077032,
    0.0400000000372529,
    0.049999999813735485,
    0.06000000052154064,
    0.07000000029802322,
    0.0800000000745058,
    0.08999999985098839,
    0.09999999962747097,
    0.10999999940395355,
    0.11999999918043613,
    0.12999999895691872,
    0.13999999687075615,
    0.14999999850988388,
    0.1600000001490116,
    0.16999999806284904,
    0.17999999970197678,
    0.1900000013411045,
    0.19999999925494194,
    0.21000000089406967,
    0.2200000025331974,
    0.23000000044703484,
    0.24000000208616257,
    0.25,
    0.25999999791383743,
    0.27000000327825546,
    0.2800000011920929,
    0.28999999910593033
  ],
  "auc_C": [
    0.5235064935064935,
    0.5122727272727273,
    0.5474025974025973,
    0.5485714285714285,
    0.510974025974026,
    0.5382467532467532,
    0.5151298701298701,
    0.5042857142857142,
    0.5312987012987013,
    0.5316883116883117,
    0.501103896103896,
    0.5627922077922078,
    0.5503896103896104,
    0.4933766233766234,
    0.47136363636363643,
    0.532987012987013,
    0.4874025974025974,
    0.5054545454545454,
    0.5236363636363636,
    0.5403246753246753,
    0.5685064935064935,
    0.5274025974025974,
    0.4907792207792208,
    0.5222727272727272,
    0.6005844155844157,
    0.7070779220779222,
    0.7523376623376624,
    0.8108441558441558,
    0.7706493506493507,
    0.6514935064935067,
    0.5414935064935065,
    0.46512987012987017,
    0.48519480519480523,
    0.513961038961039,
    0.5012337662337663,
    0.5071428571428571,
    0.5053896103896104,
    0.48870129870129875,
    0.5278571428571428,
    0.5208441558441559,
    0.5017532467532467,
    0.5081818181818182,
    0.5281168831168831,
    0.5832467532467533,
    0.5420129870129871,
    0.48649350649350653,
    0.5291558441558443,
    0.5656493506493506,
    0.5079220779220779,
    0.49064935064935056,
    0.5165584415584416,
    0.5216883116883118,
    0.5212987012987013,
    0.5107142857142857,
    0.47993506493506494,
    0.48889610389610394,
    0.5116883116883117,
    0.5053246753246753,
    0.484025974025974,
    0.487922077922078,
    0.44077922077922077,
    0.465974025974026,
    0.5065584415584415,
    0.4985064935064936,
    0.4796103896103896,
    0.5242207792207791,
    0.5688311688311688,
    0.5258441558441559,
    0.4584415584415585
  ],
  "auc_S_raw": [
    0.5502689549180328,
    0.5103739754098361,
    0.5304815573770492,
    0.5315701844262295,
    0.5113985655737705,
    0.5635245901639345,
    0.5342597336065574,
    0.5165855532786885,
    0.5220286885245902,
    0.49500512295081966,
    0.4488345286885245,
    0.44140625000000006,
    0.47765112704918034,
    0.49346823770491804,
    0.438780737704918,
    0.4501793032786885,
    0.47713883196721313,
    0.4531890368852459,
    0.4364754098360656,
    0.4656762295081967,
    0.46599641393442626,
    0.4143826844262295,
    0.45901639344262296,
    0.5126152663934426,
    0.5125512295081968,
    0.4572873975409836,
    0.45037141393442626,
    0.490906762295082,
    0.5085169057377049,
    0.49334016393442615,
    0.49141905737704916,
    0.4976306352459016,
    0.553983094262295,
    0.5986168032786886,
    0.6602202868852458,
    0.7551229508196722,
    0.7542264344262295,
    0.7781121926229508,
    0.8764728483606558,
    0.9287269467213114,
    0.9608094262295082,
    0.9663165983606558,
    0.963563012295082,
    0.9757940573770492,
    0.9813652663934427,
    0.9887295081967213,
    0.9907146516393442,
    0.9931480532786885,
    0.9935322745901639,
    0.9924436475409836,
    0.9932120901639344,
    0.9951331967213115,
    0.9981429303278688,
    0.9900742827868853,
    0.9943007172131147,
    0.979764344262295,
    0.9791239754098361,
    0.9877049180327868,
    0.9750896516393442,
    0.9839267418032787,
    0.9741931352459017,
    0.9491547131147541,
    0.9551101434426229,
    0.9631147540983607,
    0.9321209016393444,
    0.9403816598360655,
    0.9201460040983607,
    0.9108606557377049,
    0.9264856557377049
  ],
  "auc_S_inv": [
    0.5477715163934427,
    0.5073642418032788,
    0.5292008196721312,
    0.531890368852459,
    0.514280225409836,
    0.5660220286885247,
    0.5358606557377048,
    0.5155609631147541,
    0.5218365778688525,
    0.4934042008196722,
    0.4462090163934427,
    0.440125512295082,
    0.4763703893442623,
    0.4923155737704918,
    0.439421106557377,
    0.44921875,
    0.47476946721311475,
    0.45203637295081966,
    0.4358990778688524,
    0.4628586065573771,
    0.46753329918032793,
    0.4182248975409836,
    0.45901639344262296,
    0.5082607581967212,
    0.5141521516393442,
    0.45952868852459017,
    0.4541495901639344,
    0.4916111680327868,
    0.505186987704918,
    0.49570952868852464,
    0.49244364754098363,
    0.5000640368852458,
    0.5521900614754098,
    0.5974641393442623,
    0.6615010245901639,
    0.758452868852459,
    0.7564677254098361,
    0.7777920081967212,
    0.8758324795081969,
    0.9315445696721312,
    0.9618340163934427,
    0.9659323770491803,
    0.9638191598360655,
    0.9749615778688525,
    0.9814933401639344,
    0.9891777663934427,
    0.9904585040983607,
    0.9930199795081966,
    0.9935322745901639,
    0.9924436475409836,
    0.9928919057377049,
    0.9951972336065573,
    0.9981429303278688,
    0.990266393442623,
    0.9947489754098361,
    0.9798924180327868,
    0.9773309426229508,
    0.9878970286885246,
    0.975858094262295,
    0.9832223360655737,
    0.9706070696721312,
    0.947938012295082,
    0.955046106557377,
    0.9613857581967213,
    0.929047131147541,
    0.9380122950819672,
    0.9175845286885246,
    0.9053534836065574,
    0.922515368852459
  ],
  "acc_R_macro": null,
  "auc_T": null,
  "latencies_ms": {
    "C": -149.99999850988388,
    "S_raw": -49.999999813735485,
    "S_inv": -49.999999813735485,
    "T": null
  },
  "meta": {
    "align": "sacc",
    "orientation": "horizontal",
    "pt_min_ms": 200.0,
    "n_trials": 250,
    "n_bins": 69,
    "n_units": 98,
    "thr": 0.6,
    "k_bins": 5,
    "norm": "global",
    "baseline_win": null,
    "used_axes_mu_sd": false
  }
}