{
  "time": [
    -0.39000000059604645,
    -0.3799999952316284,
    -0.3700000047683716,
    -0.35999999940395355,
    -0.3499999940395355,
    -0.3400000035762787,
    -0.32999999821186066,
    -0.3199999928474426,
    -0.3100000023841858,
    -0.30000000447034836,
    -0.28999999910593033,
    -0.2800000011920929,
    -0.27000000327825546,
    -0.25999999791383743,
    -0.25,
    -0.24000000208616257,
    -0.23000000044703484,
    -0.2200000025331974,
    -0.21000000089406967,
    -0.19999999925494194,
    -0.1900000013411045,
    -0.17999999970197678,
    -0.16999999806284904,
    -0.1600000001490116,
    -0.14999999850988388,
    -0.13999999687075615,
    -0.12999999895691872,
    -0.11999999918043613,
    -0.10999999940395355,
    -0.09999999962747097,
    -0.08999999985098839,
    -0.0800000000745058,
    -0.07000000029802322,
    -0.06000000052154064,
    -0.049999999813735485,
    -0.0400000000372529,
    -0.03000000026077032,
    -0.020000000251457095,
    -0.010000000009313226,
    0.0,
    0.010000000009313226,
    0.020000000251457095,
    0.03000000026077032,
    0.0400000000372529,
    0.049999999813735485,
    0.06000000052154064,
    0.07000000029802322,
    0.0800000000745058,
    0.08999999985098839,
    0.09999999962747097,
    0.10999999940395355,
    0.11999999918043613,
    0.12999999895691872,
    0.13999999687075615,
    0.14999999850988388,
    0.1600000001490116,
    0.16999999806284904,
    0.17999999970197678,
    0.1900000013411045,
    0.19999999925494194,
    0.21000000089406967,
    0.2200000025331974,
    0.23000000044703484,
    0.24000000208616257,
    0.25,
    0.25999999791383743,
    0.27000000327825546,
    0.2800000011920929,
    0.28999999910593033
  ],
  "auc_C": [
    0.45746753246753247,
    0.4232467532467532,
    0.4980519480519481,
    0.5058441558441559,
    0.47597402597402594,
    0.5127272727272727,
    0.47272727272727266,
    0.43194805194805197,
    0.4237662337662338,
    0.46857142857142864,
    0.5174025974025974,
    0.49844155844155846,
    0.4579220779220779,
    0.5305844155844156,
    0.5520779220779221,
    0.4944155844155844,
    0.5193506493506495,
    0.5671103896103895,
    0.5238311688311689,
    0.5497402597402598,
    0.5260389610389611,
    0.5390259740259741,
    0.5507142857142857,
    0.5292857142857142,
    0.6037662337662337,
    0.5937662337662337,
    0.5716558441558443,
    0.6051948051948052,
    0.739935064935065,
    0.7447402597402597,
    0.6895454545454546,
    0.7253246753246753,
    0.7261363636363637,
    0.6408441558441558,
    0.5875324675324675,
    0.6438311688311689,
    0.7162987012987012,
    0.6462337662337663,
    0.6642207792207792,
    0.6458441558441558,
    0.6237012987012986,
    0.5922077922077922,
    0.5693181818181818,
    0.5205194805194805,
    0.5089610389610391,
    0.5543506493506494,
    0.5538311688311688,
    0.5311038961038961,
    0.5297402597402597,
    0.593051948051948,
    0.5427922077922078,
    0.5077272727272727,
    0.5240259740259741,
    0.435,
    0.4620779220779221,
    0.5299350649350649,
    0.5294155844155843,
    0.5051298701298701,
    0.49733766233766236,
    0.46733766233766233,
    0.45935064935064934,
    0.5136688311688311,
    0.488051948051948,
    0.4585714285714286,
    0.4998701298701299,
    0.4893181818181818,
    0.46279220779220775,
    0.4397402597402597,
    0.425422077922078
  ],
  "auc_S_raw": [
    0.49859118852459017,
    0.5178662909836066,
    0.45946465163934425,
    0.43717981557377045,
    0.5003201844262295,
    0.44652920081967207,
    0.4287589651639344,
    0.4816854508196722,
    0.4960297131147541,
    0.4788037909836065,
    0.5521260245901638,
    0.5815189549180328,
    0.5416239754098361,
    0.5007044057377049,
    0.5051869877049181,
    0.5402792008196722,
    0.531890368852459,
    0.5282402663934427,
    0.5427126024590163,
    0.5259989754098361,
    0.5062756147540983,
    0.4950051229508197,
    0.4907786885245902,
    0.4725922131147541,
    0.5503329918032787,
    0.6205174180327868,
    0.6202932889344261,
    0.6771900614754098,
    0.5861296106557377,
    0.5603867827868854,
    0.6512551229508197,
    0.6805199795081966,
    0.5854252049180328,
    0.5174180327868853,
    0.4898181352459017,
    0.5449538934426229,
    0.5151127049180327,
    0.45120389344262296,
    0.48440701844262296,
    0.5052510245901639,
    0.5556480532786886,
    0.5395747950819673,
    0.5159772028688525,
    0.5203637295081968,
    0.47957223360655743,
    0.4839907786885246,
    0.5322105532786885,
    0.6561859631147542,
    0.5762679303278689,
    0.5103099385245902,
    0.5242379610655739,
    0.5212922643442622,
    0.5531826331967213,
    0.5101498463114753,
    0.5125832479508197,
    0.5095414959016393,
    0.4757940573770492,
    0.5290407274590164,
    0.5083247950819672,
    0.47496157786885246,
    0.5080046106557377,
    0.4837986680327869,
    0.5100537909836065,
    0.5286885245901639,
    0.4748335040983606,
    0.4779392930327869,
    0.5628201844262295,
    0.5576331967213115,
    0.5506211577868853
  ],
  "auc_S_inv": [
    0.49750256147540983,
    0.5148565573770492,
    0.4581198770491802,
    0.4370517418032787,
    0.49756659836065575,
    0.4434554303278688,
    0.43029585040983603,
    0.48405481557377045,
    0.49820696721311475,
    0.48219774590163933,
    0.5500768442622951,
    0.5790215163934426,
    0.5425845286885247,
    0.5012167008196721,
    0.5021132172131147,
    0.5382300204918034,
    0.5309298155737705,
    0.5242699795081966,
    0.5400870901639344,
    0.5256147540983607,
    0.5031378073770492,
    0.49359631147540983,
    0.49167520491803285,
    0.4737448770491803,
    0.551421618852459,
    0.6203253073770492,
    0.6206134733606556,
    0.6753970286885246,
    0.5821593237704918,
    0.5593621926229508,
    0.6511910860655737,
    0.6800717213114753,
    0.5853611680327868,
    0.5158811475409836,
    0.4881531762295082,
    0.5450819672131147,
    0.5165855532786885,
    0.45280481557377045,
    0.4843429815573771,
    0.5042264344262295,
    0.5536629098360655,
    0.5392546106557377,
    0.5189869364754098,
    0.5242059426229508,
    0.48053278688524587,
    0.48219774590163933,
    0.5320184426229508,
    0.6525358606557377,
    0.5741547131147542,
    0.5081967213114753,
    0.5223168545081968,
    0.521484375,
    0.554655481557377,
    0.5105981045081966,
    0.509765625,
    0.5064036885245902,
    0.47380891393442626,
    0.5262231045081966,
    0.5083888319672131,
    0.4780353483606557,
    0.5108222336065573,
    0.48245389344262296,
    0.5057633196721312,
    0.5278560450819672,
    0.47701075819672134,
    0.4776191086065573,
    0.5601306352459017,
    0.5544313524590163,
    0.5496606045081968
  ],
  "acc_R_macro": null,
  "auc_T": null,
  "latencies_ms": {
    "C": -119.99999918043613,
    "S_raw": null,
    "S_inv": null,
    "T": null
  },
  "meta": {
    "align": "sacc",
    "orientation": "horizontal",
    "pt_min_ms": 200.0,
    "n_trials": 250,
    "n_bins": 69,
    "n_units": 48,
    "thr": 0.6,
    "k_bins": 5,
    "norm": "global",
    "baseline_win": null,
    "used_axes_mu_sd": false
  }
}