{
  "sid": "20200929",
  "align": "stim",
  "features": [
    "C"
  ],
  "winC": [
    0.1,
    0.3
  ],
  "winR": null,
  "winS": null,
  "winT": null,
  "pt_min_ms": 200.0,
  "orientation": "pooled",
  "areas": [
    "MFEF",
    "MLIP",
    "MSC"
  ],
  "tag": "axes_peakbin_stimC-stim-pooled-20mssw_nofilter",
  "norm": "global",
  "baseline_win": null,
  "clf_binary": "logreg",
  "C_grid": [
    0.1,
    0.3,
    1.0,
    3.0,
    10.0
  ],
  "lda_shrinkage": null,
  "searchC": true,
  "searchS": false,
  "searchT": false,
  "searchR": false,
  "search_step_ms": 20.0,
  "search_len_ms": [
    50.0,
    100.0,
    150.0,
    200.0,
    250.0
  ],
  "search_range_C": "0.00:0.50",
  "search_range_S": null,
  "search_range_T": null,
  "search_range_R": null,
  "search_score_mode": "peak_bin_auc",
  "search_tiebreak": "shortest_then_earliest",
  "search_tol": 0.01,
  "per_area_results": {
    "MFEF": {
      "winC_selected": [
        0.27999999999999997,
        0.32999999999999996
      ],
      "winC_cv_best": 0.8960784313725491,
      "winC_best_param": 0.3,
      "winC_peak_time_ms": 310.0000023841858,
      "winC_peak_auc": 0.8960784313725491,
      "winC_mean_bin_auc": 0.8839579713742035,
      "winC_cv_auc_original": 0.9739126206037969,
      "sC_auc": 0.8960784313725491,
      "n_trials_C": 571
    },
    "MLIP": {
      "winC_selected": [
        0.4000000000000001,
        0.45000000000000007
      ],
      "winC_cv_best": 0.8172871680317697,
      "winC_best_param": 0.3,
      "winC_peak_time_ms": 420.00000178813934,
      "winC_peak_auc": 0.8172871680317697,
      "winC_mean_bin_auc": 0.7942913874410523,
      "winC_cv_auc_original": 0.8904139433551197,
      "sC_auc": 0.8172871680317697,
      "n_trials_C": 571
    },
    "MSC": {
      "winC_selected": [
        0.25999999999999995,
        0.36
      ],
      "winC_cv_best": 0.6159841151650534,
      "winC_best_param": 0.3,
      "winC_peak_time_ms": 340.0000035762787,
      "winC_peak_auc": 0.6159841151650534,
      "winC_mean_bin_auc": 0.5620917101017622,
      "winC_cv_auc_original": 0.6274743230625583,
      "sC_auc": 0.6159841151650534,
      "n_trials_C": 571
    }
  },
  "rebin_factor": null,
  "sliding_window_ms": 20.0,
  "sliding_step_ms": 10.0,
  "sliding_window_bins": 2,
  "sliding_step_bins": 1
}