{
  "time": [
    -0.39500001072883606,
    -0.38499999046325684,
    -0.375,
    -0.36500000953674316,
    -0.35499998927116394,
    -0.3449999988079071,
    -0.33500000834465027,
    -0.32499998807907104,
    -0.3149999976158142,
    -0.3050000071525574,
    -0.29500000178813934,
    -0.2849999964237213,
    -0.2750000059604645,
    -0.26500000059604645,
    -0.2549999952316284,
    -0.24500000476837158,
    -0.23499999940395355,
    -0.22500000149011612,
    -0.2150000035762787,
    -0.20499999821186066,
    -0.19500000029802322,
    -0.1850000023841858,
    -0.17499999701976776,
    -0.16499999910593033,
    -0.1550000011920929,
    -0.14499999582767487,
    -0.13499999791383743,
    -0.125,
    -0.11499999836087227,
    -0.10500000044703484,
    -0.0949999988079071,
    -0.08500000089406967,
    -0.07499999925494194,
    -0.06500000134110451,
    -0.054999999701976776,
    -0.044999999925494194,
    -0.03500000014901161,
    -0.02500000037252903,
    -0.01500000013038516,
    -0.004999999888241291,
    0.004999999888241291,
    0.01500000013038516,
    0.02500000037252903,
    0.03500000014901161,
    0.044999999925494194,
    0.054999999701976776,
    0.06500000134110451,
    0.07499999925494194,
    0.08500000089406967,
    0.0949999988079071,
    0.10500000044703484,
    0.11499999836087227,
    0.125,
    0.13499999791383743,
    0.14499999582767487,
    0.1550000011920929,
    0.16499999910593033,
    0.17499999701976776,
    0.1850000023841858,
    0.19500000029802322,
    0.20499999821186066,
    0.2150000035762787,
    0.22500000149011612,
    0.23499999940395355,
    0.24500000476837158,
    0.2549999952316284,
    0.26500000059604645,
    0.2750000059604645,
    0.2849999964237213,
    0.29500000178813934
  ],
  "auc_C": null,
  "auc_S_raw": [
    0.49688373092628413,
    0.46009026434558353,
    0.43290350311626913,
    0.5241349666881582,
    0.4673973780356759,
    0.48199011390500757,
    0.5127444659359552,
    0.4142488716956802,
    0.48974854932301737,
    0.4505480335267569,
    0.47616591446378675,
    0.4581990113905008,
    0.5062970126799914,
    0.48076509778637433,
    0.4828712658499893,
    0.48540726413066837,
    0.4748549323017408,
    0.4898345153664302,
    0.5130883301096066,
    0.4626692456479691,
    0.5008596604341284,
    0.43537502686438856,
    0.4859660434128519,
    0.5066838598753491,
    0.5354824844186546,
    0.561745110681281,
    0.6126799914033956,
    0.6543735224586289,
    0.7029873200085965,
    0.7418439716312056,
    0.7855577047066409,
    0.823296797764883,
    0.842080378250591,
    0.879819471308833,
    0.920180528691167,
    0.9563292499462711,
    0.9555125725338491,
    0.9351816032667096,
    0.9718891038039974,
    0.9836664517515581,
    0.9810444874274662,
    0.9543520309477757,
    0.9332043842682141,
    0.922587577906727,
    0.9273586933161401,
    0.9026004728132387,
    0.9154523963034602,
    0.9027724049000645,
    0.8883516011175585,
    0.8735654416505481,
    0.8569095207393079,
    0.7800128949065118,
    0.8118633139909736,
    0.8063185041908447,
    0.7528906082097571,
    0.7772189984955943,
    0.7761444229529335,
    0.7142918547173867,
    0.6650118203309693,
    0.7050075220287986,
    0.651665592091124,
    0.6769396088545022,
    0.6819256393724478,
    0.6095422308188265,
    0.6341285192349022,
    0.5881796690307329,
    0.5833225875779068,
    0.5566731141199226,
    0.5488716956802063,
    0.5727487642381259
  ],
  "auc_S_inv": [
    0.49688373092628413,
    0.46009026434558353,
    0.43290350311626913,
    0.5241349666881582,
    0.4673973780356759,
    0.48199011390500757,
    0.5127444659359552,
    0.4142488716956802,
    0.48974854932301737,
    0.4505480335267569,
    0.47616591446378675,
    0.4581990113905008,
    0.5062970126799914,
    0.48076509778637433,
    0.4828712658499893,
    0.48540726413066837,
    0.4748549323017408,
    0.4898345153664302,
    0.5130883301096066,
    0.4626692456479691,
    0.5008596604341284,
    0.43537502686438856,
    0.4859660434128519,
    0.5066838598753491,
    0.5354824844186546,
    0.561745110681281,
    0.6126799914033956,
    0.6543735224586289,
    0.7029873200085965,
    0.7418439716312056,
    0.7855577047066409,
    0.823296797764883,
    0.842080378250591,
    0.879819471308833,
    0.920180528691167,
    0.9563292499462711,
    0.9555125725338491,
    0.9351816032667096,
    0.9718891038039974,
    0.9836664517515581,
    0.9810444874274662,
    0.9543520309477757,
    0.9332043842682141,
    0.922587577906727,
    0.9273586933161401,
    0.9026004728132387,
    0.9154523963034602,
    0.9027724049000645,
    0.8883516011175585,
    0.8735654416505481,
    0.8569095207393079,
    0.7800128949065118,
    0.8118633139909736,
    0.8063185041908447,
    0.7528906082097571,
    0.7772189984955943,
    0.7761444229529335,
    0.7142918547173867,
    0.6650118203309693,
    0.7050075220287986,
    0.651665592091124,
    0.6769396088545022,
    0.6819256393724478,
    0.6095422308188265,
    0.6341285192349022,
    0.5881796690307329,
    0.5833225875779068,
    0.5566731141199226,
    0.5488716956802063,
    0.5727487642381259
  ],
  "acc_R_macro": null,
  "auc_T": null,
  "latencies_ms": {
    "C": null,
    "S_raw": -134.99999791383743,
    "S_inv": -134.99999791383743,
    "T": null
  },
  "meta": {
    "align": "sacc",
    "orientation": "horizontal",
    "pt_min_ms": 200.0,
    "n_trials": 306,
    "n_bins": 70,
    "n_units": 60,
    "thr": 0.6,
    "k_bins": 5,
    "norm": "global",
    "baseline_win": null,
    "used_axes_mu_sd": false
  }
}