{
  "time": [
    -0.39500001072883606,
    -0.38499999046325684,
    -0.375,
    -0.36500000953674316,
    -0.35499998927116394,
    -0.3449999988079071,
    -0.33500000834465027,
    -0.32499998807907104,
    -0.3149999976158142,
    -0.3050000071525574,
    -0.29500000178813934,
    -0.2849999964237213,
    -0.2750000059604645,
    -0.26500000059604645,
    -0.2549999952316284,
    -0.24500000476837158,
    -0.23499999940395355,
    -0.22500000149011612,
    -0.2150000035762787,
    -0.20499999821186066,
    -0.19500000029802322,
    -0.1850000023841858,
    -0.17499999701976776,
    -0.16499999910593033,
    -0.1550000011920929,
    -0.14499999582767487,
    -0.13499999791383743,
    -0.125,
    -0.11499999836087227,
    -0.10500000044703484,
    -0.0949999988079071,
    -0.08500000089406967,
    -0.07499999925494194,
    -0.06500000134110451,
    -0.054999999701976776,
    -0.044999999925494194,
    -0.03500000014901161,
    -0.02500000037252903,
    -0.01500000013038516,
    -0.004999999888241291,
    0.004999999888241291,
    0.01500000013038516,
    0.02500000037252903,
    0.03500000014901161,
    0.044999999925494194,
    0.054999999701976776,
    0.06500000134110451,
    0.07499999925494194,
    0.08500000089406967,
    0.0949999988079071,
    0.10500000044703484,
    0.11499999836087227,
    0.125,
    0.13499999791383743,
    0.14499999582767487,
    0.1550000011920929,
    0.16499999910593033,
    0.17499999701976776,
    0.1850000023841858,
    0.19500000029802322,
    0.20499999821186066,
    0.2150000035762787,
    0.22500000149011612,
    0.23499999940395355,
    0.24500000476837158,
    0.2549999952316284,
    0.26500000059604645,
    0.2750000059604645,
    0.2849999964237213,
    0.29500000178813934
  ],
  "auc_C": null,
  "auc_S_raw": [
    0.4632280249301526,
    0.523017408123791,
    0.47057812164195145,
    0.45308403180743606,
    0.49297227595099935,
    0.49873200085966046,
    0.5231463571889103,
    0.48042123361272304,
    0.45471738663228023,
    0.5009671179883946,
    0.5115409413281754,
    0.5059101654846336,
    0.6154738878143133,
    0.5779497098646035,
    0.50595314850634,
    0.5018267784225232,
    0.46417365140769395,
    0.5164410058027079,
    0.44577691811734366,
    0.5211691381904148,
    0.4939608854502472,
    0.4682570384698044,
    0.4719965613582634,
    0.47410272942187837,
    0.4758650333118418,
    0.4808510638297872,
    0.48549323017408125,
    0.5148936170212766,
    0.5480765097786373,
    0.6124650762948634,
    0.6894476681710724,
    0.70354609929078,
    0.7357403825488933,
    0.784955942402751,
    0.7948850204169353,
    0.7991403395658715,
    0.8453900709219858,
    0.8319363851278746,
    0.9225875779067269,
    0.8929722759509993,
    0.9171717171717172,
    0.949537932516656,
    0.9544809800128949,
    0.9177304964539006,
    0.9307543520309478,
    0.8482699333763163,
    0.7626477541371157,
    0.8993767461852568,
    0.9286911669890393,
    0.855405114979583,
    0.833096926713948,
    0.8380829572318934,
    0.7895551257253385,
    0.7538792177090049,
    0.8135396518375242,
    0.8164624973135611,
    0.8126799914033956,
    0.7910165484633569,
    0.7205673758865248,
    0.734622823984526,
    0.7451536643026005,
    0.737029873200086,
    0.7138190414786159,
    0.7077584354180098,
    0.7183322587577907,
    0.6930152589727058,
    0.6689447668171072,
    0.7238340855362131,
    0.6967977648828713,
    0.7083601977218997
  ],
  "auc_S_inv": [
    0.4632280249301526,
    0.523017408123791,
    0.47057812164195145,
    0.45308403180743606,
    0.49297227595099935,
    0.49873200085966046,
    0.5231463571889103,
    0.48042123361272304,
    0.45471738663228023,
    0.5009671179883946,
    0.5115409413281754,
    0.5059101654846336,
    0.6154738878143133,
    0.5779497098646035,
    0.50595314850634,
    0.5018267784225232,
    0.46417365140769395,
    0.5164410058027079,
    0.44577691811734366,
    0.5211691381904148,
    0.4939608854502472,
    0.4682570384698044,
    0.4719965613582634,
    0.47410272942187837,
    0.4758650333118418,
    0.4808510638297872,
    0.48549323017408125,
    0.5148936170212766,
    0.5480765097786373,
    0.6124650762948634,
    0.6894476681710724,
    0.70354609929078,
    0.7357403825488933,
    0.784955942402751,
    0.7948850204169353,
    0.7991403395658715,
    0.8453900709219858,
    0.8319363851278746,
    0.9225875779067269,
    0.8929722759509993,
    0.9171717171717172,
    0.949537932516656,
    0.9544809800128949,
    0.9177304964539006,
    0.9307543520309478,
    0.8482699333763163,
    0.7626477541371157,
    0.8993767461852568,
    0.9286911669890393,
    0.855405114979583,
    0.833096926713948,
    0.8380829572318934,
    0.7895551257253385,
    0.7538792177090049,
    0.8135396518375242,
    0.8164624973135611,
    0.8126799914033956,
    0.7910165484633569,
    0.7205673758865248,
    0.734622823984526,
    0.7451536643026005,
    0.737029873200086,
    0.7138190414786159,
    0.7077584354180098,
    0.7183322587577907,
    0.6930152589727058,
    0.6689447668171072,
    0.7238340855362131,
    0.6967977648828713,
    0.7083601977218997
  ],
  "acc_R_macro": null,
  "auc_T": null,
  "latencies_ms": {
    "C": null,
    "S_raw": -105.00000044703484,
    "S_inv": -105.00000044703484,
    "T": null
  },
  "meta": {
    "align": "sacc",
    "orientation": "horizontal",
    "pt_min_ms": 200.0,
    "n_trials": 306,
    "n_bins": 70,
    "n_units": 79,
    "thr": 0.6,
    "k_bins": 5,
    "norm": "global",
    "baseline_win": null,
    "used_axes_mu_sd": false
  }
}