{
  "time": [
    -0.39500001072883606,
    -0.38499999046325684,
    -0.375,
    -0.36500000953674316,
    -0.35499998927116394,
    -0.3449999988079071,
    -0.33500000834465027,
    -0.32499998807907104,
    -0.3149999976158142,
    -0.3050000071525574,
    -0.29500000178813934,
    -0.2849999964237213,
    -0.2750000059604645,
    -0.26500000059604645,
    -0.2549999952316284,
    -0.24500000476837158,
    -0.23499999940395355,
    -0.22500000149011612,
    -0.2150000035762787,
    -0.20499999821186066,
    -0.19500000029802322,
    -0.1850000023841858,
    -0.17499999701976776,
    -0.16499999910593033,
    -0.1550000011920929,
    -0.14499999582767487,
    -0.13499999791383743,
    -0.125,
    -0.11499999836087227,
    -0.10500000044703484,
    -0.0949999988079071,
    -0.08500000089406967,
    -0.07499999925494194,
    -0.06500000134110451,
    -0.054999999701976776,
    -0.044999999925494194,
    -0.03500000014901161,
    -0.02500000037252903,
    -0.01500000013038516,
    -0.004999999888241291,
    0.004999999888241291,
    0.01500000013038516,
    0.02500000037252903,
    0.03500000014901161,
    0.044999999925494194,
    0.054999999701976776,
    0.06500000134110451,
    0.07499999925494194,
    0.08500000089406967,
    0.0949999988079071,
    0.10500000044703484,
    0.11499999836087227,
    0.125,
    0.13499999791383743,
    0.14499999582767487,
    0.1550000011920929,
    0.16499999910593033,
    0.17499999701976776,
    0.1850000023841858,
    0.19500000029802322,
    0.20499999821186066,
    0.2150000035762787,
    0.22500000149011612,
    0.23499999940395355,
    0.24500000476837158,
    0.2549999952316284,
    0.26500000059604645,
    0.2750000059604645,
    0.2849999964237213,
    0.29500000178813934
  ],
  "auc_C": null,
  "auc_S_raw": [
    0.5078444014614227,
    0.5205243928648184,
    0.5154953793251665,
    0.5019557274876424,
    0.49314420803782505,
    0.5535783365570599,
    0.5013969482054588,
    0.5539222007307114,
    0.47332903503116264,
    0.5391360412637008,
    0.49228454760369655,
    0.5389641091768751,
    0.48588007736943906,
    0.5130883301096067,
    0.5878787878787879,
    0.47109391790242855,
    0.5386202450032237,
    0.4854932301740812,
    0.4694605630775843,
    0.5028583709434773,
    0.5356973995271868,
    0.49537932516655925,
    0.49963464431549537,
    0.5512572533849129,
    0.5682355469589512,
    0.5455405114979583,
    0.5469589512142704,
    0.5259832366215345,
    0.5911454975284762,
    0.6251880507199655,
    0.6425531914893616,
    0.7106382978723405,
    0.707070707070707,
    0.8313346228239847,
    0.824930152589727,
    0.875779067268429,
    0.9099505695250376,
    0.9311411992263057,
    0.9233182892757361,
    0.9310122501611864,
    0.9185041908446163,
    0.9041908446163764,
    0.8718246292714378,
    0.8378035675908017,
    0.8051149795830647,
    0.8201160541586073,
    0.7874059746400173,
    0.7396948205458844,
    0.7070707070707071,
    0.6400171932086826,
    0.6823124865678057,
    0.6073071136900924,
    0.6567805716741886,
    0.6097141629056522,
    0.618568665377176,
    0.6143993122716527,
    0.5867612293144209,
    0.6456049860305179,
    0.564581990113905,
    0.5676337846550612,
    0.5280894046851494,
    0.6321942832581131,
    0.5967332903503116,
    0.5261766602192134,
    0.5619170427681066,
    0.4992907801418439,
    0.5491940683430045,
    0.5088330109606706,
    0.5110681280894047,
    0.5643670750053729
  ],
  "auc_S_inv": [
    0.5078444014614227,
    0.5205243928648184,
    0.5154953793251665,
    0.5019557274876424,
    0.49314420803782505,
    0.5535783365570599,
    0.5013969482054588,
    0.5539222007307114,
    0.47332903503116264,
    0.5391360412637008,
    0.49228454760369655,
    0.5389641091768751,
    0.48588007736943906,
    0.5130883301096067,
    0.5878787878787879,
    0.47109391790242855,
    0.5386202450032237,
    0.4854932301740812,
    0.4694605630775843,
    0.5028583709434773,
    0.5356973995271868,
    0.49537932516655925,
    0.49963464431549537,
    0.5512572533849129,
    0.5682355469589512,
    0.5455405114979583,
    0.5469589512142704,
    0.5259832366215345,
    0.5911454975284762,
    0.6251880507199655,
    0.6425531914893616,
    0.7106382978723405,
    0.707070707070707,
    0.8313346228239847,
    0.824930152589727,
    0.875779067268429,
    0.9099505695250376,
    0.9311411992263057,
    0.9233182892757361,
    0.9310122501611864,
    0.9185041908446163,
    0.9041908446163764,
    0.8718246292714378,
    0.8378035675908017,
    0.8051149795830647,
    0.8201160541586073,
    0.7874059746400173,
    0.7396948205458844,
    0.7070707070707071,
    0.6400171932086826,
    0.6823124865678057,
    0.6073071136900924,
    0.6567805716741886,
    0.6097141629056522,
    0.618568665377176,
    0.6143993122716527,
    0.5867612293144209,
    0.6456049860305179,
    0.564581990113905,
    0.5676337846550612,
    0.5280894046851494,
    0.6321942832581131,
    0.5967332903503116,
    0.5261766602192134,
    0.5619170427681066,
    0.4992907801418439,
    0.5491940683430045,
    0.5088330109606706,
    0.5110681280894047,
    0.5643670750053729
  ],
  "acc_R_macro": null,
  "auc_T": null,
  "latencies_ms": {
    "C": null,
    "S_raw": -105.00000044703484,
    "S_inv": -105.00000044703484,
    "T": null
  },
  "meta": {
    "align": "sacc",
    "orientation": "horizontal",
    "pt_min_ms": 200.0,
    "n_trials": 306,
    "n_bins": 70,
    "n_units": 99,
    "thr": 0.6,
    "k_bins": 5,
    "norm": "global",
    "baseline_win": null,
    "used_axes_mu_sd": false
  }
}