{
  "time": [
    -0.39000000059604645,
    -0.3799999952316284,
    -0.3700000047683716,
    -0.35999999940395355,
    -0.3499999940395355,
    -0.3400000035762787,
    -0.32999999821186066,
    -0.3199999928474426,
    -0.3100000023841858,
    -0.30000000447034836,
    -0.28999999910593033,
    -0.2800000011920929,
    -0.27000000327825546,
    -0.25999999791383743,
    -0.25,
    -0.24000000208616257,
    -0.23000000044703484,
    -0.2200000025331974,
    -0.21000000089406967,
    -0.19999999925494194,
    -0.1900000013411045,
    -0.17999999970197678,
    -0.16999999806284904,
    -0.1600000001490116,
    -0.14999999850988388,
    -0.13999999687075615,
    -0.12999999895691872,
    -0.11999999918043613,
    -0.10999999940395355,
    -0.09999999962747097,
    -0.08999999985098839,
    -0.0800000000745058,
    -0.07000000029802322,
    -0.06000000052154064,
    -0.049999999813735485,
    -0.0400000000372529,
    -0.03000000026077032,
    -0.020000000251457095,
    -0.010000000009313226,
    0.0,
    0.010000000009313226,
    0.020000000251457095,
    0.03000000026077032,
    0.0400000000372529,
    0.049999999813735485,
    0.06000000052154064,
    0.07000000029802322,
    0.0800000000745058,
    0.08999999985098839,
    0.09999999962747097,
    0.10999999940395355,
    0.11999999918043613,
    0.12999999895691872,
    0.13999999687075615,
    0.14999999850988388,
    0.1600000001490116,
    0.16999999806284904,
    0.17999999970197678,
    0.1900000013411045,
    0.19999999925494194,
    0.21000000089406967,
    0.2200000025331974,
    0.23000000044703484,
    0.24000000208616257,
    0.25,
    0.25999999791383743,
    0.27000000327825546,
    0.2800000011920929,
    0.28999999910593033
  ],
  "auc_C": [
    0.5020104325146708,
    0.5207020212997175,
    0.4413714409910888,
    0.47829276244294716,
    0.5317594001304065,
    0.48217778743751355,
    0.4570745490110845,
    0.49568028689415344,
    0.4728863290589002,
    0.40608019995653116,
    0.47212562486416,
    0.5261084546837644,
    0.5159747880895458,
    0.45862312540752004,
    0.4346881112801565,
    0.45620517278852424,
    0.45060856335579225,
    0.4533253640512932,
    0.4596283416648555,
    0.4594381656161704,
    0.4829384916322539,
    0.5455335796565963,
    0.5199413171049773,
    0.4741903933927407,
    0.5425722668985004,
    0.5540915018474245,
    0.558248206911541,
    0.602450554227342,
    0.6345359704412085,
    0.7036242121277984,
    0.7483155835687894,
    0.7679580525972614,
    0.8024070854162139,
    0.8125407520104325,
    0.8171321451858292,
    0.7969463160182568,
    0.8207183221038905,
    0.8230547707020214,
    0.8121060638991524,
    0.8390023907846119,
    0.8229732666811562,
    0.7771680069550098,
    0.780727015866116,
    0.7706205172788524,
    0.7388067811345359,
    0.7022929797870028,
    0.7182405998695935,
    0.6938437296239948,
    0.6440447728754618,
    0.6562432079982612,
    0.6553194957617908,
    0.6237231036731146,
    0.6355955227124539,
    0.6205987828732884,
    0.5699847859161051,
    0.5675668332971093,
    0.5710715061943056,
    0.5357802651597479,
    0.5413497065855248,
    0.5736796348619866,
    0.5850086937622256,
    0.5428982829819604,
    0.528118887198435,
    0.5284720712888502,
    0.522223429689198,
    0.5494186046511628,
    0.5076342099543577,
    0.5180938926320364,
    0.550043468811128
  ],
  "auc_S_raw": [
    0.5877631013745706,
    0.5558150773195876,
    0.5169136597938144,
    0.5579896907216495,
    0.5632785652920962,
    0.5113294673539519,
    0.510631443298969,
    0.5012349656357389,
    0.5540163230240549,
    0.5636275773195876,
    0.5060405927835052,
    0.43809063573883156,
    0.49610717353951883,
    0.5632248711340206,
    0.5367268041237113,
    0.52477985395189,
    0.5294512457044673,
    0.5026310137457045,
    0.49049613402061865,
    0.5375590635738832,
    0.5250214776632303,
    0.5123496563573884,
    0.5561103951890034,
    0.5565399484536082,
    0.533397766323024,
    0.5267128436426117,
    0.5129939862542956,
    0.5107388316151203,
    0.5158129295532645,
    0.5605938573883161,
    0.5511973797250859,
    0.6002201460481099,
    0.661914733676976,
    0.6966280068728523,
    0.7256496993127147,
    0.7498657646048109,
    0.81897014604811,
    0.8123926116838488,
    0.8225676546391754,
    0.8449312714776632,
    0.8532270189003436,
    0.8518578178694158,
    0.8776712843642612,
    0.9074312714776632,
    0.8905444587628867,
    0.8528511597938145,
    0.8475085910652922,
    0.7936533505154639,
    0.7682291666666667,
    0.6888960481099656,
    0.6602770618556701,
    0.681566795532646,
    0.6553103522336772,
    0.6688144329896908,
    0.6477931701030928,
    0.6137242268041238,
    0.5831722508591065,
    0.5832796391752577,
    0.5507678264604811,
    0.5459890463917526,
    0.4943084192439862,
    0.46155498281786944,
    0.5013692010309279,
    0.47871026632302405,
    0.45390356529209624,
    0.47836125429553267,
    0.4250966494845361,
    0.44780927835051554,
    0.4597562285223368
  ],
  "auc_S_inv": [
    0.5873603951890034,
    0.5554123711340206,
    0.517772766323024,
    0.5578286082474226,
    0.5630100945017182,
    0.5110073024054983,
    0.5106582903780068,
    0.5012618127147767,
    0.5536941580756014,
    0.5633859536082474,
    0.5064969931271478,
    0.4384933419243986,
    0.49602663230240546,
    0.5634664948453608,
    0.5376396048109966,
    0.5244308419243986,
    0.5297465635738832,
    0.5022014604810996,
    0.49036189862542956,
    0.5373442869415808,
    0.5250214776632303,
    0.5121885738831614,
    0.5561372422680412,
    0.5564594072164949,
    0.5328339776632303,
    0.5259074312714777,
    0.5127255154639175,
    0.5111415378006873,
    0.514819587628866,
    0.5601374570446735,
    0.5510094501718212,
    0.6004349226804124,
    0.66272014604811,
    0.6969501718213059,
    0.7259987113402062,
    0.7496778350515465,
    0.8183795103092782,
    0.8121241408934708,
    0.8216011597938144,
    0.8441258591065294,
    0.8531464776632302,
    0.8520994415807561,
    0.8773759664948454,
    0.9074312714776632,
    0.8906786941580755,
    0.852770618556701,
    0.8474548969072165,
    0.7934385738831615,
    0.7684976374570447,
    0.6887081185567011,
    0.6600085910652921,
    0.6812714776632303,
    0.6556056701030928,
    0.6684117268041238,
    0.6478737113402062,
    0.6139926975945017,
    0.5826621563573884,
    0.5834138745704467,
    0.5513316151202748,
    0.5458279639175257,
    0.49522121993127155,
    0.4617160652920962,
    0.500939647766323,
    0.4791935137457045,
    0.454735824742268,
    0.4792472079037801,
    0.42523088487972505,
    0.44711125429553267,
    0.460400558419244
  ],
  "acc_R_macro": null,
  "auc_T": null,
  "latencies_ms": {
    "C": -119.99999918043613,
    "S_raw": -80.0000000745058,
    "S_inv": -80.0000000745058,
    "T": null
  },
  "meta": {
    "align": "sacc",
    "orientation": "horizontal",
    "pt_min_ms": 200.0,
    "n_trials": 386,
    "n_bins": 69,
    "n_units": 32,
    "thr": 0.6,
    "k_bins": 5,
    "norm": "global",
    "baseline_win": null,
    "used_axes_mu_sd": false
  }
}