{
  "time": [
    -0.39000000059604645,
    -0.3799999952316284,
    -0.3700000047683716,
    -0.35999999940395355,
    -0.3499999940395355,
    -0.3400000035762787,
    -0.32999999821186066,
    -0.3199999928474426,
    -0.3100000023841858,
    -0.30000000447034836,
    -0.28999999910593033,
    -0.2800000011920929,
    -0.27000000327825546,
    -0.25999999791383743,
    -0.25,
    -0.24000000208616257,
    -0.23000000044703484,
    -0.2200000025331974,
    -0.21000000089406967,
    -0.19999999925494194,
    -0.1900000013411045,
    -0.17999999970197678,
    -0.16999999806284904,
    -0.1600000001490116,
    -0.14999999850988388,
    -0.13999999687075615,
    -0.12999999895691872,
    -0.11999999918043613,
    -0.10999999940395355,
    -0.09999999962747097,
    -0.08999999985098839,
    -0.0800000000745058,
    -0.07000000029802322,
    -0.06000000052154064,
    -0.049999999813735485,
    -0.0400000000372529,
    -0.03000000026077032,
    -0.020000000251457095,
    -0.010000000009313226,
    0.0,
    0.010000000009313226,
    0.020000000251457095,
    0.03000000026077032,
    0.0400000000372529,
    0.049999999813735485,
    0.06000000052154064,
    0.07000000029802322,
    0.0800000000745058,
    0.08999999985098839,
    0.09999999962747097,
    0.10999999940395355,
    0.11999999918043613,
    0.12999999895691872,
    0.13999999687075615,
    0.14999999850988388,
    0.1600000001490116,
    0.16999999806284904,
    0.17999999970197678,
    0.1900000013411045,
    0.19999999925494194,
    0.21000000089406967,
    0.2200000025331974,
    0.23000000044703484,
    0.24000000208616257,
    0.25,
    0.25999999791383743,
    0.27000000327825546,
    0.2800000011920929,
    0.28999999910593033
  ],
  "auc_C": [
    0.5166268202564659,
    0.49540860682460336,
    0.5096446424690284,
    0.4808465550967181,
    0.4621549663116713,
    0.5061399695718323,
    0.46525211910454256,
    0.4802216909367529,
    0.5069006737665724,
    0.47658117800478156,
    0.510704194740274,
    0.5205390132579873,
    0.5191262768963268,
    0.5127689632688546,
    0.5001358400347751,
    0.508286242121278,
    0.5171430123886112,
    0.47372853727450553,
    0.5088567702673332,
    0.5928330797652684,
    0.5430341230167355,
    0.533172136492067,
    0.54175722668985,
    0.5150510758530754,
    0.4877472288632906,
    0.5265703108019996,
    0.5840578135188002,
    0.6171756139969572,
    0.6289121930015215,
    0.6180449902195175,
    0.6374701151923494,
    0.7155781351880027,
    0.7167191914801131,
    0.6093512279939144,
    0.5592805911758313,
    0.5636546402955879,
    0.514018691588785,
    0.5135840034775049,
    0.5710171701803956,
    0.6101119321886547,
    0.5839763094979352,
    0.5517007172353836,
    0.544474027385351,
    0.5783253640512932,
    0.5548522060421648,
    0.5586557270158662,
    0.5818843729623995,
    0.5145620517278853,
    0.4799228428602477,
    0.5239350141273635,
    0.5650402086502935,
    0.5374646815909585,
    0.513801347533145,
    0.5339328406868072,
    0.5264616387741795,
    0.5209193653553575,
    0.48676918061291025,
    0.4728319930449902,
    0.43642686372527706,
    0.45712888502499455,
    0.530482503803521,
    0.5463757878722018,
    0.5677298413388394,
    0.5115192349489242,
    0.4815800912845034,
    0.47054988046076945,
    0.48024885894370795,
    0.5161921321451859,
    0.5206748532927625
  ],
  "auc_S_raw": [
    0.5536404639175257,
    0.5665002147766324,
    0.5540968642611683,
    0.5056110395189003,
    0.48982495704467355,
    0.5405927835051547,
    0.5024430841924399,
    0.4551116838487973,
    0.5149269759450172,
    0.5306593642611683,
    0.4942815721649484,
    0.47626718213058417,
    0.4946842783505155,
    0.47138101374570446,
    0.44222508591065296,
    0.46359536082474223,
    0.4860126718213058,
    0.48131443298969073,
    0.5147658934707904,
    0.5342300257731959,
    0.5115710910652921,
    0.4867643900343642,
    0.5109267611683849,
    0.5223904639175257,
    0.4915968642611684,
    0.4885899914089348,
    0.486120060137457,
    0.5053425687285225,
    0.527061855670103,
    0.5530229810996563,
    0.5631174828178694,
    0.6332957474226805,
    0.6863187285223369,
    0.7351267182130585,
    0.7656518470790378,
    0.7664572594501718,
    0.8235341494845362,
    0.8510255584192441,
    0.870543384879725,
    0.9111361683848798,
    0.924452319587629,
    0.9232442010309279,
    0.9332313144329897,
    0.944909793814433,
    0.9570715206185567,
    0.9628167955326461,
    0.9699044243986255,
    0.9620919243986255,
    0.9576621563573884,
    0.9580111683848798,
    0.9540914948453608,
    0.9646692439862543,
    0.9359965635738832,
    0.9024645618556701,
    0.9030820446735396,
    0.9006926546391752,
    0.8770403780068728,
    0.8513745704467355,
    0.8319372852233677,
    0.797277706185567,
    0.7988885309278351,
    0.7690077319587628,
    0.7316365979381444,
    0.7117160652920963,
    0.7385631443298969,
    0.7445768900343643,
    0.701379939862543,
    0.747583762886598,
    0.7236630154639174
  ],
  "auc_S_inv": [
    0.5543116408934707,
    0.5689164518900344,
    0.5554929123711341,
    0.5035169673539519,
    0.48842890893470786,
    0.5408612542955327,
    0.5004564003436426,
    0.45626610824742264,
    0.5177996134020619,
    0.532055412371134,
    0.4935835481099656,
    0.47688466494845355,
    0.49557023195876293,
    0.4719448024054983,
    0.4419297680412371,
    0.4647229381443299,
    0.48700601374570446,
    0.4820124570446735,
    0.5166183419243986,
    0.5354918384879725,
    0.5131282216494845,
    0.4885631443298969,
    0.5119737972508591,
    0.524511383161512,
    0.49237542955326463,
    0.48883161512027495,
    0.48673754295532645,
    0.5067386168384881,
    0.5265786082474226,
    0.5521638745704467,
    0.5638960481099656,
    0.6356045962199313,
    0.6867214347079038,
    0.7346434707903781,
    0.7653833762886599,
    0.7672089776632303,
    0.8239100085910653,
    0.8516430412371134,
    0.8713756443298969,
    0.9115120274914089,
    0.9235395189003436,
    0.9239422250859106,
    0.9333118556701031,
    0.9443460051546392,
    0.9570446735395188,
    0.9623603951890034,
    0.9696628006872853,
    0.9613939003436427,
    0.9575010738831615,
    0.9576621563573884,
    0.9546015893470791,
    0.9658773625429553,
    0.9363724226804124,
    0.9021155498281788,
    0.9017128436426117,
    0.8985985824742267,
    0.8757517182130584,
    0.8476159793814433,
    0.8302190721649484,
    0.7957205756013745,
    0.7993986254295533,
    0.7672089776632303,
    0.7313949742268042,
    0.7125751718213058,
    0.7375966494845362,
    0.7430197594501718,
    0.702051116838488,
    0.7484160223367697,
    0.7247368986254297
  ],
  "acc_R_macro": null,
  "auc_T": null,
  "latencies_ms": {
    "C": -119.99999918043613,
    "S_raw": -80.0000000745058,
    "S_inv": -80.0000000745058,
    "T": null
  },
  "meta": {
    "align": "sacc",
    "orientation": "horizontal",
    "pt_min_ms": 200.0,
    "n_trials": 386,
    "n_bins": 69,
    "n_units": 100,
    "thr": 0.6,
    "k_bins": 5,
    "norm": "global",
    "baseline_win": null,
    "used_axes_mu_sd": false
  }
}