{
  "time": [
    -0.39000000059604645,
    -0.3799999952316284,
    -0.3700000047683716,
    -0.35999999940395355,
    -0.3499999940395355,
    -0.3400000035762787,
    -0.32999999821186066,
    -0.3199999928474426,
    -0.3100000023841858,
    -0.30000000447034836,
    -0.28999999910593033,
    -0.2800000011920929,
    -0.27000000327825546,
    -0.25999999791383743,
    -0.25,
    -0.24000000208616257,
    -0.23000000044703484,
    -0.2200000025331974,
    -0.21000000089406967,
    -0.19999999925494194,
    -0.1900000013411045,
    -0.17999999970197678,
    -0.16999999806284904,
    -0.1600000001490116,
    -0.14999999850988388,
    -0.13999999687075615,
    -0.12999999895691872,
    -0.11999999918043613,
    -0.10999999940395355,
    -0.09999999962747097,
    -0.08999999985098839,
    -0.0800000000745058,
    -0.07000000029802322,
    -0.06000000052154064,
    -0.049999999813735485,
    -0.0400000000372529,
    -0.03000000026077032,
    -0.020000000251457095,
    -0.010000000009313226,
    0.0,
    0.010000000009313226,
    0.020000000251457095,
    0.03000000026077032,
    0.0400000000372529,
    0.049999999813735485,
    0.06000000052154064,
    0.07000000029802322,
    0.0800000000745058,
    0.08999999985098839,
    0.09999999962747097,
    0.10999999940395355,
    0.11999999918043613,
    0.12999999895691872,
    0.13999999687075615,
    0.14999999850988388,
    0.1600000001490116,
    0.16999999806284904,
    0.17999999970197678,
    0.1900000013411045,
    0.19999999925494194,
    0.21000000089406967,
    0.2200000025331974,
    0.23000000044703484,
    0.24000000208616257,
    0.25,
    0.25999999791383743,
    0.27000000327825546,
    0.2800000011920929,
    0.28999999910593033
  ],
  "auc_C": null,
  "auc_S_raw": [
    0.4709723858133752,
    0.47820965842167257,
    0.5027090694935219,
    0.522483968067007,
    0.4988614055751865,
    0.5026305457400864,
    0.48383719408454395,
    0.4987697945295118,
    0.5162936788378485,
    0.5042402826855124,
    0.5093443266588142,
    0.5151681717052742,
    0.49750032718230597,
    0.48178248920298394,
    0.5023949744797802,
    0.5171967020023557,
    0.4914801727522575,
    0.5006020154430049,
    0.5221436984687868,
    0.5084020416175894,
    0.5099856039785369,
    0.5003271823059808,
    0.48755398508048686,
    0.488561706582908,
    0.5024865855254548,
    0.5250359900536579,
    0.5401779871744536,
    0.5359507917811804,
    0.501557387776469,
    0.5510666143174977,
    0.5917157440125638,
    0.6115168171705274,
    0.666012302054705,
    0.7215809449024997,
    0.7751864939144092,
    0.7796885224447062,
    0.7856039785368407,
    0.7963486454652532,
    0.8501505038607513,
    0.8883784844915588,
    0.8616673210312786,
    0.8509095668106269,
    0.8389870435806832,
    0.8045674649914933,
    0.7743881690878158,
    0.7431226279282815,
    0.732639706844654,
    0.7145923308467478,
    0.724211490642586,
    0.7551236749116608,
    0.7462112288967413,
    0.7686951969637481,
    0.7299175500588928,
    0.6333856825022902,
    0.6266849888758017,
    0.6699123151419972,
    0.7022379269729093,
    0.7020677921737992,
    0.6735505823845047,
    0.6604632901452689,
    0.6730140034026959,
    0.6848056537102473,
    0.6694149980369061,
    0.6500719801073157,
    0.6459625703441958,
    0.6314225886664048,
    0.6054574008637613,
    0.603167124721895,
    0.5906556733411857
  ],
  "auc_S_inv": [
    0.4709723858133752,
    0.47820965842167257,
    0.5027090694935219,
    0.522483968067007,
    0.4988614055751865,
    0.5026305457400864,
    0.48383719408454395,
    0.4987697945295118,
    0.5162936788378485,
    0.5042402826855124,
    0.5093443266588142,
    0.5151681717052742,
    0.49750032718230597,
    0.48178248920298394,
    0.5023949744797802,
    0.5171967020023557,
    0.4914801727522575,
    0.5006020154430049,
    0.5221436984687868,
    0.5084020416175894,
    0.5099856039785369,
    0.5003271823059808,
    0.48755398508048686,
    0.488561706582908,
    0.5024865855254548,
    0.5250359900536579,
    0.5401779871744536,
    0.5359507917811804,
    0.501557387776469,
    0.5510666143174977,
    0.5917157440125638,
    0.6115168171705274,
    0.666012302054705,
    0.7215809449024997,
    0.7751864939144092,
    0.7796885224447062,
    0.7856039785368407,
    0.7963486454652532,
    0.8501505038607513,
    0.8883784844915588,
    0.8616673210312786,
    0.8509095668106269,
    0.8389870435806832,
    0.8045674649914933,
    0.7743881690878158,
    0.7431226279282815,
    0.732639706844654,
    0.7145923308467478,
    0.724211490642586,
    0.7551236749116608,
    0.7462112288967413,
    0.7686951969637481,
    0.7299175500588928,
    0.6333856825022902,
    0.6266849888758017,
    0.6699123151419972,
    0.7022379269729093,
    0.7020677921737992,
    0.6735505823845047,
    0.6604632901452689,
    0.6730140034026959,
    0.6848056537102473,
    0.6694149980369061,
    0.6500719801073157,
    0.6459625703441958,
    0.6314225886664048,
    0.6054574008637613,
    0.603167124721895,
    0.5906556733411857
  ],
  "acc_R_macro": null,
  "auc_T": null,
  "latencies_ms": {
    "C": null,
    "S_raw": -80.0000000745058,
    "S_inv": -80.0000000745058,
    "T": null
  },
  "meta": {
    "align": "sacc",
    "orientation": "horizontal",
    "pt_min_ms": 200.0,
    "n_trials": 553,
    "n_bins": 69,
    "n_units": 118,
    "thr": 0.6,
    "k_bins": 5,
    "norm": "global",
    "baseline_win": null,
    "used_axes_mu_sd": false
  }
}