{
  "time": [
    -0.39000000059604645,
    -0.3799999952316284,
    -0.3700000047683716,
    -0.35999999940395355,
    -0.3499999940395355,
    -0.3400000035762787,
    -0.32999999821186066,
    -0.3199999928474426,
    -0.3100000023841858,
    -0.30000000447034836,
    -0.28999999910593033,
    -0.2800000011920929,
    -0.27000000327825546,
    -0.25999999791383743,
    -0.25,
    -0.24000000208616257,
    -0.23000000044703484,
    -0.2200000025331974,
    -0.21000000089406967,
    -0.19999999925494194,
    -0.1900000013411045,
    -0.17999999970197678,
    -0.16999999806284904,
    -0.1600000001490116,
    -0.14999999850988388,
    -0.13999999687075615,
    -0.12999999895691872,
    -0.11999999918043613,
    -0.10999999940395355,
    -0.09999999962747097,
    -0.08999999985098839,
    -0.0800000000745058,
    -0.07000000029802322,
    -0.06000000052154064,
    -0.049999999813735485,
    -0.0400000000372529,
    -0.03000000026077032,
    -0.020000000251457095,
    -0.010000000009313226,
    0.0,
    0.010000000009313226,
    0.020000000251457095,
    0.03000000026077032,
    0.0400000000372529,
    0.049999999813735485,
    0.06000000052154064,
    0.07000000029802322,
    0.0800000000745058,
    0.08999999985098839,
    0.09999999962747097,
    0.10999999940395355,
    0.11999999918043613,
    0.12999999895691872,
    0.13999999687075615,
    0.14999999850988388,
    0.1600000001490116,
    0.16999999806284904,
    0.17999999970197678,
    0.1900000013411045,
    0.19999999925494194,
    0.21000000089406967,
    0.2200000025331974,
    0.23000000044703484,
    0.24000000208616257,
    0.25,
    0.25999999791383743,
    0.27000000327825546,
    0.2800000011920929,
    0.28999999910593033
  ],
  "auc_C": null,
  "auc_S_raw": [
    0.46711451624842704,
    0.48811903175660676,
    0.5087349174624325,
    0.5336442371752165,
    0.5001480494485159,
    0.5042379154637648,
    0.5098267821452366,
    0.4873787845140276,
    0.5138426234362278,
    0.5117329187948776,
    0.4835665112147457,
    0.5096787326967207,
    0.5115293508031682,
    0.4890443408098305,
    0.49468872603449554,
    0.5155822044562884,
    0.5107891035605893,
    0.5207824413354061,
    0.5288326300984529,
    0.49537345473388117,
    0.5050151750684728,
    0.5025168406247686,
    0.49411503442149673,
    0.48360352357687464,
    0.5184876748834111,
    0.5342364349692797,
    0.5303686431268044,
    0.5169516618550596,
    0.5003701236212896,
    0.5701014138722333,
    0.6151639647642312,
    0.6071322821822489,
    0.6481234732400621,
    0.7100081427196684,
    0.7608261159227183,
    0.7812014212747058,
    0.8066104078762307,
    0.7955992301428678,
    0.8225627359538086,
    0.8576134428899254,
    0.8595936042638241,
    0.8486009327115257,
    0.8715485972314753,
    0.8544488859278999,
    0.8217854763491005,
    0.7898623140128802,
    0.7785735435635502,
    0.7577540898660153,
    0.7776297283292619,
    0.8159375231327264,
    0.7839033237101192,
    0.8022059367828855,
    0.778332963209712,
    0.6774927825893848,
    0.6535087719298245,
    0.7059367828854837,
    0.7451883929232364,
    0.7363239321933525,
    0.6811199940780222,
    0.6817677104152787,
    0.698904434080983,
    0.6780479680213192,
    0.6555999703901102,
    0.6635391220667703,
    0.6678510622547931,
    0.6262491672218521,
    0.6340217632689318,
    0.6182915093641277,
    0.584406691835073
  ],
  "auc_S_inv": [
    0.46711451624842704,
    0.48811903175660676,
    0.5087349174624325,
    0.5336442371752165,
    0.5001480494485159,
    0.5042379154637648,
    0.5098267821452366,
    0.4873787845140276,
    0.5138426234362278,
    0.5117329187948776,
    0.4835665112147457,
    0.5096787326967207,
    0.5115293508031682,
    0.4890443408098305,
    0.49468872603449554,
    0.5155822044562884,
    0.5107891035605893,
    0.5207824413354061,
    0.5288326300984529,
    0.49537345473388117,
    0.5050151750684728,
    0.5025168406247686,
    0.49411503442149673,
    0.48360352357687464,
    0.5184876748834111,
    0.5342364349692797,
    0.5303686431268044,
    0.5169516618550596,
    0.5003701236212896,
    0.5701014138722333,
    0.6151639647642312,
    0.6071322821822489,
    0.6481234732400621,
    0.7100081427196684,
    0.7608261159227183,
    0.7812014212747058,
    0.8066104078762307,
    0.7955992301428678,
    0.8225627359538086,
    0.8576134428899254,
    0.8595936042638241,
    0.8486009327115257,
    0.8715485972314753,
    0.8544488859278999,
    0.8217854763491005,
    0.7898623140128802,
    0.7785735435635502,
    0.7577540898660153,
    0.7776297283292619,
    0.8159375231327264,
    0.7839033237101192,
    0.8022059367828855,
    0.778332963209712,
    0.6774927825893848,
    0.6535087719298245,
    0.7059367828854837,
    0.7451883929232364,
    0.7363239321933525,
    0.6811199940780222,
    0.6817677104152787,
    0.698904434080983,
    0.6780479680213192,
    0.6555999703901102,
    0.6635391220667703,
    0.6678510622547931,
    0.6262491672218521,
    0.6340217632689318,
    0.6182915093641277,
    0.584406691835073
  ],
  "acc_R_macro": null,
  "auc_T": null,
  "latencies_ms": {
    "C": null,
    "S_raw": -89.99999985098839,
    "S_inv": -89.99999985098839,
    "T": null
  },
  "meta": {
    "align": "sacc",
    "orientation": "horizontal",
    "pt_min_ms": 200.0,
    "n_trials": 465,
    "n_bins": 69,
    "n_units": 118,
    "thr": 0.6,
    "k_bins": 5,
    "norm": "global",
    "baseline_win": null,
    "used_axes_mu_sd": false
  }
}