{
  "time": [
    -0.24000000208616257,
    -0.2199999988079071,
    -0.19999999552965164,
    -0.17999999970197678,
    -0.1600000038743019,
    -0.14000000059604645,
    -0.12000000104308128,
    -0.09999999776482582,
    -0.08000000193715096,
    -0.05999999865889549,
    -0.04000000096857548,
    -0.02000000001862645,
    0.0,
    0.02000000001862645,
    0.04000000096857548,
    0.05999999865889549,
    0.08000000193715096,
    0.09999999776482582,
    0.12000000104308128,
    0.14000000059604645,
    0.1600000038743019,
    0.17999999970197678,
    0.19999999552965164,
    0.2199999988079071,
    0.24000000208616257,
    0.25999999046325684,
    0.2800000011920929,
    0.29999999701976776,
    0.3199999928474426,
    0.3400000035762787,
    0.35999999940395355,
    0.3799999952316284,
    0.4000000059604645,
    0.42000000178813934,
    0.4399999976158142,
    0.46000000834465027,
    0.48000000417232513,
    0.5,
    0.5199999809265137,
    0.5400000214576721,
    0.5600000023841858,
    0.5799999833106995,
    0.6000000238418579,
    0.6200000047683716,
    0.6399999856948853,
    0.6599999964237213,
    0.6800000071525574,
    0.699999988079071,
    0.7199999988079071,
    0.7400000095367432,
    0.7599999904632568,
    0.7800000011920929
  ],
  "auc_C": [
    0.48988095238095236,
    0.5425099206349207,
    0.5080357142857143,
    0.48789682539682544,
    0.5192956349206349,
    0.5074404761904762,
    0.47450396825396823,
    0.5586309523809523,
    0.5339285714285714,
    0.5356646825396826,
    0.5064484126984127,
    0.5060515873015873,
    0.5163690476190476,
    0.5196924603174603,
    0.4933531746031746,
    0.5340277777777778,
    0.44196428571428575,
    0.5192460317460318,
    0.4935515873015873,
    0.4776289682539683,
    0.49806547619047614,
    0.5522321428571428,
    0.567063492063492,
    0.6263392857142858,
    0.6157738095238094,
    0.6795634920634921,
    0.6290674603174604,
    0.7698412698412699,
    0.8073908730158731,
    0.8203869047619048,
    0.8285714285714285,
    0.8597222222222222,
    0.9101190476190476,
    0.9211805555555556,
    0.9447916666666667,
    0.9637400793650794,
    0.9312996031746031,
    0.9384424603174603,
    0.9167162698412697,
    0.894345238095238,
    0.9236607142857143,
    0.9167162698412697,
    0.8641369047619047,
    0.8899305555555556,
    0.8810019841269842,
    0.792906746031746,
    0.7788690476190477,
    0.7435019841269842,
    0.6973710317460318,
    0.6107142857142858,
    0.6207837301587302,
    0.5545634920634921
  ],
  "auc_S_raw": null,
  "auc_S_inv": null,
  "acc_R_macro": [
    0.4560019841269841,
    0.3944444444444445,
    0.38541666666666663,
    0.4003472222222222,
    0.4046626984126984,
    0.43497023809523805,
    0.432688492063492,
    0.4253472222222222,
    0.4321924603174603,
    0.4222222222222222,
    0.4168154761904762,
    0.4355654761904762,
    0.3930059523809524,
    0.4430059523809524,
    0.3972222222222222,
    0.4009424603174603,
    0.4693452380952381,
    0.5075892857142856,
    0.5592757936507937,
    0.5283730158730159,
    0.484375,
    0.529811507936508,
    0.551438492063492,
    0.4920634920634921,
    0.5136904761904761,
    0.44012896825396824,
    0.4330357142857143,
    0.5028769841269841,
    0.4165674603174603,
    0.42197420634920635,
    0.4724702380952381,
    0.4035714285714286,
    0.40575396825396826,
    0.3867559523809524,
    0.3950396825396825,
    0.43472222222222223,
    0.4321924603174603,
    0.3958829365079365,
    0.4168154761904762,
    0.3825396825396825,
    0.4489087301587301,
    0.4690972222222222,
    0.3802579365079365,
    0.40009920634920637,
    0.3867559523809524,
    0.4234126984126984,
    0.40922619047619047,
    0.4378472222222222,
    0.3890376984126984,
    0.41200396825396823,
    0.40044642857142854,
    0.42906746031746035
  ],
  "auc_T": null,
  "latencies_ms": {
    "C": 219.9999988079071,
    "S_raw": null,
    "S_inv": null,
    "T": null
  },
  "meta": {
    "align": "stim",
    "orientation": "vertical",
    "pt_min_ms": 200.0,
    "n_trials": 286,
    "n_bins": 52,
    "n_units": 77,
    "thr": 0.6,
    "k_bins": 5,
    "norm": "global",
    "baseline_win": null,
    "used_axes_mu_sd": false
  }
}