{
  "time": [
    -0.24000000208616257,
    -0.2199999988079071,
    -0.19999999552965164,
    -0.17999999970197678,
    -0.1600000038743019,
    -0.14000000059604645,
    -0.12000000104308128,
    -0.09999999776482582,
    -0.08000000193715096,
    -0.05999999865889549,
    -0.04000000096857548,
    -0.02000000001862645,
    0.0,
    0.02000000001862645,
    0.04000000096857548,
    0.05999999865889549,
    0.08000000193715096,
    0.09999999776482582,
    0.12000000104308128,
    0.14000000059604645,
    0.1600000038743019,
    0.17999999970197678,
    0.19999999552965164,
    0.2199999988079071,
    0.24000000208616257,
    0.25999999046325684,
    0.2800000011920929,
    0.29999999701976776,
    0.3199999928474426,
    0.3400000035762787,
    0.35999999940395355,
    0.3799999952316284,
    0.4000000059604645,
    0.42000000178813934,
    0.4399999976158142,
    0.46000000834465027,
    0.48000000417232513,
    0.5,
    0.5199999809265137,
    0.5400000214576721,
    0.5600000023841858,
    0.5799999833106995,
    0.6000000238418579,
    0.6200000047683716,
    0.6399999856948853,
    0.6599999964237213,
    0.6800000071525574,
    0.699999988079071,
    0.7199999988079071,
    0.7400000095367432,
    0.7599999904632568,
    0.7800000011920929
  ],
  "auc_C": [
    0.5507936507936507,
    0.5220734126984127,
    0.5129960317460318,
    0.5484623015873016,
    0.5394841269841271,
    0.5072420634920635,
    0.585218253968254,
    0.4452876984126984,
    0.517361111111111,
    0.4866071428571428,
    0.5249999999999999,
    0.5347222222222223,
    0.575843253968254,
    0.5467757936507937,
    0.5065476190476191,
    0.45441468253968254,
    0.5509920634920635,
    0.4963789682539682,
    0.5506448412698413,
    0.6933035714285714,
    0.5949900793650793,
    0.6685515873015874,
    0.7027281746031746,
    0.5763888888888888,
    0.6141865079365079,
    0.5595734126984128,
    0.5848710317460317,
    0.5621527777777778,
    0.5336805555555556,
    0.6042658730158731,
    0.5541666666666667,
    0.5678571428571428,
    0.5532738095238096,
    0.5334325396825397,
    0.5443948412698413,
    0.540625,
    0.5996527777777778,
    0.4995535714285714,
    0.5637896825396825,
    0.49375,
    0.5103670634920635,
    0.5546626984126984,
    0.5596726190476191,
    0.5363095238095238,
    0.46984126984126984,
    0.5243551587301587,
    0.48368055555555556,
    0.495188492063492,
    0.46537698412698414,
    0.4879464285714286,
    0.45535714285714285,
    0.48268849206349207
  ],
  "auc_S_raw": null,
  "auc_S_inv": null,
  "acc_R_macro": [
    0.4282242063492063,
    0.4336309523809524,
    0.41488095238095235,
    0.44613095238095235,
    0.3711309523809524,
    0.36101190476190476,
    0.3575396825396825,
    0.3969742063492063,
    0.3944444444444445,
    0.4040674603174603,
    0.4055059523809524,
    0.4236607142857143,
    0.4131944444444444,
    0.48412698412698413,
    0.5122519841269841,
    0.5313988095238096,
    0.3952876984126984,
    0.38219246031746035,
    0.4046626984126984,
    0.4032242063492063,
    0.4015376984126984,
    0.4061011904761905,
    0.41140873015873014,
    0.424156746031746,
    0.41909722222222223,
    0.3969742063492063,
    0.40694444444444444,
    0.4199404761904762,
    0.38819444444444445,
    0.432688492063492,
    0.41572420634920637,
    0.417063492063492,
    0.39107142857142857,
    0.42619047619047623,
    0.4023809523809524,
    0.42966269841269844,
    0.39107142857142857,
    0.4211309523809524,
    0.4247519841269841,
    0.40262896825396827,
    0.40694444444444444,
    0.4040674603174603,
    0.3981646825396825,
    0.41403769841269844,
    0.36656746031746035,
    0.39672619047619045,
    0.4040674603174603,
    0.4463789682539683,
    0.4165674603174603,
    0.4017857142857143,
    0.4628472222222222,
    0.41488095238095235
  ],
  "auc_T": null,
  "latencies_ms": {
    "C": null,
    "S_raw": null,
    "S_inv": null,
    "T": null
  },
  "meta": {
    "align": "stim",
    "orientation": "vertical",
    "pt_min_ms": 200.0,
    "n_trials": 286,
    "n_bins": 52,
    "n_units": 47,
    "thr": 0.6,
    "k_bins": 5,
    "norm": "global",
    "baseline_win": null,
    "used_axes_mu_sd": false
  }
}