feature,band_start,band_end,I_fwd,I_rev,I_diff,pID_diff,mean_S_fwd_band,mean_S_rev_band,mean_S_diff_band,mean_zrob_fwd_band,mean_zrob_rev_band,mean_zrob_diff_band,mean_zfromp_fwd_band,mean_zfromp_rev_band,mean_zfromp_diff_band,mean_cles_fwd_band,mean_cles_rev_band,mean_cles_diff_band,frac_sig_diff_band,mean_S_fwd_all,mean_S_rev_all,mean_S_diff_all,mean_zrob_fwd_all,mean_zrob_rev_all,mean_zrob_diff_all,mean_zfromp_fwd_all,mean_zfromp_rev_all,mean_zfromp_diff_all,mean_cles_fwd_all,mean_cles_rev_all,mean_cles_diff_all,frac_sig_diff_all
C,0.12,0.28,0.03162988598320368,0.0629918534025494,-0.03136196741934572,0.93812375249501,0.5921785836086306,3.1705393442743413,0.2108561550956351,-0.48001399538447054,1.2654778355529501,-1.2972329901075919,-0.5324967011512993,0.5987908770758061,-0.7426189514084787,0.3166167664670659,0.843313373253493,0.1302395209580838,0.0,0.8073293902457886,2.3787518162595114,0.6813179128377914,-0.20265140926266795,1.0190837018736199,-0.9331482732017872,-0.3857936517796938,-0.20613694841323366,0.009380434736606448,0.37241073408738085,0.5963184741627856,0.3124417831004658,0.0
R,0.12,0.28,0.019020183530326022,0.011648194268824004,0.00737198926150202,0.029940119760479042,5.123807279628977,1.659284945191684,3.924198362785397,2.519979969933397,0.41877900693710046,1.5165396776282645,0.006151635759536478,0.3553842787333143,0.23008947271486888,0.9381237524950099,0.6170159680638723,0.8819860279441119,0.25,2.748984832545521,1.6521759797897435,2.1725418611623706,0.985417106183795,0.4224798398696796,0.4015893454731417,0.005210416715413738,0.3166220859974252,0.0561787406902047,0.6629407850964737,0.6008871146595697,0.586072299844755,0.15555555555555556
