{
  "sid": "20201004",
  "align": "stim",
  "features": [
    "C"
  ],
  "winC": [
    0.1,
    0.3
  ],
  "winR": null,
  "winS": null,
  "winT": null,
  "pt_min_ms": 200.0,
  "orientation": "horizontal",
  "areas": [
    "MFEF",
    "MLIP",
    "MSC"
  ],
  "tag": "axes_peakbin_stimC-stim-horizontal-20mssw_nofilter",
  "norm": "global",
  "baseline_win": null,
  "clf_binary": "logreg",
  "C_grid": [
    0.1,
    0.3,
    1.0,
    3.0,
    10.0
  ],
  "lda_shrinkage": null,
  "searchC": true,
  "searchS": false,
  "searchT": false,
  "searchR": false,
  "search_step_ms": 20.0,
  "search_len_ms": [
    50.0,
    100.0,
    150.0,
    200.0,
    250.0
  ],
  "search_range_C": "0.00:0.50",
  "search_range_S": null,
  "search_range_T": null,
  "search_range_R": null,
  "search_score_mode": "peak_bin_auc",
  "search_tiebreak": "shortest_then_earliest",
  "search_tol": 0.01,
  "per_area_results": {
    "MFEF": {
      "winC_selected": [
        0.18,
        0.22999999999999998
      ],
      "winC_cv_best": 0.9553660527986936,
      "winC_best_param": 0.1,
      "winC_peak_time_ms": 210.00000089406967,
      "winC_peak_auc": 0.9553660527986936,
      "winC_mean_bin_auc": 0.9380023587045269,
      "winC_cv_auc_original": 0.990281547398344,
      "sC_auc": 0.9553660527986936,
      "n_trials_C": 297
    },
    "MLIP": {
      "winC_selected": [
        0.25999999999999995,
        0.30999999999999994
      ],
      "winC_cv_best": 0.8762587317427197,
      "winC_best_param": 0.1,
      "winC_peak_time_ms": 299.99999701976776,
      "winC_peak_auc": 0.8762587317427197,
      "winC_mean_bin_auc": 0.8606776739544588,
      "winC_cv_auc_original": 0.9276203188728216,
      "sC_auc": 0.8762587317427197,
      "n_trials_C": 297
    },
    "MSC": {
      "winC_selected": [
        0.34,
        0.49
      ],
      "winC_cv_best": 0.6262133720402795,
      "winC_best_param": 10.0,
      "winC_peak_time_ms": 460.00000834465027,
      "winC_peak_auc": 0.6262133720402795,
      "winC_mean_bin_auc": 0.5577655810577882,
      "winC_cv_auc_original": 0.6066486219255964,
      "sC_auc": 0.6262133720402795,
      "n_trials_C": 297
    }
  },
  "rebin_factor": null,
  "sliding_window_ms": 20.0,
  "sliding_step_ms": 10.0,
  "sliding_window_bins": 2,
  "sliding_step_bins": 1
}