{
  "time": [
    -0.39000000059604645,
    -0.3799999952316284,
    -0.3700000047683716,
    -0.35999999940395355,
    -0.3499999940395355,
    -0.3400000035762787,
    -0.32999999821186066,
    -0.3199999928474426,
    -0.3100000023841858,
    -0.30000000447034836,
    -0.28999999910593033,
    -0.2800000011920929,
    -0.27000000327825546,
    -0.25999999791383743,
    -0.25,
    -0.24000000208616257,
    -0.23000000044703484,
    -0.2200000025331974,
    -0.21000000089406967,
    -0.19999999925494194,
    -0.1900000013411045,
    -0.17999999970197678,
    -0.16999999806284904,
    -0.1600000001490116,
    -0.14999999850988388,
    -0.13999999687075615,
    -0.12999999895691872,
    -0.11999999918043613,
    -0.10999999940395355,
    -0.09999999962747097,
    -0.08999999985098839,
    -0.0800000000745058,
    -0.07000000029802322,
    -0.06000000052154064,
    -0.049999999813735485,
    -0.0400000000372529,
    -0.03000000026077032,
    -0.020000000251457095,
    -0.010000000009313226,
    0.0,
    0.010000000009313226,
    0.020000000251457095,
    0.03000000026077032,
    0.0400000000372529,
    0.049999999813735485,
    0.06000000052154064,
    0.07000000029802322,
    0.0800000000745058,
    0.08999999985098839,
    0.09999999962747097,
    0.10999999940395355,
    0.11999999918043613,
    0.12999999895691872,
    0.13999999687075615,
    0.14999999850988388,
    0.1600000001490116,
    0.16999999806284904,
    0.17999999970197678,
    0.1900000013411045,
    0.19999999925494194,
    0.21000000089406967,
    0.2200000025331974,
    0.23000000044703484,
    0.24000000208616257,
    0.25,
    0.25999999791383743,
    0.27000000327825546,
    0.2800000011920929,
    0.28999999910593033
  ],
  "auc_C": null,
  "auc_S_raw": [
    0.4568588280060883,
    0.4675608828006088,
    0.4933409436834094,
    0.49453006088280066,
    0.46913051750380513,
    0.46009322678843223,
    0.5133181126331811,
    0.5100837138508371,
    0.48891742770167423,
    0.47517123287671237,
    0.520880898021309,
    0.5566971080669711,
    0.552796803652968,
    0.5132705479452054,
    0.4690829528158295,
    0.49728881278538817,
    0.4404014459665145,
    0.4654204718417047,
    0.5491818873668188,
    0.5002378234398782,
    0.47108066971080664,
    0.5388603500761034,
    0.5569349315068494,
    0.5048991628614916,
    0.4811643835616438,
    0.5023782343987824,
    0.5566971080669711,
    0.5546518264840183,
    0.611253805175038,
    0.6824105783866058,
    0.6912576103500762,
    0.7776826484018265,
    0.825580289193303,
    0.8475076103500762,
    0.8812309741248098,
    0.9072488584474885,
    0.9189973363774734,
    0.9412100456621005,
    0.9812595129375952,
    0.974410197869102,
    0.9678938356164384,
    0.9435882800608828,
    0.9465372907153728,
    0.9306982496194824,
    0.9097697869101978,
    0.9089611872146118,
    0.9255136986301371,
    0.875808599695586,
    0.8321917808219178,
    0.8206335616438356,
    0.8041286149162862,
    0.7242199391171993,
    0.7197964231354642,
    0.7287385844748859,
    0.7325913242009132,
    0.7303082191780822,
    0.6495909436834094,
    0.5893264840182648,
    0.6170091324200914,
    0.6416476407914764,
    0.6400304414003044,
    0.6616723744292238,
    0.6552511415525114,
    0.6077815829528158,
    0.6395072298325724,
    0.6590563165905632,
    0.6094463470319634,
    0.589564307458143,
    0.6002663622526636
  ],
  "auc_S_inv": [
    0.4568588280060883,
    0.4675608828006088,
    0.4933409436834094,
    0.49453006088280066,
    0.46913051750380513,
    0.46009322678843223,
    0.5133181126331811,
    0.5100837138508371,
    0.48891742770167423,
    0.47517123287671237,
    0.520880898021309,
    0.5566971080669711,
    0.552796803652968,
    0.5132705479452054,
    0.4690829528158295,
    0.49728881278538817,
    0.4404014459665145,
    0.4654204718417047,
    0.5491818873668188,
    0.5002378234398782,
    0.47108066971080664,
    0.5388603500761034,
    0.5569349315068494,
    0.5048991628614916,
    0.4811643835616438,
    0.5023782343987824,
    0.5566971080669711,
    0.5546518264840183,
    0.611253805175038,
    0.6824105783866058,
    0.6912576103500762,
    0.7776826484018265,
    0.825580289193303,
    0.8475076103500762,
    0.8812309741248098,
    0.9072488584474885,
    0.9189973363774734,
    0.9412100456621005,
    0.9812595129375952,
    0.974410197869102,
    0.9678938356164384,
    0.9435882800608828,
    0.9465372907153728,
    0.9306982496194824,
    0.9097697869101978,
    0.9089611872146118,
    0.9255136986301371,
    0.875808599695586,
    0.8321917808219178,
    0.8206335616438356,
    0.8041286149162862,
    0.7242199391171993,
    0.7197964231354642,
    0.7287385844748859,
    0.7325913242009132,
    0.7303082191780822,
    0.6495909436834094,
    0.5893264840182648,
    0.6170091324200914,
    0.6416476407914764,
    0.6400304414003044,
    0.6616723744292238,
    0.6552511415525114,
    0.6077815829528158,
    0.6395072298325724,
    0.6590563165905632,
    0.6094463470319634,
    0.589564307458143,
    0.6002663622526636
  ],
  "acc_R_macro": null,
  "auc_T": null,
  "latencies_ms": {
    "C": null,
    "S_raw": -109.99999940395355,
    "S_inv": -109.99999940395355,
    "T": null
  },
  "meta": {
    "align": "sacc",
    "orientation": "horizontal",
    "pt_min_ms": 200.0,
    "n_trials": 290,
    "n_bins": 69,
    "n_units": 82,
    "thr": 0.6,
    "k_bins": 5,
    "norm": "global",
    "baseline_win": null,
    "used_axes_mu_sd": false
  }
}