{
  "sid": "20201211",
  "align": "stim",
  "features": [
    "C",
    "R"
  ],
  "winC": [
    0.1,
    0.3
  ],
  "winR": [
    0.05,
    0.2
  ],
  "winS": null,
  "winT": null,
  "pt_min_ms": 200.0,
  "orientation": "vertical",
  "areas": [
    "MFEF",
    "MLIP",
    "MSC"
  ],
  "tag": "axes_peakbin_stimCR-stim-vertical-20mssw_nofilter",
  "norm": "global",
  "baseline_win": null,
  "clf_binary": "logreg",
  "C_grid": [
    0.1,
    0.3,
    1.0,
    3.0,
    10.0
  ],
  "lda_shrinkage": null,
  "searchC": true,
  "searchS": false,
  "searchT": false,
  "searchR": true,
  "search_step_ms": 20.0,
  "search_len_ms": [
    50.0,
    100.0,
    150.0,
    200.0,
    250.0
  ],
  "search_range_C": "0.00:0.50",
  "search_range_S": null,
  "search_range_T": null,
  "search_range_R": "0.00:0.50",
  "search_score_mode": "peak_bin_auc",
  "search_tiebreak": "shortest_then_earliest",
  "search_tol": 0.01,
  "per_area_results": {
    "MFEF": {
      "winC_selected": [
        0.21999999999999997,
        0.26999999999999996
      ],
      "winC_cv_best": 0.9548229548229548,
      "winC_best_param": 1.0,
      "winC_peak_time_ms": 220.0000025331974,
      "winC_peak_auc": 0.9548229548229548,
      "winC_mean_bin_auc": 0.9295970695970697,
      "winC_cv_auc_original": 0.9966153846153846,
      "winR_selected": [
        0.16,
        0.41000000000000003
      ],
      "winR_cv_best": 0.7306153846153847,
      "sC_auc": 0.9548229548229548,
      "n_trials_C": 256
    },
    "MLIP": {
      "winC_selected": [
        0.4000000000000001,
        0.5000000000000001
      ],
      "winC_cv_best": 0.9727716727716729,
      "winC_best_param": 0.1,
      "winC_peak_time_ms": 490.00000208616257,
      "winC_peak_auc": 0.9727716727716729,
      "winC_mean_bin_auc": 0.9403929403929404,
      "winC_cv_auc_original": 0.9917514792899407,
      "winR_selected": [
        0.14,
        0.24000000000000002
      ],
      "winR_cv_best": 0.5992307692307692,
      "sC_auc": 0.9727716727716729,
      "n_trials_C": 256
    },
    "MSC": {
      "winC_selected": [
        0.4000000000000001,
        0.5000000000000001
      ],
      "winC_cv_best": 0.9202075702075702,
      "winC_best_param": 0.3,
      "winC_peak_time_ms": 500.0,
      "winC_peak_auc": 0.9202075702075702,
      "winC_mean_bin_auc": 0.8859029859029858,
      "winC_cv_auc_original": 0.9904615384615385,
      "winR_selected": [
        0.1,
        0.30000000000000004
      ],
      "winR_cv_best": 0.5979999999999999,
      "sC_auc": 0.9202075702075702,
      "n_trials_C": 256
    }
  },
  "rebin_factor": null,
  "sliding_window_ms": 20.0,
  "sliding_step_ms": 10.0,
  "sliding_window_bins": 4,
  "sliding_step_bins": 2
}