{
  "time": [
    -0.24000000208616257,
    -0.2199999988079071,
    -0.19999999552965164,
    -0.17999999970197678,
    -0.1600000038743019,
    -0.14000000059604645,
    -0.12000000104308128,
    -0.09999999776482582,
    -0.08000000193715096,
    -0.05999999865889549,
    -0.04000000096857548,
    -0.02000000001862645,
    0.0,
    0.02000000001862645,
    0.04000000096857548,
    0.05999999865889549,
    0.08000000193715096,
    0.09999999776482582,
    0.12000000104308128,
    0.14000000059604645,
    0.1600000038743019,
    0.17999999970197678,
    0.19999999552965164,
    0.2199999988079071,
    0.24000000208616257,
    0.25999999046325684,
    0.2800000011920929,
    0.29999999701976776,
    0.3199999928474426,
    0.3400000035762787,
    0.35999999940395355,
    0.3799999952316284,
    0.4000000059604645,
    0.42000000178813934,
    0.4399999976158142,
    0.46000000834465027,
    0.48000000417232513,
    0.5,
    0.5199999809265137,
    0.5400000214576721,
    0.5600000023841858,
    0.5799999833106995,
    0.6000000238418579,
    0.6200000047683716,
    0.6399999856948853,
    0.6599999964237213,
    0.6800000071525574,
    0.699999988079071,
    0.7199999988079071,
    0.7400000095367432,
    0.7599999904632568,
    0.7800000011920929
  ],
  "auc_C": [
    0.48511470281543273,
    0.52288842544317,
    0.4667883211678832,
    0.5501042752867571,
    0.4617049009384776,
    0.5510492700729928,
    0.5279066736183524,
    0.5171923879040667,
    0.5149374348279457,
    0.46784410844629826,
    0.4987617309697602,
    0.5090719499478624,
    0.4829770594369135,
    0.528415015641293,
    0.5229340458811262,
    0.5460505735140772,
    0.5348474973931179,
    0.5470020855057351,
    0.633133472367049,
    0.6250260688216892,
    0.6269160583941606,
    0.7141684045881126,
    0.7261274765380604,
    0.7382950990615225,
    0.7839285714285713,
    0.7818235140771637,
    0.811861313868613,
    0.7570255474452555,
    0.7532194994786234,
    0.7427659019812305,
    0.7323383733055266,
    0.6476016684045881,
    0.6759384775808133,
    0.5978428050052138,
    0.6413060479666318,
    0.5857664233576643,
    0.5999934827945776,
    0.6095281543274244,
    0.5507820646506777,
    0.6031087069864443,
    0.5719499478623566,
    0.5616332116788322,
    0.5715719499478624,
    0.5128454118873826,
    0.5926290406673618,
    0.5801551094890511,
    0.5245177267987486,
    0.5143704379562044,
    0.5262904066736185,
    0.5644356100104275,
    0.5255604796663191,
    0.5208159541188738
  ],
  "auc_S_raw": null,
  "auc_S_inv": null,
  "acc_R_macro": [
    0.3608576642335767,
    0.38100886339937434,
    0.3967674661105318,
    0.3737486965589155,
    0.3666058394160584,
    0.4278675703858186,
    0.3912930135557873,
    0.3826772679874869,
    0.3843456725755996,
    0.3898983315954119,
    0.41330813347236706,
    0.42037278415015644,
    0.40802919708029195,
    0.3811652763295099,
    0.4006908237747654,
    0.38089155370177263,
    0.40787278415015643,
    0.44739311783107405,
    0.38566214807090715,
    0.3972367049009385,
    0.41862617309697603,
    0.38807351407716373,
    0.4368743482794578,
    0.45151199165797706,
    0.4081856100104275,
    0.4279848800834202,
    0.4459593326381648,
    0.423944212721585,
    0.42767205422314913,
    0.42775026068821687,
    0.42600364963503645,
    0.43893378519290926,
    0.391410323253389,
    0.38407194994786237,
    0.4672314911366007,
    0.4166840458811262,
    0.3935479666319083,
    0.42794577685088636,
    0.41532846715328464,
    0.3917231491136601,
    0.4006517205422315,
    0.4152502606882169,
    0.4130344108446298,
    0.3752215849843587,
    0.3825599582898853,
    0.39346976016684043,
    0.41672314911366004,
    0.3990615224191867,
    0.3809697601668405,
    0.38430656934306573,
    0.4005344108446298,
    0.41322992700729927
  ],
  "auc_T": null,
  "latencies_ms": {
    "C": 120.00000104308128,
    "S_raw": null,
    "S_inv": null,
    "T": null
  },
  "meta": {
    "align": "stim",
    "orientation": "vertical",
    "pt_min_ms": 200.0,
    "n_trials": 554,
    "n_bins": 52,
    "n_units": 32,
    "thr": 0.6,
    "k_bins": 5,
    "norm": "global",
    "baseline_win": null,
    "used_axes_mu_sd": false
  }
}