{
  "time": [
    -0.39000000059604645,
    -0.3799999952316284,
    -0.3700000047683716,
    -0.35999999940395355,
    -0.3499999940395355,
    -0.3400000035762787,
    -0.32999999821186066,
    -0.3199999928474426,
    -0.3100000023841858,
    -0.30000000447034836,
    -0.28999999910593033,
    -0.2800000011920929,
    -0.27000000327825546,
    -0.25999999791383743,
    -0.25,
    -0.24000000208616257,
    -0.23000000044703484,
    -0.2200000025331974,
    -0.21000000089406967,
    -0.19999999925494194,
    -0.1900000013411045,
    -0.17999999970197678,
    -0.16999999806284904,
    -0.1600000001490116,
    -0.14999999850988388,
    -0.13999999687075615,
    -0.12999999895691872,
    -0.11999999918043613,
    -0.10999999940395355,
    -0.09999999962747097,
    -0.08999999985098839,
    -0.0800000000745058,
    -0.07000000029802322,
    -0.06000000052154064,
    -0.049999999813735485,
    -0.0400000000372529,
    -0.03000000026077032,
    -0.020000000251457095,
    -0.010000000009313226,
    0.0,
    0.010000000009313226,
    0.020000000251457095,
    0.03000000026077032,
    0.0400000000372529,
    0.049999999813735485,
    0.06000000052154064,
    0.07000000029802322,
    0.0800000000745058,
    0.08999999985098839,
    0.09999999962747097,
    0.10999999940395355,
    0.11999999918043613,
    0.12999999895691872,
    0.13999999687075615,
    0.14999999850988388,
    0.1600000001490116,
    0.16999999806284904,
    0.17999999970197678,
    0.1900000013411045,
    0.19999999925494194,
    0.21000000089406967,
    0.2200000025331974,
    0.23000000044703484,
    0.24000000208616257,
    0.25,
    0.25999999791383743,
    0.27000000327825546,
    0.2800000011920929,
    0.28999999910593033
  ],
  "auc_C": null,
  "auc_S_raw": [
    0.49408866995073886,
    0.5144704433497537,
    0.570012315270936,
    0.4989532019704434,
    0.4355295566502463,
    0.5092980295566503,
    0.5108374384236454,
    0.5097906403940886,
    0.5838669950738916,
    0.5581280788177339,
    0.484051724137931,
    0.4768472906403941,
    0.4769704433497537,
    0.4510467980295567,
    0.48318965517241386,
    0.4991995073891626,
    0.4887315270935961,
    0.4704433497536946,
    0.5105911330049261,
    0.4933497536945813,
    0.4256773399014778,
    0.4387315270935961,
    0.4597906403940887,
    0.47339901477832513,
    0.4953817733990147,
    0.520935960591133,
    0.5682266009852217,
    0.5521551724137931,
    0.5561576354679802,
    0.6045566502463054,
    0.6115147783251231,
    0.6039408866995074,
    0.6258004926108374,
    0.6540024630541872,
    0.7062192118226601,
    0.7523399014778325,
    0.7314655172413793,
    0.7642241379310345,
    0.8091133004926109,
    0.8381773399014779,
    0.8769088669950739,
    0.8776477832512316,
    0.8782019704433497,
    0.984051724137931,
    0.9970443349753695,
    0.9756773399014779,
    0.9374384236453203,
    0.8967980295566502,
    0.7260467980295566,
    0.6339901477832512,
    0.5689655172413792,
    0.5613916256157636,
    0.6709975369458129,
    0.7529556650246304,
    0.7832512315270936,
    0.6697044334975369,
    0.5891009852216749,
    0.6086206896551724,
    0.6338669950738915,
    0.6038793103448276,
    0.5903940886699508,
    0.5918103448275862,
    0.6054187192118227,
    0.5930418719211822,
    0.5649630541871921,
    0.5852216748768473,
    0.5938423645320198,
    0.6117610837438423,
    0.6074507389162561
  ],
  "auc_S_inv": [
    0.49408866995073886,
    0.5144704433497537,
    0.570012315270936,
    0.4989532019704434,
    0.4355295566502463,
    0.5092980295566503,
    0.5108374384236454,
    0.5097906403940886,
    0.5838669950738916,
    0.5581280788177339,
    0.484051724137931,
    0.4768472906403941,
    0.4769704433497537,
    0.4510467980295567,
    0.48318965517241386,
    0.4991995073891626,
    0.4887315270935961,
    0.4704433497536946,
    0.5105911330049261,
    0.4933497536945813,
    0.4256773399014778,
    0.4387315270935961,
    0.4597906403940887,
    0.47339901477832513,
    0.4953817733990147,
    0.520935960591133,
    0.5682266009852217,
    0.5521551724137931,
    0.5561576354679802,
    0.6045566502463054,
    0.6115147783251231,
    0.6039408866995074,
    0.6258004926108374,
    0.6540024630541872,
    0.7062192118226601,
    0.7523399014778325,
    0.7314655172413793,
    0.7642241379310345,
    0.8091133004926109,
    0.8381773399014779,
    0.8769088669950739,
    0.8776477832512316,
    0.8782019704433497,
    0.984051724137931,
    0.9970443349753695,
    0.9756773399014779,
    0.9374384236453203,
    0.8967980295566502,
    0.7260467980295566,
    0.6339901477832512,
    0.5689655172413792,
    0.5613916256157636,
    0.6709975369458129,
    0.7529556650246304,
    0.7832512315270936,
    0.6697044334975369,
    0.5891009852216749,
    0.6086206896551724,
    0.6338669950738915,
    0.6038793103448276,
    0.5903940886699508,
    0.5918103448275862,
    0.6054187192118227,
    0.5930418719211822,
    0.5649630541871921,
    0.5852216748768473,
    0.5938423645320198,
    0.6117610837438423,
    0.6074507389162561
  ],
  "acc_R_macro": null,
  "auc_T": null,
  "latencies_ms": {
    "C": null,
    "S_raw": -99.99999962747097,
    "S_inv": -99.99999962747097,
    "T": null
  },
  "meta": {
    "align": "sacc",
    "orientation": "horizontal",
    "pt_min_ms": 200.0,
    "n_trials": 256,
    "n_bins": 69,
    "n_units": 76,
    "thr": 0.6,
    "k_bins": 5,
    "norm": "global",
    "baseline_win": null,
    "used_axes_mu_sd": false
  }
}