{
  "time": [
    -0.39000000059604645,
    -0.3799999952316284,
    -0.3700000047683716,
    -0.35999999940395355,
    -0.3499999940395355,
    -0.3400000035762787,
    -0.32999999821186066,
    -0.3199999928474426,
    -0.3100000023841858,
    -0.30000000447034836,
    -0.28999999910593033,
    -0.2800000011920929,
    -0.27000000327825546,
    -0.25999999791383743,
    -0.25,
    -0.24000000208616257,
    -0.23000000044703484,
    -0.2200000025331974,
    -0.21000000089406967,
    -0.19999999925494194,
    -0.1900000013411045,
    -0.17999999970197678,
    -0.16999999806284904,
    -0.1600000001490116,
    -0.14999999850988388,
    -0.13999999687075615,
    -0.12999999895691872,
    -0.11999999918043613,
    -0.10999999940395355,
    -0.09999999962747097,
    -0.08999999985098839,
    -0.0800000000745058,
    -0.07000000029802322,
    -0.06000000052154064,
    -0.049999999813735485,
    -0.0400000000372529,
    -0.03000000026077032,
    -0.020000000251457095,
    -0.010000000009313226,
    0.0,
    0.010000000009313226,
    0.020000000251457095,
    0.03000000026077032,
    0.0400000000372529,
    0.049999999813735485,
    0.06000000052154064,
    0.07000000029802322,
    0.0800000000745058,
    0.08999999985098839,
    0.09999999962747097,
    0.10999999940395355,
    0.11999999918043613,
    0.12999999895691872,
    0.13999999687075615,
    0.14999999850988388,
    0.1600000001490116,
    0.16999999806284904,
    0.17999999970197678,
    0.1900000013411045,
    0.19999999925494194,
    0.21000000089406967,
    0.2200000025331974,
    0.23000000044703484,
    0.24000000208616257,
    0.25,
    0.25999999791383743,
    0.27000000327825546,
    0.2800000011920929,
    0.28999999910593033
  ],
  "auc_C": null,
  "auc_S_raw": [
    0.4993452380952381,
    0.5223214285714286,
    0.5714880952380953,
    0.49940476190476196,
    0.43886904761904766,
    0.5152976190476191,
    0.5074404761904762,
    0.49779761904761904,
    0.5765476190476191,
    0.552202380952381,
    0.4878571428571429,
    0.47732142857142856,
    0.47678571428571437,
    0.45738095238095233,
    0.4788690476190476,
    0.48994047619047615,
    0.4938095238095238,
    0.46363095238095237,
    0.5082142857142857,
    0.5,
    0.429047619047619,
    0.43333333333333335,
    0.45125000000000004,
    0.4692857142857143,
    0.5018452380952381,
    0.5303571428571429,
    0.5678571428571428,
    0.547797619047619,
    0.552202380952381,
    0.5939285714285714,
    0.6001785714285715,
    0.6061309523809524,
    0.6287499999999999,
    0.6495833333333334,
    0.6933333333333334,
    0.7452976190476192,
    0.7283333333333333,
    0.7729761904761905,
    0.8020833333333334,
    0.8220833333333334,
    0.8756547619047618,
    0.8807738095238095,
    0.885,
    0.9866666666666667,
    0.997202380952381,
    0.9742857142857142,
    0.9327380952380951,
    0.8958928571428572,
    0.7126785714285714,
    0.62375,
    0.5636309523809524,
    0.5605357142857142,
    0.6598214285714286,
    0.7417261904761904,
    0.7702976190476192,
    0.6497619047619049,
    0.5658333333333334,
    0.5858928571428571,
    0.6132738095238095,
    0.5910119047619047,
    0.5713690476190476,
    0.5648809523809524,
    0.5736904761904762,
    0.5592261904761905,
    0.5380952380952381,
    0.5693452380952382,
    0.5855357142857143,
    0.591845238095238,
    0.591547619047619
  ],
  "auc_S_inv": [
    0.4993452380952381,
    0.5223214285714286,
    0.5714880952380953,
    0.49940476190476196,
    0.43886904761904766,
    0.5152976190476191,
    0.5074404761904762,
    0.49779761904761904,
    0.5765476190476191,
    0.552202380952381,
    0.4878571428571429,
    0.47732142857142856,
    0.47678571428571437,
    0.45738095238095233,
    0.4788690476190476,
    0.48994047619047615,
    0.4938095238095238,
    0.46363095238095237,
    0.5082142857142857,
    0.5,
    0.429047619047619,
    0.43333333333333335,
    0.45125000000000004,
    0.4692857142857143,
    0.5018452380952381,
    0.5303571428571429,
    0.5678571428571428,
    0.547797619047619,
    0.552202380952381,
    0.5939285714285714,
    0.6001785714285715,
    0.6061309523809524,
    0.6287499999999999,
    0.6495833333333334,
    0.6933333333333334,
    0.7452976190476192,
    0.7283333333333333,
    0.7729761904761905,
    0.8020833333333334,
    0.8220833333333334,
    0.8756547619047618,
    0.8807738095238095,
    0.885,
    0.9866666666666667,
    0.997202380952381,
    0.9742857142857142,
    0.9327380952380951,
    0.8958928571428572,
    0.7126785714285714,
    0.62375,
    0.5636309523809524,
    0.5605357142857142,
    0.6598214285714286,
    0.7417261904761904,
    0.7702976190476192,
    0.6497619047619049,
    0.5658333333333334,
    0.5858928571428571,
    0.6132738095238095,
    0.5910119047619047,
    0.5713690476190476,
    0.5648809523809524,
    0.5736904761904762,
    0.5592261904761905,
    0.5380952380952381,
    0.5693452380952382,
    0.5855357142857143,
    0.591845238095238,
    0.591547619047619
  ],
  "acc_R_macro": null,
  "auc_T": null,
  "latencies_ms": {
    "C": null,
    "S_raw": -89.99999985098839,
    "S_inv": -89.99999985098839,
    "T": null
  },
  "meta": {
    "align": "sacc",
    "orientation": "horizontal",
    "pt_min_ms": 200.0,
    "n_trials": 260,
    "n_bins": 69,
    "n_units": 76,
    "thr": 0.6,
    "k_bins": 5,
    "norm": "global",
    "baseline_win": null,
    "used_axes_mu_sd": false
  }
}