{
  "time": [
    -0.39000000059604645,
    -0.3799999952316284,
    -0.3700000047683716,
    -0.35999999940395355,
    -0.3499999940395355,
    -0.3400000035762787,
    -0.32999999821186066,
    -0.3199999928474426,
    -0.3100000023841858,
    -0.30000000447034836,
    -0.28999999910593033,
    -0.2800000011920929,
    -0.27000000327825546,
    -0.25999999791383743,
    -0.25,
    -0.24000000208616257,
    -0.23000000044703484,
    -0.2200000025331974,
    -0.21000000089406967,
    -0.19999999925494194,
    -0.1900000013411045,
    -0.17999999970197678,
    -0.16999999806284904,
    -0.1600000001490116,
    -0.14999999850988388,
    -0.13999999687075615,
    -0.12999999895691872,
    -0.11999999918043613,
    -0.10999999940395355,
    -0.09999999962747097,
    -0.08999999985098839,
    -0.0800000000745058,
    -0.07000000029802322,
    -0.06000000052154064,
    -0.049999999813735485,
    -0.0400000000372529,
    -0.03000000026077032,
    -0.020000000251457095,
    -0.010000000009313226,
    0.0,
    0.010000000009313226,
    0.020000000251457095,
    0.03000000026077032,
    0.0400000000372529,
    0.049999999813735485,
    0.06000000052154064,
    0.07000000029802322,
    0.0800000000745058,
    0.08999999985098839,
    0.09999999962747097,
    0.10999999940395355,
    0.11999999918043613,
    0.12999999895691872,
    0.13999999687075615,
    0.14999999850988388,
    0.1600000001490116,
    0.16999999806284904,
    0.17999999970197678,
    0.1900000013411045,
    0.19999999925494194,
    0.21000000089406967,
    0.2200000025331974,
    0.23000000044703484,
    0.24000000208616257,
    0.25,
    0.25999999791383743,
    0.27000000327825546,
    0.2800000011920929,
    0.28999999910593033
  ],
  "auc_C": [
    0.5250041152263374,
    0.48977777777777776,
    0.5286913580246912,
    0.47260905349794236,
    0.4351440329218107,
    0.4782551440329218,
    0.5382386831275721,
    0.5158189300411522,
    0.5061399176954733,
    0.5204444444444445,
    0.5192757201646091,
    0.48864197530864206,
    0.5277530864197532,
    0.5496296296296297,
    0.5594732510288065,
    0.5743209876543209,
    0.5015637860082305,
    0.5389794238683128,
    0.532329218106996,
    0.5017119341563786,
    0.5307818930041152,
    0.5692674897119342,
    0.5543209876543209,
    0.5392427983539095,
    0.5328395061728395,
    0.5306666666666666,
    0.520082304526749,
    0.5577942386831276,
    0.6209876543209876,
    0.6698765432098764,
    0.7060576131687243,
    0.678962962962963,
    0.6682139917695473,
    0.6848395061728395,
    0.6704197530864198,
    0.6261234567901235,
    0.6228148148148149,
    0.6225843621399176,
    0.6118353909465021,
    0.6228312757201646,
    0.6577448559670782,
    0.6203292181069958,
    0.6000493827160494,
    0.6358518518518519,
    0.6154897119341564,
    0.5928559670781893,
    0.6269629629629629,
    0.6583374485596708,
    0.6012345679012345,
    0.6625349794238683,
    0.7192757201646092,
    0.6242304526748971,
    0.5807242798353909,
    0.5259259259259259,
    0.5343374485596708,
    0.5422057613168725,
    0.5102716049382716,
    0.534633744855967,
    0.5391440329218107,
    0.5169547325102881,
    0.5044279835390947,
    0.5116872427983539,
    0.5118353909465021,
    0.507358024691358,
    0.504477366255144,
    0.5103703703703704,
    0.48487242798353913,
    0.48706172839506173,
    0.524559670781893
  ],
  "auc_S_raw": [
    0.5034584980237155,
    0.5051548089591568,
    0.4676712779973649,
    0.5018445322793149,
    0.5019598155467722,
    0.4926054018445323,
    0.5007575757575757,
    0.4979907773386034,
    0.46105072463768115,
    0.4554841897233201,
    0.5023550724637681,
    0.5215744400527009,
    0.5210144927536232,
    0.5175395256916996,
    0.5623682476943346,
    0.5250329380764164,
    0.48550724637681164,
    0.5164361001317522,
    0.5408432147562582,
    0.5287055335968379,
    0.5208498023715415,
    0.5742588932806323,
    0.5655632411067194,
    0.49896245059288535,
    0.4991600790513834,
    0.5537220026350461,
    0.596096837944664,
    0.60449604743083,
    0.6082839262187087,
    0.6386528326745718,
    0.7012187088274044,
    0.6851778656126482,
    0.7294466403162055,
    0.7361824769433466,
    0.7623847167325428,
    0.753030303030303,
    0.7922430830039525,
    0.8053359683794467,
    0.8188899868247694,
    0.837697628458498,
    0.834568511198946,
    0.836528326745718,
    0.8747364953886693,
    0.8935441370223978,
    0.9029973649538866,
    0.8840085638998683,
    0.8127140974967062,
    0.7576251646903821,
    0.7453722002635047,
    0.7400527009222662,
    0.7504611330698288,
    0.7438899868247695,
    0.7592226613965745,
    0.7143115942028985,
    0.7252964426877471,
    0.7870059288537549,
    0.7540513833992095,
    0.727536231884058,
    0.6776679841897233,
    0.6957509881422924,
    0.7175065876152833,
    0.712598814229249,
    0.6887022397891963,
    0.6412714097496706,
    0.6324275362318841,
    0.6519762845849802,
    0.5967226613965745,
    0.5704051383399209,
    0.5904150197628458
  ],
  "auc_S_inv": [
    0.506258234519104,
    0.5000494071146245,
    0.47002635046113306,
    0.5012516469038207,
    0.5059782608695652,
    0.49566864295125174,
    0.4972332015810277,
    0.5089591567852437,
    0.4716403162055336,
    0.4620223978919631,
    0.5098320158102767,
    0.5269104084321476,
    0.5267457180500659,
    0.5225955204216074,
    0.5679018445322793,
    0.5207674571805007,
    0.48122529644268774,
    0.5140645586297761,
    0.5446475625823453,
    0.5391798418972332,
    0.5316864295125164,
    0.5727766798418972,
    0.5657938076416338,
    0.49818840579710144,
    0.5032773386034255,
    0.5579874835309617,
    0.5928359683794466,
    0.6014986824769434,
    0.6104084321475627,
    0.6418148880105402,
    0.7001152832674571,
    0.6847496706192358,
    0.7397891963109354,
    0.7433300395256917,
    0.7591238471673255,
    0.7557312252964425,
    0.7949934123847168,
    0.8061429512516469,
    0.8214591567852438,
    0.8312911725955203,
    0.8264986824769434,
    0.8254117259552042,
    0.8665843214756258,
    0.8906949934123847,
    0.9051054018445323,
    0.8872529644268775,
    0.8233695652173914,
    0.7633893280632411,
    0.7281949934123846,
    0.7439888010540185,
    0.7614953886693019,
    0.7574440052700923,
    0.7640974967061924,
    0.7135375494071146,
    0.7328557312252966,
    0.7853754940711462,
    0.7533596837944663,
    0.7205862977602108,
    0.6659914361001318,
    0.6937747035573122,
    0.7172595520421607,
    0.7018280632411067,
    0.6825592885375493,
    0.6431818181818181,
    0.6280467720685112,
    0.643840579710145,
    0.5885210803689065,
    0.5505434782608696,
    0.5697134387351779
  ],
  "acc_R_macro": null,
  "auc_T": null,
  "latencies_ms": {
    "C": -109.99999940395355,
    "S_raw": -119.99999918043613,
    "S_inv": -119.99999918043613,
    "T": null
  },
  "meta": {
    "align": "sacc",
    "orientation": "horizontal",
    "pt_min_ms": 200.0,
    "n_trials": 493,
    "n_bins": 69,
    "n_units": 83,
    "thr": 0.6,
    "k_bins": 5,
    "norm": "global",
    "baseline_win": null,
    "used_axes_mu_sd": false
  }
}