{
  "sid": "20230627",
  "align": "stim",
  "features": [
    "C",
    "R"
  ],
  "winC": [
    0.1,
    0.3
  ],
  "winR": [
    0.05,
    0.2
  ],
  "winS": null,
  "winT": null,
  "pt_min_ms": 200.0,
  "orientation": "vertical",
  "areas": [
    "SFEF",
    "SLIP"
  ],
  "tag": "axes_peakbin_stimCR-stim-vertical-20msbin",
  "norm": "global",
  "baseline_win": null,
  "clf_binary": "logreg",
  "C_grid": [
    0.1,
    0.3,
    1.0,
    3.0,
    10.0
  ],
  "lda_shrinkage": null,
  "searchC": true,
  "searchS": false,
  "searchT": false,
  "searchR": true,
  "search_step_ms": 20.0,
  "search_len_ms": [
    60.0,
    100.0,
    140.0,
    200.0,
    240.0
  ],
  "search_range_C": "0.00:0.50",
  "search_range_S": null,
  "search_range_T": null,
  "search_range_R": "0.00:0.50",
  "search_score_mode": "peak_bin_auc",
  "search_tiebreak": "shortest_then_earliest",
  "search_tol": 0.01,
  "per_area_results": {
    "SFEF": {
      "winC_selected": [
        0.25999999999999995,
        0.31999999999999995
      ],
      "winC_cv_best": 0.875449938429478,
      "winC_best_param": 0.1,
      "winC_peak_time_ms": 299.99999701976776,
      "winC_peak_auc": 0.875449938429478,
      "winC_mean_bin_auc": 0.8662696157367938,
      "winC_cv_auc_original": 0.8959550021633576,
      "winR_selected": [
        0.12000000000000001,
        0.26
      ],
      "winR_cv_best": 0.6100958916810318,
      "sC_auc": 0.875449938429478,
      "n_trials_C": 582
    },
    "SLIP": {
      "winC_selected": [
        0.3,
        0.4
      ],
      "winC_cv_best": 0.689199109595529,
      "winC_best_param": 0.1,
      "winC_peak_time_ms": 359.99999940395355,
      "winC_peak_auc": 0.689199109595529,
      "winC_mean_bin_auc": 0.6625121364971109,
      "winC_cv_auc_original": 0.783213753459655,
      "winR_selected": [
        0.08,
        0.32
      ],
      "winR_cv_best": 0.6041208527062573,
      "sC_auc": 0.689199109595529,
      "n_trials_C": 582
    }
  },
  "rebin_factor": 2
}