{
  "sid": "20201004",
  "monkey": "M",
  "orientation": "pooled",
  "area": "MLIP",
  "axes_tag": "axes_peakbin_saccCS-sacc-pooled-20mssw_nofilter",
  "window_centers_ms": [
    -350.0,
    -329.99999999999994,
    -309.99999999999994,
    -289.99999999999994,
    -269.9999999999999,
    -249.99999999999991,
    -229.99999999999991,
    -209.99999999999994,
    -189.99999999999994,
    -169.99999999999994,
    -149.99999999999997,
    -129.99999999999997,
    -109.99999999999997,
    -89.99999999999997,
    -69.99999999999997,
    -49.999999999999964,
    -29.99999999999996,
    -9.999999999999961,
    10.00000000000004,
    30.00000000000004,
    50.00000000000004,
    70.00000000000004,
    90.00000000000006,
    110.00000000000006,
    130.00000000000006,
    150.00000000000006,
    170.00000000000003,
    190.00000000000003
  ],
  "alignments": [
    0.08919533763088332,
    0.10085021335422194,
    0.2110498764057045,
    0.2328918255216232,
    0.1866197436032705,
    0.03253183251805633,
    0.18253335682486446,
    0.06895234480482339,
    0.19285463411467788,
    0.2098857602871509,
    0.15481939377714232,
    0.005117543738150932,
    0.01851736757330073,
    0.015255172268817882,
    0.07944375793914801,
    0.015413224046023041,
    0.03793770332798756,
    0.094880153381614,
    0.030356041635937813,
    0.14771335908865188,
    0.1767497718125188,
    0.2229795432719606,
    0.16335015156225016,
    0.05813384706049736,
    0.09845308386577162,
    0.11562601790929283,
    0.1626185165443132,
    0.16729573634596936
  ],
  "alignment_mean": 0.11685804679337945,
  "alignment_std": 0.07135623725165517,
  "alignment_max": 0.2328918255216232,
  "alignment_min": 0.005117543738150932,
  "peak_time_ms": -289.99999999999994,
  "n_trials": 548,
  "rt_mean_ms": 258.4715328467262,
  "rt_std_ms": 44.70041348384167,
  "null_mean": 0.10661892018028271,
  "null_std": 0.08009934077364896,
  "null_median": 0.09128880872525652,
  "D_eff": 3.6035714149475098,
  "expected_cos": 0.42031365633010864,
  "manifold_dim": 81,
  "window_length_ms": 50.0,
  "step_ms": 20.0,
  "time_range_ms": [
    -350.0,
    200.0
  ],
  "pt_min_ms": 200.0,
  "winS_selected": [
    -2.0816681711721685e-17,
    0.04999999999999998
  ]
}