{
  "sid": "20200401",
  "monkey": "M",
  "orientation": "pooled",
  "area": "MLIP",
  "axes_tag": "axes_peakbin_saccCS-sacc-pooled-20mssw_nofilter",
  "window_centers_ms": [
    -350.0,
    -329.99999999999994,
    -309.99999999999994,
    -289.99999999999994,
    -269.9999999999999,
    -249.99999999999991,
    -229.99999999999991,
    -209.99999999999994,
    -189.99999999999994,
    -169.99999999999994,
    -149.99999999999997,
    -129.99999999999997,
    -109.99999999999997,
    -89.99999999999997,
    -69.99999999999997,
    -49.999999999999964,
    -29.99999999999996,
    -9.999999999999961,
    10.00000000000004,
    30.00000000000004,
    50.00000000000004,
    70.00000000000004,
    90.00000000000006,
    110.00000000000006,
    130.00000000000006,
    150.00000000000006,
    170.00000000000003,
    190.00000000000003
  ],
  "alignments": [
    0.01564102039816828,
    0.09640813767344285,
    0.08073227214270909,
    0.1962511831096712,
    0.1826576454580769,
    0.1442003425720323,
    0.044946536451119075,
    0.07028721917751714,
    0.06399002039695625,
    0.128774539566304,
    0.07279665955766897,
    0.06987739220330146,
    0.04915453515656241,
    0.03740658577780013,
    0.013813309500744553,
    0.012229618517047817,
    0.01232751093391803,
    0.012578063339482123,
    0.03965211583401884,
    0.03653023166327114,
    0.013205607130131566,
    0.008783559809501258,
    0.0021808581316451045,
    0.04942424808619221,
    0.06776283992018038,
    0.041674426240356846,
    0.04972271086766987,
    0.034676350849550126
  ],
  "alignment_mean": 0.05884591215946572,
  "alignment_std": 0.04988014558441784,
  "alignment_max": 0.1962511831096712,
  "alignment_min": 0.0021808581316451045,
  "peak_time_ms": -289.99999999999994,
  "n_trials": 518,
  "rt_mean_ms": 264.08479729728,
  "rt_std_ms": 43.64207268795318,
  "null_mean": 0.06462468401363175,
  "null_std": 0.05318179658261706,
  "null_median": 0.05105012161436381,
  "D_eff": 1.326833724975586,
  "expected_cos": 0.6926786303520203,
  "manifold_dim": 77,
  "window_length_ms": 100.0,
  "step_ms": 20.0,
  "time_range_ms": [
    -350.0,
    200.0
  ],
  "pt_min_ms": 200.0,
  "winS_selected": [
    -2.0816681711721685e-17,
    0.04999999999999998
  ]
}