{
  "sid": "20200327",
  "monkey": "M",
  "orientation": "pooled",
  "area": "MFEF",
  "axes_tag": "axes_peakbin_saccCS-sacc-pooled-20mssw_nofilter",
  "window_centers_ms": [
    -350.0,
    -329.99999999999994,
    -309.99999999999994,
    -289.99999999999994,
    -269.9999999999999,
    -249.99999999999991,
    -229.99999999999991,
    -209.99999999999994,
    -189.99999999999994,
    -169.99999999999994,
    -149.99999999999997,
    -129.99999999999997,
    -109.99999999999997,
    -89.99999999999997,
    -69.99999999999997,
    -49.999999999999964,
    -29.99999999999996,
    -9.999999999999961,
    10.00000000000004,
    30.00000000000004,
    50.00000000000004,
    70.00000000000004,
    90.00000000000006,
    110.00000000000006,
    130.00000000000006,
    150.00000000000006,
    170.00000000000003,
    190.00000000000003
  ],
  "alignments": [
    0.006969795148720713,
    0.1089126869279662,
    0.024066837511363896,
    0.23247068565641588,
    0.33735383587629636,
    0.134077624870868,
    0.03358058489481751,
    0.0850209710035561,
    0.1334362240840105,
    0.07536437352929488,
    0.11490112679769629,
    0.21820147407081125,
    0.24058240079240897,
    0.21273043469192798,
    0.055514635203351106,
    0.0413127299821821,
    0.017626934004008752,
    0.03083400292460436,
    0.24990704437358052,
    0.2557816496412524,
    0.179857748276457,
    0.1055088417795342,
    0.14852569055269596,
    0.02623717629677822,
    0.17936591323906922,
    0.15620248384077443,
    0.21731808186418303,
    0.29989487816147686
  ],
  "alignment_mean": 0.14005560235700368,
  "alignment_std": 0.09234306867350021,
  "alignment_max": 0.33735383587629636,
  "alignment_min": 0.006969795148720713,
  "peak_time_ms": -269.9999999999999,
  "n_trials": 567,
  "rt_mean_ms": 264.3403439153562,
  "rt_std_ms": 46.382094697929354,
  "null_mean": 0.11570911838022475,
  "null_std": 0.07952478713199546,
  "null_median": 0.10360363293176802,
  "D_eff": 3.0888099670410156,
  "expected_cos": 0.45398810505867004,
  "manifold_dim": 40,
  "window_length_ms": 50.0,
  "step_ms": 20.0,
  "time_range_ms": [
    -350.0,
    200.0
  ],
  "pt_min_ms": 200.0,
  "winS_selected": [
    -0.10000000000000003,
    -0.05000000000000003
  ]
}