{
  "sid": "20231205",
  "monkey": "S",
  "orientation": "pooled",
  "area": "SLIP",
  "axes_tag": "axes_peakbin_saccCS-sacc-pooled-20mssw_nofilter",
  "window_centers_ms": [
    -350.0,
    -329.99999999999994,
    -309.99999999999994,
    -289.99999999999994,
    -269.9999999999999,
    -249.99999999999991,
    -229.99999999999991,
    -209.99999999999994,
    -189.99999999999994,
    -169.99999999999994,
    -149.99999999999997,
    -129.99999999999997,
    -109.99999999999997,
    -89.99999999999997,
    -69.99999999999997,
    -49.999999999999964,
    -29.99999999999996,
    -9.999999999999961,
    10.00000000000004,
    30.00000000000004,
    50.00000000000004,
    70.00000000000004,
    90.00000000000006,
    110.00000000000006,
    130.00000000000006,
    150.00000000000006,
    170.00000000000003,
    190.00000000000003
  ],
  "alignments": [
    0.19970083768895475,
    0.17811163606450442,
    0.21453224776445873,
    0.21822084632066402,
    0.24554238113438254,
    0.3270634891036552,
    0.36616244057130154,
    0.22039203578027083,
    0.17039755402826046,
    0.15791246458256028,
    0.09890028242229365,
    0.05033813000038584,
    0.036163383673890166,
    0.10397195390418654,
    0.16592614303761652,
    0.2484120975893614,
    0.2629593218604464,
    0.1952786265819888,
    0.19053679852752556,
    0.13324193291982397,
    0.12350133921609126,
    0.06038869078445715,
    0.04506516607930203,
    0.022899313795009032,
    0.05439945619740962,
    0.05960307717560682,
    0.08062917442657122,
    0.16470456812501136
  ],
  "alignment_mean": 0.15696269247699962,
  "alignment_std": 0.0878092004645531,
  "alignment_max": 0.36616244057130154,
  "alignment_min": 0.022899313795009032,
  "peak_time_ms": -229.99999999999991,
  "n_trials": 159,
  "rt_mean_ms": 271.4690251572194,
  "rt_std_ms": 60.5243304070001,
  "null_mean": 0.07940450168434329,
  "null_std": 0.06966786167637316,
  "null_median": 0.059255153147404094,
  "D_eff": 1.3990142345428467,
  "expected_cos": 0.6745730638504028,
  "manifold_dim": 64,
  "window_length_ms": 150.0,
  "step_ms": 20.0,
  "time_range_ms": [
    -350.0,
    200.0
  ],
  "pt_min_ms": 200.0,
  "winS_selected": [
    -2.0816681711721685e-17,
    0.04999999999999998
  ]
}