{
  "sid": "20230622",
  "monkey": "S",
  "orientation": "pooled",
  "area": "SFEF",
  "axes_tag": "axes_peakbin_saccCS-sacc-pooled-20mssw_nofilter",
  "window_centers_ms": [
    -350.0,
    -329.99999999999994,
    -309.99999999999994,
    -289.99999999999994,
    -269.9999999999999,
    -249.99999999999991,
    -229.99999999999991,
    -209.99999999999994,
    -189.99999999999994,
    -169.99999999999994,
    -149.99999999999997,
    -129.99999999999997,
    -109.99999999999997,
    -89.99999999999997,
    -69.99999999999997,
    -49.999999999999964,
    -29.99999999999996,
    -9.999999999999961,
    10.00000000000004,
    30.00000000000004,
    50.00000000000004,
    70.00000000000004,
    90.00000000000006,
    110.00000000000006,
    130.00000000000006,
    150.00000000000006,
    170.00000000000003,
    190.00000000000003
  ],
  "alignments": [
    0.033253034275419535,
    0.12093610586349555,
    0.11491548548701104,
    0.04734841772555801,
    0.11443769146081997,
    0.038132108822774256,
    0.11487601512805383,
    0.2167696620316551,
    0.10738861031661,
    0.08687504062015292,
    0.021979623112728604,
    0.07861218639760098,
    0.09680969066357988,
    0.08305321179058746,
    0.04279137896357611,
    0.03122677150449434,
    0.005610541275966088,
    0.004712601966534183,
    0.005738261372627195,
    0.009617427669591193,
    0.04519751613468768,
    0.05137912184444622,
    0.06895945719375916,
    0.08266757437537232,
    0.05026432462275173,
    0.07747774837538608,
    0.11841107369767859,
    0.17630630928041865
  ],
  "alignment_mean": 0.07306239257047631,
  "alignment_std": 0.05048033981526507,
  "alignment_max": 0.2167696620316551,
  "alignment_min": 0.004712601966534183,
  "peak_time_ms": -209.99999999999994,
  "n_trials": 1095,
  "rt_mean_ms": 307.5745662100441,
  "rt_std_ms": 53.63359078866408,
  "null_mean": 0.09033156010156977,
  "null_std": 0.07070481454897443,
  "null_median": 0.0735605420154184,
  "D_eff": 2.4862546920776367,
  "expected_cos": 0.5060195326805115,
  "manifold_dim": 117,
  "window_length_ms": 50.0,
  "step_ms": 20.0,
  "time_range_ms": [
    -350.0,
    200.0
  ],
  "pt_min_ms": 200.0,
  "winS_selected": [
    -0.02000000000000002,
    0.02999999999999998
  ]
}