{
  "sid": "20201204",
  "monkey": "M",
  "orientation": "pooled",
  "area": "MFEF",
  "axes_tag": "axes_peakbin_saccCS-sacc-pooled-20mssw_nofilter",
  "window_centers_ms": [
    -350.0,
    -329.99999999999994,
    -309.99999999999994,
    -289.99999999999994,
    -269.9999999999999,
    -249.99999999999991,
    -229.99999999999991,
    -209.99999999999994,
    -189.99999999999994,
    -169.99999999999994,
    -149.99999999999997,
    -129.99999999999997,
    -109.99999999999997,
    -89.99999999999997,
    -69.99999999999997,
    -49.999999999999964,
    -29.99999999999996,
    -9.999999999999961,
    10.00000000000004,
    30.00000000000004,
    50.00000000000004,
    70.00000000000004,
    90.00000000000006,
    110.00000000000006,
    130.00000000000006,
    150.00000000000006,
    170.00000000000003,
    190.00000000000003
  ],
  "alignments": [
    0.16962740359758777,
    0.13690848609453285,
    0.07721381042688998,
    0.037778164316631585,
    0.15080466261398998,
    0.01515329582335855,
    0.12783627001803785,
    0.00674397094135769,
    0.05384760111063552,
    0.10304153311777166,
    0.03174648294063395,
    0.11317897433535094,
    0.15363878109666418,
    0.16426020919279902,
    0.09445145766528672,
    0.08254775599267214,
    0.031848325727986355,
    0.022063091290538874,
    0.12579564278436414,
    0.16472403429696142,
    0.15058817768642854,
    0.15446239371908313,
    0.14339287136036097,
    0.1649310730423832,
    0.08061099524045874,
    0.08019994601871222,
    0.03474207409654075,
    0.033236903892879144
  ],
  "alignment_mean": 0.09662051387288921,
  "alignment_std": 0.0536282879382266,
  "alignment_max": 0.16962740359758777,
  "alignment_min": 0.00674397094135769,
  "peak_time_ms": -350.0,
  "n_trials": 525,
  "rt_mean_ms": 256.82957142857634,
  "rt_std_ms": 43.02697692598544,
  "null_mean": 0.18479377303063257,
  "null_std": 0.13120182642481582,
  "null_median": 0.1640758894949333,
  "D_eff": 5.408764362335205,
  "expected_cos": 0.34307655692100525,
  "manifold_dim": 58,
  "window_length_ms": 50.0,
  "step_ms": 20.0,
  "time_range_ms": [
    -350.0,
    200.0
  ],
  "pt_min_ms": 200.0,
  "winS_selected": [
    -0.02000000000000002,
    0.02999999999999998
  ]
}