{
  "sid": "20200328",
  "monkey": "M",
  "orientation": "pooled",
  "area": "MFEF",
  "axes_tag": "axes_peakbin_saccCS-sacc-pooled-20mssw_nofilter",
  "window_centers_ms": [
    -350.0,
    -329.99999999999994,
    -309.99999999999994,
    -289.99999999999994,
    -269.9999999999999,
    -249.99999999999991,
    -229.99999999999991,
    -209.99999999999994,
    -189.99999999999994,
    -169.99999999999994,
    -149.99999999999997,
    -129.99999999999997,
    -109.99999999999997,
    -89.99999999999997,
    -69.99999999999997,
    -49.999999999999964,
    -29.99999999999996,
    -9.999999999999961,
    10.00000000000004,
    30.00000000000004,
    50.00000000000004,
    70.00000000000004,
    90.00000000000006,
    110.00000000000006,
    130.00000000000006,
    150.00000000000006,
    170.00000000000003,
    190.00000000000003
  ],
  "alignments": [
    0.23890266476535846,
    0.27481874410334195,
    0.16476471919643873,
    0.1832483625010103,
    0.1035129311273702,
    0.04065551464290283,
    0.02989292266843469,
    0.0815374652450335,
    0.14557576554215002,
    0.20782942095489554,
    0.16050366635907992,
    0.03849199497636953,
    0.01372429066515661,
    0.018818910785644846,
    0.03462330909072673,
    0.08670115920961304,
    0.15174816013607534,
    0.14810530085551796,
    0.1963463227280404,
    0.16862827477317144,
    0.11509686042922135,
    0.08406941610806182,
    0.02905047918248495,
    0.06351492624319022,
    0.06601009722385397,
    0.037210847093855755,
    0.09354870565028117,
    0.1034652600824537
  ],
  "alignment_mean": 0.1100141604407048,
  "alignment_std": 0.07009636278708377,
  "alignment_max": 0.27481874410334195,
  "alignment_min": 0.01372429066515661,
  "peak_time_ms": -329.99999999999994,
  "n_trials": 542,
  "rt_mean_ms": 271.36535977862627,
  "rt_std_ms": 49.93315751648661,
  "null_mean": 0.14774712707451368,
  "null_std": 0.10575473941467142,
  "null_median": 0.12720401714291113,
  "D_eff": 1.7958331108093262,
  "expected_cos": 0.5953975915908813,
  "manifold_dim": 59,
  "window_length_ms": 50.0,
  "step_ms": 20.0,
  "time_range_ms": [
    -350.0,
    200.0
  ],
  "pt_min_ms": 200.0,
  "winS_selected": [
    -0.02000000000000002,
    0.02999999999999998
  ]
}