{
  "sid": "20231121",
  "monkey": "S",
  "orientation": "pooled",
  "area": "SLIP",
  "axes_tag": "axes_peakbin_saccCS-sacc-pooled-20mssw_nofilter",
  "window_centers_ms": [
    -350.0,
    -329.99999999999994,
    -309.99999999999994,
    -289.99999999999994,
    -269.9999999999999,
    -249.99999999999991,
    -229.99999999999991,
    -209.99999999999994,
    -189.99999999999994,
    -169.99999999999994,
    -149.99999999999997,
    -129.99999999999997,
    -109.99999999999997,
    -89.99999999999997,
    -69.99999999999997,
    -49.999999999999964,
    -29.99999999999996,
    -9.999999999999961,
    10.00000000000004,
    30.00000000000004,
    50.00000000000004,
    70.00000000000004,
    90.00000000000006,
    110.00000000000006,
    130.00000000000006,
    150.00000000000006,
    170.00000000000003,
    190.00000000000003
  ],
  "alignments": [
    0.018171331779293688,
    0.28968916323176935,
    0.13792609121622346,
    0.09028237835373415,
    0.206979618649031,
    0.42998297311500167,
    0.19266390342193812,
    0.004723867852802095,
    0.11336102066493131,
    0.08320926634748889,
    0.24135023815279816,
    0.37738808117617295,
    0.08307187880828903,
    0.05152326886874069,
    0.14410185172329837,
    0.08074624800485686,
    0.15309373889206349,
    0.13934368054343185,
    0.062228618863203015,
    0.1448606500021003,
    0.008709997270387416,
    0.011283716586882103,
    0.14345267530278666,
    0.2044461464751818,
    0.14262456146565175,
    0.21417359190263097,
    0.197455837704083,
    0.15711817739084236
  ],
  "alignment_mean": 0.14728437763448626,
  "alignment_std": 0.1011297670479094,
  "alignment_max": 0.42998297311500167,
  "alignment_min": 0.004723867852802095,
  "peak_time_ms": -249.99999999999991,
  "n_trials": 866,
  "rt_mean_ms": 291.60987297920224,
  "rt_std_ms": 53.24136587763095,
  "null_mean": 0.10415553791819263,
  "null_std": 0.07049782961973645,
  "null_median": 0.09502579693815019,
  "D_eff": 1.5804349184036255,
  "expected_cos": 0.6346755623817444,
  "manifold_dim": 30,
  "window_length_ms": 50.0,
  "step_ms": 20.0,
  "time_range_ms": [
    -350.0,
    200.0
  ],
  "pt_min_ms": 200.0,
  "winS_selected": [
    -0.14000000000000004,
    -0.09000000000000004
  ]
}