{
  "sid": "20230710",
  "monkey": "S",
  "orientation": "pooled",
  "area": "SFEF",
  "axes_tag": "axes_peakbin_saccCS-sacc-pooled-20mssw_nofilter",
  "window_centers_ms": [
    -350.0,
    -329.99999999999994,
    -309.99999999999994,
    -289.99999999999994,
    -269.9999999999999,
    -249.99999999999991,
    -229.99999999999991,
    -209.99999999999994,
    -189.99999999999994,
    -169.99999999999994,
    -149.99999999999997,
    -129.99999999999997,
    -109.99999999999997,
    -89.99999999999997,
    -69.99999999999997,
    -49.999999999999964,
    -29.99999999999996,
    -9.999999999999961,
    10.00000000000004,
    30.00000000000004,
    50.00000000000004,
    70.00000000000004,
    90.00000000000006,
    110.00000000000006,
    130.00000000000006,
    150.00000000000006,
    170.00000000000003,
    190.00000000000003
  ],
  "alignments": [
    0.04989070518960047,
    0.05639095589536951,
    0.06778759078553494,
    0.15037592340821773,
    0.16363729314941358,
    0.1929119677389655,
    0.12268993265991245,
    0.06565934691889977,
    0.12297178329479258,
    0.24992721476041113,
    0.22078876883453932,
    0.19160810541883277,
    0.08163207243867454,
    0.1507557280658111,
    0.08935955979975731,
    0.11289379679526877,
    0.20713839582585766,
    0.2517696746901101,
    0.23243905150753638,
    0.2609854078422214,
    0.24906241639759513,
    0.20171731616596475,
    0.11436850765843704,
    0.02965666076061199,
    0.06746529765155596,
    0.18383578944620652,
    0.1303824808400709,
    0.15919054066475274
  ],
  "alignment_mean": 0.14918901016446148,
  "alignment_std": 0.06866091644505108,
  "alignment_max": 0.2609854078422214,
  "alignment_min": 0.02965666076061199,
  "peak_time_ms": 30.00000000000004,
  "n_trials": 1085,
  "rt_mean_ms": 303.00937788018854,
  "rt_std_ms": 48.032414916152256,
  "null_mean": 0.049007363315260066,
  "null_std": 0.03584768081977835,
  "null_median": 0.04174266861842528,
  "D_eff": 2.5749928951263428,
  "expected_cos": 0.49722394347190857,
  "manifold_dim": 65,
  "window_length_ms": 50.0,
  "step_ms": 20.0,
  "time_range_ms": [
    -350.0,
    200.0
  ],
  "pt_min_ms": 200.0,
  "winS_selected": [
    -0.02000000000000002,
    0.02999999999999998
  ]
}