{
  "sid": "20201001",
  "monkey": "M",
  "orientation": "pooled",
  "area": "MFEF",
  "axes_tag": "axes_peakbin_saccCS-sacc-pooled-20mssw_nofilter",
  "window_centers_ms": [
    -350.0,
    -329.99999999999994,
    -309.99999999999994,
    -289.99999999999994,
    -269.9999999999999,
    -249.99999999999991,
    -229.99999999999991,
    -209.99999999999994,
    -189.99999999999994,
    -169.99999999999994,
    -149.99999999999997,
    -129.99999999999997,
    -109.99999999999997,
    -89.99999999999997,
    -69.99999999999997,
    -49.999999999999964,
    -29.99999999999996,
    -9.999999999999961,
    10.00000000000004,
    30.00000000000004,
    50.00000000000004,
    70.00000000000004,
    90.00000000000006,
    110.00000000000006,
    130.00000000000006,
    150.00000000000006,
    170.00000000000003,
    190.00000000000003
  ],
  "alignments": [
    0.16478153719874303,
    0.17344269114931515,
    0.022382887333238052,
    0.0031221701870848104,
    0.05801511852485384,
    0.03079703462195514,
    0.03072551058203852,
    0.027205501763622717,
    0.1819103990410442,
    0.1455236282379208,
    0.08669379119747418,
    0.23265301934097077,
    0.18243264814388968,
    0.21713569009451028,
    0.25697134076994504,
    0.25048339179776175,
    0.17980262368961705,
    0.13362037887382605,
    0.14168465023232069,
    0.17959701896463762,
    0.1765487275810928,
    0.1280194805254762,
    0.11799761950109601,
    0.09782105398629759,
    0.09532854503076159,
    0.1063137007265405,
    0.20496365671575872,
    0.22248033250206534
  ],
  "alignment_mean": 0.13744479101120924,
  "alignment_std": 0.07205494519318877,
  "alignment_max": 0.25697134076994504,
  "alignment_min": 0.0031221701870848104,
  "peak_time_ms": -69.99999999999997,
  "n_trials": 559,
  "rt_mean_ms": 259.9322898032273,
  "rt_std_ms": 41.811793357960816,
  "null_mean": 0.11392082513827971,
  "null_std": 0.08653815186904504,
  "null_median": 0.09402381800946191,
  "D_eff": 1.7631276845932007,
  "expected_cos": 0.6008944511413574,
  "manifold_dim": 138,
  "window_length_ms": 50.0,
  "step_ms": 20.0,
  "time_range_ms": [
    -350.0,
    200.0
  ],
  "pt_min_ms": 200.0,
  "winS_selected": [
    -2.0816681711721685e-17,
    0.04999999999999998
  ]
}