{
  "sid": "20200926",
  "monkey": "M",
  "orientation": "pooled",
  "area": "MFEF",
  "axes_tag": "axes_peakbin_saccCS-sacc-pooled-20mssw_nofilter",
  "window_centers_ms": [
    -350.0,
    -329.99999999999994,
    -309.99999999999994,
    -289.99999999999994,
    -269.9999999999999,
    -249.99999999999991,
    -229.99999999999991,
    -209.99999999999994,
    -189.99999999999994,
    -169.99999999999994,
    -149.99999999999997,
    -129.99999999999997,
    -109.99999999999997,
    -89.99999999999997,
    -69.99999999999997,
    -49.999999999999964,
    -29.99999999999996,
    -9.999999999999961,
    10.00000000000004,
    30.00000000000004,
    50.00000000000004,
    70.00000000000004,
    90.00000000000006,
    110.00000000000006,
    130.00000000000006,
    150.00000000000006,
    170.00000000000003,
    190.00000000000003
  ],
  "alignments": [
    0.03657817584959026,
    0.01164804461823973,
    0.053409176725689025,
    0.2345643639242967,
    0.02344468059436374,
    0.1375343378800712,
    0.009002923407134503,
    0.06296948388064753,
    0.030822844690807392,
    0.012595152518509505,
    0.06993877815190437,
    0.044379638136418084,
    0.09836110655849734,
    0.1823145988214379,
    0.15320265198764163,
    0.10386880933122151,
    0.08653435278153457,
    0.09866292093985286,
    0.05495066308730431,
    0.027251292207400843,
    0.016461819804029703,
    0.05651853724499795,
    0.029151711510065584,
    0.03340540756949891,
    0.0012738082822347683,
    0.005650559753183682,
    0.042213980064815894,
    0.06404776498060583
  ],
  "alignment_mean": 0.06359848518935697,
  "alignment_std": 0.055767760427961076,
  "alignment_max": 0.2345643639242967,
  "alignment_min": 0.0012738082822347683,
  "peak_time_ms": -289.99999999999994,
  "n_trials": 581,
  "rt_mean_ms": 259.99466437179046,
  "rt_std_ms": 44.9635320717684,
  "null_mean": 0.16489663197803503,
  "null_std": 0.10535576329056015,
  "null_median": 0.1524386205621951,
  "D_eff": 6.648431301116943,
  "expected_cos": 0.3094428479671478,
  "manifold_dim": 81,
  "window_length_ms": 50.0,
  "step_ms": 20.0,
  "time_range_ms": [
    -350.0,
    200.0
  ],
  "pt_min_ms": 200.0,
  "winS_selected": [
    -2.0816681711721685e-17,
    0.04999999999999998
  ]
}