{
  "sid": "20231123",
  "monkey": "S",
  "orientation": "pooled",
  "area": "SLIP",
  "axes_tag": "axes_peakbin_saccCS-sacc-pooled-20mssw_nofilter",
  "window_centers_ms": [
    -350.0,
    -329.99999999999994,
    -309.99999999999994,
    -289.99999999999994,
    -269.9999999999999,
    -249.99999999999991,
    -229.99999999999991,
    -209.99999999999994,
    -189.99999999999994,
    -169.99999999999994,
    -149.99999999999997,
    -129.99999999999997,
    -109.99999999999997,
    -89.99999999999997,
    -69.99999999999997,
    -49.999999999999964,
    -29.99999999999996,
    -9.999999999999961,
    10.00000000000004,
    30.00000000000004,
    50.00000000000004,
    70.00000000000004,
    90.00000000000006,
    110.00000000000006,
    130.00000000000006,
    150.00000000000006,
    170.00000000000003,
    190.00000000000003
  ],
  "alignments": [
    0.24327946573833784,
    0.32957103973126745,
    0.3797344124570271,
    0.2751200965157369,
    0.29605993791516105,
    0.049067431691167236,
    0.0028332826573766986,
    0.09188654696011521,
    0.028614145734670433,
    0.11152309708732432,
    0.30757000763655545,
    0.4027500920005081,
    0.4264043070132677,
    0.4187055475626501,
    0.36874673736072083,
    0.39241198789170234,
    0.42791945407914445,
    0.19465098817732393,
    0.011977731390816052,
    0.05028617086686704,
    0.17332214208228455,
    0.16703744282261884,
    0.2159404297360234,
    0.1816615952952403,
    0.059234558472902044,
    0.03655780759694568,
    0.15952619202595594,
    0.2846781956669583
  ],
  "alignment_mean": 0.21739538729166674,
  "alignment_std": 0.1404895530452315,
  "alignment_max": 0.42791945407914445,
  "alignment_min": 0.0028332826573766986,
  "peak_time_ms": -29.99999999999996,
  "n_trials": 874,
  "rt_mean_ms": 285.01719107551594,
  "rt_std_ms": 54.550116380920876,
  "null_mean": 0.10646072020272487,
  "null_std": 0.082660658638228,
  "null_median": 0.08325869222998795,
  "D_eff": 1.768422245979309,
  "expected_cos": 0.5999942421913147,
  "manifold_dim": 41,
  "window_length_ms": 50.0,
  "step_ms": 20.0,
  "time_range_ms": [
    -350.0,
    200.0
  ],
  "pt_min_ms": 200.0,
  "winS_selected": [
    -2.0816681711721685e-17,
    0.04999999999999998
  ]
}