{
  "sid": "20201004",
  "monkey": "M",
  "orientation": "pooled",
  "area": "MFEF",
  "axes_tag": "axes_peakbin_saccCS-sacc-pooled-20mssw_nofilter",
  "window_centers_ms": [
    -350.0,
    -329.99999999999994,
    -309.99999999999994,
    -289.99999999999994,
    -269.9999999999999,
    -249.99999999999991,
    -229.99999999999991,
    -209.99999999999994,
    -189.99999999999994,
    -169.99999999999994,
    -149.99999999999997,
    -129.99999999999997,
    -109.99999999999997,
    -89.99999999999997,
    -69.99999999999997,
    -49.999999999999964,
    -29.99999999999996,
    -9.999999999999961,
    10.00000000000004,
    30.00000000000004,
    50.00000000000004,
    70.00000000000004,
    90.00000000000006,
    110.00000000000006,
    130.00000000000006,
    150.00000000000006,
    170.00000000000003,
    190.00000000000003
  ],
  "alignments": [
    0.099290113134458,
    0.021637555346585298,
    0.07156388295216064,
    0.07480975692891073,
    0.23827467246573944,
    0.10395146067509378,
    0.0737328014659001,
    0.0018118675065449785,
    0.05083420923357779,
    0.07631649285022954,
    0.15681992952405974,
    0.13865741493218972,
    0.17255411558222938,
    0.27215330107286534,
    0.2505808297269224,
    0.25673617678973143,
    0.14297337443510702,
    0.1326484876937838,
    0.10167877861222843,
    0.08835926155599536,
    0.07129421473232747,
    0.09253239632903529,
    0.0003248695664687939,
    0.018761510294386285,
    0.010233413822050766,
    0.013985682045347936,
    0.011665247499366479,
    0.06695003040126497
  ],
  "alignment_mean": 0.10039756597052005,
  "alignment_std": 0.07830947003857522,
  "alignment_max": 0.27215330107286534,
  "alignment_min": 0.0003248695664687939,
  "peak_time_ms": -89.99999999999997,
  "n_trials": 548,
  "rt_mean_ms": 258.4715328467262,
  "rt_std_ms": 44.70041348384167,
  "null_mean": 0.19510432950541978,
  "null_std": 0.11165630725073913,
  "null_median": 0.1885354833318989,
  "D_eff": 2.926598310470581,
  "expected_cos": 0.4663999676704407,
  "manifold_dim": 122,
  "window_length_ms": 50.0,
  "step_ms": 20.0,
  "time_range_ms": [
    -350.0,
    200.0
  ],
  "pt_min_ms": 200.0,
  "winS_selected": [
    -0.02000000000000002,
    0.02999999999999998
  ]
}