{
  "sid": "20201216",
  "monkey": "M",
  "orientation": "pooled",
  "area": "MLIP",
  "axes_tag": "axes_peakbin_saccCS-sacc-pooled-20mssw_nofilter",
  "window_centers_ms": [
    -350.0,
    -329.99999999999994,
    -309.99999999999994,
    -289.99999999999994,
    -269.9999999999999,
    -249.99999999999991,
    -229.99999999999991,
    -209.99999999999994,
    -189.99999999999994,
    -169.99999999999994,
    -149.99999999999997,
    -129.99999999999997,
    -109.99999999999997,
    -89.99999999999997,
    -69.99999999999997,
    -49.999999999999964,
    -29.99999999999996,
    -9.999999999999961,
    10.00000000000004,
    30.00000000000004,
    50.00000000000004,
    70.00000000000004,
    90.00000000000006,
    110.00000000000006,
    130.00000000000006,
    150.00000000000006,
    170.00000000000003,
    190.00000000000003
  ],
  "alignments": [
    0.2690085808587456,
    0.08213145465964997,
    0.006912166758714889,
    0.10310555769665378,
    0.047340846659379536,
    0.09232362051927868,
    0.09330690523138781,
    0.0020070364499136066,
    0.06960360072172085,
    0.0877331035870195,
    0.09715898151487062,
    0.07060272426497821,
    0.09163360659771146,
    0.09854513945343825,
    0.0677621978757022,
    0.008800353405763585,
    0.05457716799475802,
    0.06112850852542405,
    0.03746979341390046,
    0.06276769836131252,
    0.12832807514778422,
    0.12004111825485132,
    0.10454824360734713,
    0.059228498715107596,
    0.003732125938612739,
    0.05150639581949572,
    0.07107562697654088,
    0.0699347415835553
  ],
  "alignment_mean": 0.07543978109262924,
  "alignment_std": 0.04987145471986965,
  "alignment_max": 0.2690085808587456,
  "alignment_min": 0.0020070364499136066,
  "peak_time_ms": -350.0,
  "n_trials": 519,
  "rt_mean_ms": 253.29855491329067,
  "rt_std_ms": 38.102079077025664,
  "null_mean": 0.11084601244664374,
  "null_std": 0.08688898524519405,
  "null_median": 0.08583907597565424,
  "D_eff": 2.942197322845459,
  "expected_cos": 0.46516191959381104,
  "manifold_dim": 65,
  "window_length_ms": 50.0,
  "step_ms": 20.0,
  "time_range_ms": [
    -350.0,
    200.0
  ],
  "pt_min_ms": 200.0,
  "winS_selected": [
    -2.0816681711721685e-17,
    0.04999999999999998
  ]
}