{
  "sid": "20230707",
  "monkey": "S",
  "orientation": "pooled",
  "area": "SLIP",
  "axes_tag": "axes_peakbin_saccCS-sacc-pooled-20mssw_nofilter",
  "window_centers_ms": [
    -350.0,
    -329.99999999999994,
    -309.99999999999994,
    -289.99999999999994,
    -269.9999999999999,
    -249.99999999999991,
    -229.99999999999991,
    -209.99999999999994,
    -189.99999999999994,
    -169.99999999999994,
    -149.99999999999997,
    -129.99999999999997,
    -109.99999999999997,
    -89.99999999999997,
    -69.99999999999997,
    -49.999999999999964,
    -29.99999999999996,
    -9.999999999999961,
    10.00000000000004,
    30.00000000000004,
    50.00000000000004,
    70.00000000000004,
    90.00000000000006,
    110.00000000000006,
    130.00000000000006,
    150.00000000000006,
    170.00000000000003,
    190.00000000000003
  ],
  "alignments": [
    0.07603710045389252,
    0.1336698694659397,
    0.14114136580727166,
    0.1431264363236868,
    0.07745102516561543,
    0.10326654559181914,
    0.1168311840321724,
    0.0032113248881893096,
    0.20311824639588424,
    0.10661679743425488,
    0.06880627150417713,
    0.05344869062145798,
    0.010387988011959297,
    0.02011244094596315,
    0.016728173381065376,
    0.11020616407866483,
    0.09739989631325238,
    0.09675989296114879,
    0.007379343479101986,
    0.04569503364263034,
    0.00982150963517275,
    0.05919450654186198,
    0.03940167523811576,
    0.052802310388576024,
    0.0406253738699387,
    0.07227337569214376,
    0.1959162799187551,
    0.23408452805914456
  ],
  "alignment_mean": 0.08341119106578057,
  "alignment_std": 0.06026966105192325,
  "alignment_max": 0.23408452805914456,
  "alignment_min": 0.0032113248881893096,
  "peak_time_ms": 190.00000000000003,
  "n_trials": 1018,
  "rt_mean_ms": 272.55744106090395,
  "rt_std_ms": 50.41576877737083,
  "null_mean": 0.15306081890611828,
  "null_std": 0.12486790325373376,
  "null_median": 0.12136457657185029,
  "D_eff": 1.6215436458587646,
  "expected_cos": 0.6265788674354553,
  "manifold_dim": 99,
  "window_length_ms": 50.0,
  "step_ms": 20.0,
  "time_range_ms": [
    -350.0,
    200.0
  ],
  "pt_min_ms": 200.0,
  "winS_selected": [
    -2.0816681711721685e-17,
    0.04999999999999998
  ]
}