{
  "sid": "20230705",
  "monkey": "S",
  "orientation": "pooled",
  "area": "SFEF",
  "axes_tag": "axes_peakbin_saccCS-sacc-pooled-20mssw_nofilter",
  "window_centers_ms": [
    -350.0,
    -329.99999999999994,
    -309.99999999999994,
    -289.99999999999994,
    -269.9999999999999,
    -249.99999999999991,
    -229.99999999999991,
    -209.99999999999994,
    -189.99999999999994,
    -169.99999999999994,
    -149.99999999999997,
    -129.99999999999997,
    -109.99999999999997,
    -89.99999999999997,
    -69.99999999999997,
    -49.999999999999964,
    -29.99999999999996,
    -9.999999999999961,
    10.00000000000004,
    30.00000000000004,
    50.00000000000004,
    70.00000000000004,
    90.00000000000006,
    110.00000000000006,
    130.00000000000006,
    150.00000000000006,
    170.00000000000003,
    190.00000000000003
  ],
  "alignments": [
    0.1521092739173667,
    0.048726661532427024,
    0.020537768715673387,
    0.16078429936443409,
    0.1616297351030893,
    0.08553523250898581,
    0.11608022602153913,
    0.07270483748822798,
    0.036289976785246085,
    0.003158086795745919,
    0.01619164497789216,
    0.04918700180584092,
    0.14608855879229538,
    0.11705808891439931,
    0.06979489062531971,
    0.05219544731718351,
    0.014765351086580227,
    0.07305661385960087,
    0.05654484941551597,
    0.1265016031397839,
    0.15750774459031314,
    0.11264230728220037,
    0.12228007671600996,
    0.2011003837452176,
    0.2416758529643695,
    0.28200337767392214,
    0.2356996339124673,
    0.07964158559295571
  ],
  "alignment_mean": 0.10755325395159297,
  "alignment_std": 0.07176727395189456,
  "alignment_max": 0.28200337767392214,
  "alignment_min": 0.003158086795745919,
  "peak_time_ms": 150.00000000000006,
  "n_trials": 976,
  "rt_mean_ms": 282.4809938524533,
  "rt_std_ms": 50.29513620732801,
  "null_mean": 0.1262376581678924,
  "null_std": 0.09200788746567092,
  "null_median": 0.10626670028513631,
  "D_eff": 6.670675277709961,
  "expected_cos": 0.3089264929294586,
  "manifold_dim": 83,
  "window_length_ms": 50.0,
  "step_ms": 20.0,
  "time_range_ms": [
    -350.0,
    200.0
  ],
  "pt_min_ms": 200.0,
  "winS_selected": [
    -0.04000000000000002,
    0.009999999999999981
  ]
}