{
  "sid": "20200929",
  "monkey": "M",
  "orientation": "pooled",
  "area": "MLIP",
  "axes_tag": "axes_peakbin_saccCS-sacc-pooled-20mssw_nofilter",
  "window_centers_ms": [
    -350.0,
    -329.99999999999994,
    -309.99999999999994,
    -289.99999999999994,
    -269.9999999999999,
    -249.99999999999991,
    -229.99999999999991,
    -209.99999999999994,
    -189.99999999999994,
    -169.99999999999994,
    -149.99999999999997,
    -129.99999999999997,
    -109.99999999999997,
    -89.99999999999997,
    -69.99999999999997,
    -49.999999999999964,
    -29.99999999999996,
    -9.999999999999961,
    10.00000000000004,
    30.00000000000004,
    50.00000000000004,
    70.00000000000004,
    90.00000000000006,
    110.00000000000006,
    130.00000000000006,
    150.00000000000006,
    170.00000000000003,
    190.00000000000003
  ],
  "alignments": [
    0.21904283550968745,
    0.08856326867088284,
    0.0026579354911187418,
    0.17759971486206722,
    0.1957711680841722,
    0.12113429479634583,
    0.07917502802999894,
    0.07127190222603422,
    0.09479514827109076,
    0.05310108502127541,
    0.2642190991415355,
    0.2752219240083791,
    0.27707254507540785,
    0.3115072405159118,
    0.16168301126771198,
    0.06628677636951077,
    0.09362680128938536,
    0.0363685746429676,
    0.024160917064267852,
    0.014425028427341209,
    0.017781737597284693,
    0.04261389311474886,
    0.034866832523331344,
    0.025608517331977432,
    0.02757578510748754,
    0.12296820096546718,
    0.20479375404184258,
    0.16108445199970586
  ],
  "alignment_mean": 0.11660633826596209,
  "alignment_std": 0.09090094227971447,
  "alignment_max": 0.3115072405159118,
  "alignment_min": 0.0026579354911187418,
  "peak_time_ms": -89.99999999999997,
  "n_trials": 571,
  "rt_mean_ms": 260.3051663748133,
  "rt_std_ms": 42.9673820104191,
  "null_mean": 0.11199652332902787,
  "null_std": 0.08709954902020108,
  "null_median": 0.09123151283652767,
  "D_eff": 2.46761155128479,
  "expected_cos": 0.507927417755127,
  "manifold_dim": 39,
  "window_length_ms": 50.0,
  "step_ms": 20.0,
  "time_range_ms": [
    -350.0,
    200.0
  ],
  "pt_min_ms": 200.0,
  "winS_selected": [
    -2.0816681711721685e-17,
    0.04999999999999998
  ]
}