{
  "time": [
    -0.39000000059604645,
    -0.3799999952316284,
    -0.3700000047683716,
    -0.35999999940395355,
    -0.3499999940395355,
    -0.3400000035762787,
    -0.32999999821186066,
    -0.3199999928474426,
    -0.3100000023841858,
    -0.30000000447034836,
    -0.28999999910593033,
    -0.2800000011920929,
    -0.27000000327825546,
    -0.25999999791383743,
    -0.25,
    -0.24000000208616257,
    -0.23000000044703484,
    -0.2200000025331974,
    -0.21000000089406967,
    -0.19999999925494194,
    -0.1900000013411045,
    -0.17999999970197678,
    -0.16999999806284904,
    -0.1600000001490116,
    -0.14999999850988388,
    -0.13999999687075615,
    -0.12999999895691872,
    -0.11999999918043613,
    -0.10999999940395355,
    -0.09999999962747097,
    -0.08999999985098839,
    -0.0800000000745058,
    -0.07000000029802322,
    -0.06000000052154064,
    -0.049999999813735485,
    -0.0400000000372529,
    -0.03000000026077032,
    -0.020000000251457095,
    -0.010000000009313226,
    0.0,
    0.010000000009313226,
    0.020000000251457095,
    0.03000000026077032,
    0.0400000000372529,
    0.049999999813735485,
    0.06000000052154064,
    0.07000000029802322,
    0.0800000000745058,
    0.08999999985098839,
    0.09999999962747097,
    0.10999999940395355,
    0.11999999918043613,
    0.12999999895691872,
    0.13999999687075615,
    0.14999999850988388,
    0.1600000001490116,
    0.16999999806284904,
    0.17999999970197678,
    0.1900000013411045,
    0.19999999925494194,
    0.21000000089406967,
    0.2200000025331974,
    0.23000000044703484,
    0.24000000208616257,
    0.25,
    0.25999999791383743,
    0.27000000327825546,
    0.2800000011920929,
    0.28999999910593033
  ],
  "auc_C": null,
  "auc_S_raw": [
    0.5085693760262726,
    0.5144191297208539,
    0.5099805008210181,
    0.5094930213464697,
    0.5208846469622331,
    0.5548029556650247,
    0.5301211001642036,
    0.5279659277504105,
    0.5205254515599343,
    0.5116995073891626,
    0.5101087848932677,
    0.4886853448275862,
    0.5051313628899836,
    0.5356116584564861,
    0.5308394909688012,
    0.5383825944170773,
    0.5277606732348111,
    0.5323788998357964,
    0.538433908045977,
    0.5525964696223318,
    0.5431034482758621,
    0.5349958949096879,
    0.5433087027914615,
    0.5658353858784892,
    0.538126026272578,
    0.4970238095238094,
    0.5022577996715929,
    0.515907224958949,
    0.5445145730706076,
    0.5549825533661741,
    0.5424876847290641,
    0.5711720032840722,
    0.5580870279146141,
    0.5633723316912972,
    0.583435960591133,
    0.5834103037766831,
    0.5970853858784892,
    0.6194068144499179,
    0.6082204433497537,
    0.6557368637110016,
    0.6704125615763548,
    0.6616379310344828,
    0.6871664614121511,
    0.7027401477832512,
    0.6578920361247946,
    0.5773039819376027,
    0.5663485221674877,
    0.5492354269293924,
    0.5392036124794746,
    0.5358169129720853,
    0.530942118226601,
    0.5676313628899835,
    0.5696325944170771,
    0.5658866995073892,
    0.5549055829228242,
    0.4826559934318555,
    0.48306650246305427,
    0.5004105090311988,
    0.4789100985221674,
    0.4948429802955665,
    0.4787561576354679,
    0.46628694581280783,
    0.4867867405582923,
    0.4817836617405583,
    0.5344314449917897,
    0.5574712643678161,
    0.5460026683087028,
    0.5760467980295567,
    0.5891317733990148
  ],
  "auc_S_inv": [
    0.5085693760262726,
    0.5144191297208539,
    0.5099805008210181,
    0.5094930213464697,
    0.5208846469622331,
    0.5548029556650247,
    0.5301211001642036,
    0.5279659277504105,
    0.5205254515599343,
    0.5116995073891626,
    0.5101087848932677,
    0.4886853448275862,
    0.5051313628899836,
    0.5356116584564861,
    0.5308394909688012,
    0.5383825944170773,
    0.5277606732348111,
    0.5323788998357964,
    0.538433908045977,
    0.5525964696223318,
    0.5431034482758621,
    0.5349958949096879,
    0.5433087027914615,
    0.5658353858784892,
    0.538126026272578,
    0.4970238095238094,
    0.5022577996715929,
    0.515907224958949,
    0.5445145730706076,
    0.5549825533661741,
    0.5424876847290641,
    0.5711720032840722,
    0.5580870279146141,
    0.5633723316912972,
    0.583435960591133,
    0.5834103037766831,
    0.5970853858784892,
    0.6194068144499179,
    0.6082204433497537,
    0.6557368637110016,
    0.6704125615763548,
    0.6616379310344828,
    0.6871664614121511,
    0.7027401477832512,
    0.6578920361247946,
    0.5773039819376027,
    0.5663485221674877,
    0.5492354269293924,
    0.5392036124794746,
    0.5358169129720853,
    0.530942118226601,
    0.5676313628899835,
    0.5696325944170771,
    0.5658866995073892,
    0.5549055829228242,
    0.4826559934318555,
    0.48306650246305427,
    0.5004105090311988,
    0.4789100985221674,
    0.4948429802955665,
    0.4787561576354679,
    0.46628694581280783,
    0.4867867405582923,
    0.4817836617405583,
    0.5344314449917897,
    0.5574712643678161,
    0.5460026683087028,
    0.5760467980295567,
    0.5891317733990148
  ],
  "acc_R_macro": null,
  "auc_T": null,
  "latencies_ms": {
    "C": null,
    "S_raw": -20.000000251457095,
    "S_inv": -20.000000251457095,
    "T": null
  },
  "meta": {
    "align": "sacc",
    "orientation": "horizontal",
    "pt_min_ms": 200.0,
    "n_trials": 284,
    "n_bins": 69,
    "n_units": 120,
    "thr": 0.6,
    "k_bins": 5,
    "norm": "global",
    "baseline_win": null,
    "used_axes_mu_sd": false
  }
}