{
  "sid": "20231103",
  "align": "stim",
  "features": [
    "C"
  ],
  "winC": [
    0.1,
    0.3
  ],
  "winR": null,
  "winS": null,
  "winT": null,
  "pt_min_ms": 200.0,
  "orientation": "pooled",
  "areas": [
    "SFEF",
    "SLIP",
    "SSC"
  ],
  "tag": "axes_peakbin_stimC-stim-pooled-20mssw_nofilter",
  "norm": "global",
  "baseline_win": null,
  "clf_binary": "logreg",
  "C_grid": [
    0.1,
    0.3,
    1.0,
    3.0,
    10.0
  ],
  "lda_shrinkage": null,
  "searchC": true,
  "searchS": false,
  "searchT": false,
  "searchR": false,
  "search_step_ms": 20.0,
  "search_len_ms": [
    50.0,
    100.0,
    150.0,
    200.0,
    250.0
  ],
  "search_range_C": "0.00:0.50",
  "search_range_S": null,
  "search_range_T": null,
  "search_range_R": null,
  "search_score_mode": "peak_bin_auc",
  "search_tiebreak": "shortest_then_earliest",
  "search_tol": 0.01,
  "per_area_results": {
    "SFEF": {
      "winC_selected": [
        0.32,
        0.42000000000000004
      ],
      "winC_cv_best": 0.7858119658119658,
      "winC_best_param": 1.0,
      "winC_peak_time_ms": 329.99999821186066,
      "winC_peak_auc": 0.7858119658119658,
      "winC_mean_bin_auc": 0.7337511870845205,
      "winC_cv_auc_original": 0.8936666666666666,
      "sC_auc": 0.7858119658119658,
      "n_trials_C": 153
    },
    "SLIP": {
      "winC_selected": [
        0.4400000000000001,
        0.4900000000000001
      ],
      "winC_cv_best": 0.7083760683760684,
      "winC_best_param": 0.3,
      "winC_peak_time_ms": 469.9999988079071,
      "winC_peak_auc": 0.7083760683760684,
      "winC_mean_bin_auc": 0.6550213675213675,
      "winC_cv_auc_original": 0.7227777777777777,
      "sC_auc": 0.7083760683760684,
      "n_trials_C": 153
    },
    "SSC": {
      "winC_selected": [
        0.1,
        0.15000000000000002
      ],
      "winC_cv_best": 0.7194871794871794,
      "winC_best_param": 0.3,
      "winC_peak_time_ms": 109.99999940395355,
      "winC_peak_auc": 0.7194871794871794,
      "winC_mean_bin_auc": 0.5964786324786324,
      "winC_cv_auc_original": 0.6447777777777778,
      "sC_auc": 0.7194871794871794,
      "n_trials_C": 153
    }
  },
  "rebin_factor": null,
  "sliding_window_ms": 20.0,
  "sliding_step_ms": 10.0,
  "sliding_window_bins": 2,
  "sliding_step_bins": 1
}