{
  "time": [
    -0.39000000059604645,
    -0.3799999952316284,
    -0.3700000047683716,
    -0.35999999940395355,
    -0.3499999940395355,
    -0.3400000035762787,
    -0.32999999821186066,
    -0.3199999928474426,
    -0.3100000023841858,
    -0.30000000447034836,
    -0.28999999910593033,
    -0.2800000011920929,
    -0.27000000327825546,
    -0.25999999791383743,
    -0.25,
    -0.24000000208616257,
    -0.23000000044703484,
    -0.2200000025331974,
    -0.21000000089406967,
    -0.19999999925494194,
    -0.1900000013411045,
    -0.17999999970197678,
    -0.16999999806284904,
    -0.1600000001490116,
    -0.14999999850988388,
    -0.13999999687075615,
    -0.12999999895691872,
    -0.11999999918043613,
    -0.10999999940395355,
    -0.09999999962747097,
    -0.08999999985098839,
    -0.0800000000745058,
    -0.07000000029802322,
    -0.06000000052154064,
    -0.049999999813735485,
    -0.0400000000372529,
    -0.03000000026077032,
    -0.020000000251457095,
    -0.010000000009313226,
    0.0,
    0.010000000009313226,
    0.020000000251457095,
    0.03000000026077032,
    0.0400000000372529,
    0.049999999813735485,
    0.06000000052154064,
    0.07000000029802322,
    0.0800000000745058,
    0.08999999985098839,
    0.09999999962747097,
    0.10999999940395355,
    0.11999999918043613,
    0.12999999895691872,
    0.13999999687075615,
    0.14999999850988388,
    0.1600000001490116,
    0.16999999806284904,
    0.17999999970197678,
    0.1900000013411045,
    0.19999999925494194,
    0.21000000089406967,
    0.2200000025331974,
    0.23000000044703484,
    0.24000000208616257,
    0.25,
    0.25999999791383743,
    0.27000000327825546,
    0.2800000011920929,
    0.28999999910593033
  ],
  "auc_C": [
    0.5315793361568009,
    0.5092829705505761,
    0.5261375947995667,
    0.49428740273810695,
    0.45667536688663446,
    0.48841475425982467,
    0.5151063725007387,
    0.5028562986309466,
    0.4913449226829509,
    0.5127794740470797,
    0.5037058012410125,
    0.48083078892938047,
    0.5304836009061361,
    0.555303851078499,
    0.5575199448438884,
    0.5754210578154241,
    0.5301758101053876,
    0.5517950359499655,
    0.5282551955087167,
    0.4921944252930168,
    0.5066605929281985,
    0.5606963459076135,
    0.5686127253028661,
    0.560597852851374,
    0.5415640697330839,
    0.5322318526543879,
    0.5418718605338324,
    0.5976312419974392,
    0.6692726287796711,
    0.6560622476115434,
    0.6657391903870777,
    0.6583152762730227,
    0.6244336649266227,
    0.6076282872057521,
    0.5955628878164089,
    0.5829927115138382,
    0.5769230769230769,
    0.6029868019304638,
    0.585171870383138,
    0.6045503791982665,
    0.6437629272136314,
    0.5918817098394563,
    0.5602777504185954,
    0.5668521619225845,
    0.566741357234315,
    0.5628016349847336,
    0.5918817098394563,
    0.6278439869989165,
    0.5889761646803899,
    0.6253939722249582,
    0.6821629075150203,
    0.6094504087461834,
    0.5807643061164188,
    0.5334507042253521,
    0.5396803900325027,
    0.5313207918841721,
    0.4967004826159756,
    0.5383507337732689,
    0.5164483403920024,
    0.47397320988870284,
    0.49043386191273514,
    0.5268639810893332,
    0.5180857874519846,
    0.5303727962178666,
    0.5485447650940609,
    0.5293139958632916,
    0.4996429626711317,
    0.5286491677336748,
    0.5318871269575495
  ],
  "auc_S_raw": [
    0.4884772749679582,
    0.49250714778665095,
    0.4684388248052844,
    0.5047816227940451,
    0.5072956718919452,
    0.4923222912353348,
    0.5057059055506261,
    0.5008380163659667,
    0.46610963225870056,
    0.4575569358178054,
    0.4974613033619245,
    0.5216405402740807,
    0.5264468106083013,
    0.5051020408163265,
    0.5460785763580794,
    0.5217514542048703,
    0.49442965592033916,
    0.511276249630287,
    0.5268288474810214,
    0.5213201222517992,
    0.494774721482796,
    0.5314009661835748,
    0.5413339248742975,
    0.49885388938183967,
    0.5046090900128167,
    0.5446859903381642,
    0.5844301488711426,
    0.5879793946564134,
    0.5749531696736666,
    0.6241126885536824,
    0.6749482401656315,
    0.6634994577541161,
    0.7108843537414965,
    0.722037365670906,
    0.7359509020999704,
    0.7377501725327812,
    0.7724662328699596,
    0.7777408064675145,
    0.8027950310559007,
    0.8127649610568863,
    0.8160061125899636,
    0.8325076407374544,
    0.8625160209011141,
    0.8829611554766834,
    0.8873853889381841,
    0.8752834467120181,
    0.8145395839495218,
    0.7440969141279701,
    0.7202750665483584,
    0.7120304643596569,
    0.7016415261756876,
    0.7087153702060535,
    0.7381938282559399,
    0.685904071773637,
    0.6965518091294488,
    0.7529084097407079,
    0.7250197180321404,
    0.7093069111702651,
    0.6764763876565119,
    0.692916296953564,
    0.7134230503795721,
    0.6982031943212067,
    0.6762175884846692,
    0.6450507739327616,
    0.6299788031154491,
    0.6312235038943113,
    0.5822981366459627,
    0.5592773341220547,
    0.5632702356304841
  ],
  "auc_S_inv": [
    0.49626589766341317,
    0.48383121364487824,
    0.46880853790791677,
    0.5074805284432613,
    0.5065069506063296,
    0.4916937789608597,
    0.5005545696539485,
    0.5131864339938874,
    0.47604259094942325,
    0.4630040421965888,
    0.503721778566499,
    0.5283200236616385,
    0.5365153307699891,
    0.5168589174800355,
    0.5583160800552105,
    0.5236986098787342,
    0.49510746327516514,
    0.5150966183574879,
    0.5307478063689244,
    0.5262619540569852,
    0.5067534260080844,
    0.5374519372966577,
    0.5486788918465937,
    0.501454204870354,
    0.5140121265897664,
    0.5558636498077493,
    0.5877205954845707,
    0.5881149561273784,
    0.581262939958592,
    0.6309400571822932,
    0.6720768017351868,
    0.6589889579020014,
    0.7182416444838805,
    0.724797890170561,
    0.732438627624963,
    0.7384526274277826,
    0.7688676920043378,
    0.7741052942916298,
    0.8011559696342305,
    0.8043478260869564,
    0.8072932071379276,
    0.8204303460514641,
    0.8526570048309179,
    0.8796830326333432,
    0.8876811594202899,
    0.8762077294685992,
    0.817053633047422,
    0.7491866311742088,
    0.7116607512570245,
    0.7212239968451151,
    0.7212116730750271,
    0.7273735581188998,
    0.7488292418416642,
    0.6924972887705806,
    0.7077048210588583,
    0.760006901311249,
    0.726732722074337,
    0.705104505570344,
    0.6704747116237799,
    0.6942965592033914,
    0.7175022182786158,
    0.698338755792172,
    0.6769200433796707,
    0.6491299418318053,
    0.6287710736468501,
    0.6256778073548259,
    0.573720792664892,
    0.5391772651089421,
    0.5436014985704427
  ],
  "acc_R_macro": null,
  "auc_T": null,
  "latencies_ms": {
    "C": -109.99999940395355,
    "S_raw": -99.99999962747097,
    "S_inv": -99.99999962747097,
    "T": null
  },
  "meta": {
    "align": "sacc",
    "orientation": "horizontal",
    "pt_min_ms": 200.0,
    "n_trials": 570,
    "n_bins": 69,
    "n_units": 83,
    "thr": 0.6,
    "k_bins": 5,
    "norm": "global",
    "baseline_win": null,
    "used_axes_mu_sd": false
  }
}