{
  "time": [
    -0.24000000208616257,
    -0.2199999988079071,
    -0.19999999552965164,
    -0.17999999970197678,
    -0.1600000038743019,
    -0.14000000059604645,
    -0.12000000104308128,
    -0.09999999776482582,
    -0.08000000193715096,
    -0.05999999865889549,
    -0.04000000096857548,
    -0.02000000001862645,
    0.0,
    0.02000000001862645,
    0.04000000096857548,
    0.05999999865889549,
    0.08000000193715096,
    0.09999999776482582,
    0.12000000104308128,
    0.14000000059604645,
    0.1600000038743019,
    0.17999999970197678,
    0.19999999552965164,
    0.2199999988079071,
    0.24000000208616257,
    0.25999999046325684,
    0.2800000011920929,
    0.29999999701976776,
    0.3199999928474426,
    0.3400000035762787,
    0.35999999940395355,
    0.3799999952316284,
    0.4000000059604645,
    0.42000000178813934,
    0.4399999976158142,
    0.46000000834465027,
    0.48000000417232513,
    0.5,
    0.5199999809265137,
    0.5400000214576721,
    0.5600000023841858,
    0.5799999833106995,
    0.6000000238418579,
    0.6200000047683716,
    0.6399999856948853,
    0.6599999964237213,
    0.6800000071525574,
    0.699999988079071,
    0.7199999988079071,
    0.7400000095367432,
    0.7599999904632568,
    0.7800000011920929
  ],
  "auc_C": [
    0.4772225736172605,
    0.4609881228477054,
    0.5107105207674467,
    0.5393632721905967,
    0.4879330943847073,
    0.4922903928596528,
    0.4858950031625554,
    0.5349216389064586,
    0.49542483660130715,
    0.5641717618947222,
    0.44445850024597644,
    0.509396303324197,
    0.5176119193196993,
    0.5251528568416615,
    0.5224400871459695,
    0.5093541359196009,
    0.5039567081312812,
    0.47249982430248083,
    0.4986857825567502,
    0.5233256026424906,
    0.5440016866961839,
    0.5875043924379788,
    0.625595614589922,
    0.6414365029165787,
    0.6335371424555485,
    0.692824513317872,
    0.7219621898938787,
    0.7397006114273665,
    0.8209572000843347,
    0.7860285332771102,
    0.8035280061845526,
    0.7543467566237965,
    0.7187152997399677,
    0.7222292501229883,
    0.6901679668283085,
    0.6188909972591187,
    0.6486049616979409,
    0.6145196429826411,
    0.6083491461100569,
    0.5995642701525054,
    0.5346967460819454,
    0.5325040410429405,
    0.5413732518096844,
    0.4840958605664488,
    0.5795909761754164,
    0.5237824161922834,
    0.5669196710942441,
    0.5376695481059808,
    0.5307540937521962,
    0.525939981727458,
    0.511258697027198,
    0.47638625342610164
  ],
  "auc_S_raw": null,
  "auc_S_inv": null,
  "acc_R_macro": [
    0.3838498840396374,
    0.3914189331646637,
    0.4553236348302762,
    0.4068732869491883,
    0.4254691123761333,
    0.4297912713472486,
    0.41870124393843555,
    0.4193126713050812,
    0.41410499683744467,
    0.40737929580434323,
    0.4139363272190597,
    0.4301286105840185,
    0.4242462576428421,
    0.4302340290955092,
    0.41437908496732023,
    0.42272823107737717,
    0.4812565886569682,
    0.5099936748893106,
    0.49687961205987774,
    0.5008644317942231,
    0.4884882985452246,
    0.5042167404596247,
    0.5110056925996205,
    0.4747628083491461,
    0.4658022348724436,
    0.48176259751212314,
    0.4246890153911027,
    0.42816782627029304,
    0.4097828378663293,
    0.4222222222222222,
    0.42401433691756274,
    0.39898798228969007,
    0.3894581488509382,
    0.3741092135779043,
    0.42435167615433267,
    0.41674045962471007,
    0.4171832173729707,
    0.42144212523719166,
    0.41992409867172675,
    0.4093400801180687,
    0.4163398692810457,
    0.3955091714104997,
    0.4452456251317731,
    0.38117225384777564,
    0.3901328273244782,
    0.3869913556820578,
    0.39662660763230023,
    0.3977440438541008,
    0.4194813409234662,
    0.3863166772085178,
    0.3809403331224963,
    0.4130929791271347
  ],
  "auc_T": null,
  "latencies_ms": {
    "C": 199.99999552965164,
    "S_raw": null,
    "S_inv": null,
    "T": null
  },
  "meta": {
    "align": "stim",
    "orientation": "vertical",
    "pt_min_ms": 200.0,
    "n_trials": 534,
    "n_bins": 52,
    "n_units": 84,
    "thr": 0.6,
    "k_bins": 5,
    "norm": "global",
    "baseline_win": null,
    "used_axes_mu_sd": false
  }
}