{
  "time": [
    -0.39500001072883606,
    -0.38499999046325684,
    -0.375,
    -0.36500000953674316,
    -0.35499998927116394,
    -0.3449999988079071,
    -0.33500000834465027,
    -0.32499998807907104,
    -0.3149999976158142,
    -0.3050000071525574,
    -0.29500000178813934,
    -0.2849999964237213,
    -0.2750000059604645,
    -0.26500000059604645,
    -0.2549999952316284,
    -0.24500000476837158,
    -0.23499999940395355,
    -0.22500000149011612,
    -0.2150000035762787,
    -0.20499999821186066,
    -0.19500000029802322,
    -0.1850000023841858,
    -0.17499999701976776,
    -0.16499999910593033,
    -0.1550000011920929,
    -0.14499999582767487,
    -0.13499999791383743,
    -0.125,
    -0.11499999836087227,
    -0.10500000044703484,
    -0.0949999988079071,
    -0.08500000089406967,
    -0.07499999925494194,
    -0.06500000134110451,
    -0.054999999701976776,
    -0.044999999925494194,
    -0.03500000014901161,
    -0.02500000037252903,
    -0.01500000013038516,
    -0.004999999888241291,
    0.004999999888241291,
    0.01500000013038516,
    0.02500000037252903,
    0.03500000014901161,
    0.044999999925494194,
    0.054999999701976776,
    0.06500000134110451,
    0.07499999925494194,
    0.08500000089406967,
    0.0949999988079071,
    0.10500000044703484,
    0.11499999836087227,
    0.125,
    0.13499999791383743,
    0.14499999582767487,
    0.1550000011920929,
    0.16499999910593033,
    0.17499999701976776,
    0.1850000023841858,
    0.19500000029802322,
    0.20499999821186066,
    0.2150000035762787,
    0.22500000149011612,
    0.23499999940395355,
    0.24500000476837158,
    0.2549999952316284,
    0.26500000059604645,
    0.2750000059604645,
    0.2849999964237213,
    0.29500000178813934
  ],
  "auc_C": null,
  "auc_S_raw": [
    0.4992707826932426,
    0.44433641225085074,
    0.47766164316966453,
    0.4528439474963539,
    0.48925619834710743,
    0.4489790957705396,
    0.4595770539620807,
    0.5642197374817696,
    0.45209042294603796,
    0.5324987846378221,
    0.45403500243072425,
    0.4600145843461352,
    0.4630772970345163,
    0.47287311618862427,
    0.48111327175498303,
    0.49654837141468156,
    0.506198347107438,
    0.45435099659698586,
    0.4869713174526009,
    0.45398638794360713,
    0.4920758385999028,
    0.4993193971803598,
    0.47311618862421,
    0.4612542537676228,
    0.4927321341759845,
    0.4909577053962081,
    0.5233592610597958,
    0.5065629557608167,
    0.48121050072921734,
    0.49428779776373355,
    0.5138794360719495,
    0.4819397180359747,
    0.6150704910063199,
    0.6592853670393777,
    0.5802625182304326,
    0.5540836169178415,
    0.5706125425376762,
    0.5034516285853184,
    0.5403257170636849,
    0.4978123480797278,
    0.5208070004861449,
    0.448492950899368,
    0.5307243558580457,
    0.5026981040350025,
    0.4458677685950413,
    0.5413952357802625,
    0.5262032085561498,
    0.5136606708799222,
    0.46565386485172583,
    0.5079484686436558,
    0.5041565386485173,
    0.47707826932425856,
    0.5259358288770053,
    0.5365337870685464,
    0.5093339815264949,
    0.46322314049586777,
    0.44316966456003887,
    0.5038405444822558,
    0.503184248906174,
    0.4828633932912008,
    0.4421487603305785,
    0.5464268351968886,
    0.43536703937773463,
    0.46268838113757904,
    0.4499756927564414,
    0.47754010695187166,
    0.4656781720952844,
    0.5092853670393778,
    0.5289985415653864,
    0.4732377248420029
  ],
  "auc_S_inv": [
    0.4992707826932426,
    0.44433641225085074,
    0.47766164316966453,
    0.4528439474963539,
    0.48925619834710743,
    0.4489790957705396,
    0.4595770539620807,
    0.5642197374817696,
    0.45209042294603796,
    0.5324987846378221,
    0.45403500243072425,
    0.4600145843461352,
    0.4630772970345163,
    0.47287311618862427,
    0.48111327175498303,
    0.49654837141468156,
    0.506198347107438,
    0.45435099659698586,
    0.4869713174526009,
    0.45398638794360713,
    0.4920758385999028,
    0.4993193971803598,
    0.47311618862421,
    0.4612542537676228,
    0.4927321341759845,
    0.4909577053962081,
    0.5233592610597958,
    0.5065629557608167,
    0.48121050072921734,
    0.49428779776373355,
    0.5138794360719495,
    0.4819397180359747,
    0.6150704910063199,
    0.6592853670393777,
    0.5802625182304326,
    0.5540836169178415,
    0.5706125425376762,
    0.5034516285853184,
    0.5403257170636849,
    0.4978123480797278,
    0.5208070004861449,
    0.448492950899368,
    0.5307243558580457,
    0.5026981040350025,
    0.4458677685950413,
    0.5413952357802625,
    0.5262032085561498,
    0.5136606708799222,
    0.46565386485172583,
    0.5079484686436558,
    0.5041565386485173,
    0.47707826932425856,
    0.5259358288770053,
    0.5365337870685464,
    0.5093339815264949,
    0.46322314049586777,
    0.44316966456003887,
    0.5038405444822558,
    0.503184248906174,
    0.4828633932912008,
    0.4421487603305785,
    0.5464268351968886,
    0.43536703937773463,
    0.46268838113757904,
    0.4499756927564414,
    0.47754010695187166,
    0.4656781720952844,
    0.5092853670393778,
    0.5289985415653864,
    0.4732377248420029
  ],
  "acc_R_macro": null,
  "auc_T": null,
  "latencies_ms": {
    "C": null,
    "S_raw": null,
    "S_inv": null,
    "T": null
  },
  "meta": {
    "align": "sacc",
    "orientation": "horizontal",
    "pt_min_ms": 200.0,
    "n_trials": 291,
    "n_bins": 70,
    "n_units": 41,
    "thr": 0.6,
    "k_bins": 5,
    "norm": "global",
    "baseline_win": null,
    "used_axes_mu_sd": false
  }
}