{
  "time": [
    -0.39500001072883606,
    -0.38499999046325684,
    -0.375,
    -0.36500000953674316,
    -0.35499998927116394,
    -0.3449999988079071,
    -0.33500000834465027,
    -0.32499998807907104,
    -0.3149999976158142,
    -0.3050000071525574,
    -0.29500000178813934,
    -0.2849999964237213,
    -0.2750000059604645,
    -0.26500000059604645,
    -0.2549999952316284,
    -0.24500000476837158,
    -0.23499999940395355,
    -0.22500000149011612,
    -0.2150000035762787,
    -0.20499999821186066,
    -0.19500000029802322,
    -0.1850000023841858,
    -0.17499999701976776,
    -0.16499999910593033,
    -0.1550000011920929,
    -0.14499999582767487,
    -0.13499999791383743,
    -0.125,
    -0.11499999836087227,
    -0.10500000044703484,
    -0.0949999988079071,
    -0.08500000089406967,
    -0.07499999925494194,
    -0.06500000134110451,
    -0.054999999701976776,
    -0.044999999925494194,
    -0.03500000014901161,
    -0.02500000037252903,
    -0.01500000013038516,
    -0.004999999888241291,
    0.004999999888241291,
    0.01500000013038516,
    0.02500000037252903,
    0.03500000014901161,
    0.044999999925494194,
    0.054999999701976776,
    0.06500000134110451,
    0.07499999925494194,
    0.08500000089406967,
    0.0949999988079071,
    0.10500000044703484,
    0.11499999836087227,
    0.125,
    0.13499999791383743,
    0.14499999582767487,
    0.1550000011920929,
    0.16499999910593033,
    0.17499999701976776,
    0.1850000023841858,
    0.19500000029802322,
    0.20499999821186066,
    0.2150000035762787,
    0.22500000149011612,
    0.23499999940395355,
    0.24500000476837158,
    0.2549999952316284,
    0.26500000059604645,
    0.2750000059604645,
    0.2849999964237213,
    0.29500000178813934
  ],
  "auc_C": null,
  "auc_S_raw": [
    0.48014098201263966,
    0.5200777831793875,
    0.5129314535731648,
    0.5596985901798737,
    0.4776859504132231,
    0.5500729217306758,
    0.585342732134176,
    0.4946037919299952,
    0.5302382109868741,
    0.5400583373845406,
    0.5261059795819154,
    0.5241857073407875,
    0.5213660670879922,
    0.5298006806028197,
    0.5920515313563441,
    0.5152649489547885,
    0.5166504618376276,
    0.5154837141468157,
    0.601215362177929,
    0.5370442391832766,
    0.544555177442878,
    0.5415167719980555,
    0.5490520175012155,
    0.5467185221195916,
    0.5464025279533301,
    0.5562955760816722,
    0.49380165289256195,
    0.5326932425862907,
    0.5761789013125911,
    0.5290714632960622,
    0.5456976178901313,
    0.5231161886242099,
    0.5849295089936801,
    0.5385755955274673,
    0.6604278074866312,
    0.6403014098201264,
    0.6389888186679631,
    0.6204180845892076,
    0.6599902771025765,
    0.6010695187165775,
    0.6151191054934371,
    0.5819640252795334,
    0.6390860476421973,
    0.6453573164803111,
    0.549538162372387,
    0.5243558580456976,
    0.5388915896937287,
    0.5654837141468158,
    0.5479338842975207,
    0.5271025765678172,
    0.5334710743801653,
    0.5225328147788041,
    0.48400583373845407,
    0.5319397180359747,
    0.568886728245017,
    0.5538162372386971,
    0.44278074866310163,
    0.49895478852698116,
    0.48104035002430723,
    0.44968400583373846,
    0.5085075352455032,
    0.4655809431210501,
    0.4948954788526981,
    0.4645114244044725,
    0.5120563928050559,
    0.5109382596013613,
    0.5387214389888186,
    0.5568060281964026,
    0.5593582887700534,
    0.5411764705882353
  ],
  "auc_S_inv": [
    0.48014098201263966,
    0.5200777831793875,
    0.5129314535731648,
    0.5596985901798737,
    0.4776859504132231,
    0.5500729217306758,
    0.585342732134176,
    0.4946037919299952,
    0.5302382109868741,
    0.5400583373845406,
    0.5261059795819154,
    0.5241857073407875,
    0.5213660670879922,
    0.5298006806028197,
    0.5920515313563441,
    0.5152649489547885,
    0.5166504618376276,
    0.5154837141468157,
    0.601215362177929,
    0.5370442391832766,
    0.544555177442878,
    0.5415167719980555,
    0.5490520175012155,
    0.5467185221195916,
    0.5464025279533301,
    0.5562955760816722,
    0.49380165289256195,
    0.5326932425862907,
    0.5761789013125911,
    0.5290714632960622,
    0.5456976178901313,
    0.5231161886242099,
    0.5849295089936801,
    0.5385755955274673,
    0.6604278074866312,
    0.6403014098201264,
    0.6389888186679631,
    0.6204180845892076,
    0.6599902771025765,
    0.6010695187165775,
    0.6151191054934371,
    0.5819640252795334,
    0.6390860476421973,
    0.6453573164803111,
    0.549538162372387,
    0.5243558580456976,
    0.5388915896937287,
    0.5654837141468158,
    0.5479338842975207,
    0.5271025765678172,
    0.5334710743801653,
    0.5225328147788041,
    0.48400583373845407,
    0.5319397180359747,
    0.568886728245017,
    0.5538162372386971,
    0.44278074866310163,
    0.49895478852698116,
    0.48104035002430723,
    0.44968400583373846,
    0.5085075352455032,
    0.4655809431210501,
    0.4948954788526981,
    0.4645114244044725,
    0.5120563928050559,
    0.5109382596013613,
    0.5387214389888186,
    0.5568060281964026,
    0.5593582887700534,
    0.5411764705882353
  ],
  "acc_R_macro": null,
  "auc_T": null,
  "latencies_ms": {
    "C": null,
    "S_raw": -54.999999701976776,
    "S_inv": -54.999999701976776,
    "T": null
  },
  "meta": {
    "align": "sacc",
    "orientation": "horizontal",
    "pt_min_ms": 200.0,
    "n_trials": 291,
    "n_bins": 70,
    "n_units": 120,
    "thr": 0.6,
    "k_bins": 5,
    "norm": "global",
    "baseline_win": null,
    "used_axes_mu_sd": false
  }
}