{
  "time": [
    -0.39000000059604645,
    -0.3799999952316284,
    -0.3700000047683716,
    -0.35999999940395355,
    -0.3499999940395355,
    -0.3400000035762787,
    -0.32999999821186066,
    -0.3199999928474426,
    -0.3100000023841858,
    -0.30000000447034836,
    -0.28999999910593033,
    -0.2800000011920929,
    -0.27000000327825546,
    -0.25999999791383743,
    -0.25,
    -0.24000000208616257,
    -0.23000000044703484,
    -0.2200000025331974,
    -0.21000000089406967,
    -0.19999999925494194,
    -0.1900000013411045,
    -0.17999999970197678,
    -0.16999999806284904,
    -0.1600000001490116,
    -0.14999999850988388,
    -0.13999999687075615,
    -0.12999999895691872,
    -0.11999999918043613,
    -0.10999999940395355,
    -0.09999999962747097,
    -0.08999999985098839,
    -0.0800000000745058,
    -0.07000000029802322,
    -0.06000000052154064,
    -0.049999999813735485,
    -0.0400000000372529,
    -0.03000000026077032,
    -0.020000000251457095,
    -0.010000000009313226,
    0.0,
    0.010000000009313226,
    0.020000000251457095,
    0.03000000026077032,
    0.0400000000372529,
    0.049999999813735485,
    0.06000000052154064,
    0.07000000029802322,
    0.0800000000745058,
    0.08999999985098839,
    0.09999999962747097,
    0.10999999940395355,
    0.11999999918043613,
    0.12999999895691872,
    0.13999999687075615,
    0.14999999850988388,
    0.1600000001490116,
    0.16999999806284904,
    0.17999999970197678,
    0.1900000013411045
  ],
  "auc_C": null,
  "auc_S_raw": [
    0.508221850613155,
    0.4851588628762542,
    0.4806995540691193,
    0.45248049052396877,
    0.5193701226309921,
    0.6075808249721293,
    0.6032608695652174,
    0.5571348940914158,
    0.5472408026755853,
    0.5547658862876255,
    0.5164437012263099,
    0.4703874024526198,
    0.47853957636566335,
    0.532329988851728,
    0.5330267558528428,
    0.5573439241917503,
    0.6006828316610925,
    0.5209030100334449,
    0.45728818283166106,
    0.4910813823857302,
    0.5102424749163881,
    0.5301003344481605,
    0.5606535674470458,
    0.5311454849498328,
    0.47247770345596435,
    0.5112179487179488,
    0.5471711259754738,
    0.62311872909699,
    0.6341973244147158,
    0.63064381270903,
    0.6236064659977704,
    0.6418617614269787,
    0.6659002229654404,
    0.6702201783723523,
    0.7594760312151617,
    0.7749442586399108,
    0.7354375696767002,
    0.7809364548494984,
    0.8294314381270903,
    0.8620401337792643,
    0.880922519509476,
    0.8935340022296544,
    0.8853818283166109,
    0.8837095875139354,
    0.9616778149386845,
    0.9766583054626534,
    0.9464186176142698,
    0.8428790412486065,
    0.7942447045707914,
    0.8306159420289855,
    0.8320094760312152,
    0.8150083612040134,
    0.8314520624303233,
    0.8561872909698997,
    0.8273411371237459,
    0.7636566332218505,
    0.7761984392419174,
    0.8112458193979932,
    0.8351449275362318
  ],
  "auc_S_inv": [
    0.508221850613155,
    0.4851588628762542,
    0.4806995540691193,
    0.45248049052396877,
    0.5193701226309921,
    0.6075808249721293,
    0.6032608695652174,
    0.5571348940914158,
    0.5472408026755853,
    0.5547658862876255,
    0.5164437012263099,
    0.4703874024526198,
    0.47853957636566335,
    0.532329988851728,
    0.5330267558528428,
    0.5573439241917503,
    0.6006828316610925,
    0.5209030100334449,
    0.45728818283166106,
    0.4910813823857302,
    0.5102424749163881,
    0.5301003344481605,
    0.5606535674470458,
    0.5311454849498328,
    0.47247770345596435,
    0.5112179487179488,
    0.5471711259754738,
    0.62311872909699,
    0.6341973244147158,
    0.63064381270903,
    0.6236064659977704,
    0.6418617614269787,
    0.6659002229654404,
    0.6702201783723523,
    0.7594760312151617,
    0.7749442586399108,
    0.7354375696767002,
    0.7809364548494984,
    0.8294314381270903,
    0.8620401337792643,
    0.880922519509476,
    0.8935340022296544,
    0.8853818283166109,
    0.8837095875139354,
    0.9616778149386845,
    0.9766583054626534,
    0.9464186176142698,
    0.8428790412486065,
    0.7942447045707914,
    0.8306159420289855,
    0.8320094760312152,
    0.8150083612040134,
    0.8314520624303233,
    0.8561872909698997,
    0.8273411371237459,
    0.7636566332218505,
    0.7761984392419174,
    0.8112458193979932,
    0.8351449275362318
  ],
  "acc_R_macro": null,
  "auc_T": null,
  "latencies_ms": {
    "C": null,
    "S_raw": -119.99999918043613,
    "S_inv": -119.99999918043613,
    "T": null
  },
  "meta": {
    "align": "sacc",
    "orientation": "horizontal",
    "pt_min_ms": 200.0,
    "n_trials": 242,
    "n_bins": 59,
    "n_units": 86,
    "thr": 0.6,
    "k_bins": 5,
    "norm": "global",
    "baseline_win": null,
    "used_axes_mu_sd": false
  }
}