{
  "time": [
    -0.39000000059604645,
    -0.3799999952316284,
    -0.3700000047683716,
    -0.35999999940395355,
    -0.3499999940395355,
    -0.3400000035762787,
    -0.32999999821186066,
    -0.3199999928474426,
    -0.3100000023841858,
    -0.30000000447034836,
    -0.28999999910593033,
    -0.2800000011920929,
    -0.27000000327825546,
    -0.25999999791383743,
    -0.25,
    -0.24000000208616257,
    -0.23000000044703484,
    -0.2200000025331974,
    -0.21000000089406967,
    -0.19999999925494194,
    -0.1900000013411045,
    -0.17999999970197678,
    -0.16999999806284904,
    -0.1600000001490116,
    -0.14999999850988388,
    -0.13999999687075615,
    -0.12999999895691872,
    -0.11999999918043613,
    -0.10999999940395355,
    -0.09999999962747097,
    -0.08999999985098839,
    -0.0800000000745058,
    -0.07000000029802322,
    -0.06000000052154064,
    -0.049999999813735485,
    -0.0400000000372529,
    -0.03000000026077032,
    -0.020000000251457095,
    -0.010000000009313226,
    0.0,
    0.010000000009313226,
    0.020000000251457095,
    0.03000000026077032,
    0.0400000000372529,
    0.049999999813735485,
    0.06000000052154064,
    0.07000000029802322,
    0.0800000000745058,
    0.08999999985098839,
    0.09999999962747097,
    0.10999999940395355,
    0.11999999918043613,
    0.12999999895691872,
    0.13999999687075615,
    0.14999999850988388,
    0.1600000001490116,
    0.16999999806284904,
    0.17999999970197678,
    0.1900000013411045
  ],
  "auc_C": null,
  "auc_S_raw": [
    0.5007299270072991,
    0.4842335766423358,
    0.47781021897810216,
    0.44277372262773723,
    0.5064233576642335,
    0.6040145985401459,
    0.6108029197080292,
    0.5611678832116789,
    0.5467153284671533,
    0.5691970802919707,
    0.5361313868613139,
    0.4783941605839416,
    0.47737226277372263,
    0.5256934306569343,
    0.5256204379562043,
    0.5502919708029197,
    0.593941605839416,
    0.5221897810218978,
    0.45467153284671535,
    0.4902919708029197,
    0.5151094890510949,
    0.54007299270073,
    0.5604014598540146,
    0.5299270072992701,
    0.48262773722627733,
    0.5107299270072992,
    0.5531386861313868,
    0.6302189781021897,
    0.6435036496350365,
    0.6424087591240876,
    0.6422627737226277,
    0.6492700729927007,
    0.6685401459854016,
    0.6769343065693432,
    0.7616058394160584,
    0.770802919708029,
    0.7399270072992701,
    0.7986861313868613,
    0.8313138686131386,
    0.8644525547445255,
    0.8894890510948905,
    0.9029197080291971,
    0.8839416058394161,
    0.8865693430656933,
    0.9634306569343065,
    0.9767883211678832,
    0.9464963503649635,
    0.8477372262773722,
    0.8143065693430657,
    0.8440875912408758,
    0.8351094890510948,
    0.8229927007299269,
    0.8383941605839416,
    0.8628467153284672,
    0.8324087591240875,
    0.7715328467153285,
    0.7804379562043796,
    0.8032846715328467,
    0.8317518248175183
  ],
  "auc_S_inv": [
    0.5007299270072991,
    0.4842335766423358,
    0.47781021897810216,
    0.44277372262773723,
    0.5064233576642335,
    0.6040145985401459,
    0.6108029197080292,
    0.5611678832116789,
    0.5467153284671533,
    0.5691970802919707,
    0.5361313868613139,
    0.4783941605839416,
    0.47737226277372263,
    0.5256934306569343,
    0.5256204379562043,
    0.5502919708029197,
    0.593941605839416,
    0.5221897810218978,
    0.45467153284671535,
    0.4902919708029197,
    0.5151094890510949,
    0.54007299270073,
    0.5604014598540146,
    0.5299270072992701,
    0.48262773722627733,
    0.5107299270072992,
    0.5531386861313868,
    0.6302189781021897,
    0.6435036496350365,
    0.6424087591240876,
    0.6422627737226277,
    0.6492700729927007,
    0.6685401459854016,
    0.6769343065693432,
    0.7616058394160584,
    0.770802919708029,
    0.7399270072992701,
    0.7986861313868613,
    0.8313138686131386,
    0.8644525547445255,
    0.8894890510948905,
    0.9029197080291971,
    0.8839416058394161,
    0.8865693430656933,
    0.9634306569343065,
    0.9767883211678832,
    0.9464963503649635,
    0.8477372262773722,
    0.8143065693430657,
    0.8440875912408758,
    0.8351094890510948,
    0.8229927007299269,
    0.8383941605839416,
    0.8628467153284672,
    0.8324087591240875,
    0.7715328467153285,
    0.7804379562043796,
    0.8032846715328467,
    0.8317518248175183
  ],
  "acc_R_macro": null,
  "auc_T": null,
  "latencies_ms": {
    "C": null,
    "S_raw": -119.99999918043613,
    "S_inv": -119.99999918043613,
    "T": null
  },
  "meta": {
    "align": "sacc",
    "orientation": "horizontal",
    "pt_min_ms": 200.0,
    "n_trials": 237,
    "n_bins": 59,
    "n_units": 86,
    "thr": 0.6,
    "k_bins": 5,
    "norm": "global",
    "baseline_win": null,
    "used_axes_mu_sd": false
  }
}