{
  "time": [
    -0.39000000059604645,
    -0.3799999952316284,
    -0.3700000047683716,
    -0.35999999940395355,
    -0.3499999940395355,
    -0.3400000035762787,
    -0.32999999821186066,
    -0.3199999928474426,
    -0.3100000023841858,
    -0.30000000447034836,
    -0.28999999910593033,
    -0.2800000011920929,
    -0.27000000327825546,
    -0.25999999791383743,
    -0.25,
    -0.24000000208616257,
    -0.23000000044703484,
    -0.2200000025331974,
    -0.21000000089406967,
    -0.19999999925494194,
    -0.1900000013411045,
    -0.17999999970197678,
    -0.16999999806284904,
    -0.1600000001490116,
    -0.14999999850988388,
    -0.13999999687075615,
    -0.12999999895691872,
    -0.11999999918043613,
    -0.10999999940395355,
    -0.09999999962747097,
    -0.08999999985098839,
    -0.0800000000745058,
    -0.07000000029802322,
    -0.06000000052154064,
    -0.049999999813735485,
    -0.0400000000372529,
    -0.03000000026077032,
    -0.020000000251457095,
    -0.010000000009313226,
    0.0,
    0.010000000009313226,
    0.020000000251457095,
    0.03000000026077032,
    0.0400000000372529,
    0.049999999813735485,
    0.06000000052154064,
    0.07000000029802322,
    0.0800000000745058,
    0.08999999985098839,
    0.09999999962747097,
    0.10999999940395355,
    0.11999999918043613,
    0.12999999895691872,
    0.13999999687075615,
    0.14999999850988388,
    0.1600000001490116,
    0.16999999806284904,
    0.17999999970197678,
    0.1900000013411045,
    0.19999999925494194,
    0.21000000089406967,
    0.2200000025331974,
    0.23000000044703484,
    0.24000000208616257,
    0.25,
    0.25999999791383743,
    0.27000000327825546,
    0.2800000011920929,
    0.28999999910593033
  ],
  "auc_C": null,
  "auc_S_raw": [
    0.5096850613154961,
    0.4893394648829431,
    0.4812569676700112,
    0.455546265328874,
    0.5188823857302118,
    0.6082079152731326,
    0.602773132664437,
    0.5576226309921962,
    0.5458472686733556,
    0.5535117056856188,
    0.5147714604236344,
    0.4697603121516165,
    0.47561315496098105,
    0.5337931995540691,
    0.5337931995540691,
    0.5580406911928651,
    0.6022853957636566,
    0.5254319955406912,
    0.4565217391304348,
    0.49101170568561875,
    0.5105211817168338,
    0.5283584169453734,
    0.5618380713489409,
    0.5343506131549609,
    0.4733835005574136,
    0.5144927536231885,
    0.5465440356744704,
    0.6213768115942029,
    0.6348940914158304,
    0.6282748049052397,
    0.6222826086956521,
    0.641304347826087,
    0.665273132664437,
    0.6691053511705686,
    0.7611482720178371,
    0.7766164994425865,
    0.7351588628762542,
    0.7788461538461539,
    0.8290133779264214,
    0.8635033444816053,
    0.8820373467112598,
    0.892767558528428,
    0.8837095875139354,
    0.8825250836120401,
    0.9614687848383501,
    0.9760312151616499,
    0.9458612040133779,
    0.8409977703455963,
    0.7914576365663322,
    0.8269230769230769,
    0.8272017837235228,
    0.8093645484949833,
    0.8262959866220735,
    0.850473801560758,
    0.822742474916388,
    0.760103121516165,
    0.7711120401337792,
    0.80685618729097,
    0.834726867335563,
    0.8035117056856187,
    0.8259476031215162,
    0.8329849498327759,
    0.8024665551839465,
    0.7641443701226309,
    0.6982302118171684,
    0.7236622073578595,
    0.7303511705685619,
    0.7470735785953178,
    0.7402452619843923
  ],
  "auc_S_inv": [
    0.5096850613154961,
    0.4893394648829431,
    0.4812569676700112,
    0.455546265328874,
    0.5188823857302118,
    0.6082079152731326,
    0.602773132664437,
    0.5576226309921962,
    0.5458472686733556,
    0.5535117056856188,
    0.5147714604236344,
    0.4697603121516165,
    0.47561315496098105,
    0.5337931995540691,
    0.5337931995540691,
    0.5580406911928651,
    0.6022853957636566,
    0.5254319955406912,
    0.4565217391304348,
    0.49101170568561875,
    0.5105211817168338,
    0.5283584169453734,
    0.5618380713489409,
    0.5343506131549609,
    0.4733835005574136,
    0.5144927536231885,
    0.5465440356744704,
    0.6213768115942029,
    0.6348940914158304,
    0.6282748049052397,
    0.6222826086956521,
    0.641304347826087,
    0.665273132664437,
    0.6691053511705686,
    0.7611482720178371,
    0.7766164994425865,
    0.7351588628762542,
    0.7788461538461539,
    0.8290133779264214,
    0.8635033444816053,
    0.8820373467112598,
    0.892767558528428,
    0.8837095875139354,
    0.8825250836120401,
    0.9614687848383501,
    0.9760312151616499,
    0.9458612040133779,
    0.8409977703455963,
    0.7914576365663322,
    0.8269230769230769,
    0.8272017837235228,
    0.8093645484949833,
    0.8262959866220735,
    0.850473801560758,
    0.822742474916388,
    0.760103121516165,
    0.7711120401337792,
    0.80685618729097,
    0.834726867335563,
    0.8035117056856187,
    0.8259476031215162,
    0.8329849498327759,
    0.8024665551839465,
    0.7641443701226309,
    0.6982302118171684,
    0.7236622073578595,
    0.7303511705685619,
    0.7470735785953178,
    0.7402452619843923
  ],
  "acc_R_macro": null,
  "auc_T": null,
  "latencies_ms": {
    "C": null,
    "S_raw": -119.99999918043613,
    "S_inv": -119.99999918043613,
    "T": null
  },
  "meta": {
    "align": "sacc",
    "orientation": "horizontal",
    "pt_min_ms": 200.0,
    "n_trials": 242,
    "n_bins": 69,
    "n_units": 86,
    "thr": 0.6,
    "k_bins": 5,
    "norm": "global",
    "baseline_win": null,
    "used_axes_mu_sd": false
  }
}