{
  "time": [
    -0.39000000059604645,
    -0.3799999952316284,
    -0.3700000047683716,
    -0.35999999940395355,
    -0.3499999940395355,
    -0.3400000035762787,
    -0.32999999821186066,
    -0.3199999928474426,
    -0.3100000023841858,
    -0.30000000447034836,
    -0.28999999910593033,
    -0.2800000011920929,
    -0.27000000327825546,
    -0.25999999791383743,
    -0.25,
    -0.24000000208616257,
    -0.23000000044703484,
    -0.2200000025331974,
    -0.21000000089406967,
    -0.19999999925494194,
    -0.1900000013411045,
    -0.17999999970197678,
    -0.16999999806284904,
    -0.1600000001490116,
    -0.14999999850988388,
    -0.13999999687075615,
    -0.12999999895691872,
    -0.11999999918043613,
    -0.10999999940395355,
    -0.09999999962747097,
    -0.08999999985098839,
    -0.0800000000745058,
    -0.07000000029802322,
    -0.06000000052154064,
    -0.049999999813735485,
    -0.0400000000372529,
    -0.03000000026077032,
    -0.020000000251457095,
    -0.010000000009313226,
    0.0,
    0.010000000009313226,
    0.020000000251457095,
    0.03000000026077032,
    0.0400000000372529,
    0.049999999813735485,
    0.06000000052154064,
    0.07000000029802322,
    0.0800000000745058,
    0.08999999985098839,
    0.09999999962747097,
    0.10999999940395355,
    0.11999999918043613,
    0.12999999895691872,
    0.13999999687075615,
    0.14999999850988388,
    0.1600000001490116,
    0.16999999806284904,
    0.17999999970197678,
    0.1900000013411045,
    0.19999999925494194,
    0.21000000089406967,
    0.2200000025331974,
    0.23000000044703484,
    0.24000000208616257,
    0.25,
    0.25999999791383743,
    0.27000000327825546,
    0.2800000011920929,
    0.28999999910593033
  ],
  "auc_C": null,
  "auc_S_raw": [
    0.5565891472868217,
    0.5696460259643223,
    0.5383020453908658,
    0.4940693004576445,
    0.5111609227608107,
    0.5589053889978519,
    0.5153077425983003,
    0.47273746147380213,
    0.5257681890352106,
    0.5256747921920238,
    0.49954235546838516,
    0.4960866722704773,
    0.5051088073223124,
    0.4775380592135986,
    0.44808069487251334,
    0.46334173904922016,
    0.46754459699262163,
    0.46670402540394135,
    0.5097786494816475,
    0.5346408891379472,
    0.5084337349397591,
    0.4995610348370225,
    0.5238255346969273,
    0.5253572429251891,
    0.49991594284113194,
    0.49726347249462965,
    0.513813393107313,
    0.5274680115812085,
    0.5249276174465303,
    0.555393667694032,
    0.5671990286728309,
    0.641356122163071,
    0.6870458578500046,
    0.7152330251237508,
    0.7375361912767349,
    0.7520687400765854,
    0.8219295787802372,
    0.8569533949752498,
    0.8755020080321285,
    0.9106565798076024,
    0.9163164285047165,
    0.9166526571401886,
    0.9283459419071635,
    0.9392733725600074,
    0.9532081815634632,
    0.959297655739236,
    0.9679835621555991,
    0.9623423928271224,
    0.9570000933968431,
    0.9514896796488279,
    0.949304193518259,
    0.9613337069207061,
    0.9247968618660689,
    0.9086018492574951,
    0.8931726907630521,
    0.9028112449799197,
    0.8810124217801438,
    0.8485103203511721,
    0.8394321471934248,
    0.8180816288409452,
    0.8017745400205473,
    0.7710096198748483,
    0.7472307835995142,
    0.7250583730269917,
    0.7595404875315214,
    0.7601008685906415,
    0.7234332679555431,
    0.7496217427850939,
    0.7196600354908003
  ],
  "auc_S_inv": [
    0.5565891472868217,
    0.5696460259643223,
    0.5383020453908658,
    0.4940693004576445,
    0.5111609227608107,
    0.5589053889978519,
    0.5153077425983003,
    0.47273746147380213,
    0.5257681890352106,
    0.5256747921920238,
    0.49954235546838516,
    0.4960866722704773,
    0.5051088073223124,
    0.4775380592135986,
    0.44808069487251334,
    0.46334173904922016,
    0.46754459699262163,
    0.46670402540394135,
    0.5097786494816475,
    0.5346408891379472,
    0.5084337349397591,
    0.4995610348370225,
    0.5238255346969273,
    0.5253572429251891,
    0.49991594284113194,
    0.49726347249462965,
    0.513813393107313,
    0.5274680115812085,
    0.5249276174465303,
    0.555393667694032,
    0.5671990286728309,
    0.641356122163071,
    0.6870458578500046,
    0.7152330251237508,
    0.7375361912767349,
    0.7520687400765854,
    0.8219295787802372,
    0.8569533949752498,
    0.8755020080321285,
    0.9106565798076024,
    0.9163164285047165,
    0.9166526571401886,
    0.9283459419071635,
    0.9392733725600074,
    0.9532081815634632,
    0.959297655739236,
    0.9679835621555991,
    0.9623423928271224,
    0.9570000933968431,
    0.9514896796488279,
    0.949304193518259,
    0.9613337069207061,
    0.9247968618660689,
    0.9086018492574951,
    0.8931726907630521,
    0.9028112449799197,
    0.8810124217801438,
    0.8485103203511721,
    0.8394321471934248,
    0.8180816288409452,
    0.8017745400205473,
    0.7710096198748483,
    0.7472307835995142,
    0.7250583730269917,
    0.7595404875315214,
    0.7601008685906415,
    0.7234332679555431,
    0.7496217427850939,
    0.7196600354908003
  ],
  "acc_R_macro": null,
  "auc_T": null,
  "latencies_ms": {
    "C": null,
    "S_raw": -80.0000000745058,
    "S_inv": -80.0000000745058,
    "T": null
  },
  "meta": {
    "align": "sacc",
    "orientation": "horizontal",
    "pt_min_ms": 200.0,
    "n_trials": 464,
    "n_bins": 69,
    "n_units": 100,
    "thr": 0.6,
    "k_bins": 5,
    "norm": "global",
    "baseline_win": null,
    "used_axes_mu_sd": false
  }
}