{
  "sid": "20231121",
  "align": "stim",
  "features": [
    "C",
    "R"
  ],
  "winC": [
    0.1,
    0.3
  ],
  "winR": [
    0.05,
    0.2
  ],
  "winS": null,
  "winT": null,
  "pt_min_ms": 200.0,
  "orientation": "vertical",
  "areas": [
    "SFEF",
    "SLIP",
    "SSC"
  ],
  "tag": "axes_peakbin_stimCR-stim-vertical-20mssw_nofilter",
  "norm": "global",
  "baseline_win": null,
  "clf_binary": "logreg",
  "C_grid": [
    0.1,
    0.3,
    1.0,
    3.0,
    10.0
  ],
  "lda_shrinkage": null,
  "searchC": true,
  "searchS": false,
  "searchT": false,
  "searchR": true,
  "search_step_ms": 20.0,
  "search_len_ms": [
    50.0,
    100.0,
    150.0,
    200.0,
    250.0
  ],
  "search_range_C": "0.00:0.50",
  "search_range_S": null,
  "search_range_T": null,
  "search_range_R": "0.00:0.50",
  "search_score_mode": "peak_bin_auc",
  "search_tiebreak": "shortest_then_earliest",
  "search_tol": 0.01,
  "per_area_results": {
    "SFEF": {
      "winC_selected": [
        0.27999999999999997,
        0.32999999999999996
      ],
      "winC_cv_best": 0.846215139442231,
      "winC_best_param": 0.1,
      "winC_peak_time_ms": 310.0000023841858,
      "winC_peak_auc": 0.846215139442231,
      "winC_mean_bin_auc": 0.8362474629782756,
      "winC_cv_auc_original": 0.9234243433222347,
      "winR_selected": [
        0.21999999999999997,
        0.47
      ],
      "winR_cv_best": 0.5501457639659637,
      "sC_auc": 0.846215139442231,
      "n_trials_C": 516
    },
    "SLIP": {
      "winC_selected": [
        0.36000000000000004,
        0.41000000000000003
      ],
      "winC_cv_best": 0.6495001127565212,
      "winC_best_param": 0.1,
      "winC_peak_time_ms": 390.00000059604645,
      "winC_peak_auc": 0.6495001127565212,
      "winC_mean_bin_auc": 0.6219153574381718,
      "winC_cv_auc_original": 0.6860584535701073,
      "winR_selected": [
        0.3,
        0.44999999999999996
      ],
      "winR_cv_best": 0.4908642249352571,
      "sC_auc": 0.6495001127565212,
      "n_trials_C": 516
    },
    "SSC": {
      "winC_selected": [
        0.34,
        0.39
      ],
      "winC_cv_best": 0.7550101480868977,
      "winC_best_param": 3.0,
      "winC_peak_time_ms": 349.9999940395355,
      "winC_peak_auc": 0.7550101480868977,
      "winC_mean_bin_auc": 0.7077035255205593,
      "winC_cv_auc_original": 0.8392304846466889,
      "winR_selected": [
        0.3,
        0.5
      ],
      "winR_cv_best": 0.5176973732889383,
      "sC_auc": 0.7550101480868977,
      "n_trials_C": 516
    }
  },
  "rebin_factor": null,
  "sliding_window_ms": 20.0,
  "sliding_step_ms": 10.0,
  "sliding_window_bins": 4,
  "sliding_step_bins": 2
}