{
  "sid": "20200929",
  "align": "stim",
  "features": [
    "C",
    "R"
  ],
  "winC": [
    0.1,
    0.3
  ],
  "winR": [
    0.05,
    0.2
  ],
  "winS": null,
  "winT": null,
  "pt_min_ms": 200.0,
  "orientation": "vertical",
  "areas": [
    "MFEF",
    "MLIP",
    "MSC"
  ],
  "tag": "axes_peakbin_stimCR-stim-vertical-20mssw_nofilter",
  "norm": "global",
  "baseline_win": null,
  "clf_binary": "logreg",
  "C_grid": [
    0.1,
    0.3,
    1.0,
    3.0,
    10.0
  ],
  "lda_shrinkage": null,
  "searchC": true,
  "searchS": false,
  "searchT": false,
  "searchR": true,
  "search_step_ms": 20.0,
  "search_len_ms": [
    50.0,
    100.0,
    150.0,
    200.0,
    250.0
  ],
  "search_range_C": "0.00:0.50",
  "search_range_S": null,
  "search_range_T": null,
  "search_range_R": "0.00:0.50",
  "search_score_mode": "peak_bin_auc",
  "search_tiebreak": "shortest_then_earliest",
  "search_tol": 0.01,
  "per_area_results": {
    "MFEF": {
      "winC_selected": [
        0.36000000000000004,
        0.41000000000000003
      ],
      "winC_cv_best": 0.9645048203330412,
      "winC_best_param": 0.3,
      "winC_peak_time_ms": 379.9999952316284,
      "winC_peak_auc": 0.9645048203330412,
      "winC_mean_bin_auc": 0.9543207712532865,
      "winC_cv_auc_original": 0.9891571969696971,
      "winR_selected": [
        0.23999999999999996,
        0.49
      ],
      "winR_cv_best": 0.6901515151515152,
      "sC_auc": 0.9645048203330412,
      "n_trials_C": 303
    },
    "MLIP": {
      "winC_selected": [
        0.4000000000000001,
        0.45000000000000007
      ],
      "winC_cv_best": 0.842988606485539,
      "winC_best_param": 0.3,
      "winC_peak_time_ms": 409.9999964237213,
      "winC_peak_auc": 0.842988606485539,
      "winC_mean_bin_auc": 0.8243382997370727,
      "winC_cv_auc_original": 0.9146847943722944,
      "winR_selected": [
        0.1,
        0.30000000000000004
      ],
      "winR_cv_best": 0.5520292207792208,
      "sC_auc": 0.842988606485539,
      "n_trials_C": 303
    },
    "MSC": {
      "winC_selected": [
        0.34,
        0.39
      ],
      "winC_cv_best": 0.6037248028045574,
      "winC_best_param": 0.1,
      "winC_peak_time_ms": 340.0000035762787,
      "winC_peak_auc": 0.6037248028045574,
      "winC_mean_bin_auc": 0.5574802804557406,
      "winC_cv_auc_original": 0.5979978354978355,
      "winR_selected": [
        0.25999999999999995,
        0.36
      ],
      "winR_cv_best": 0.4540313852813853,
      "sC_auc": 0.6037248028045574,
      "n_trials_C": 303
    }
  },
  "rebin_factor": null,
  "sliding_window_ms": 20.0,
  "sliding_step_ms": 10.0,
  "sliding_window_bins": 2,
  "sliding_step_bins": 1
}