{
  "sid": "20230707",
  "monkey": "S",
  "area": "SFEF",
  "analysis": "temporal_cross_alignment",
  "orientation_C": "vertical",
  "orientation_S": "horizontal",
  "axes_tag_S": "axes_peakbin_saccCS-sacc-horizontal-20mssw",
  "window_centers_ms": [
    25.0,
    45.0,
    65.0,
    85.0,
    105.00000000000001,
    125.0,
    145.0,
    164.99999999999997,
    184.99999999999997,
    204.99999999999997,
    224.99999999999994,
    244.99999999999994,
    264.99999999999994,
    285.0,
    305.0,
    325.0,
    345.00000000000006,
    365.00000000000006,
    385.00000000000006,
    405.00000000000006,
    425.0000000000001,
    445.0000000000001,
    465.0000000000001
  ],
  "alignments": [
    0.3376309234977213,
    0.09668291670240009,
    0.3314701685545394,
    0.4563021329297604,
    0.4814264745125584,
    0.29385224027482537,
    0.2897959311463415,
    0.3447262191635045,
    0.3332563064878148,
    0.2540491878844384,
    0.25000909254589676,
    0.2632377151168187,
    0.2858722689380401,
    0.30053233631742016,
    0.2863338379987207,
    0.18863497602713986,
    0.14989350116032557,
    0.13407348125506055,
    0.20408805952445475,
    0.2123569073160159,
    0.18920023213602905,
    0.09785767815778043,
    0.06946518248817411
  ],
  "alignment_mean": 0.25438033783199043,
  "alignment_std": 0.1039337692184857,
  "alignment_max": 0.4814264745125584,
  "alignment_min": 0.06946518248817411,
  "peak_time_ms": 105.00000000000001,
  "null_mean": 0.15145128185338075,
  "null_std": 0.10183875390714171,
  "null_mode": "c_epoch",
  "D_eff": 2.2107796117018923,
  "manifold_dim": 24,
  "window_length_ms": 50.0,
  "step_ms": 20.0,
  "time_range_ms": [
    0.0,
    500.0
  ],
  "pt_min_ms": 200.0,
  "n_trials_C": 399
}