{
  "sid": "20201216",
  "monkey": "M",
  "area": "MFEF",
  "analysis": "temporal_cross_alignment",
  "orientation_C": "vertical",
  "orientation_S": "horizontal",
  "axes_tag_S": "axes_peakbin_saccCS-sacc-horizontal-20mssw",
  "window_centers_ms": [
    25.0,
    45.0,
    65.0,
    85.0,
    105.00000000000001,
    125.0,
    145.0,
    164.99999999999997,
    184.99999999999997,
    204.99999999999997,
    224.99999999999994,
    244.99999999999994,
    264.99999999999994,
    285.0,
    305.0,
    325.0,
    345.00000000000006,
    365.00000000000006,
    385.00000000000006,
    405.00000000000006,
    425.0000000000001,
    445.0000000000001,
    465.0000000000001
  ],
  "alignments": [
    0.056370433977515136,
    0.10610080873567658,
    0.014826589761716092,
    0.06946478273609386,
    0.01769905046260815,
    0.14817287799412107,
    0.21538690846641864,
    0.35724969997721406,
    0.3779560409957818,
    0.45425107390251723,
    0.5315772234710822,
    0.5067357558357184,
    0.4875774279788312,
    0.40942596894117916,
    0.3722801144255244,
    0.2780054919120464,
    0.17070003604114894,
    0.12381118509418404,
    0.08038166688593133,
    0.07056676262429595,
    0.05726424385332591,
    0.024395216667496968,
    0.009317026318087583
  ],
  "alignment_mean": 0.21476158204602236,
  "alignment_std": 0.17749587511914378,
  "alignment_max": 0.5315772234710822,
  "alignment_min": 0.009317026318087583,
  "peak_time_ms": 224.99999999999994,
  "null_mean": 0.279318923488017,
  "null_std": 0.14956769385769556,
  "null_mode": "c_epoch",
  "D_eff": 3.522701140319526,
  "manifold_dim": 48,
  "window_length_ms": 50.0,
  "step_ms": 20.0,
  "time_range_ms": [
    0.0,
    500.0
  ],
  "pt_min_ms": 200.0,
  "n_trials_C": 257
}