{
  "time": [
    -0.39000000059604645,
    -0.3799999952316284,
    -0.3700000047683716,
    -0.35999999940395355,
    -0.3499999940395355,
    -0.3400000035762787,
    -0.32999999821186066,
    -0.3199999928474426,
    -0.3100000023841858,
    -0.30000000447034836,
    -0.28999999910593033,
    -0.2800000011920929,
    -0.27000000327825546,
    -0.25999999791383743,
    -0.25,
    -0.24000000208616257,
    -0.23000000044703484,
    -0.2200000025331974,
    -0.21000000089406967,
    -0.19999999925494194,
    -0.1900000013411045,
    -0.17999999970197678,
    -0.16999999806284904,
    -0.1600000001490116,
    -0.14999999850988388,
    -0.13999999687075615,
    -0.12999999895691872,
    -0.11999999918043613,
    -0.10999999940395355,
    -0.09999999962747097,
    -0.08999999985098839,
    -0.0800000000745058,
    -0.07000000029802322,
    -0.06000000052154064,
    -0.049999999813735485,
    -0.0400000000372529,
    -0.03000000026077032,
    -0.020000000251457095,
    -0.010000000009313226,
    0.0,
    0.010000000009313226,
    0.020000000251457095,
    0.03000000026077032,
    0.0400000000372529,
    0.049999999813735485,
    0.06000000052154064,
    0.07000000029802322,
    0.0800000000745058,
    0.08999999985098839,
    0.09999999962747097,
    0.10999999940395355,
    0.11999999918043613,
    0.12999999895691872,
    0.13999999687075615,
    0.14999999850988388,
    0.1600000001490116,
    0.16999999806284904,
    0.17999999970197678,
    0.1900000013411045,
    0.19999999925494194,
    0.21000000089406967,
    0.2200000025331974,
    0.23000000044703484,
    0.24000000208616257,
    0.25,
    0.25999999791383743,
    0.27000000327825546,
    0.2800000011920929,
    0.28999999910593033
  ],
  "auc_C": [
    0.48076923076923084,
    0.4908424908424908,
    0.5311355311355311,
    0.4932844932844933,
    0.5607448107448108,
    0.5805860805860806,
    0.5912698412698413,
    0.5863858363858365,
    0.586996336996337,
    0.5656288156288157,
    0.5805860805860806,
    0.5897435897435898,
    0.5274725274725275,
    0.5424297924297925,
    0.547924297924298,
    0.5054945054945055,
    0.6221001221001221,
    0.6089743589743589,
    0.5787545787545787,
    0.5558608058608059,
    0.6037851037851039,
    0.7152014652014652,
    0.7252747252747253,
    0.7301587301587302,
    0.7423687423687424,
    0.7329059829059829,
    0.7545787545787546,
    0.724969474969475,
    0.7045177045177045,
    0.7170329670329669,
    0.7518315018315018,
    0.6675824175824177,
    0.6352258852258853,
    0.6349206349206349,
    0.6184371184371185,
    0.5995115995115996,
    0.5628815628815629,
    0.5717338217338217,
    0.568986568986569,
    0.5857753357753358,
    0.6208791208791209,
    0.6309523809523809,
    0.5451770451770452,
    0.6184371184371185,
    0.7264957264957265,
    0.7832722832722833,
    0.7817460317460319,
    0.7094017094017094,
    0.5772283272283272,
    0.4276556776556777,
    0.31379731379731385,
    0.37576312576312576,
    0.413003663003663,
    0.4661172161172161,
    0.4493284493284494,
    0.44139194139194143,
    0.3873626373626374,
    0.3208180708180708,
    0.40384615384615385,
    0.4374236874236874,
    0.48748473748473753,
    0.5427350427350428,
    0.5405982905982906,
    0.5228937728937729,
    0.5656288156288156,
    0.557997557997558,
    0.5775335775335775,
    0.5631868131868132,
    0.5500610500610501
  ],
  "auc_S_raw": [
    0.6031746031746033,
    0.5549450549450549,
    0.5137362637362637,
    0.47374847374847373,
    0.4899267399267399,
    0.5476190476190477,
    0.5555555555555556,
    0.44536019536019533,
    0.5167887667887667,
    0.44749694749694746,
    0.3986568986568987,
    0.5378510378510378,
    0.5692918192918193,
    0.47466422466422464,
    0.5637973137973138,
    0.6037851037851037,
    0.5778388278388278,
    0.5024420024420024,
    0.4896214896214896,
    0.591880341880342,
    0.5167887667887667,
    0.5283882783882783,
    0.6217948717948717,
    0.6233211233211233,
    0.5818070818070817,
    0.5653235653235653,
    0.4966422466422466,
    0.4932844932844933,
    0.5796703296703296,
    0.5876068376068375,
    0.5,
    0.5634920634920635,
    0.5570818070818071,
    0.525030525030525,
    0.5470085470085471,
    0.5375457875457876,
    0.4911477411477411,
    0.5448717948717949,
    0.5793650793650793,
    0.6315628815628815,
    0.626984126984127,
    0.6349206349206349,
    0.8018925518925519,
    0.9737484737484738,
    0.9722222222222222,
    0.9075091575091575,
    0.6978021978021978,
    0.6715506715506715,
    0.48168498168498164,
    0.42399267399267404,
    0.4935897435897436,
    0.36385836385836384,
    0.3864468864468864,
    0.46855921855921856,
    0.38705738705738707,
    0.3516483516483516,
    0.2579365079365079,
    0.30952380952380953,
    0.35409035409035405,
    0.3489010989010989,
    0.35561660561660563,
    0.38247863247863245,
    0.488095238095238,
    0.5015262515262515,
    0.45451770451770446,
    0.4056776556776557,
    0.4435286935286935,
    0.6465201465201464,
    0.735958485958486
  ],
  "auc_S_inv": [
    0.6150793650793651,
    0.5573870573870574,
    0.5265567765567766,
    0.4942002442002441,
    0.49664224664224665,
    0.5506715506715506,
    0.5601343101343101,
    0.43253968253968256,
    0.5076312576312576,
    0.45726495726495725,
    0.4053724053724054,
    0.5158730158730159,
    0.5537240537240538,
    0.4664224664224664,
    0.5479242979242979,
    0.6248473748473748,
    0.5906593406593407,
    0.49175824175824173,
    0.4844322344322344,
    0.6083638583638584,
    0.5155677655677655,
    0.517094017094017,
    0.6053113553113553,
    0.5964590964590964,
    0.5335775335775336,
    0.5146520146520146,
    0.4755799755799756,
    0.4884004884004884,
    0.5659340659340659,
    0.5445665445665445,
    0.4792429792429792,
    0.5485347985347985,
    0.5467032967032968,
    0.5338827838827839,
    0.5567765567765567,
    0.5152625152625152,
    0.47649572649572647,
    0.5369352869352869,
    0.5879120879120879,
    0.6349206349206349,
    0.6224053724053724,
    0.6135531135531135,
    0.7884615384615384,
    0.9755799755799757,
    0.9627594627594628,
    0.8788156288156288,
    0.6263736263736264,
    0.6407203907203907,
    0.481990231990232,
    0.44017094017094016,
    0.5433455433455433,
    0.38705738705738707,
    0.40384615384615385,
    0.4972527472527472,
    0.384004884004884,
    0.34798534798534797,
    0.27564102564102566,
    0.3253968253968254,
    0.3852258852258852,
    0.36599511599511597,
    0.3531746031746032,
    0.3791208791208791,
    0.47405372405372403,
    0.49664224664224665,
    0.44810744810744807,
    0.4075091575091575,
    0.4508547008547008,
    0.6477411477411478,
    0.742063492063492
  ],
  "acc_R_macro": null,
  "auc_T": null,
  "latencies_ms": {
    "C": -190.0000013411045,
    "S_raw": 0.0,
    "S_inv": 0.0,
    "T": null
  },
  "meta": {
    "align": "sacc",
    "orientation": null,
    "pt_min_ms": 200.0,
    "n_trials": 115,
    "n_bins": 69,
    "n_units": 68,
    "thr": 0.6,
    "k_bins": 5,
    "norm": "global",
    "baseline_win": null,
    "used_axes_mu_sd": false,
    "correct_mode": "correctonly"
  }
}