{
  "time": [
    -0.39000000059604645,
    -0.3799999952316284,
    -0.3700000047683716,
    -0.35999999940395355,
    -0.3499999940395355,
    -0.3400000035762787,
    -0.32999999821186066,
    -0.3199999928474426,
    -0.3100000023841858,
    -0.30000000447034836,
    -0.28999999910593033,
    -0.2800000011920929,
    -0.27000000327825546,
    -0.25999999791383743,
    -0.25,
    -0.24000000208616257,
    -0.23000000044703484,
    -0.2200000025331974,
    -0.21000000089406967,
    -0.19999999925494194,
    -0.1900000013411045,
    -0.17999999970197678,
    -0.16999999806284904,
    -0.1600000001490116,
    -0.14999999850988388,
    -0.13999999687075615,
    -0.12999999895691872,
    -0.11999999918043613,
    -0.10999999940395355,
    -0.09999999962747097,
    -0.08999999985098839,
    -0.0800000000745058,
    -0.07000000029802322,
    -0.06000000052154064,
    -0.049999999813735485,
    -0.0400000000372529,
    -0.03000000026077032,
    -0.020000000251457095,
    -0.010000000009313226,
    0.0,
    0.010000000009313226,
    0.020000000251457095,
    0.03000000026077032,
    0.0400000000372529,
    0.049999999813735485,
    0.06000000052154064,
    0.07000000029802322,
    0.0800000000745058,
    0.08999999985098839,
    0.09999999962747097,
    0.10999999940395355,
    0.11999999918043613,
    0.12999999895691872,
    0.13999999687075615,
    0.14999999850988388,
    0.1600000001490116,
    0.16999999806284904,
    0.17999999970197678,
    0.1900000013411045,
    0.19999999925494194,
    0.21000000089406967,
    0.2200000025331974,
    0.23000000044703484,
    0.24000000208616257,
    0.25,
    0.25999999791383743,
    0.27000000327825546,
    0.2800000011920929,
    0.28999999910593033
  ],
  "auc_C": [
    0.44200244200244204,
    0.4826007326007326,
    0.4539072039072039,
    0.45451770451770457,
    0.5335775335775336,
    0.5741758241758242,
    0.47863247863247865,
    0.46886446886446886,
    0.5265567765567766,
    0.5784493284493285,
    0.5830280830280831,
    0.485958485958486,
    0.4157509157509157,
    0.43864468864468864,
    0.48778998778998783,
    0.5488400488400488,
    0.5766178266178266,
    0.5305250305250305,
    0.427960927960928,
    0.5012210012210012,
    0.6178266178266179,
    0.5518925518925518,
    0.5280830280830281,
    0.554945054945055,
    0.57997557997558,
    0.717948717948718,
    0.8568376068376068,
    0.8177655677655679,
    0.7438949938949939,
    0.673992673992674,
    0.6483516483516484,
    0.5405982905982907,
    0.5131257631257632,
    0.5253357753357754,
    0.5683760683760685,
    0.5457875457875457,
    0.5708180708180708,
    0.5811965811965812,
    0.5818070818070818,
    0.5821123321123322,
    0.5293040293040293,
    0.5064102564102564,
    0.5497557997557998,
    0.5647130647130647,
    0.5799755799755799,
    0.5802808302808303,
    0.5213675213675214,
    0.510989010989011,
    0.5494505494505494,
    0.6355311355311355,
    0.5448717948717949,
    0.48595848595848595,
    0.6019536019536019,
    0.6477411477411478,
    0.6541514041514042,
    0.6843711843711844,
    0.5808913308913308,
    0.5308302808302808,
    0.5204517704517705,
    0.42551892551892556,
    0.521978021978022,
    0.554945054945055,
    0.5244200244200244,
    0.5396825396825397,
    0.5033577533577533,
    0.44993894993894995,
    0.48809523809523814,
    0.57997557997558,
    0.6004273504273505
  ],
  "auc_S_raw": [
    0.4722222222222222,
    0.5579975579975579,
    0.6034798534798534,
    0.5201465201465201,
    0.4801587301587301,
    0.5467032967032968,
    0.61996336996337,
    0.5128205128205128,
    0.49358974358974356,
    0.5225885225885225,
    0.4777167277167277,
    0.48412698412698413,
    0.5305250305250305,
    0.5326617826617827,
    0.4807692307692307,
    0.46855921855921856,
    0.5045787545787546,
    0.49297924297924295,
    0.431013431013431,
    0.5054945054945055,
    0.5308302808302808,
    0.427960927960928,
    0.3711843711843712,
    0.49786324786324787,
    0.5216727716727717,
    0.4783272283272283,
    0.4798534798534799,
    0.5616605616605617,
    0.5515873015873015,
    0.5375457875457875,
    0.5338827838827839,
    0.4884004884004884,
    0.5454822954822954,
    0.5747863247863247,
    0.6208791208791209,
    0.6544566544566545,
    0.7005494505494506,
    0.7506105006105006,
    0.7802197802197802,
    0.8388278388278388,
    0.8315018315018315,
    0.8357753357753357,
    0.8284493284493284,
    0.8864468864468864,
    0.8147130647130647,
    0.7298534798534798,
    0.8134920634920635,
    0.807997557997558,
    0.6602564102564102,
    0.7591575091575092,
    0.7646520146520146,
    0.7087912087912088,
    0.6275946275946276,
    0.6260683760683761,
    0.5790598290598291,
    0.5323565323565324,
    0.49297924297924295,
    0.4655067155067155,
    0.4175824175824176,
    0.4523809523809524,
    0.4908424908424909,
    0.43864468864468864,
    0.38217338217338215,
    0.445970695970696,
    0.41391941391941395,
    0.3669108669108669,
    0.44383394383394387,
    0.47924297924297926,
    0.5161782661782661
  ],
  "auc_S_inv": [
    0.4716117216117216,
    0.5567765567765568,
    0.6031746031746031,
    0.5195360195360195,
    0.4777167277167277,
    0.5460927960927962,
    0.6193528693528694,
    0.5125152625152625,
    0.49358974358974356,
    0.5231990231990231,
    0.4771062271062271,
    0.4844322344322345,
    0.5311355311355311,
    0.5314407814407814,
    0.4795482295482295,
    0.4697802197802198,
    0.5057997557997558,
    0.49328449328449325,
    0.4307081807081807,
    0.5061050061050061,
    0.5311355311355311,
    0.4282661782661782,
    0.3708791208791209,
    0.4975579975579975,
    0.5222832722832723,
    0.4795482295482295,
    0.481990231990232,
    0.561965811965812,
    0.5525030525030524,
    0.5372405372405372,
    0.5341880341880342,
    0.4896214896214896,
    0.5442612942612943,
    0.5757020757020757,
    0.6211843711843712,
    0.6538461538461537,
    0.7014652014652014,
    0.75,
    0.7802197802197802,
    0.8397435897435898,
    0.8311965811965811,
    0.8351648351648352,
    0.8287545787545788,
    0.8864468864468864,
    0.8150183150183151,
    0.7307692307692308,
    0.8147130647130647,
    0.8083028083028083,
    0.6608669108669109,
    0.7588522588522589,
    0.7643467643467643,
    0.7097069597069596,
    0.6288156288156288,
    0.6260683760683761,
    0.5796703296703297,
    0.5335775335775336,
    0.49450549450549447,
    0.4661172161172161,
    0.4178876678876679,
    0.45115995115995117,
    0.4920634920634921,
    0.43864468864468864,
    0.38369963369963367,
    0.4474969474969475,
    0.4145299145299145,
    0.36752136752136755,
    0.4444444444444445,
    0.47985347985347987,
    0.5158730158730158
  ],
  "acc_R_macro": null,
  "auc_T": null,
  "latencies_ms": {
    "C": -139.99999687075615,
    "S_raw": -49.999999813735485,
    "S_inv": -49.999999813735485,
    "T": null
  },
  "meta": {
    "align": "sacc",
    "orientation": null,
    "pt_min_ms": 200.0,
    "n_trials": 115,
    "n_bins": 69,
    "n_units": 65,
    "thr": 0.6,
    "k_bins": 5,
    "norm": "global",
    "baseline_win": null,
    "used_axes_mu_sd": false,
    "correct_mode": "correctonly"
  }
}