{
  "time": [
    -0.39000000059604645,
    -0.3700000047683716,
    -0.3499999940395355,
    -0.32999999821186066,
    -0.3100000023841858,
    -0.28999999910593033,
    -0.27000000327825546,
    -0.25,
    -0.23000000044703484,
    -0.21000000089406967,
    -0.1900000013411045,
    -0.16999999806284904,
    -0.14999999850988388,
    -0.12999999895691872,
    -0.10999999940395355,
    -0.08999999985098839,
    -0.07000000029802322,
    -0.049999999813735485,
    -0.03000000026077032,
    -0.010000000009313226,
    0.010000000009313226,
    0.03000000026077032,
    0.049999999813735485,
    0.07000000029802322,
    0.08999999985098839,
    0.10999999940395355,
    0.12999999895691872,
    0.14999999850988388,
    0.16999999806284904,
    0.1900000013411045,
    0.21000000089406967,
    0.23000000044703484,
    0.25,
    0.27000000327825546,
    0.28999999910593033
  ],
  "auc_C": null,
  "auc_S_raw": [
    0.565326941986234,
    0.5015363815142575,
    0.5267944936086529,
    0.5475049164208455,
    0.4668756145526057,
    0.49520648967551617,
    0.49084316617502455,
    0.5149950835791544,
    0.5307276302851525,
    0.5045476892822025,
    0.5109390363815142,
    0.589724680432645,
    0.6190388397246804,
    0.6522861356932154,
    0.780666175024582,
    0.7897615535889871,
    0.8576081612586036,
    0.8934365781710915,
    0.8995206489675516,
    0.9553220255653884,
    0.957042772861357,
    0.944567354965585,
    0.7888397246804326,
    0.7766101278269419,
    0.7678220255653884,
    0.7831858407079647,
    0.7490167158308751,
    0.7072271386430679,
    0.6491519174041298,
    0.6412241887905605,
    0.6251843657817109,
    0.639933628318584,
    0.4995698131760078,
    0.5500245821042281,
    0.49877089478859393
  ],
  "auc_S_inv": [
    0.565326941986234,
    0.5015363815142575,
    0.5267944936086529,
    0.5475049164208455,
    0.4668756145526057,
    0.49520648967551617,
    0.49084316617502455,
    0.5149950835791544,
    0.5307276302851525,
    0.5045476892822025,
    0.5109390363815142,
    0.589724680432645,
    0.6190388397246804,
    0.6522861356932154,
    0.780666175024582,
    0.7897615535889871,
    0.8576081612586036,
    0.8934365781710915,
    0.8995206489675516,
    0.9553220255653884,
    0.957042772861357,
    0.944567354965585,
    0.7888397246804326,
    0.7766101278269419,
    0.7678220255653884,
    0.7831858407079647,
    0.7490167158308751,
    0.7072271386430679,
    0.6491519174041298,
    0.6412241887905605,
    0.6251843657817109,
    0.639933628318584,
    0.4995698131760078,
    0.5500245821042281,
    0.49877089478859393
  ],
  "acc_R_macro": null,
  "auc_T": null,
  "latencies_ms": {
    "C": null,
    "S_raw": -149.99999850988388,
    "S_inv": -149.99999850988388,
    "T": null
  },
  "meta": {
    "align": "sacc",
    "orientation": "horizontal",
    "pt_min_ms": 200.0,
    "n_trials": 257,
    "n_bins": 35,
    "n_units": 71,
    "thr": 0.6,
    "k_bins": 5,
    "norm": "global",
    "baseline_win": null,
    "used_axes_mu_sd": false
  }
}