{
  "time": [
    -0.39500001072883606,
    -0.38499999046325684,
    -0.375,
    -0.36500000953674316,
    -0.35499998927116394,
    -0.3449999988079071,
    -0.33500000834465027,
    -0.32499998807907104,
    -0.3149999976158142,
    -0.3050000071525574,
    -0.29500000178813934,
    -0.2849999964237213,
    -0.2750000059604645,
    -0.26500000059604645,
    -0.2549999952316284,
    -0.24500000476837158,
    -0.23499999940395355,
    -0.22500000149011612,
    -0.2150000035762787,
    -0.20499999821186066,
    -0.19500000029802322,
    -0.1850000023841858,
    -0.17499999701976776,
    -0.16499999910593033,
    -0.1550000011920929,
    -0.14499999582767487,
    -0.13499999791383743,
    -0.125,
    -0.11499999836087227,
    -0.10500000044703484,
    -0.0949999988079071,
    -0.08500000089406967,
    -0.07499999925494194,
    -0.06500000134110451,
    -0.054999999701976776,
    -0.044999999925494194,
    -0.03500000014901161,
    -0.02500000037252903,
    -0.01500000013038516,
    -0.004999999888241291,
    0.004999999888241291,
    0.01500000013038516,
    0.02500000037252903,
    0.03500000014901161,
    0.044999999925494194,
    0.054999999701976776,
    0.06500000134110451,
    0.07499999925494194,
    0.08500000089406967,
    0.0949999988079071,
    0.10500000044703484,
    0.11499999836087227,
    0.125,
    0.13499999791383743,
    0.14499999582767487,
    0.1550000011920929,
    0.16499999910593033,
    0.17499999701976776,
    0.1850000023841858,
    0.19500000029802322,
    0.20499999821186066,
    0.2150000035762787,
    0.22500000149011612,
    0.23499999940395355,
    0.24500000476837158,
    0.2549999952316284,
    0.26500000059604645,
    0.2750000059604645,
    0.2849999964237213,
    0.29500000178813934
  ],
  "auc_C": null,
  "auc_S_raw": [
    0.5028567447045709,
    0.42168338907469344,
    0.4432134894091415,
    0.4574972129319955,
    0.48494983277591974,
    0.4537346711259755,
    0.45241081382385734,
    0.4360367892976588,
    0.5043199554069119,
    0.45680044593088065,
    0.47881828316610925,
    0.4865523968784839,
    0.46495261984392416,
    0.493938127090301,
    0.46885451505016723,
    0.5142140468227424,
    0.4975613154960981,
    0.5241778149386844,
    0.511984392419175,
    0.47122352285395763,
    0.49129041248606464,
    0.5751811594202898,
    0.5274526198439241,
    0.5391583054626533,
    0.5436872909698997,
    0.5725334448160534,
    0.550515607580825,
    0.7169732441471572,
    0.7078455964325528,
    0.7702759197324415,
    0.7470039018952063,
    0.7366220735785953,
    0.8035117056856187,
    0.861273690078038,
    0.8987597547380156,
    0.8862876254180602,
    0.8749303232998885,
    0.908793199554069,
    0.8815496098104794,
    0.9475334448160535,
    0.9215440356744705,
    0.8589743589743589,
    0.8749303232998885,
    0.8646181716833891,
    0.8563963210702341,
    0.8644788182831661,
    0.7904821627647716,
    0.8255295429208473,
    0.7875557413600892,
    0.7782190635451504,
    0.7445652173913043,
    0.7516025641025641,
    0.7371794871794871,
    0.7016443701226309,
    0.6347547380156076,
    0.6368450390189521,
    0.6142697881828316,
    0.6475752508361203,
    0.6015189520624303,
    0.6346850613154961,
    0.6362179487179487,
    0.6055602006688963,
    0.532469342251951,
    0.5491917502787068,
    0.600613154960981,
    0.526268115942029,
    0.6024247491638797,
    0.5830546265328874,
    0.5029264214046822,
    0.5048076923076923
  ],
  "auc_S_inv": [
    0.5028567447045709,
    0.42168338907469344,
    0.4432134894091415,
    0.4574972129319955,
    0.48494983277591974,
    0.4537346711259755,
    0.45241081382385734,
    0.4360367892976588,
    0.5043199554069119,
    0.45680044593088065,
    0.47881828316610925,
    0.4865523968784839,
    0.46495261984392416,
    0.493938127090301,
    0.46885451505016723,
    0.5142140468227424,
    0.4975613154960981,
    0.5241778149386844,
    0.511984392419175,
    0.47122352285395763,
    0.49129041248606464,
    0.5751811594202898,
    0.5274526198439241,
    0.5391583054626533,
    0.5436872909698997,
    0.5725334448160534,
    0.550515607580825,
    0.7169732441471572,
    0.7078455964325528,
    0.7702759197324415,
    0.7470039018952063,
    0.7366220735785953,
    0.8035117056856187,
    0.861273690078038,
    0.8987597547380156,
    0.8862876254180602,
    0.8749303232998885,
    0.908793199554069,
    0.8815496098104794,
    0.9475334448160535,
    0.9215440356744705,
    0.8589743589743589,
    0.8749303232998885,
    0.8646181716833891,
    0.8563963210702341,
    0.8644788182831661,
    0.7904821627647716,
    0.8255295429208473,
    0.7875557413600892,
    0.7782190635451504,
    0.7445652173913043,
    0.7516025641025641,
    0.7371794871794871,
    0.7016443701226309,
    0.6347547380156076,
    0.6368450390189521,
    0.6142697881828316,
    0.6475752508361203,
    0.6015189520624303,
    0.6346850613154961,
    0.6362179487179487,
    0.6055602006688963,
    0.532469342251951,
    0.5491917502787068,
    0.600613154960981,
    0.526268115942029,
    0.6024247491638797,
    0.5830546265328874,
    0.5029264214046822,
    0.5048076923076923
  ],
  "acc_R_macro": null,
  "auc_T": null,
  "latencies_ms": {
    "C": null,
    "S_raw": -125.0,
    "S_inv": -125.0,
    "T": null
  },
  "meta": {
    "align": "sacc",
    "orientation": "horizontal",
    "pt_min_ms": 200.0,
    "n_trials": 242,
    "n_bins": 70,
    "n_units": 80,
    "thr": 0.6,
    "k_bins": 5,
    "norm": "global",
    "baseline_win": null,
    "used_axes_mu_sd": false
  }
}