{
  "time": [
    -0.39000000059604645,
    -0.3799999952316284,
    -0.3700000047683716,
    -0.35999999940395355,
    -0.3499999940395355,
    -0.3400000035762787,
    -0.32999999821186066,
    -0.3199999928474426,
    -0.3100000023841858,
    -0.30000000447034836,
    -0.28999999910593033,
    -0.2800000011920929,
    -0.27000000327825546,
    -0.25999999791383743,
    -0.25,
    -0.24000000208616257,
    -0.23000000044703484,
    -0.2200000025331974,
    -0.21000000089406967,
    -0.19999999925494194,
    -0.1900000013411045,
    -0.17999999970197678,
    -0.16999999806284904,
    -0.1600000001490116,
    -0.14999999850988388,
    -0.13999999687075615,
    -0.12999999895691872,
    -0.11999999918043613,
    -0.10999999940395355,
    -0.09999999962747097,
    -0.08999999985098839,
    -0.0800000000745058,
    -0.07000000029802322,
    -0.06000000052154064,
    -0.049999999813735485,
    -0.0400000000372529,
    -0.03000000026077032,
    -0.020000000251457095,
    -0.010000000009313226,
    0.0,
    0.010000000009313226,
    0.020000000251457095,
    0.03000000026077032,
    0.0400000000372529,
    0.049999999813735485,
    0.06000000052154064,
    0.07000000029802322,
    0.0800000000745058,
    0.08999999985098839,
    0.09999999962747097,
    0.10999999940395355,
    0.11999999918043613,
    0.12999999895691872,
    0.13999999687075615,
    0.14999999850988388,
    0.1600000001490116,
    0.16999999806284904,
    0.17999999970197678,
    0.1900000013411045,
    0.19999999925494194,
    0.21000000089406967,
    0.2200000025331974,
    0.23000000044703484,
    0.24000000208616257,
    0.25,
    0.25999999791383743,
    0.27000000327825546,
    0.2800000011920929,
    0.28999999910593033
  ],
  "auc_C": [
    0.495259533898305,
    0.49617319915254243,
    0.4745233050847458,
    0.48801641949152547,
    0.49018802966101693,
    0.5052304025423728,
    0.4733448093220339,
    0.4897510593220339,
    0.5013373940677966,
    0.4841366525423728,
    0.48295815677966103,
    0.5176112288135594,
    0.5212791313559322,
    0.5003310381355932,
    0.5065545550847458,
    0.4996689618644068,
    0.47515889830508473,
    0.4922537076271186,
    0.5032441737288136,
    0.500198622881356,
    0.5148305084745762,
    0.52890625,
    0.5504766949152542,
    0.6046212923728813,
    0.6090704449152543,
    0.658739406779661,
    0.714208156779661,
    0.7306806144067796,
    0.7778204449152543,
    0.797709216101695,
    0.8502251059322035,
    0.8762976694915254,
    0.8709216101694915,
    0.8719412076271187,
    0.857666843220339,
    0.8295286016949153,
    0.8250397245762713,
    0.8115068855932204,
    0.7982123940677965,
    0.7434586864406779,
    0.6394465042372882,
    0.6121822033898305,
    0.6150158898305084,
    0.6411679025423729,
    0.6690677966101695,
    0.6669359110169493,
    0.6735169491525423,
    0.6597590042372881,
    0.6284295550847457,
    0.6352224576271186,
    0.6493511652542372,
    0.6695974576271186,
    0.6769729872881356,
    0.6594014830508474,
    0.607958156779661,
    0.532719809322034,
    0.6041313559322035,
    0.5783765889830509,
    0.5472854872881356,
    0.6026218220338984,
    0.5946239406779661,
    0.5935513771186441,
    0.6017346398305085,
    0.6050715042372882,
    0.6252913135593221,
    0.6246292372881357,
    0.590863347457627,
    0.5600768008474576,
    0.5761255296610169
  ],
  "auc_S_raw": [
    0.5164152734560413,
    0.49522704498707876,
    0.5209377142555772,
    0.5338062338484256,
    0.4881335372606929,
    0.49328885607299194,
    0.4875797689995253,
    0.48788302304730763,
    0.4660751015241812,
    0.4741970360213069,
    0.46064289858129853,
    0.47349823321554774,
    0.49835188017509624,
    0.4728389852855862,
    0.48670956173197616,
    0.4729708348715785,
    0.4604714941195085,
    0.5096118348188386,
    0.4824376351458256,
    0.4735509730499446,
    0.49562259374505563,
    0.49168029112388584,
    0.48349243183376406,
    0.50102842677074,
    0.4969542745635779,
    0.5339512683930172,
    0.6073387479563315,
    0.6378223722377512,
    0.6681609619745794,
    0.7261747798111914,
    0.771148673593165,
    0.8165049311745162,
    0.8554928537524393,
    0.8822319497916776,
    0.9132429724170665,
    0.9302779389272718,
    0.9405622066346712,
    0.9518221612784136,
    0.9661805811929751,
    0.9764648489003744,
    0.9625810874953853,
    0.9270476240704605,
    0.9127946838246929,
    0.900137123569432,
    0.8891408680976742,
    0.8466853014081537,
    0.8301249934075208,
    0.8165313010917145,
    0.7963187595590949,
    0.7391487790728336,
    0.7073202890142924,
    0.6839169875006592,
    0.6570855967512262,
    0.6130214651125996,
    0.5757871420283741,
    0.5445519751067982,
    0.5294815674278783,
    0.5166130478350298,
    0.5395812457148884,
    0.5094931701914456,
    0.4949237909392965,
    0.5088207373028848,
    0.4492115394757661,
    0.4263751911818997,
    0.4522440799535889,
    0.4433310479405094,
    0.4141131796846158,
    0.4121486208533305,
    0.46230420336480144
  ],
  "auc_S_inv": [
    0.5158087653604767,
    0.49614999208902477,
    0.5212014134275619,
    0.5337403090554296,
    0.48772480354411685,
    0.4935393702863773,
    0.4882258319708876,
    0.4879489478403038,
    0.4652444491324297,
    0.47392015189072306,
    0.4603923843679131,
    0.47318179420916623,
    0.4982200305891039,
    0.47286535520278467,
    0.4865117873529877,
    0.472482991403407,
    0.460155055113127,
    0.5088471072200833,
    0.4825826696904172,
    0.4728521702441854,
    0.494554612098518,
    0.49074415906334057,
    0.4830705131585887,
    0.5018458942038923,
    0.4981409208375086,
    0.536456410526871,
    0.6082089552238806,
    0.6397078213174411,
    0.6692684984969146,
    0.7271372817889353,
    0.7715178524339434,
    0.8170718843942829,
    0.856231211433996,
    0.8827197932598492,
    0.9136517061336429,
    0.9307657823954433,
    0.9402589525868889,
    0.9523495596223829,
    0.9661014714413797,
    0.9765966984863668,
    0.9629766362533623,
    0.9269421444016666,
    0.9132166024998681,
    0.9010864405885766,
    0.8900242603238226,
    0.8479774273508781,
    0.830889721006276,
    0.8178366119930383,
    0.7974262960814302,
    0.7399003217129897,
    0.7085201202468223,
    0.6840488370866515,
    0.6584436474869468,
    0.613733452876958,
    0.5762881704551448,
    0.5474790359158273,
    0.5303385897368282,
    0.5162306840356521,
    0.5412689204155898,
    0.5119323875323032,
    0.4966114656399979,
    0.5103106376245978,
    0.4500949317019145,
    0.4268366647328728,
    0.4529560677179474,
    0.44600759453615313,
    0.41552397025473337,
    0.4140868097674173,
    0.46370180897631985
  ],
  "acc_R_macro": null,
  "auc_T": null,
  "latencies_ms": {
    "C": -160.0000001490116,
    "S_raw": -129.99999895691872,
    "S_inv": -129.99999895691872,
    "T": null
  },
  "meta": {
    "align": "sacc",
    "orientation": null,
    "pt_min_ms": 200.0,
    "n_trials": 551,
    "n_bins": 69,
    "n_units": 60,
    "thr": 0.6,
    "k_bins": 5,
    "norm": "global",
    "baseline_win": null,
    "used_axes_mu_sd": false,
    "correct_mode": "correctonly"
  }
}