{
  "time": [
    -0.39000000059604645,
    -0.3799999952316284,
    -0.3700000047683716,
    -0.35999999940395355,
    -0.3499999940395355,
    -0.3400000035762787,
    -0.32999999821186066,
    -0.3199999928474426,
    -0.3100000023841858,
    -0.30000000447034836,
    -0.28999999910593033,
    -0.2800000011920929,
    -0.27000000327825546,
    -0.25999999791383743,
    -0.25,
    -0.24000000208616257,
    -0.23000000044703484,
    -0.2200000025331974,
    -0.21000000089406967,
    -0.19999999925494194,
    -0.1900000013411045,
    -0.17999999970197678,
    -0.16999999806284904,
    -0.1600000001490116,
    -0.14999999850988388,
    -0.13999999687075615,
    -0.12999999895691872,
    -0.11999999918043613,
    -0.10999999940395355,
    -0.09999999962747097,
    -0.08999999985098839,
    -0.0800000000745058,
    -0.07000000029802322,
    -0.06000000052154064,
    -0.049999999813735485,
    -0.0400000000372529,
    -0.03000000026077032,
    -0.020000000251457095,
    -0.010000000009313226,
    0.0,
    0.010000000009313226,
    0.020000000251457095,
    0.03000000026077032,
    0.0400000000372529,
    0.049999999813735485,
    0.06000000052154064,
    0.07000000029802322,
    0.0800000000745058,
    0.08999999985098839,
    0.09999999962747097,
    0.10999999940395355,
    0.11999999918043613,
    0.12999999895691872,
    0.13999999687075615,
    0.14999999850988388,
    0.1600000001490116,
    0.16999999806284904,
    0.17999999970197678,
    0.1900000013411045,
    0.19999999925494194,
    0.21000000089406967,
    0.2200000025331974,
    0.23000000044703484,
    0.24000000208616257,
    0.25,
    0.25999999791383743,
    0.27000000327825546,
    0.2800000011920929,
    0.28999999910593033
  ],
  "auc_C": [
    0.5076800847457628,
    0.5382547669491525,
    0.5269597457627118,
    0.5270127118644067,
    0.5379104872881355,
    0.501853813559322,
    0.5047139830508475,
    0.5297007415254237,
    0.4949020127118644,
    0.45932203389830506,
    0.5049390889830508,
    0.5430614406779661,
    0.5125794491525423,
    0.4985434322033898,
    0.5316075211864406,
    0.5579449152542373,
    0.5815545550847457,
    0.557865466101695,
    0.5688294491525424,
    0.5733712923728813,
    0.6012049788135594,
    0.5939353813559323,
    0.5887182203389831,
    0.5882415254237288,
    0.6240466101694916,
    0.6620233050847458,
    0.652198093220339,
    0.6400688559322034,
    0.6645259533898304,
    0.6863744703389831,
    0.7547007415254237,
    0.7967425847457628,
    0.7756488347457627,
    0.7500662076271186,
    0.7325476694915253,
    0.719478283898305,
    0.7123940677966101,
    0.7191604872881356,
    0.7092690677966101,
    0.6915916313559322,
    0.686030190677966,
    0.6740068855932203,
    0.6488215042372881,
    0.6191340042372881,
    0.5775423728813559,
    0.5660487288135594,
    0.5708951271186441,
    0.5590704449152541,
    0.5695709745762711,
    0.6155058262711864,
    0.6025556144067796,
    0.612645656779661,
    0.6046080508474576,
    0.5942664194915254,
    0.604833156779661,
    0.6295815677966101,
    0.6499205508474576,
    0.6348516949152541,
    0.640042372881356,
    0.6816869703389831,
    0.6588850635593221,
    0.6563559322033898,
    0.6402409957627118,
    0.6408368644067798,
    0.6355799788135593,
    0.5990598516949153,
    0.5754237288135593,
    0.6070047669491525,
    0.6414459745762711
  ],
  "auc_S_raw": [
    0.48891144981804757,
    0.4942513580507357,
    0.49189125046147353,
    0.48412530984652713,
    0.49828595538210013,
    0.535718052845314,
    0.5125652655450661,
    0.4872765149517431,
    0.48622171826380467,
    0.4975080428247456,
    0.5160065397394652,
    0.5369706239122409,
    0.5551658667791783,
    0.5212409683033595,
    0.46687938399873424,
    0.4713754548810717,
    0.4964268762196087,
    0.4887004904804599,
    0.48591846421602236,
    0.5084779283793048,
    0.4645456463266706,
    0.4479062285744423,
    0.46339855492853754,
    0.46503348979484205,
    0.4577026528136701,
    0.45186171615421133,
    0.4854701756236486,
    0.5217024418543326,
    0.540820631823216,
    0.5719635040345973,
    0.5955382100100206,
    0.6111096461157112,
    0.6420283740309055,
    0.6415141606455356,
    0.7036680554823058,
    0.7708454195453827,
    0.7878803860555879,
    0.8128263277253309,
    0.8615183798322873,
    0.8851853805179052,
    0.9119376615157427,
    0.9293945467011233,
    0.9212857971625971,
    0.9177258583408049,
    0.9503058910395021,
    0.93458942038922,
    0.8558488476346184,
    0.7606798164653763,
    0.6757686830863351,
    0.586335108907758,
    0.5663730815885237,
    0.5464242392278889,
    0.49729708348715784,
    0.4822794156426349,
    0.5145825642107483,
    0.5075022414429619,
    0.49074415906334057,
    0.46476979062285745,
    0.43842624334159597,
    0.4389272717683666,
    0.4488951004693845,
    0.4538658298612943,
    0.4734850482569485,
    0.49140340699330204,
    0.4923527240124465,
    0.4486050313802014,
    0.44160381836401036,
    0.4730631295817731,
    0.46230420336480144
  ],
  "auc_S_inv": [
    0.4996835609936185,
    0.49543800432466645,
    0.4901508359263752,
    0.489623437582406,
    0.5054585728600812,
    0.5409524814092084,
    0.5177601392331628,
    0.48786983808870843,
    0.48723696007594536,
    0.4999208902484047,
    0.5214914825167449,
    0.5423500870207267,
    0.5408338167818154,
    0.5096118348188388,
    0.4663388006961658,
    0.4780602288908813,
    0.4921285797162597,
    0.4880939823848953,
    0.49222087442645424,
    0.5129608143030431,
    0.4660487316069828,
    0.44606033437055004,
    0.4534834660619166,
    0.4595353620589631,
    0.45652919149833865,
    0.4403776172142819,
    0.47285217024418547,
    0.511404989188334,
    0.5320658193133273,
    0.5516850377089816,
    0.5737566584040927,
    0.600087020726755,
    0.6225278202626443,
    0.6108327619851273,
    0.6732371710352829,
    0.7361294235536099,
    0.7574363166499658,
    0.7880254206001793,
    0.8443120088602921,
    0.8652497231158695,
    0.901627023891145,
    0.9228020674015084,
    0.9120167712673383,
    0.9121881757291281,
    0.9468909867623015,
    0.9424608406729602,
    0.8614524550392912,
    0.7573703918569695,
    0.6749116607773852,
    0.5922683402774116,
    0.5598201571647066,
    0.5376430568008017,
    0.49273508781182423,
    0.4698196297663625,
    0.5022678128790675,
    0.5011207214809346,
    0.48757976899952526,
    0.4713886398396709,
    0.4432519381889141,
    0.4330599651917093,
    0.4426849849691472,
    0.4568983703391171,
    0.48375613100574866,
    0.4999077052898054,
    0.4940667686303465,
    0.45754443331047945,
    0.4571356995939033,
    0.4827936290280049,
    0.46556088813881125
  ],
  "acc_R_macro": null,
  "auc_T": null,
  "latencies_ms": {
    "C": -149.99999850988388,
    "S_raw": -80.0000000745058,
    "S_inv": -80.0000000745058,
    "T": null
  },
  "meta": {
    "align": "sacc",
    "orientation": null,
    "pt_min_ms": 200.0,
    "n_trials": 551,
    "n_bins": 69,
    "n_units": 79,
    "thr": 0.6,
    "k_bins": 5,
    "norm": "global",
    "baseline_win": null,
    "used_axes_mu_sd": false,
    "correct_mode": "correctonly"
  }
}