{
  "time": [
    -0.39000000059604645,
    -0.3799999952316284,
    -0.3700000047683716,
    -0.35999999940395355,
    -0.3499999940395355,
    -0.3400000035762787,
    -0.32999999821186066,
    -0.3199999928474426,
    -0.3100000023841858,
    -0.30000000447034836,
    -0.28999999910593033,
    -0.2800000011920929,
    -0.27000000327825546,
    -0.25999999791383743,
    -0.25,
    -0.24000000208616257,
    -0.23000000044703484,
    -0.2200000025331974,
    -0.21000000089406967,
    -0.19999999925494194,
    -0.1900000013411045,
    -0.17999999970197678,
    -0.16999999806284904,
    -0.1600000001490116,
    -0.14999999850988388,
    -0.13999999687075615,
    -0.12999999895691872,
    -0.11999999918043613,
    -0.10999999940395355,
    -0.09999999962747097,
    -0.08999999985098839,
    -0.0800000000745058,
    -0.07000000029802322,
    -0.06000000052154064,
    -0.049999999813735485,
    -0.0400000000372529,
    -0.03000000026077032,
    -0.020000000251457095,
    -0.010000000009313226,
    0.0,
    0.010000000009313226,
    0.020000000251457095,
    0.03000000026077032,
    0.0400000000372529,
    0.049999999813735485,
    0.06000000052154064,
    0.07000000029802322,
    0.0800000000745058,
    0.08999999985098839,
    0.09999999962747097,
    0.10999999940395355,
    0.11999999918043613,
    0.12999999895691872,
    0.13999999687075615,
    0.14999999850988388,
    0.1600000001490116,
    0.16999999806284904,
    0.17999999970197678,
    0.1900000013411045,
    0.19999999925494194,
    0.21000000089406967,
    0.2200000025331974,
    0.23000000044703484,
    0.24000000208616257,
    0.25,
    0.25999999791383743,
    0.27000000327825546,
    0.2800000011920929,
    0.28999999910593033
  ],
  "auc_C": null,
  "auc_S_raw": [
    0.5126518218623481,
    0.42813765182186236,
    0.5111336032388665,
    0.5541497975708503,
    0.5,
    0.4949392712550607,
    0.40435222672064774,
    0.4974696356275303,
    0.5688259109311741,
    0.584008097165992,
    0.513157894736842,
    0.45647773279352233,
    0.39878542510121456,
    0.4752024291497976,
    0.478744939271255,
    0.5096153846153846,
    0.409919028340081,
    0.4610323886639676,
    0.5192307692307692,
    0.5126518218623481,
    0.49898785425101216,
    0.46609311740890685,
    0.618927125506073,
    0.5571862348178138,
    0.49645748987854255,
    0.521255060728745,
    0.4605263157894737,
    0.5592105263157895,
    0.604251012145749,
    0.555668016194332,
    0.5662955465587045,
    0.6027327935222672,
    0.4701417004048583,
    0.444838056680162,
    0.4832995951417004,
    0.4762145748987854,
    0.5318825910931173,
    0.5915991902834008,
    0.6685222672064778,
    0.7823886639676114,
    0.8228744939271255,
    0.7859311740890689,
    0.7727732793522267,
    0.7449392712550609,
    0.8066801619433199,
    0.6958502024291497,
    0.5814777327935223,
    0.7823886639676113,
    0.8431174089068826,
    0.7965587044534412,
    0.8299595141700404,
    0.8760121457489879,
    0.8846153846153846,
    0.8350202429149797,
    0.7970647773279352,
    0.8076923076923077,
    0.7580971659919029,
    0.6467611336032388,
    0.5657894736842105,
    0.7125506072874495,
    0.6852226720647773,
    0.6943319838056681,
    0.8066801619433198,
    0.7656882591093117,
    0.6391700404858299,
    0.6325910931174088,
    0.6685222672064778,
    0.6204453441295545,
    0.6533400809716599
  ],
  "auc_S_inv": [
    0.5126518218623481,
    0.42813765182186236,
    0.5111336032388665,
    0.5541497975708503,
    0.5,
    0.4949392712550607,
    0.40435222672064774,
    0.4974696356275303,
    0.5688259109311741,
    0.584008097165992,
    0.513157894736842,
    0.45647773279352233,
    0.39878542510121456,
    0.4752024291497976,
    0.478744939271255,
    0.5096153846153846,
    0.409919028340081,
    0.4610323886639676,
    0.5192307692307692,
    0.5126518218623481,
    0.49898785425101216,
    0.46609311740890685,
    0.618927125506073,
    0.5571862348178138,
    0.49645748987854255,
    0.521255060728745,
    0.4605263157894737,
    0.5592105263157895,
    0.604251012145749,
    0.555668016194332,
    0.5662955465587045,
    0.6027327935222672,
    0.4701417004048583,
    0.444838056680162,
    0.4832995951417004,
    0.4762145748987854,
    0.5318825910931173,
    0.5915991902834008,
    0.6685222672064778,
    0.7823886639676114,
    0.8228744939271255,
    0.7859311740890689,
    0.7727732793522267,
    0.7449392712550609,
    0.8066801619433199,
    0.6958502024291497,
    0.5814777327935223,
    0.7823886639676113,
    0.8431174089068826,
    0.7965587044534412,
    0.8299595141700404,
    0.8760121457489879,
    0.8846153846153846,
    0.8350202429149797,
    0.7970647773279352,
    0.8076923076923077,
    0.7580971659919029,
    0.6467611336032388,
    0.5657894736842105,
    0.7125506072874495,
    0.6852226720647773,
    0.6943319838056681,
    0.8066801619433198,
    0.7656882591093117,
    0.6391700404858299,
    0.6325910931174088,
    0.6685222672064778,
    0.6204453441295545,
    0.6533400809716599
  ],
  "acc_R_macro": null,
  "auc_T": null,
  "latencies_ms": {
    "C": null,
    "S_raw": -10.000000009313226,
    "S_inv": -10.000000009313226,
    "T": null
  },
  "meta": {
    "align": "sacc",
    "orientation": "horizontal",
    "pt_min_ms": 200.0,
    "n_trials": 64,
    "n_bins": 69,
    "n_units": 28,
    "thr": 0.6,
    "k_bins": 5,
    "norm": "global",
    "baseline_win": null,
    "used_axes_mu_sd": false
  }
}