{
  "time": [
    -0.39000000059604645,
    -0.3799999952316284,
    -0.3700000047683716,
    -0.35999999940395355,
    -0.3499999940395355,
    -0.3400000035762787,
    -0.32999999821186066,
    -0.3199999928474426,
    -0.3100000023841858,
    -0.30000000447034836,
    -0.28999999910593033,
    -0.2800000011920929,
    -0.27000000327825546,
    -0.25999999791383743,
    -0.25,
    -0.24000000208616257,
    -0.23000000044703484,
    -0.2200000025331974,
    -0.21000000089406967,
    -0.19999999925494194,
    -0.1900000013411045,
    -0.17999999970197678,
    -0.16999999806284904,
    -0.1600000001490116,
    -0.14999999850988388,
    -0.13999999687075615,
    -0.12999999895691872,
    -0.11999999918043613,
    -0.10999999940395355,
    -0.09999999962747097,
    -0.08999999985098839,
    -0.0800000000745058,
    -0.07000000029802322,
    -0.06000000052154064,
    -0.049999999813735485,
    -0.0400000000372529,
    -0.03000000026077032,
    -0.020000000251457095,
    -0.010000000009313226,
    0.0,
    0.010000000009313226,
    0.020000000251457095,
    0.03000000026077032,
    0.0400000000372529,
    0.049999999813735485,
    0.06000000052154064,
    0.07000000029802322,
    0.0800000000745058,
    0.08999999985098839,
    0.09999999962747097,
    0.10999999940395355,
    0.11999999918043613,
    0.12999999895691872,
    0.13999999687075615,
    0.14999999850988388,
    0.1600000001490116,
    0.16999999806284904,
    0.17999999970197678,
    0.1900000013411045,
    0.19999999925494194,
    0.21000000089406967,
    0.2200000025331974,
    0.23000000044703484,
    0.24000000208616257,
    0.25,
    0.25999999791383743,
    0.27000000327825546,
    0.2800000011920929,
    0.28999999910593033
  ],
  "auc_C": null,
  "auc_S_raw": [
    0.5993431855500821,
    0.4696223316912973,
    0.486863711001642,
    0.6280788177339902,
    0.5755336617405583,
    0.513136288998358,
    0.3924466338259442,
    0.45320197044334987,
    0.535303776683087,
    0.5747126436781609,
    0.5287356321839081,
    0.4458128078817734,
    0.47865353037766833,
    0.5164203612479475,
    0.44991789819376027,
    0.5500821018062397,
    0.3973727422003284,
    0.42775041050903123,
    0.5582922824302134,
    0.5812807881773399,
    0.5262725779967159,
    0.4482758620689655,
    0.5681444991789819,
    0.5279146141215108,
    0.5008210180623973,
    0.5024630541871922,
    0.3226600985221675,
    0.5615763546798029,
    0.6707717569786535,
    0.46715927750410513,
    0.5517241379310345,
    0.6313628899835796,
    0.4507389162561577,
    0.4203612479474549,
    0.4540229885057471,
    0.4433497536945813,
    0.5090311986863711,
    0.6477832512315271,
    0.6839080459770115,
    0.7668308702791462,
    0.7750410509031199,
    0.7167487684729064,
    0.7093596059113301,
    0.7323481116584565,
    0.8669950738916256,
    0.7216748768472907,
    0.5229885057471265,
    0.7372742200328407,
    0.8013136288998358,
    0.8251231527093595,
    0.8481116584564861,
    0.8374384236453203,
    0.797208538587849,
    0.812807881773399,
    0.7807881773399015,
    0.7651888341543513,
    0.6978653530377669,
    0.5714285714285714,
    0.6009852216748769,
    0.729064039408867,
    0.7569786535303776,
    0.6477832512315271,
    0.7881773399014779,
    0.6937602627257801,
    0.6223316912972086,
    0.6683087027914615,
    0.6847290640394088,
    0.6502463054187193,
    0.6592775041050905
  ],
  "auc_S_inv": [
    0.5993431855500821,
    0.4696223316912973,
    0.486863711001642,
    0.6280788177339902,
    0.5755336617405583,
    0.513136288998358,
    0.3924466338259442,
    0.45320197044334987,
    0.535303776683087,
    0.5747126436781609,
    0.5287356321839081,
    0.4458128078817734,
    0.47865353037766833,
    0.5164203612479475,
    0.44991789819376027,
    0.5500821018062397,
    0.3973727422003284,
    0.42775041050903123,
    0.5582922824302134,
    0.5812807881773399,
    0.5262725779967159,
    0.4482758620689655,
    0.5681444991789819,
    0.5279146141215108,
    0.5008210180623973,
    0.5024630541871922,
    0.3226600985221675,
    0.5615763546798029,
    0.6707717569786535,
    0.46715927750410513,
    0.5517241379310345,
    0.6313628899835796,
    0.4507389162561577,
    0.4203612479474549,
    0.4540229885057471,
    0.4433497536945813,
    0.5090311986863711,
    0.6477832512315271,
    0.6839080459770115,
    0.7668308702791462,
    0.7750410509031199,
    0.7167487684729064,
    0.7093596059113301,
    0.7323481116584565,
    0.8669950738916256,
    0.7216748768472907,
    0.5229885057471265,
    0.7372742200328407,
    0.8013136288998358,
    0.8251231527093595,
    0.8481116584564861,
    0.8374384236453203,
    0.797208538587849,
    0.812807881773399,
    0.7807881773399015,
    0.7651888341543513,
    0.6978653530377669,
    0.5714285714285714,
    0.6009852216748769,
    0.729064039408867,
    0.7569786535303776,
    0.6477832512315271,
    0.7881773399014779,
    0.6937602627257801,
    0.6223316912972086,
    0.6683087027914615,
    0.6847290640394088,
    0.6502463054187193,
    0.6592775041050905
  ],
  "acc_R_macro": null,
  "auc_T": null,
  "latencies_ms": {
    "C": null,
    "S_raw": -20.000000251457095,
    "S_inv": -20.000000251457095,
    "T": null
  },
  "meta": {
    "align": "sacc",
    "orientation": "horizontal",
    "pt_min_ms": 200.0,
    "n_trials": 50,
    "n_bins": 69,
    "n_units": 28,
    "thr": 0.6,
    "k_bins": 5,
    "norm": "global",
    "baseline_win": null,
    "used_axes_mu_sd": false
  }
}