{
  "sid": "20231121",
  "area": "SFEF",
  "analysis": "axis_projections",
  "timestamp": "2026-02-03T21:41:27.975520",
  "cos_CS": 0.28407308266689546,
  "angle_CS_deg": 73.49654974654524,
  "n_neurons": 61,
  "var_explained_top10": [
    0.17728351056575775,
    0.1395823210477829,
    0.07045180350542068,
    0.050749532878398895,
    0.04622289165854454,
    0.04033615440130234,
    0.038066960871219635,
    0.03293987736105919,
    0.02783089503645897,
    0.02635243907570839
  ],
  "cumvar_top10": [
    0.17728351056575775,
    0.31686583161354065,
    0.38731762766838074,
    0.43806716799736023,
    0.48429006338119507,
    0.5246261954307556,
    0.562693178653717,
    0.5956330299377441,
    0.6234639286994934,
    0.6498163938522339
  ],
  "proj_C_top10": [
    0.21144390068342447,
    -0.0986964986925205,
    0.559074035827744,
    0.4709770928953375,
    -0.11484073066572387,
    -0.1389146863457362,
    0.08296936966895035,
    -0.07387704251614115,
    0.23692316249962936,
    0.24082796559234762
  ],
  "proj_S_top10": [
    -0.06927636047441445,
    0.05344999832014775,
    -0.16689485263035905,
    -0.23294078924453757,
    0.08757996393274613,
    0.2689949619436355,
    -0.10577897273387253,
    0.446241730339802,
    -0.1533198335206536,
    0.035275193634537745
  ],
  "proj_C_sq_top10": [
    0.044708523136221874,
    0.009740998854162701,
    0.31256377753672154,
    0.2218194220321434,
    0.01318839341983733,
    0.019297290082534266,
    0.006883916303262939,
    0.005457817410931726,
    0.05613258492882578,
    0.05799810901134897
  ],
  "proj_S_sq_top10": [
    0.004799214120581013,
    0.002856902320423797,
    0.027853891834509266,
    0.05426141129386807,
    0.007670250082461113,
    0.0723582895510579,
    0.011189191072633348,
    0.19913168189666058,
    0.02350697135080093,
    0.0012443392859541322
  ],
  "shared_pcs": [],
  "n_shared_pcs": 0,
  "overlap_metric": 0.02779525762063311,
  "eff_shared_dim": 35.97736037019765,
  "top_joint_pcs": [
    3,
    2,
    5
  ],
  "top_joint_scores": [
    0.012036234891854233,
    0.008706117650893458,
    0.0013963189033427725
  ]
}