{
  "sid": "20231025",
  "area": "SFEF",
  "analysis": "axis_projections",
  "timestamp": "2026-02-03T21:41:27.913968",
  "cos_CS": 0.43445788299995947,
  "angle_CS_deg": 64.24919685000769,
  "n_neurons": 48,
  "var_explained_top10": [
    0.2981347143650055,
    0.14616547524929047,
    0.11622951179742813,
    0.05273745208978653,
    0.034295469522476196,
    0.025739610195159912,
    0.024102499708533287,
    0.021235540509223938,
    0.019640279933810234,
    0.01740107499063015
  ],
  "cumvar_top10": [
    0.2981347143650055,
    0.44430017471313477,
    0.5605297088623047,
    0.613267183303833,
    0.6475626230239868,
    0.6733022332191467,
    0.6974047422409058,
    0.7186402678489685,
    0.7382805347442627,
    0.7556816339492798
  ],
  "proj_C_top10": [
    0.08092661454044105,
    -0.021168220312352867,
    0.050102101191555504,
    0.32782561627532414,
    -0.39572810678615356,
    0.10294519081940795,
    0.12000834694653459,
    0.1454515078661216,
    0.1768327437919685,
    0.2765102846890795
  ],
  "proj_S_top10": [
    -0.030943277961458612,
    -0.01068471323862219,
    0.2018720084115531,
    -0.14345706814516052,
    0.20479127940365532,
    -0.0966225090222561,
    -0.06843661889227012,
    0.22109193393850526,
    -0.2177447804500139,
    -0.12409559315224629
  ],
  "proj_C_sq_top10": [
    0.006549116940977124,
    0.00044809355119230853,
    0.0025102205438088674,
    0.10746963468629607,
    0.15660073450055334,
    0.010597712312844315,
    0.014402003336839818,
    0.021156141140528432,
    0.03126981927699598,
    0.0764579375388358
  ],
  "proj_S_sq_top10": [
    0.0009574864510000903,
    0.00011416309699158829,
    0.04075230778011416,
    0.02057993040080523,
    0.04193946811978602,
    0.00933590924975596,
    0.004683570805405824,
    0.048881643252668375,
    0.04741278941322475,
    0.015399716239807836
  ],
  "shared_pcs": [],
  "n_shared_pcs": 0,
  "overlap_metric": 0.026969796321014768,
  "eff_shared_dim": 37.078515095080775,
  "top_joint_pcs": [
    4,
    28,
    25
  ],
  "top_joint_scores": [
    0.0065677515121210315,
    0.003980456985953978,
    0.0034053995757827448
  ]
}