{
  "sid": "20201204",
  "area": "MFEF",
  "analysis": "axis_projections",
  "timestamp": "2026-02-03T21:41:27.670093",
  "cos_CS": 0.7332160180313589,
  "angle_CS_deg": 42.8433138582341,
  "n_neurons": 59,
  "var_explained_top10": [
    0.21541060507297516,
    0.18781200051307678,
    0.08019688725471497,
    0.06220438703894615,
    0.05370822176337242,
    0.03764427825808525,
    0.03203751891851425,
    0.026751693338155746,
    0.019439099356532097,
    0.01821914128959179
  ],
  "cumvar_top10": [
    0.21541060507297516,
    0.40322262048721313,
    0.4834195077419281,
    0.5456238985061646,
    0.5993320941925049,
    0.6369763612747192,
    0.6690138578414917,
    0.6957655549049377,
    0.715204656124115,
    0.7334237694740295
  ],
  "proj_C_top10": [
    0.6251372964425818,
    -0.4801912198904134,
    -0.0645817624004293,
    0.19124233076819933,
    -0.029537972731206015,
    0.19668717200547192,
    -0.17354226721110105,
    0.023066258023109347,
    0.13499795615538604,
    -0.007926303882957174
  ],
  "proj_S_top10": [
    0.5705750071997379,
    -0.6336861190043228,
    -0.02071377563652288,
    -0.07152851296066902,
    0.17958938141324138,
    0.33749130996070476,
    -0.0925210118420229,
    0.015316645555511599,
    0.058104636687345015,
    -0.10136914728223034
  ],
  "proj_C_sq_top10": [
    0.39079663940354037,
    0.23058360765984337,
    0.0041708040347455035,
    0.03657362907765336,
    0.0008724918330694702,
    0.0386858436315101,
    0.0301169185087692,
    0.0005320522591886563,
    0.018224448166131533,
    6.282629324498197e-05
  ],
  "proj_S_sq_top10": [
    0.32555583884098094,
    0.40155809741876075,
    0.00042906050112020885,
    0.0051163281663645956,
    0.03225234591639069,
    0.11390038429899249,
    0.00856013763227174,
    0.0002345996310731732,
    0.0033761488045683605,
    0.010275704020726507
  ],
  "shared_pcs": [
    {
      "pc": 0,
      "var_explained": 0.21541060507297516,
      "proj_C_sq": 0.39079663940354037,
      "proj_S_sq": 0.32555583884098094,
      "product": 0.12722612775725592
    },
    {
      "pc": 1,
      "var_explained": 0.18781200051307678,
      "proj_C_sq": 0.23058360765984337,
      "proj_S_sq": 0.40155809741876075,
      "product": 0.09259271478784069
    }
  ],
  "n_shared_pcs": 2,
  "overlap_metric": 0.2251287350198653,
  "eff_shared_dim": 4.441902984582401,
  "top_joint_pcs": [
    0,
    1,
    5
  ],
  "top_joint_scores": [
    0.12722612775725592,
    0.09259271478784069,
    0.004406332456559732
  ]
}