{
  "sid": "20201211",
  "area": "MFEF",
  "analysis": "axis_projections",
  "timestamp": "2026-02-03T21:41:27.692631",
  "cos_CS": 0.5648971685586474,
  "angle_CS_deg": 55.60484918399863,
  "n_neurons": 60,
  "var_explained_top10": [
    0.2526090443134308,
    0.13693250715732574,
    0.0831458792090416,
    0.06419471651315689,
    0.041590142995119095,
    0.035657964646816254,
    0.03169374540448189,
    0.026132632046937943,
    0.02229233831167221,
    0.020685473456978798
  ],
  "cumvar_top10": [
    0.2526090443134308,
    0.3895415663719177,
    0.4726874530315399,
    0.5368821620941162,
    0.5784723162651062,
    0.6141302585601807,
    0.6458240151405334,
    0.6719566583633423,
    0.6942489743232727,
    0.7149344682693481
  ],
  "proj_C_top10": [
    0.431440530749575,
    -0.6628459810834182,
    -0.16979101593074042,
    0.2945370313531109,
    0.02999591641567889,
    -0.15777097371917448,
    0.10247014255814738,
    0.055766233707140636,
    -0.028681461125011007,
    0.09574160924802298
  ],
  "proj_S_top10": [
    0.32813440630431595,
    -0.5671487690681323,
    0.012297585887985726,
    0.19516686008256676,
    0.38863449081171864,
    0.17492913370690616,
    -0.15983252431745182,
    0.0911448336073393,
    -0.22658626223562514,
    0.04496171745935142
  ],
  "proj_C_sq_top10": [
    0.18614093157347497,
    0.4393647946384392,
    0.028828989090792945,
    0.08675206283830342,
    0.0008997550016163944,
    0.024891680148296444,
    0.010500130115887046,
    0.0031098728218794283,
    0.0008226262122655177,
    0.00916645574140112
  ],
  "proj_S_sq_top10": [
    0.1076721886006859,
    0.32165772625549766,
    0.00015123061867238567,
    0.03809010327448819,
    0.15103676744848382,
    0.030600201819448652,
    0.025546435829688827,
    0.008307380693309567,
    0.05134133423391148,
    0.0020215560368945468
  ],
  "shared_pcs": [
    {
      "pc": 0,
      "var_explained": 0.2526090443134308,
      "proj_C_sq": 0.18614093157347497,
      "proj_S_sq": 0.1076721886006859,
      "product": 0.020042201490686567
    },
    {
      "pc": 1,
      "var_explained": 0.13693250715732574,
      "proj_C_sq": 0.4393647946384392,
      "proj_S_sq": 0.32165772625549766,
      "product": 0.14132508084011403
    }
  ],
  "n_shared_pcs": 2,
  "overlap_metric": 0.16718445721435574,
  "eff_shared_dim": 5.981417272048496,
  "top_joint_pcs": [
    1,
    0,
    3
  ],
  "top_joint_scores": [
    0.14132508084011403,
    0.020042201490686567,
    0.0033043950327858664
  ]
}