{
  "sid": "20230705",
  "area": "SFEF",
  "analysis": "axis_projections",
  "timestamp": "2026-02-03T21:41:27.834038",
  "cos_CS": 0.2185320533898366,
  "angle_CS_deg": 77.37717194771854,
  "n_neurons": 84,
  "var_explained_top10": [
    0.3743109405040741,
    0.07335036247968674,
    0.06282340735197067,
    0.04996223747730255,
    0.030137749388813972,
    0.027225321158766747,
    0.02394573763012886,
    0.02184602990746498,
    0.018241507932543755,
    0.01736932434141636
  ],
  "cumvar_top10": [
    0.3743109405040741,
    0.44766131043434143,
    0.5104846954345703,
    0.5604469180107117,
    0.5905846953392029,
    0.6178100109100342,
    0.6417557597160339,
    0.663601815700531,
    0.6818433403968811,
    0.6992126703262329
  ],
  "proj_C_top10": [
    -0.27288981501212534,
    0.06005928305021063,
    -0.4592906122241234,
    0.26828964338012795,
    0.1460129752667873,
    0.2763774402687034,
    -0.08149478228218723,
    -0.062100356534427685,
    -0.025926287287177344,
    -0.10713043524475582
  ],
  "proj_S_top10": [
    0.20608238734680284,
    -0.04181932721688931,
    0.4815849310674244,
    0.14994446905295095,
    0.18050862649835683,
    -0.19273574674292532,
    -0.31184808104823003,
    0.05923512812216548,
    0.023631448048976746,
    0.043064160844313915
  ],
  "proj_C_sq_top10": [
    0.074468851137352,
    0.0036071174805053182,
    0.21094786647721006,
    0.07197933274503623,
    0.02131978894625944,
    0.07638448948948073,
    0.006641399539221098,
    0.003856454281703035,
    0.0006721723724972536,
    0.01147693015573082
  ],
  "proj_S_sq_top10": [
    0.04246995037455768,
    0.0017488561288732589,
    0.2319240458312159,
    0.022483343799571363,
    0.03258336424032329,
    0.037147068072553045,
    0.09724922565346344,
    0.0035088004036493594,
    0.0005584453368914868,
    0.0018545219492249398
  ],
  "shared_pcs": [
    {
      "pc": 2,
      "var_explained": 0.06282340735197067,
      "proj_C_sq": 0.21094786647721006,
      "proj_S_sq": 0.2319240458312159,
      "product": 0.04892388265285768
    }
  ],
  "n_shared_pcs": 1,
  "overlap_metric": 0.06112738570601023,
  "eff_shared_dim": 16.35927969845563,
  "top_joint_pcs": [
    2,
    0,
    5
  ],
  "top_joint_scores": [
    0.04892388265285768,
    0.0031626884122536625,
    0.0028374598307529535
  ]
}