{
  "sid": "20231123",
  "area": "SFEF",
  "analysis": "axis_projections",
  "timestamp": "2026-02-03T21:41:28.001661",
  "cos_CS": 0.20369527991050393,
  "angle_CS_deg": 78.24686736709437,
  "n_neurons": 102,
  "var_explained_top10": [
    0.26011937856674194,
    0.16414141654968262,
    0.05460288003087044,
    0.04244327172636986,
    0.04017715901136398,
    0.027030255645513535,
    0.022479159757494926,
    0.021496420726180077,
    0.01892533339560032,
    0.017007015645503998
  ],
  "cumvar_top10": [
    0.26011937856674194,
    0.42426079511642456,
    0.4788636863231659,
    0.5213069319725037,
    0.5614840984344482,
    0.5885143280029297,
    0.610993504524231,
    0.6324899196624756,
    0.651415228843689,
    0.6684222221374512
  ],
  "proj_C_top10": [
    0.05065871690092331,
    -0.07531837631590826,
    0.13553998300821304,
    -0.18394585959364945,
    0.8252091495570175,
    -0.07125332867241482,
    -0.08157270155848713,
    -0.027017370508932378,
    -0.0011482305331082844,
    0.10542349066395876
  ],
  "proj_S_top10": [
    -0.06447204532043754,
    0.027499908705134985,
    0.11108274516380615,
    0.12072754631262993,
    0.25291378422489574,
    -0.04907401992702438,
    0.058309478955209264,
    -0.15092496901903613,
    -0.31257461989774676,
    0.06461217425464709
  ],
  "proj_C_sq_top10": [
    0.002566305598047893,
    0.005672857810864771,
    0.01837108699386668,
    0.0338360792616466,
    0.6809701405126161,
    0.005077036846899172,
    0.006654105639550009,
    0.0007299383092169289,
    1.318433357162135e-06,
    0.0111141123837738
  ],
  "proj_S_sq_top10": [
    0.004156644627800552,
    0.0007562449787907589,
    0.012339376273127098,
    0.014575140438668205,
    0.06396538225095712,
    0.0024082594317979857,
    0.003399995336027992,
    0.022778346273397015,
    0.09770289300422087,
    0.00417473306191288
  ],
  "shared_pcs": [],
  "n_shared_pcs": 0,
  "overlap_metric": 0.048757974767207606,
  "eff_shared_dim": 20.509465472560077,
  "top_joint_pcs": [
    4,
    10,
    17
  ],
  "top_joint_scores": [
    0.04355851533937746,
    0.0015133002149729762,
    0.0007266762692606023
  ]
}