{
  "sid": "20230710",
  "area": "SFEF",
  "analysis": "axis_projections",
  "timestamp": "2026-02-03T21:41:27.887269",
  "cos_CS": 0.4060713391174554,
  "angle_CS_deg": 66.04171980058075,
  "n_neurons": 66,
  "var_explained_top10": [
    0.1712154746055603,
    0.11317670345306396,
    0.06857724487781525,
    0.056355830281972885,
    0.05304884538054466,
    0.04514230042695999,
    0.04026787355542183,
    0.03650261461734772,
    0.03549555316567421,
    0.026586567983031273
  ],
  "cumvar_top10": [
    0.1712154746055603,
    0.28439217805862427,
    0.3529694080352783,
    0.4093252420425415,
    0.46237409114837646,
    0.5075163841247559,
    0.5477842688560486,
    0.5842868685722351,
    0.6197824478149414,
    0.6463690400123596
  ],
  "proj_C_top10": [
    -0.14514752389145996,
    -0.10855586035047167,
    0.38977669839105034,
    -0.09925416645311746,
    -0.15099231342591787,
    0.24636446484909832,
    -0.16522511690712252,
    0.21850174260768854,
    -0.2297691002559735,
    -0.107990782635146
  ],
  "proj_S_top10": [
    -0.03257624035161186,
    0.037045114977979646,
    -0.3874032641467394,
    0.1669145254787755,
    0.11819456337454361,
    -0.15726016246815408,
    -0.007019532192688061,
    -0.18449928372571373,
    0.3702164053818632,
    -0.08624111797514769
  ],
  "proj_C_sq_top10": [
    0.02106780369182194,
    0.011784374816431107,
    0.15192587460862783,
    0.009851389558303149,
    0.022798678713710618,
    0.060695449540382605,
    0.027299339256972303,
    0.04774301152259657,
    0.0527938394324396,
    0.01166200913415135
  ],
  "proj_S_sq_top10": [
    0.0010612114354459847,
    0.0013723405437317318,
    0.15008128907154836,
    0.027860458815804796,
    0.013969954811299005,
    0.024730758699510216,
    4.927383220418406e-05,
    0.034039985695301415,
    0.13706018681386806,
    0.007437530429603342
  ],
  "shared_pcs": [
    {
      "pc": 2,
      "var_explained": 0.06857724487781525,
      "proj_C_sq": 0.15192587460862783,
      "proj_S_sq": 0.15008128907154836,
      "product": 0.022801231104585283
    }
  ],
  "n_shared_pcs": 1,
  "overlap_metric": 0.05240444716539084,
  "eff_shared_dim": 19.082349954841696,
  "top_joint_pcs": [
    2,
    11,
    8
  ],
  "top_joint_scores": [
    0.022801231104585283,
    0.008937216615228671,
    0.007235933495231526
  ]
}