{
  "sid": "20201216",
  "area": "MFEF",
  "monkey": "M",
  "analysis": "alignment_index",
  "AI_obs": 0.6059980057411358,
  "overlap_obs": 0.2526092872908446,
  "mean_angle_obs_deg": 62.98539045788576,
  "principal_angles_deg": [
    18.467412998083493,
    55.67102298115151,
    66.20298091633838,
    71.99991530419311,
    79.07365145001297,
    86.49735909753508
  ],
  "var_explained_C": 0.788890048343419,
  "var_explained_S": 0.9706896164992069,
  "null_AI_mean": 0.7493704209851032,
  "null_AI_std": 0.056420132375392264,
  "null_overlap_mean": 0.4258660444203483,
  "null_angle_mean_deg": 51.03618778401817,
  "p_less": 0.023976023976023976,
  "p_greater": 0.977022977022977,
  "n_perms": 1000,
  "delta_AI": -0.14337241524396738,
  "win_C": [
    -0.3,
    -0.1
  ],
  "win_S": [
    -0.1,
    -0.03
  ],
  "k": 6,
  "manifold_dim": 29,
  "n_trials": 252,
  "n_valid_C": 252,
  "n_valid_S": 252
}