{
  "sid": "20230627",
  "area": "SFEF",
  "monkey": "S",
  "analysis": "alignment_index",
  "AI_obs": 0.2622768272690651,
  "overlap_obs": 0.16318432060873742,
  "mean_angle_obs_deg": 68.99940027215318,
  "principal_angles_deg": [
    49.030009508573656,
    61.692981301115616,
    63.7000870487052,
    71.31036474342096,
    81.40002801188777,
    86.86293101921588
  ],
  "var_explained_C": 0.8651926640707036,
  "var_explained_S": 0.9452274474286635,
  "null_AI_mean": 0.8370977229041783,
  "null_AI_std": 0.03929788647085454,
  "null_overlap_mean": 0.44285384394588456,
  "null_angle_mean_deg": 49.71276239452962,
  "p_less": 0.000999000999000999,
  "p_greater": 1.0,
  "n_perms": 1000,
  "delta_AI": -0.5748208956351132,
  "win_C": [
    -0.3,
    -0.1
  ],
  "win_S": [
    -0.1,
    -0.03
  ],
  "k": 6,
  "manifold_dim": 26,
  "n_trials": 520,
  "n_valid_C": 520,
  "n_valid_S": 520
}