{
  "sid": "20200402",
  "area": "MFEF",
  "monkey": "M",
  "analysis": "alignment_index",
  "AI_obs": 0.26298799740342643,
  "overlap_obs": 0.20030483844775848,
  "mean_angle_obs_deg": 67.15563787113065,
  "principal_angles_deg": [
    37.01017862020764,
    56.278868383476485,
    66.77034821798014,
    76.04500806789572,
    78.22046100976281,
    88.60896292746119
  ],
  "var_explained_C": 0.6820106130561359,
  "var_explained_S": 0.9442509148915944,
  "null_AI_mean": 0.5947705729125252,
  "null_AI_std": 0.06217710511439228,
  "null_overlap_mean": 0.42730465707984033,
  "null_angle_mean_deg": 51.214396794413034,
  "p_less": 0.000999000999000999,
  "p_greater": 1.0,
  "n_perms": 1000,
  "delta_AI": -0.3317825755090988,
  "win_C": [
    -0.3,
    -0.1
  ],
  "win_S": [
    -0.1,
    -0.03
  ],
  "k": 6,
  "manifold_dim": 34,
  "n_trials": 242,
  "n_valid_C": 242,
  "n_valid_S": 242
}