{
  "sid": "20201211",
  "area": "MFEF",
  "monkey": "M",
  "analysis": "alignment_index",
  "AI_obs": 0.47862266454282776,
  "overlap_obs": 0.2615153236875675,
  "mean_angle_obs_deg": 62.77573430252826,
  "principal_angles_deg": [
    22.802660023237372,
    53.45174377087673,
    59.56734534710007,
    73.21877696610949,
    82.23394399008906,
    85.37993571775678
  ],
  "var_explained_C": 0.7944465357954824,
  "var_explained_S": 0.9731226014130747,
  "null_AI_mean": 0.707496567251292,
  "null_AI_std": 0.06296279621757156,
  "null_overlap_mean": 0.4484334451720098,
  "null_angle_mean_deg": 49.530363003441096,
  "p_less": 0.006993006993006993,
  "p_greater": 0.994005994005994,
  "n_perms": 1000,
  "delta_AI": -0.2288739027084642,
  "win_C": [
    -0.3,
    -0.1
  ],
  "win_S": [
    -0.1,
    -0.03
  ],
  "k": 6,
  "manifold_dim": 27,
  "n_trials": 306,
  "n_valid_C": 306,
  "n_valid_S": 306
}