{
  "sid": "20201204",
  "area": "MFEF",
  "monkey": "M",
  "analysis": "alignment_index",
  "AI_obs": 0.4217227422532724,
  "overlap_obs": 0.2652339682504401,
  "mean_angle_obs_deg": 63.194609974434556,
  "principal_angles_deg": [
    29.5102661152472,
    47.75031112553463,
    59.38136498595019,
    71.28994377185553,
    81.97430139797822,
    89.26147245004165
  ],
  "var_explained_C": 0.8260748784665883,
  "var_explained_S": 0.9851587624876255,
  "null_AI_mean": 0.7217216112844024,
  "null_AI_std": 0.06507473878340563,
  "null_overlap_mean": 0.48625063571205596,
  "null_angle_mean_deg": 46.78535566715471,
  "p_less": 0.000999000999000999,
  "p_greater": 1.0,
  "n_perms": 1000,
  "delta_AI": -0.29999886903113,
  "win_C": [
    -0.3,
    -0.1
  ],
  "win_S": [
    -0.1,
    -0.03
  ],
  "k": 6,
  "manifold_dim": 24,
  "n_trials": 287,
  "n_valid_C": 287,
  "n_valid_S": 287
}