{
  "sid": "20231109",
  "area": "SFEF",
  "monkey": "S",
  "analysis": "alignment_index",
  "AI_obs": 0.2367273353191104,
  "overlap_obs": 0.11402038243681191,
  "mean_angle_obs_deg": 73.79427470105229,
  "principal_angles_deg": [
    53.21231707199134,
    63.072021999006104,
    73.42953034131969,
    79.93261961311958,
    85.08645559517873,
    88.03270358569829
  ],
  "var_explained_C": 0.6154924898921472,
  "var_explained_S": 0.8287496552511834,
  "null_AI_mean": 0.5563269946287775,
  "null_AI_std": 0.06565570622646003,
  "null_overlap_mean": 0.355632795733794,
  "null_angle_mean_deg": 56.075362980300746,
  "p_less": 0.000999000999000999,
  "p_greater": 1.0,
  "n_perms": 1000,
  "delta_AI": -0.31959965930966716,
  "win_C": [
    -0.3,
    -0.1
  ],
  "win_S": [
    -0.1,
    -0.03
  ],
  "k": 6,
  "manifold_dim": 37,
  "n_trials": 275,
  "n_valid_C": 275,
  "n_valid_S": 275
}