{
  "sid": "20230622",
  "area": "SFEF",
  "monkey": "S",
  "analysis": "axis_shuffle",
  "axes_tag": "axes_peakbin_saccCS-sacc-horizontal-20mssw_nofilter",
  "a_obs": 0.08122646745242158,
  "theta_obs_deg": 85.34093340289303,
  "null_mean": 0.06538840689411538,
  "null_std": 0.05224241119635425,
  "null_median": 0.0519066904424071,
  "null_angle_mean_deg": 86.2441617759325,
  "p_greater": 0.3256743256743257,
  "p_less": 0.6753246753246753,
  "n_perms_valid": 1000,
  "delta": 0.015838060558306208,
  "delta_theta_deg": -0.9032283730394681,
  "winS": [
    -0.02000000000000002,
    0.02999999999999998
  ],
  "n_trials": 553,
  "n_valid_trials": 553
}