{
  "sid": "20200327",
  "area": "MFEF",
  "monkey": "M",
  "analysis": "axis_shuffle",
  "axes_tag": "axes_peakbin_saccCS-sacc-horizontal-20mssw_nofilter",
  "a_obs": 0.06863023122014084,
  "theta_obs_deg": 86.06468397697768,
  "null_mean": 0.13755659736059583,
  "null_std": 0.10047970479227637,
  "null_median": 0.12032977873502088,
  "null_angle_mean_deg": 82.0417713838554,
  "p_greater": 0.7022977022977023,
  "p_less": 0.2987012987012987,
  "n_perms_valid": 1000,
  "delta": -0.068926366140455,
  "delta_theta_deg": 4.022912593122271,
  "winS": [
    -0.12000000000000004,
    -0.02000000000000003
  ],
  "n_trials": 291,
  "n_valid_trials": 291
}