{
  "sid": "20201204",
  "area": "MFEF",
  "monkey": "M",
  "analysis": "axis_shuffle",
  "axes_tag": "axes_peakbin_saccCS-sacc-horizontal-20mssw_nofilter",
  "a_obs": 0.06241504483974397,
  "theta_obs_deg": 86.42155539558603,
  "null_mean": 0.08713727702362821,
  "null_std": 0.06473524194423355,
  "null_median": 0.07544534041214396,
  "null_angle_mean_deg": 84.9878596019811,
  "p_greater": 0.5804195804195804,
  "p_less": 0.4205794205794206,
  "n_perms_valid": 1000,
  "delta": -0.024722232183884238,
  "delta_theta_deg": 1.433695793604926,
  "winS": [
    -0.02000000000000002,
    0.02999999999999998
  ],
  "n_trials": 287,
  "n_valid_trials": 287
}