{
  "time": [
    -0.39000000059604645,
    -0.3799999952316284,
    -0.3700000047683716,
    -0.35999999940395355,
    -0.3499999940395355,
    -0.3400000035762787,
    -0.32999999821186066,
    -0.3199999928474426,
    -0.3100000023841858,
    -0.30000000447034836,
    -0.28999999910593033,
    -0.2800000011920929,
    -0.27000000327825546,
    -0.25999999791383743,
    -0.25,
    -0.24000000208616257,
    -0.23000000044703484,
    -0.2200000025331974,
    -0.21000000089406967,
    -0.19999999925494194,
    -0.1900000013411045,
    -0.17999999970197678,
    -0.16999999806284904,
    -0.1600000001490116,
    -0.14999999850988388,
    -0.13999999687075615,
    -0.12999999895691872,
    -0.11999999918043613,
    -0.10999999940395355,
    -0.09999999962747097,
    -0.08999999985098839,
    -0.0800000000745058,
    -0.07000000029802322,
    -0.06000000052154064,
    -0.049999999813735485,
    -0.0400000000372529,
    -0.03000000026077032,
    -0.020000000251457095,
    -0.010000000009313226,
    0.0,
    0.010000000009313226,
    0.020000000251457095,
    0.03000000026077032,
    0.0400000000372529,
    0.049999999813735485,
    0.06000000052154064,
    0.07000000029802322,
    0.0800000000745058,
    0.08999999985098839,
    0.09999999962747097,
    0.10999999940395355,
    0.11999999918043613,
    0.12999999895691872,
    0.13999999687075615,
    0.14999999850988388,
    0.1600000001490116,
    0.16999999806284904,
    0.17999999970197678,
    0.1900000013411045
  ],
  "auc_C": null,
  "auc_S_raw": [
    0.5329686829686829,
    0.4959673959673959,
    0.44665379665379656,
    0.4418704418704419,
    0.46141141141141145,
    0.4783783783783784,
    0.5098026598026599,
    0.5283569283569283,
    0.5243457743457742,
    0.4785714285714286,
    0.5042471042471043,
    0.47022737022737027,
    0.41808236808236804,
    0.4320677820677822,
    0.47127842127842123,
    0.48277563277563273,
    0.4771557271557271,
    0.5031317031317031,
    0.4733590733590734,
    0.43120978120978126,
    0.4852852852852853,
    0.49446589446589445,
    0.43427713427713427,
    0.43243243243243246,
    0.5017374517374518,
    0.5043758043758043,
    0.508108108108108,
    0.5552552552552553,
    0.5738095238095238,
    0.5761475761475762,
    0.5885027885027885,
    0.6306091806091806,
    0.6908622908622909,
    0.7091377091377091,
    0.7404976404976406,
    0.7521664521664521,
    0.7851780351780351,
    0.7982625482625483,
    0.8285285285285285,
    0.8900471900471901,
    0.8784427284427284,
    0.7820999570999572,
    0.7460960960960963,
    0.7338481338481339,
    0.6889961389961389,
    0.7183183183183184,
    0.7782925782925784,
    0.7420205920205921,
    0.7302016302016301,
    0.7122694122694122,
    0.7012226512226513,
    0.7335049335049335,
    0.7176533676533678,
    0.6615830115830115,
    0.6977691977691978,
    0.6825182325182324,
    0.70015015015015,
    0.6874088374088374,
    0.6805877305877306
  ],
  "auc_S_inv": [
    0.5329686829686829,
    0.4959673959673959,
    0.44665379665379656,
    0.4418704418704419,
    0.46141141141141145,
    0.4783783783783784,
    0.5098026598026599,
    0.5283569283569283,
    0.5243457743457742,
    0.4785714285714286,
    0.5042471042471043,
    0.47022737022737027,
    0.41808236808236804,
    0.4320677820677822,
    0.47127842127842123,
    0.48277563277563273,
    0.4771557271557271,
    0.5031317031317031,
    0.4733590733590734,
    0.43120978120978126,
    0.4852852852852853,
    0.49446589446589445,
    0.43427713427713427,
    0.43243243243243246,
    0.5017374517374518,
    0.5043758043758043,
    0.508108108108108,
    0.5552552552552553,
    0.5738095238095238,
    0.5761475761475762,
    0.5885027885027885,
    0.6306091806091806,
    0.6908622908622909,
    0.7091377091377091,
    0.7404976404976406,
    0.7521664521664521,
    0.7851780351780351,
    0.7982625482625483,
    0.8285285285285285,
    0.8900471900471901,
    0.8784427284427284,
    0.7820999570999572,
    0.7460960960960963,
    0.7338481338481339,
    0.6889961389961389,
    0.7183183183183184,
    0.7782925782925784,
    0.7420205920205921,
    0.7302016302016301,
    0.7122694122694122,
    0.7012226512226513,
    0.7335049335049335,
    0.7176533676533678,
    0.6615830115830115,
    0.6977691977691978,
    0.6825182325182324,
    0.70015015015015,
    0.6874088374088374,
    0.6805877305877306
  ],
  "acc_R_macro": null,
  "auc_T": null,
  "latencies_ms": {
    "C": null,
    "S_raw": -80.0000000745058,
    "S_inv": -80.0000000745058,
    "T": null
  },
  "meta": {
    "align": "sacc",
    "orientation": "horizontal",
    "pt_min_ms": 200.0,
    "n_trials": 432,
    "n_bins": 59,
    "n_units": 68,
    "thr": 0.6,
    "k_bins": 5,
    "norm": "global",
    "baseline_win": null,
    "used_axes_mu_sd": false
  }
}