{
  "time": [
    -0.39000000059604645,
    -0.3799999952316284,
    -0.3700000047683716,
    -0.35999999940395355,
    -0.3499999940395355,
    -0.3400000035762787,
    -0.32999999821186066,
    -0.3199999928474426,
    -0.3100000023841858,
    -0.30000000447034836,
    -0.28999999910593033,
    -0.2800000011920929,
    -0.27000000327825546,
    -0.25999999791383743,
    -0.25,
    -0.24000000208616257,
    -0.23000000044703484,
    -0.2200000025331974,
    -0.21000000089406967,
    -0.19999999925494194,
    -0.1900000013411045,
    -0.17999999970197678,
    -0.16999999806284904,
    -0.1600000001490116,
    -0.14999999850988388,
    -0.13999999687075615,
    -0.12999999895691872,
    -0.11999999918043613,
    -0.10999999940395355,
    -0.09999999962747097,
    -0.08999999985098839,
    -0.0800000000745058,
    -0.07000000029802322,
    -0.06000000052154064,
    -0.049999999813735485,
    -0.0400000000372529,
    -0.03000000026077032,
    -0.020000000251457095,
    -0.010000000009313226,
    0.0,
    0.010000000009313226,
    0.020000000251457095,
    0.03000000026077032,
    0.0400000000372529,
    0.049999999813735485,
    0.06000000052154064,
    0.07000000029802322,
    0.0800000000745058,
    0.08999999985098839,
    0.09999999962747097,
    0.10999999940395355,
    0.11999999918043613,
    0.12999999895691872,
    0.13999999687075615,
    0.14999999850988388,
    0.1600000001490116,
    0.16999999806284904,
    0.17999999970197678,
    0.1900000013411045
  ],
  "auc_C": null,
  "auc_S_raw": [
    0.4391835888934936,
    0.46162157361908707,
    0.4928068202001066,
    0.4690959682671245,
    0.46924397608193713,
    0.4700432182819252,
    0.5143493576460837,
    0.5167766858090107,
    0.4802187555502931,
    0.462346811911669,
    0.4867014978390859,
    0.545860221419691,
    0.5308966313421348,
    0.5138757326386834,
    0.5198108460126695,
    0.48129921259842523,
    0.47917530045586404,
    0.49328044520750697,
    0.5316588715884198,
    0.5340861997513469,
    0.5232964300515067,
    0.4872565271446332,
    0.49119353501864904,
    0.5046474453851164,
    0.46916257178379017,
    0.4827718903558108,
    0.5248875140607424,
    0.5111597892368718,
    0.5100053282813333,
    0.532176898940264,
    0.5236886507607602,
    0.5322361020661891,
    0.5358474927476171,
    0.5768752590136759,
    0.5968415132318987,
    0.62804896098514,
    0.6802143153158486,
    0.6855055946954,
    0.6960289503285775,
    0.7238100171689065,
    0.7326164821502577,
    0.7773222426144101,
    0.8151530400805161,
    0.846353087443017,
    0.8572094606595229,
    0.8183352080989877,
    0.7602421407850334,
    0.7792463442069741,
    0.8361997513468711,
    0.8182316026286188,
    0.8098691610917057,
    0.8644248416316384,
    0.8417870463560476,
    0.8019803445621929,
    0.7748875140607423,
    0.7317062340891599,
    0.6910188857971702,
    0.6760996980640578,
    0.7081729915339532
  ],
  "auc_S_inv": [
    0.4391835888934936,
    0.46162157361908707,
    0.4928068202001066,
    0.4690959682671245,
    0.46924397608193713,
    0.4700432182819252,
    0.5143493576460837,
    0.5167766858090107,
    0.4802187555502931,
    0.462346811911669,
    0.4867014978390859,
    0.545860221419691,
    0.5308966313421348,
    0.5138757326386834,
    0.5198108460126695,
    0.48129921259842523,
    0.47917530045586404,
    0.49328044520750697,
    0.5316588715884198,
    0.5340861997513469,
    0.5232964300515067,
    0.4872565271446332,
    0.49119353501864904,
    0.5046474453851164,
    0.46916257178379017,
    0.4827718903558108,
    0.5248875140607424,
    0.5111597892368718,
    0.5100053282813333,
    0.532176898940264,
    0.5236886507607602,
    0.5322361020661891,
    0.5358474927476171,
    0.5768752590136759,
    0.5968415132318987,
    0.62804896098514,
    0.6802143153158486,
    0.6855055946954,
    0.6960289503285775,
    0.7238100171689065,
    0.7326164821502577,
    0.7773222426144101,
    0.8151530400805161,
    0.846353087443017,
    0.8572094606595229,
    0.8183352080989877,
    0.7602421407850334,
    0.7792463442069741,
    0.8361997513468711,
    0.8182316026286188,
    0.8098691610917057,
    0.8644248416316384,
    0.8417870463560476,
    0.8019803445621929,
    0.7748875140607423,
    0.7317062340891599,
    0.6910188857971702,
    0.6760996980640578,
    0.7081729915339532
  ],
  "acc_R_macro": null,
  "auc_T": null,
  "latencies_ms": {
    "C": null,
    "S_raw": -40.0000000372529,
    "S_inv": -40.0000000372529,
    "T": null
  },
  "meta": {
    "align": "sacc",
    "orientation": "horizontal",
    "pt_min_ms": 200.0,
    "n_trials": 520,
    "n_bins": 59,
    "n_units": 54,
    "thr": 0.6,
    "k_bins": 5,
    "norm": "global",
    "baseline_win": null,
    "used_axes_mu_sd": false
  }
}