{
  "time": [
    -0.39000000059604645,
    -0.3799999952316284,
    -0.3700000047683716,
    -0.35999999940395355,
    -0.3499999940395355,
    -0.3400000035762787,
    -0.32999999821186066,
    -0.3199999928474426,
    -0.3100000023841858,
    -0.30000000447034836,
    -0.28999999910593033,
    -0.2800000011920929,
    -0.27000000327825546,
    -0.25999999791383743,
    -0.25,
    -0.24000000208616257,
    -0.23000000044703484,
    -0.2200000025331974,
    -0.21000000089406967,
    -0.19999999925494194,
    -0.1900000013411045,
    -0.17999999970197678,
    -0.16999999806284904,
    -0.1600000001490116,
    -0.14999999850988388,
    -0.13999999687075615,
    -0.12999999895691872,
    -0.11999999918043613,
    -0.10999999940395355,
    -0.09999999962747097,
    -0.08999999985098839,
    -0.0800000000745058,
    -0.07000000029802322,
    -0.06000000052154064,
    -0.049999999813735485,
    -0.0400000000372529,
    -0.03000000026077032,
    -0.020000000251457095,
    -0.010000000009313226,
    0.0,
    0.010000000009313226,
    0.020000000251457095,
    0.03000000026077032,
    0.0400000000372529,
    0.049999999813735485,
    0.06000000052154064,
    0.07000000029802322,
    0.0800000000745058,
    0.08999999985098839,
    0.09999999962747097,
    0.10999999940395355,
    0.11999999918043613,
    0.12999999895691872,
    0.13999999687075615,
    0.14999999850988388,
    0.1600000001490116,
    0.16999999806284904,
    0.17999999970197678,
    0.1900000013411045
  ],
  "auc_C": null,
  "auc_S_raw": [
    0.4427713427713428,
    0.47073144573144565,
    0.49141999141999143,
    0.46495066495066495,
    0.49076576576576575,
    0.49954954954954955,
    0.5367438867438867,
    0.526040326040326,
    0.4881059631059631,
    0.4435220935220935,
    0.4707314457314457,
    0.544004719004719,
    0.5337945087945087,
    0.5150579150579151,
    0.5023595023595023,
    0.47814242814242813,
    0.4970291720291721,
    0.4966108966108966,
    0.5166666666666667,
    0.5266302016302016,
    0.5131488631488632,
    0.48211068211068214,
    0.48643286143286135,
    0.4844916344916345,
    0.4499570999570999,
    0.4777241527241527,
    0.5258365508365508,
    0.49534534534534536,
    0.5105748605748606,
    0.5391462891462891,
    0.5217074217074217,
    0.5272629772629773,
    0.5215572715572716,
    0.5576147576147577,
    0.5872265122265123,
    0.6297726297726297,
    0.6829472329472329,
    0.6790862290862291,
    0.7086872586872587,
    0.7232732732732732,
    0.7333655083655083,
    0.783054483054483,
    0.8188331188331188,
    0.8486057486057486,
    0.8543650793650794,
    0.8031102531102531,
    0.732089232089232,
    0.7564993564993565,
    0.8142857142857143,
    0.783011583011583,
    0.7975546975546974,
    0.84993564993565,
    0.832067782067782,
    0.7928356928356928,
    0.7678035178035179,
    0.7183397683397683,
    0.6982196482196482,
    0.6922779922779924,
    0.7258043758043758
  ],
  "auc_S_inv": [
    0.4427713427713428,
    0.47073144573144565,
    0.49141999141999143,
    0.46495066495066495,
    0.49076576576576575,
    0.49954954954954955,
    0.5367438867438867,
    0.526040326040326,
    0.4881059631059631,
    0.4435220935220935,
    0.4707314457314457,
    0.544004719004719,
    0.5337945087945087,
    0.5150579150579151,
    0.5023595023595023,
    0.47814242814242813,
    0.4970291720291721,
    0.4966108966108966,
    0.5166666666666667,
    0.5266302016302016,
    0.5131488631488632,
    0.48211068211068214,
    0.48643286143286135,
    0.4844916344916345,
    0.4499570999570999,
    0.4777241527241527,
    0.5258365508365508,
    0.49534534534534536,
    0.5105748605748606,
    0.5391462891462891,
    0.5217074217074217,
    0.5272629772629773,
    0.5215572715572716,
    0.5576147576147577,
    0.5872265122265123,
    0.6297726297726297,
    0.6829472329472329,
    0.6790862290862291,
    0.7086872586872587,
    0.7232732732732732,
    0.7333655083655083,
    0.783054483054483,
    0.8188331188331188,
    0.8486057486057486,
    0.8543650793650794,
    0.8031102531102531,
    0.732089232089232,
    0.7564993564993565,
    0.8142857142857143,
    0.783011583011583,
    0.7975546975546974,
    0.84993564993565,
    0.832067782067782,
    0.7928356928356928,
    0.7678035178035179,
    0.7183397683397683,
    0.6982196482196482,
    0.6922779922779924,
    0.7258043758043758
  ],
  "acc_R_macro": null,
  "auc_T": null,
  "latencies_ms": {
    "C": null,
    "S_raw": -40.0000000372529,
    "S_inv": -40.0000000372529,
    "T": null
  },
  "meta": {
    "align": "sacc",
    "orientation": "horizontal",
    "pt_min_ms": 200.0,
    "n_trials": 432,
    "n_bins": 59,
    "n_units": 54,
    "thr": 0.6,
    "k_bins": 5,
    "norm": "global",
    "baseline_win": null,
    "used_axes_mu_sd": false
  }
}