{
  "time": [
    -0.39000000059604645,
    -0.3700000047683716,
    -0.3499999940395355,
    -0.32999999821186066,
    -0.3100000023841858,
    -0.28999999910593033,
    -0.27000000327825546,
    -0.25,
    -0.23000000044703484,
    -0.21000000089406967,
    -0.1900000013411045,
    -0.16999999806284904,
    -0.14999999850988388,
    -0.12999999895691872,
    -0.10999999940395355,
    -0.08999999985098839,
    -0.07000000029802322,
    -0.049999999813735485,
    -0.03000000026077032,
    -0.010000000009313226,
    0.010000000009313226,
    0.03000000026077032,
    0.049999999813735485,
    0.07000000029802322,
    0.08999999985098839,
    0.10999999940395355,
    0.12999999895691872,
    0.14999999850988388,
    0.16999999806284904,
    0.1900000013411045,
    0.21000000089406967,
    0.23000000044703484,
    0.25,
    0.27000000327825546,
    0.28999999910593033
  ],
  "auc_C": null,
  "auc_S_raw": [
    0.42093023255813955,
    0.5101617795753286,
    0.44201213346814966,
    0.5009605662285137,
    0.5031850353892822,
    0.5039939332659251,
    0.4768958543983822,
    0.42249747219413547,
    0.403943377148635,
    0.47760364004044487,
    0.39691607684529834,
    0.3879170879676441,
    0.44994944388270985,
    0.48205257836198184,
    0.604196157735086,
    0.674772497472194,
    0.7345298281092012,
    0.834984833164813,
    0.8775530839231546,
    0.9414054600606674,
    0.9487866531850354,
    0.9760869565217392,
    0.9885743174924165,
    0.9669868554095046,
    0.9682507583417594,
    0.9479271991911021,
    0.9389787664307381,
    0.9251263902932255,
    0.8998988877654196,
    0.8711830131445906,
    0.8631445904954499,
    0.8384226491405462,
    0.8315470171890799,
    0.819464105156724,
    0.8182002022244692
  ],
  "auc_S_inv": [
    0.42093023255813955,
    0.5101617795753286,
    0.44201213346814966,
    0.5009605662285137,
    0.5031850353892822,
    0.5039939332659251,
    0.4768958543983822,
    0.42249747219413547,
    0.403943377148635,
    0.47760364004044487,
    0.39691607684529834,
    0.3879170879676441,
    0.44994944388270985,
    0.48205257836198184,
    0.604196157735086,
    0.674772497472194,
    0.7345298281092012,
    0.834984833164813,
    0.8775530839231546,
    0.9414054600606674,
    0.9487866531850354,
    0.9760869565217392,
    0.9885743174924165,
    0.9669868554095046,
    0.9682507583417594,
    0.9479271991911021,
    0.9389787664307381,
    0.9251263902932255,
    0.8998988877654196,
    0.8711830131445906,
    0.8631445904954499,
    0.8384226491405462,
    0.8315470171890799,
    0.819464105156724,
    0.8182002022244692
  ],
  "acc_R_macro": null,
  "auc_T": null,
  "latencies_ms": {
    "C": null,
    "S_raw": -109.99999940395355,
    "S_inv": -109.99999940395355,
    "T": null
  },
  "meta": {
    "align": "sacc",
    "orientation": "horizontal",
    "pt_min_ms": 200.0,
    "n_trials": 287,
    "n_bins": 35,
    "n_units": 92,
    "thr": 0.6,
    "k_bins": 5,
    "norm": "global",
    "baseline_win": null,
    "used_axes_mu_sd": false
  }
}