{
  "time": [
    -0.39000000059604645,
    -0.3700000047683716,
    -0.3499999940395355,
    -0.32999999821186066,
    -0.3100000023841858,
    -0.28999999910593033,
    -0.27000000327825546,
    -0.25,
    -0.23000000044703484,
    -0.21000000089406967,
    -0.1900000013411045,
    -0.16999999806284904,
    -0.14999999850988388,
    -0.12999999895691872,
    -0.10999999940395355,
    -0.08999999985098839,
    -0.07000000029802322,
    -0.049999999813735485,
    -0.03000000026077032,
    -0.010000000009313226,
    0.010000000009313226,
    0.03000000026077032,
    0.049999999813735485,
    0.07000000029802322,
    0.08999999985098839,
    0.10999999940395355,
    0.12999999895691872,
    0.14999999850988388,
    0.16999999806284904,
    0.1900000013411045,
    0.21000000089406967,
    0.23000000044703484,
    0.25,
    0.27000000327825546,
    0.28999999910593033
  ],
  "auc_C": null,
  "auc_S_raw": [
    0.4716885743174924,
    0.46890798786653176,
    0.5332153690596562,
    0.48341759352881697,
    0.5062689585439839,
    0.5007077856420626,
    0.49762386248736096,
    0.5281092012133468,
    0.5342264914054601,
    0.5710819009100102,
    0.7265925176946411,
    0.7367037411526794,
    0.7344792719919111,
    0.5577856420626895,
    0.6163801820020222,
    0.5739635995955512,
    0.5541456016177957,
    0.5698685540950456,
    0.5129929221435794,
    0.5074317492416582,
    0.5039939332659251,
    0.5117795753286147,
    0.5479271991911021,
    0.5973205257836198,
    0.642618806875632,
    0.6450455005055612,
    0.5956521739130435,
    0.5566734074823054,
    0.4187563195146613,
    0.4766936299292215,
    0.5283619817997978,
    0.5689585439838221,
    0.5874620829120323,
    0.5330637007077856,
    0.5149646107178969
  ],
  "auc_S_inv": [
    0.4716885743174924,
    0.46890798786653176,
    0.5332153690596562,
    0.48341759352881697,
    0.5062689585439839,
    0.5007077856420626,
    0.49762386248736096,
    0.5281092012133468,
    0.5342264914054601,
    0.5710819009100102,
    0.7265925176946411,
    0.7367037411526794,
    0.7344792719919111,
    0.5577856420626895,
    0.6163801820020222,
    0.5739635995955512,
    0.5541456016177957,
    0.5698685540950456,
    0.5129929221435794,
    0.5074317492416582,
    0.5039939332659251,
    0.5117795753286147,
    0.5479271991911021,
    0.5973205257836198,
    0.642618806875632,
    0.6450455005055612,
    0.5956521739130435,
    0.5566734074823054,
    0.4187563195146613,
    0.4766936299292215,
    0.5283619817997978,
    0.5689585439838221,
    0.5874620829120323,
    0.5330637007077856,
    0.5149646107178969
  ],
  "acc_R_macro": null,
  "auc_T": null,
  "latencies_ms": {
    "C": null,
    "S_raw": null,
    "S_inv": null,
    "T": null
  },
  "meta": {
    "align": "sacc",
    "orientation": "horizontal",
    "pt_min_ms": 200.0,
    "n_trials": 287,
    "n_bins": 35,
    "n_units": 60,
    "thr": 0.6,
    "k_bins": 5,
    "norm": "global",
    "baseline_win": null,
    "used_axes_mu_sd": false
  }
}