{
  "time": [
    -0.39000000059604645,
    -0.3799999952316284,
    -0.3700000047683716,
    -0.35999999940395355,
    -0.3499999940395355,
    -0.3400000035762787,
    -0.32999999821186066,
    -0.3199999928474426,
    -0.3100000023841858,
    -0.30000000447034836,
    -0.28999999910593033,
    -0.2800000011920929,
    -0.27000000327825546,
    -0.25999999791383743,
    -0.25,
    -0.24000000208616257,
    -0.23000000044703484,
    -0.2200000025331974,
    -0.21000000089406967,
    -0.19999999925494194,
    -0.1900000013411045,
    -0.17999999970197678,
    -0.16999999806284904,
    -0.1600000001490116,
    -0.14999999850988388,
    -0.13999999687075615,
    -0.12999999895691872,
    -0.11999999918043613,
    -0.10999999940395355,
    -0.09999999962747097,
    -0.08999999985098839,
    -0.0800000000745058,
    -0.07000000029802322,
    -0.06000000052154064,
    -0.049999999813735485,
    -0.0400000000372529,
    -0.03000000026077032,
    -0.020000000251457095,
    -0.010000000009313226,
    0.0,
    0.010000000009313226,
    0.020000000251457095,
    0.03000000026077032,
    0.0400000000372529,
    0.049999999813735485,
    0.06000000052154064,
    0.07000000029802322,
    0.0800000000745058,
    0.08999999985098839,
    0.09999999962747097,
    0.10999999940395355,
    0.11999999918043613,
    0.12999999895691872,
    0.13999999687075615,
    0.14999999850988388,
    0.1600000001490116,
    0.16999999806284904,
    0.17999999970197678,
    0.1900000013411045,
    0.19999999925494194,
    0.21000000089406967,
    0.2200000025331974,
    0.23000000044703484,
    0.24000000208616257,
    0.25,
    0.25999999791383743,
    0.27000000327825546,
    0.2800000011920929,
    0.28999999910593033
  ],
  "auc_C": [
    0.5213128729752771,
    0.5714218054371507,
    0.5731505162451455,
    0.5556502794354456,
    0.5431467272899497,
    0.5139244103438476,
    0.5190394998579141,
    0.5743582457137444,
    0.5911243724542957,
    0.5423415743108838,
    0.5481670929241262,
    0.6308847210381737,
    0.7197357203751066,
    0.7557544757033249,
    0.7215117931230464,
    0.7036326607937862,
    0.6074168797953964,
    0.5367528653973667,
    0.5152505446623094,
    0.5078384010609075,
    0.5614521170787156,
    0.5842095292223171,
    0.5568816898740172,
    0.5224495595339586,
    0.5516245145401156,
    0.5559818130150611,
    0.5624703987875344,
    0.5012550914085441,
    0.4880884721038174,
    0.5016813488680496,
    0.46727289949796347,
    0.5306194941744814,
    0.5300511508951407,
    0.5089277256796438,
    0.49441129108648285,
    0.48084209529222316,
    0.5036468693757696,
    0.49254049445865306,
    0.5220706640143981,
    0.5323008430425311,
    0.4816235673013166,
    0.5028653973666761,
    0.4718670076726343,
    0.4501989201477692,
    0.49720564554324137,
    0.4761059012977172,
    0.47563228189826656,
    0.496424173534148,
    0.4925168134886805,
    0.4685753528464526,
    0.5421521265511036,
    0.5486407123235768,
    0.5457989959268732,
    0.5642464715354741,
    0.552808563038742,
    0.5705692905181396,
    0.5619020555081936,
    0.5332480818414322,
    0.4982476082220328,
    0.5661883110732215,
    0.593681917211329,
    0.5189921379179692,
    0.4967083451738183,
    0.503883679075495,
    0.5102538599981055,
    0.5418205929714881,
    0.552358624609264,
    0.5259306621199205,
    0.4648574405607654
  ],
  "auc_S_raw": [
    0.5044239183276616,
    0.5047642197374818,
    0.4942391832766164,
    0.4974234321827905,
    0.5065629557608168,
    0.5528925619834711,
    0.5340787554691298,
    0.5314049586776859,
    0.5156538648517258,
    0.4977151191054935,
    0.5045697617890131,
    0.4815994166261546,
    0.5002430724355859,
    0.5268351968886729,
    0.5180845892075839,
    0.5234321827904715,
    0.5229946524064172,
    0.5291686922702965,
    0.5299951385512883,
    0.5293631502187651,
    0.5404472532814779,
    0.5291200777831795,
    0.5317938745746232,
    0.5498784637822071,
    0.5438502673796791,
    0.5047156052503645,
    0.49781234807972774,
    0.5116674769081186,
    0.5365824015556635,
    0.5467914438502673,
    0.5474477394263491,
    0.5696159455517744,
    0.5562955760816723,
    0.5638308215848323,
    0.587311618862421,
    0.5867039377734565,
    0.601798736023335,
    0.6181818181818182,
    0.5970831307729704,
    0.645940690325717,
    0.6610597958191541,
    0.6591152163344677,
    0.6835439961108409,
    0.6988332523091881,
    0.6446767136606709,
    0.577515799708313,
    0.5668935342732134,
    0.5590422946037918,
    0.548954788526981,
    0.5340301409820126,
    0.5272241127856101,
    0.5451142440447253,
    0.5519202722411278,
    0.5675741370928536,
    0.5490520175012154,
    0.47880408361691784,
    0.48556149732620324,
    0.5041322314049587,
    0.48191541079241607,
    0.4871414681575109,
    0.4724842002916869,
    0.45454545454545453,
    0.47464754496840056,
    0.46981040350024306,
    0.5244530870199319,
    0.5598930481283423,
    0.5553962080700048,
    0.5641711229946524,
    0.5799222168206125
  ],
  "auc_S_inv": [
    0.5055420515313563,
    0.5070004861448711,
    0.4949197860962567,
    0.4982012639766651,
    0.5040350024307244,
    0.549197860962567,
    0.5296548371414682,
    0.5252309188138065,
    0.5162858531842489,
    0.4960136120563928,
    0.5027710257656782,
    0.480238210986874,
    0.49649975692756443,
    0.5270782693242586,
    0.5203694701020904,
    0.5272241127856101,
    0.5255712202236266,
    0.5315508021390375,
    0.5306271268838114,
    0.5270782693242587,
    0.5384540593096743,
    0.5287311618862421,
    0.5320369470102091,
    0.5514827418570734,
    0.5436558094312105,
    0.5036947010209042,
    0.4977637335926106,
    0.5081672338356831,
    0.5355614973262032,
    0.5497083130772971,
    0.5448225571220224,
    0.5643655809431211,
    0.5553232863393291,
    0.5626640738940204,
    0.5871657754010695,
    0.588648517258143,
    0.6038891589693729,
    0.6158483228001945,
    0.5943607194944094,
    0.6465240641711231,
    0.6614973262032086,
    0.6578026251823044,
    0.6816480311132718,
    0.6991249392318911,
    0.6464754496840057,
    0.5765435099659699,
    0.5692756441419543,
    0.5597228974234322,
    0.5451142440447253,
    0.5275644141954303,
    0.5229946524064171,
    0.544385026737968,
    0.5558580456976179,
    0.5663101604278075,
    0.5501215362177929,
    0.47977637335926104,
    0.4833252309188138,
    0.5033543996110841,
    0.48541565386485175,
    0.4890374331550802,
    0.4765678172095285,
    0.45658726300437524,
    0.4763004375303841,
    0.47481769567331067,
    0.524793388429752,
    0.559212445308702,
    0.5538891589693729,
    0.5652406417112299,
    0.5797763733592611
  ],
  "acc_R_macro": null,
  "auc_T": null,
  "latencies_ms": {
    "C": -280.0000011920929,
    "S_raw": 0.0,
    "S_inv": 0.0,
    "T": null
  },
  "meta": {
    "align": "sacc",
    "orientation": "horizontal",
    "pt_min_ms": 200.0,
    "n_trials": 291,
    "n_bins": 69,
    "n_units": 120,
    "thr": 0.6,
    "k_bins": 5,
    "norm": "global",
    "baseline_win": null,
    "used_axes_mu_sd": false
  }
}