{
  "sid": "20231103",
  "trainC": [
    -0.3,
    -0.1
  ],
  "trainS": [
    -0.1,
    -0.03
  ],
  "orientation": "horizontal",
  "areas": {
    "SFEF": {
      "sC_auc_mean": 0.6005128205128206,
      "sSraw_auc_mean": 0.828641975308642,
      "cos_sSraw_sC": 0.13837341989796428,
      "auc_C_from_sSraw": 0.5381342062193126,
      "auc_C_from_sSinv": 0.507037643207856
    },
    "SLIP": {
      "sC_auc_mean": 0.49470085470085473,
      "sSraw_auc_mean": 0.5061728395061728,
      "cos_sSraw_sC": 0.011474715675842689,
      "auc_C_from_sSraw": 0.5073649754500817,
      "auc_C_from_sSinv": 0.5040916530278232
    },
    "SSC": {
      "sC_auc_mean": 0.7345299145299146,
      "sSraw_auc_mean": 0.6012345679012345,
      "cos_sSraw_sC": 0.23085937217143918,
      "auc_C_from_sSraw": 0.5525368248772504,
      "auc_C_from_sSinv": 0.4693944353518822
    }
  }
}