{
  "sid": "20231123",
  "area": "SFEF",
  "monkey": "S",
  "analysis": "axis_covariance",
  "axes_tag": "axes_peakbin_saccCS-sacc-pooled-20mssw",
  "a_obs": 0.019515665632463448,
  "theta_obs_deg": 88.88176373507487,
  "null_mean": 0.33686212754418116,
  "null_std": 0.21158739674906984,
  "null_angle_mean_deg": 69.69316772678427,
  "p_orth": 0.03496503496503497,
  "p_align": 0.9660339660339661,
  "n_perms_valid": 1000,
  "delta": -0.3173464619117177,
  "delta_theta_deg": 19.188596008290602,
  "z_score": -1.4998363172267386,
  "manifold_dim": 47,
  "D_eff": 5.002699058562828,
  "expected_cos": 0.44709293877826006,
  "expected_angle_deg": 63.442677666462686,
  "win_C": [
    -0.2,
    0.05
  ],
  "win_S": [
    -0.2,
    0.05
  ],
  "n_trials": 736,
  "n_valid_C": 736,
  "n_valid_S": 736,
  "use_rich_cond": false
}