{
  "sid": "20231205",
  "area": "SFEF",
  "monkey": "S",
  "analysis": "axis_covariance",
  "axes_tag": "axes_peakbin_saccCS-sacc-pooled-20mssw",
  "a_obs": 0.35019368304630627,
  "theta_obs_deg": 69.50083791070595,
  "null_mean": 0.3640284849338741,
  "null_std": 0.21957295369980115,
  "null_angle_mean_deg": 67.91564804364147,
  "p_orth": 0.4965034965034965,
  "p_align": 0.5044955044955045,
  "n_perms_valid": 1000,
  "delta": -0.013834801887567805,
  "delta_theta_deg": 1.5851898670644857,
  "z_score": -0.06300776873677559,
  "manifold_dim": 50,
  "D_eff": 6.810099372180993,
  "expected_cos": 0.38319803679839937,
  "expected_angle_deg": 67.46808234759064,
  "win_C": [
    -0.2,
    0.05
  ],
  "win_S": [
    -0.2,
    0.05
  ],
  "n_trials": 115,
  "n_valid_C": 115,
  "n_valid_S": 115,
  "use_rich_cond": false
}