{
  "sid": "20200929",
  "area": "MFEF",
  "monkey": "M",
  "analysis": "axis_covariance",
  "axes_tag": "axes_peakbin_saccCS-sacc-pooled-20mssw",
  "a_obs": 0.012923748622900811,
  "theta_obs_deg": 89.25950313407516,
  "null_mean": 0.1812445076864516,
  "null_std": 0.1276233782490274,
  "null_angle_mean_deg": 79.44548390877068,
  "p_orth": 0.04395604395604396,
  "p_align": 0.957042957042957,
  "n_perms_valid": 1000,
  "delta": -0.1683207590635508,
  "delta_theta_deg": 9.814019225304477,
  "z_score": -1.31888656586971,
  "manifold_dim": 26,
  "D_eff": 1.8931881803287356,
  "expected_cos": 0.726780234620632,
  "expected_angle_deg": 43.38285546855471,
  "win_C": [
    -0.3,
    -0.1
  ],
  "win_S": [
    -0.1,
    -0.03
  ],
  "n_trials": 548,
  "n_valid_C": 548,
  "n_valid_S": 548,
  "use_rich_cond": false
}