{
  "sid": "20200401",
  "area": "MFEF",
  "monkey": "M",
  "analysis": "axis_covariance",
  "axes_tag": "axes_peakbin_saccCS-sacc-pooled-20mssw",
  "a_obs": 0.19078553533888762,
  "theta_obs_deg": 79.00136931621864,
  "null_mean": 0.2749175358127151,
  "null_std": 0.17570262628556582,
  "null_angle_mean_deg": 73.7252489246338,
  "p_orth": 0.36863136863136864,
  "p_align": 0.6323676323676324,
  "n_perms_valid": 1000,
  "delta": -0.08413200047382749,
  "delta_theta_deg": 5.27612039158484,
  "z_score": -0.47883177532639437,
  "manifold_dim": 40,
  "D_eff": 6.903411648629626,
  "expected_cos": 0.3805994133060595,
  "expected_angle_deg": 67.62918336430002,
  "win_C": [
    -0.2,
    0.05
  ],
  "win_S": [
    -0.2,
    0.05
  ],
  "n_trials": 503,
  "n_valid_C": 503,
  "n_valid_S": 503,
  "use_rich_cond": false
}