{
  "sid": "20230622",
  "area": "SFEF",
  "monkey": "S",
  "analysis": "axis_covariance",
  "axes_tag": "axes_peakbin_saccCS-sacc-pooled-20mssw",
  "a_obs": 0.02383940897273114,
  "theta_obs_deg": 88.63397306945188,
  "null_mean": 0.2534971923022433,
  "null_std": 0.15097660016437117,
  "null_angle_mean_deg": 75.117208976906,
  "p_orth": 0.052947052947052944,
  "p_align": 0.948051948051948,
  "n_perms_valid": 1000,
  "delta": -0.22965778332951217,
  "delta_theta_deg": 13.516764092545884,
  "z_score": -1.5211481983266233,
  "manifold_dim": 38,
  "D_eff": 5.553641994239823,
  "expected_cos": 0.42433715457065607,
  "expected_angle_deg": 64.89128532976258,
  "win_C": [
    -0.3,
    -0.1
  ],
  "win_S": [
    -0.1,
    -0.03
  ],
  "n_trials": 866,
  "n_valid_C": 866,
  "n_valid_S": 866,
  "use_rich_cond": false
}