{
  "sid": "20201001",
  "area": "MFEF",
  "monkey": "M",
  "analysis": "axis_covariance",
  "axes_tag": "axes_peakbin_saccCS-sacc-pooled-20mssw",
  "a_obs": 0.12092215158774113,
  "theta_obs_deg": 83.05467445773132,
  "null_mean": 0.24896809388496421,
  "null_std": 0.1673082886633768,
  "null_angle_mean_deg": 75.31234112494212,
  "p_orth": 0.26573426573426573,
  "p_align": 0.7352647352647352,
  "n_perms_valid": 1000,
  "delta": -0.1280459422972231,
  "delta_theta_deg": 7.742333332789201,
  "z_score": -0.7653293409440743,
  "manifold_dim": 39,
  "D_eff": 4.430680101334197,
  "expected_cos": 0.4750778721529287,
  "expected_angle_deg": 61.635579603320444,
  "win_C": [
    -0.2,
    0.05
  ],
  "win_S": [
    -0.2,
    0.05
  ],
  "n_trials": 548,
  "n_valid_C": 548,
  "n_valid_S": 548,
  "use_rich_cond": false
}