{
  "sid": "20200327",
  "area": "MFEF",
  "monkey": "M",
  "analysis": "axis_covariance",
  "axes_tag": "axes_peakbin_saccCS-sacc-pooled-20mssw",
  "a_obs": 0.054522972765512566,
  "theta_obs_deg": 86.87451391721844,
  "null_mean": 0.21090227111433069,
  "null_std": 0.14154399073089788,
  "null_angle_mean_deg": 77.66870552973826,
  "p_orth": 0.14885114885114886,
  "p_align": 0.8521478521478522,
  "n_perms_valid": 1000,
  "delta": -0.1563792983488181,
  "delta_theta_deg": 9.205808387480175,
  "z_score": -1.1048105789678135,
  "manifold_dim": 32,
  "D_eff": 16.560404339765483,
  "expected_cos": 0.2457335936139254,
  "expected_angle_deg": 75.77480903521781,
  "win_C": [
    -0.3,
    -0.1
  ],
  "win_S": [
    -0.1,
    -0.03
  ],
  "n_trials": 545,
  "n_valid_C": 545,
  "n_valid_S": 545,
  "use_rich_cond": false
}