{
  "sid": "20201211",
  "area": "MFEF",
  "monkey": "M",
  "analysis": "axis_covariance",
  "axes_tag": "axes_peakbin_saccCS-sacc-pooled-20mssw",
  "a_obs": 0.12484624453884678,
  "theta_obs_deg": 82.82812331260757,
  "null_mean": 0.22492060709182954,
  "null_std": 0.15144271949354374,
  "null_angle_mean_deg": 76.80657920436047,
  "p_orth": 0.3066933066933067,
  "p_align": 0.6943056943056943,
  "n_perms_valid": 1000,
  "delta": -0.10007436255298276,
  "delta_theta_deg": 6.021544108247099,
  "z_score": -0.6608066923761832,
  "manifold_dim": 29,
  "D_eff": 4.482716883473324,
  "expected_cos": 0.47231239670206276,
  "expected_angle_deg": 61.81549579758431,
  "win_C": [
    -0.2,
    0.05
  ],
  "win_S": [
    -0.2,
    0.05
  ],
  "n_trials": 551,
  "n_valid_C": 551,
  "n_valid_S": 551,
  "use_rich_cond": false
}