{
  "time": [
    -0.39000000059604645,
    -0.3799999952316284,
    -0.3700000047683716,
    -0.35999999940395355,
    -0.3499999940395355,
    -0.3400000035762787,
    -0.32999999821186066,
    -0.3199999928474426,
    -0.3100000023841858,
    -0.30000000447034836,
    -0.28999999910593033,
    -0.2800000011920929,
    -0.27000000327825546,
    -0.25999999791383743,
    -0.25,
    -0.24000000208616257,
    -0.23000000044703484,
    -0.2200000025331974,
    -0.21000000089406967,
    -0.19999999925494194,
    -0.1900000013411045,
    -0.17999999970197678,
    -0.16999999806284904,
    -0.1600000001490116,
    -0.14999999850988388,
    -0.13999999687075615,
    -0.12999999895691872,
    -0.11999999918043613,
    -0.10999999940395355,
    -0.09999999962747097,
    -0.08999999985098839,
    -0.0800000000745058,
    -0.07000000029802322,
    -0.06000000052154064,
    -0.049999999813735485,
    -0.0400000000372529,
    -0.03000000026077032,
    -0.020000000251457095,
    -0.010000000009313226,
    0.0,
    0.010000000009313226,
    0.020000000251457095,
    0.03000000026077032,
    0.0400000000372529,
    0.049999999813735485,
    0.06000000052154064,
    0.07000000029802322,
    0.0800000000745058,
    0.08999999985098839,
    0.09999999962747097,
    0.10999999940395355,
    0.11999999918043613,
    0.12999999895691872,
    0.13999999687075615,
    0.14999999850988388,
    0.1600000001490116,
    0.16999999806284904,
    0.17999999970197678,
    0.1900000013411045,
    0.19999999925494194,
    0.21000000089406967,
    0.2200000025331974,
    0.23000000044703484,
    0.24000000208616257,
    0.25,
    0.25999999791383743,
    0.27000000327825546,
    0.2800000011920929,
    0.28999999910593033
  ],
  "auc_C": [
    0.48065359477124187,
    0.4938235294117646,
    0.48120915032679734,
    0.47643790849673207,
    0.47852941176470587,
    0.4928104575163398,
    0.5258169934640523,
    0.4869281045751634,
    0.5025490196078432,
    0.496078431372549,
    0.5121568627450981,
    0.5092483660130719,
    0.5351960784313725,
    0.5814052287581699,
    0.535718954248366,
    0.4520588235294118,
    0.48630718954248364,
    0.5551307189542484,
    0.5590849673202614,
    0.557843137254902,
    0.5548039215686275,
    0.5558496732026144,
    0.5622875816993465,
    0.5796078431372549,
    0.5995751633986928,
    0.582875816993464,
    0.6044117647058823,
    0.6537254901960784,
    0.7147875816993464,
    0.7638888888888888,
    0.72359477124183,
    0.725392156862745,
    0.7461437908496731,
    0.7394771241830066,
    0.6912745098039216,
    0.7126470588235294,
    0.7437908496732026,
    0.7470915032679739,
    0.7594117647058825,
    0.7387908496732027,
    0.7477777777777778,
    0.7375490196078432,
    0.7150980392156862,
    0.7150980392156862,
    0.7421568627450981,
    0.7232026143790851,
    0.7117320261437907,
    0.7104575163398692,
    0.6818300653594771,
    0.6814052287581699,
    0.6901633986928105,
    0.6683986928104575,
    0.6306209150326798,
    0.5923529411764705,
    0.5943137254901961,
    0.6029738562091503,
    0.5762745098039215,
    0.6075490196078431,
    0.5435947712418301,
    0.549640522875817,
    0.5977450980392157,
    0.5607516339869281,
    0.5221895424836601,
    0.5259803921568628,
    0.5560784313725491,
    0.5174836601307189,
    0.48578431372549014,
    0.5222549019607843,
    0.5318954248366012
  ],
  "auc_S_raw": [
    0.4782651455546813,
    0.5202924206661421,
    0.4814122738001574,
    0.4747246262785208,
    0.5054746918436926,
    0.49940991345397323,
    0.47810123262522947,
    0.49288617886178865,
    0.4825268817204301,
    0.46498819826907944,
    0.5287831104117493,
    0.5640571728297928,
    0.5032126934172567,
    0.5101298190401258,
    0.5408143194335169,
    0.5419289273537897,
    0.5268817204301075,
    0.5289142407553108,
    0.5271439811172305,
    0.5404864935746132,
    0.5480264883293995,
    0.5246852871754524,
    0.5194728560188828,
    0.5374049305009179,
    0.5292748492001049,
    0.5770718594282717,
    0.5955284552845528,
    0.5329464988198269,
    0.5588775242591135,
    0.5969053238919486,
    0.6415552058746394,
    0.6047731445056386,
    0.6289994754786257,
    0.6732887490165224,
    0.6600445843168109,
    0.6853855232100708,
    0.7231510621557828,
    0.7601298190401258,
    0.7946170993968005,
    0.8020915289798061,
    0.7985510097036455,
    0.8116968266456859,
    0.8049436139522685,
    0.8261539470233411,
    0.7954694466299502,
    0.7651127720954629,
    0.7400996590611066,
    0.7472790453710989,
    0.7262654078153684,
    0.7096446367689484,
    0.6948269079464988,
    0.7306254917387883,
    0.7086939417781274,
    0.7435418305795961,
    0.7321990558615263,
    0.6521439811172305,
    0.668109100445843,
    0.674993443482822,
    0.6294912142669813,
    0.6121820089168633,
    0.6602412798321533,
    0.6801403094676108,
    0.6605035405192762,
    0.5914634146341464,
    0.6046092315761867,
    0.6421452924206661,
    0.5594020456333595,
    0.5924141096249672,
    0.6478494623655915
  ],
  "auc_S_inv": [
    0.4792486231313926,
    0.5189155520587464,
    0.48734592184631526,
    0.4753802779963283,
    0.5043928665093103,
    0.5029832153160242,
    0.47869131917125624,
    0.4927878311041175,
    0.48593627065302913,
    0.4689221085759244,
    0.532258064516129,
    0.567925517964857,
    0.4970823498557566,
    0.5057041699449253,
    0.5402242328874902,
    0.5464529242066614,
    0.5295043273013376,
    0.5245213742460005,
    0.5217020718594283,
    0.5364214529242066,
    0.5480264883293994,
    0.5227183320220299,
    0.5194072908471019,
    0.5362903225806451,
    0.5274718069761343,
    0.5694662995017048,
    0.5869066351953842,
    0.5249803304484657,
    0.5506490952006294,
    0.5917256753212694,
    0.6364411224757409,
    0.5969708890637293,
    0.6212300026226069,
    0.6661421452924208,
    0.6497508523472332,
    0.6747639653815893,
    0.7172174141096249,
    0.7538683451350643,
    0.7914699711513244,
    0.7974364017833726,
    0.7964201416207711,
    0.808484133228429,
    0.8027799632835038,
    0.8217938630999213,
    0.7947482297403619,
    0.7589496459480725,
    0.7428533962758983,
    0.7505245213742461,
    0.7203973249409914,
    0.707874377130868,
    0.696072646210333,
    0.7292486231313926,
    0.7018423813270391,
    0.7381327039076843,
    0.7268227117755046,
    0.6495213742460005,
    0.6644046682402308,
    0.6743705743509048,
    0.6266719118804092,
    0.6141161814843955,
    0.657159716758458,
    0.6800747442958299,
    0.6593889325990034,
    0.5907749803304485,
    0.6010359297141359,
    0.6459480723839497,
    0.5541896144767899,
    0.5926108051403095,
    0.6509638080251771
  ],
  "acc_R_macro": null,
  "auc_T": null,
  "latencies_ms": {
    "C": -129.99999895691872,
    "S_raw": -89.99999985098839,
    "S_inv": -70.00000029802322,
    "T": null
  },
  "meta": {
    "align": "sacc",
    "orientation": "horizontal",
    "pt_min_ms": 200.0,
    "n_trials": 350,
    "n_bins": 69,
    "n_units": 61,
    "thr": 0.6,
    "k_bins": 5,
    "norm": "global",
    "baseline_win": null,
    "used_axes_mu_sd": false
  }
}