{
  "sid": "20231109",
  "area": "SFEF",
  "monkey": "S",
  "analysis": "axis_covariance",
  "axes_tag": "axes_peakbin_saccCS-sacc-vertical-20mssw_nofilter",
  "a_obs": 0.18605758523738017,
  "theta_obs_deg": 79.27720183857937,
  "null_mean": 0.34163073575989766,
  "null_std": 0.20990436471854088,
  "null_angle_mean_deg": 69.39320537725135,
  "p_orth": 0.2967032967032967,
  "p_align": 0.7042957042957043,
  "n_perms_valid": 1000,
  "delta": -0.1555731505225175,
  "delta_theta_deg": 9.883996461328024,
  "z_score": -0.7411620560207232,
  "manifold_dim": 44,
  "D_eff": 6.74466249164717,
  "expected_cos": 0.38505244813428535,
  "expected_angle_deg": 67.35300365476782,
  "win_C": [
    -0.2,
    0.05
  ],
  "win_S": [
    -0.2,
    0.05
  ],
  "n_trials": 454,
  "n_valid_C": 454,
  "n_valid_S": 454,
  "use_rich_cond": false
}