{
  "sid": "20200401",
  "area": "MFEF",
  "monkey": "M",
  "analysis": "axis_covariance",
  "axes_tag": "axes_peakbin_saccCS-sacc-vertical-20mssw_nofilter",
  "a_obs": 0.08956061029603972,
  "theta_obs_deg": 84.8616701647809,
  "null_mean": 0.3185853128762882,
  "null_std": 0.20427606049918734,
  "null_angle_mean_deg": 70.88090219628681,
  "p_orth": 0.16083916083916083,
  "p_align": 0.8401598401598401,
  "n_perms_valid": 1000,
  "delta": -0.22902470258024848,
  "delta_theta_deg": 13.980767968494092,
  "z_score": -1.1211529242368545,
  "manifold_dim": 40,
  "D_eff": 6.632112948462024,
  "expected_cos": 0.38830594801941126,
  "expected_angle_deg": 67.15086846598938,
  "win_C": [
    -0.2,
    0.05
  ],
  "win_S": [
    -0.2,
    0.05
  ],
  "n_trials": 261,
  "n_valid_C": 261,
  "n_valid_S": 261,
  "use_rich_cond": false
}