{
  "sid": "20201204",
  "area": "MFEF",
  "monkey": "M",
  "analysis": "axis_covariance",
  "axes_tag": "axes_peakbin_saccCS-sacc-vertical-20mssw_nofilter",
  "a_obs": 0.12127539781042561,
  "theta_obs_deg": 83.0342848820738,
  "null_mean": 0.2943414183851373,
  "null_std": 0.19439813923843993,
  "null_angle_mean_deg": 72.42275693802303,
  "p_orth": 0.23176823176823177,
  "p_align": 0.7692307692307693,
  "n_perms_valid": 1000,
  "delta": -0.17306602057471165,
  "delta_theta_deg": 10.611527944050778,
  "z_score": -0.8902658289462161,
  "manifold_dim": 28,
  "D_eff": 5.126184665422403,
  "expected_cos": 0.4416750597201119,
  "expected_angle_deg": 63.78919453626963,
  "win_C": [
    -0.2,
    0.05
  ],
  "win_S": [
    -0.2,
    0.05
  ],
  "n_trials": 238,
  "n_valid_C": 238,
  "n_valid_S": 238,
  "use_rich_cond": false
}