{
  "sid": "20200926",
  "area": "MFEF",
  "monkey": "M",
  "analysis": "axis_covariance",
  "axes_tag": "axes_peakbin_saccCS-sacc-vertical-20mssw_nofilter",
  "a_obs": 0.01963163515251152,
  "theta_obs_deg": 88.87511789779579,
  "null_mean": 0.20808846497612069,
  "null_std": 0.1451472928419677,
  "null_angle_mean_deg": 77.82053458539087,
  "p_orth": 0.055944055944055944,
  "p_align": 0.945054945054945,
  "n_perms_valid": 1000,
  "delta": -0.18845682982360917,
  "delta_theta_deg": 11.054583312404915,
  "z_score": -1.298383360334496,
  "manifold_dim": 37,
  "D_eff": 3.949646804974747,
  "expected_cos": 0.5031771020876683,
  "expected_angle_deg": 59.78958106728861,
  "win_C": [
    -0.2,
    0.05
  ],
  "win_S": [
    -0.2,
    0.05
  ],
  "n_trials": 286,
  "n_valid_C": 286,
  "n_valid_S": 286,
  "use_rich_cond": false
}