{
  "sid": "20201004",
  "area": "MFEF",
  "monkey": "M",
  "analysis": "axis_covariance",
  "axes_tag": "axes_peakbin_saccCS-sacc-vertical-20mssw_nofilter",
  "a_obs": 0.015899893457539383,
  "theta_obs_deg": 89.08896482147263,
  "null_mean": 0.2910158866585183,
  "null_std": 0.18289391495149518,
  "null_angle_mean_deg": 72.70844067636985,
  "p_orth": 0.026973026973026972,
  "p_align": 0.974025974025974,
  "n_perms_valid": 1000,
  "delta": -0.2751159932009789,
  "delta_theta_deg": 16.380524145102783,
  "z_score": -1.5042380894626357,
  "manifold_dim": 42,
  "D_eff": 3.4521477839181154,
  "expected_cos": 0.5382143964972369,
  "expected_angle_deg": 57.43783238834691,
  "win_C": [
    -0.2,
    0.05
  ],
  "win_S": [
    -0.2,
    0.05
  ],
  "n_trials": 251,
  "n_valid_C": 251,
  "n_valid_S": 251,
  "use_rich_cond": false
}