{
  "time": [
    -0.39000000059604645,
    -0.3799999952316284,
    -0.3700000047683716,
    -0.35999999940395355,
    -0.3499999940395355,
    -0.3400000035762787,
    -0.32999999821186066,
    -0.3199999928474426,
    -0.3100000023841858,
    -0.30000000447034836,
    -0.28999999910593033,
    -0.2800000011920929,
    -0.27000000327825546,
    -0.25999999791383743,
    -0.25,
    -0.24000000208616257,
    -0.23000000044703484,
    -0.2200000025331974,
    -0.21000000089406967,
    -0.19999999925494194,
    -0.1900000013411045,
    -0.17999999970197678,
    -0.16999999806284904,
    -0.1600000001490116,
    -0.14999999850988388,
    -0.13999999687075615,
    -0.12999999895691872,
    -0.11999999918043613,
    -0.10999999940395355,
    -0.09999999962747097,
    -0.08999999985098839,
    -0.0800000000745058,
    -0.07000000029802322,
    -0.06000000052154064,
    -0.049999999813735485,
    -0.0400000000372529,
    -0.03000000026077032,
    -0.020000000251457095,
    -0.010000000009313226,
    0.0,
    0.010000000009313226,
    0.020000000251457095,
    0.03000000026077032,
    0.0400000000372529,
    0.049999999813735485,
    0.06000000052154064,
    0.07000000029802322,
    0.0800000000745058,
    0.08999999985098839,
    0.09999999962747097,
    0.10999999940395355,
    0.11999999918043613,
    0.12999999895691872,
    0.13999999687075615,
    0.14999999850988388,
    0.1600000001490116,
    0.16999999806284904,
    0.17999999970197678,
    0.1900000013411045,
    0.19999999925494194,
    0.21000000089406967,
    0.2200000025331974,
    0.23000000044703484,
    0.24000000208616257,
    0.25,
    0.25999999791383743,
    0.27000000327825546,
    0.2800000011920929,
    0.28999999910593033
  ],
  "auc_C": [
    0.45125451210130785,
    0.4726611042073495,
    0.5024483697260193,
    0.4890969879874548,
    0.49955618675661284,
    0.5405645304455884,
    0.5560388188650216,
    0.5445070714243446,
    0.4928546067814664,
    0.5000073968873898,
    0.5625628735428132,
    0.5312518492218474,
    0.5509275696786793,
    0.6624578377418782,
    0.6674433398425943,
    0.6468504053494288,
    0.6655275460086396,
    0.6758831883543405,
    0.6156725250014793,
    0.5319767441860466,
    0.5157849576898041,
    0.5112728563820345,
    0.516790934374815,
    0.49554707379134866,
    0.453880407124682,
    0.466033493106101,
    0.48914136931179364,
    0.5119237824723357,
    0.5033064086632345,
    0.4957245990887035,
    0.5041422569382803,
    0.5141502455766613,
    0.5348245458311143,
    0.5457423516184389,
    0.535763950529617,
    0.5248239540801231,
    0.4777427658441328,
    0.47806822888928335,
    0.5058805254748802,
    0.49429699982247466,
    0.48391176992721463,
    0.4925735250606545,
    0.5135806852476478,
    0.5153855257707556,
    0.5213326232321438,
    0.5217024676016332,
    0.5582578850819575,
    0.5705589088111722,
    0.5399875732291852,
    0.5221610746198,
    0.5248535416296822,
    0.5699893484821588,
    0.5545742351618439,
    0.5245946505710397,
    0.5186549499970412,
    0.5070344399076868,
    0.5392404876028167,
    0.5681697141842712,
    0.5700929049056157,
    0.5440632581809575,
    0.556061009527191,
    0.5463267057222321,
    0.5673560565713948,
    0.5662983016746552,
    0.5068569146103319,
    0.4828096337061365,
    0.49525859518314697,
    0.5099857979762116,
    0.5196683235694419
  ],
  "auc_S_raw": [
    0.43789592090462376,
    0.4608519329820615,
    0.49236279675566874,
    0.4694363862411935,
    0.46951039014859985,
    0.46946598780415616,
    0.514926588123853,
    0.5183307678645432,
    0.4827496891835889,
    0.46385649162275766,
    0.48702711503167373,
    0.5443579420993429,
    0.5300973891421467,
    0.5130690900479544,
    0.5195888342904506,
    0.4801299508614055,
    0.478154046533657,
    0.4931620389556569,
    0.5312444497069445,
    0.5340195962346812,
    0.5218903558107868,
    0.4853324255520692,
    0.4910455272038363,
    0.5038482031851281,
    0.46980640577822513,
    0.48331211887987685,
    0.5236368480255758,
    0.5104197501628086,
    0.5101237345331834,
    0.5324951157421112,
    0.5239476644366823,
    0.5314220590847196,
    0.535388668521698,
    0.5774450891007046,
    0.597537149961518,
    0.6284411816943934,
    0.6794964774140075,
    0.6848987626546682,
    0.6951705050026642,
    0.7248016695281511,
    0.733571132555799,
    0.7782768930199515,
    0.8144130010064531,
    0.8472263335504115,
    0.8587487419335741,
    0.8207625362619146,
    0.7618702267479723,
    0.7792611449884554,
    0.8365993724468652,
    0.8194600674915636,
    0.8124296962879641,
    0.8658753182168019,
    0.843141317861583,
    0.8041116570954947,
    0.7772260375347818,
    0.7336895388076491,
    0.694030844828607,
    0.679548280149192,
    0.7108075306376178,
    0.7053238410988099,
    0.7184299331004678,
    0.7331049079391392,
    0.7214788940856077,
    0.7053460422710319,
    0.6821236161269315,
    0.6927209756675152,
    0.6800515067195547,
    0.6558522289976911,
    0.6311941270499082
  ],
  "auc_S_inv": [
    0.44048605766384463,
    0.464611331478302,
    0.49366526552601975,
    0.4697176010893375,
    0.4716861050263454,
    0.4691699721745308,
    0.51137440056835,
    0.5171763069090048,
    0.4807515836836185,
    0.46286483926351313,
    0.4864498845539045,
    0.5428630631697353,
    0.531296252442129,
    0.5152596057071813,
    0.5188487952163874,
    0.47847226333550413,
    0.476969984015156,
    0.49376887099638866,
    0.5295275590551182,
    0.5307190219643597,
    0.5211207151737612,
    0.4871677224557457,
    0.49231839441122494,
    0.5049434610147416,
    0.4710052690782074,
    0.4877967556686993,
    0.5258421644662838,
    0.5126250666035166,
    0.5087176602924635,
    0.5337383813865372,
    0.5255609496181397,
    0.5342342075661595,
    0.5351666567994791,
    0.5782443313006926,
    0.5974927476170743,
    0.6261470605647979,
    0.6784900242732816,
    0.683818305606536,
    0.6947412823397076,
    0.7235584038837252,
    0.7298413356225207,
    0.7774480492570007,
    0.8150938369545914,
    0.8478479663726245,
    0.8564990231484222,
    0.8197708839026701,
    0.7626546681664792,
    0.7786839145106862,
    0.8353117044579955,
    0.8172251494878929,
    0.8103575868805872,
    0.8634331892723935,
    0.8400035521875555,
    0.803282813332544,
    0.7769152211236755,
    0.7304481676632526,
    0.68996062992126,
    0.6764697176010893,
    0.7055532532117696,
    0.7031629270025458,
    0.7148333432005209,
    0.7308551891539874,
    0.7177194955893671,
    0.703540346930318,
    0.6799627020306672,
    0.6905896631342134,
    0.6798886981232608,
    0.655112189923628,
    0.6284707832573561
  ],
  "acc_R_macro": null,
  "auc_T": null,
  "latencies_ms": {
    "C": -259.99999791383743,
    "S_raw": -40.0000000372529,
    "S_inv": -40.0000000372529,
    "T": null
  },
  "meta": {
    "align": "sacc",
    "orientation": "horizontal",
    "pt_min_ms": 200.0,
    "n_trials": 520,
    "n_bins": 69,
    "n_units": 54,
    "thr": 0.6,
    "k_bins": 5,
    "norm": "global",
    "baseline_win": null,
    "used_axes_mu_sd": false
  }
}