{
  "time": [
    -0.24000000208616257,
    -0.2199999988079071,
    -0.19999999552965164,
    -0.17999999970197678,
    -0.1600000038743019,
    -0.14000000059604645,
    -0.12000000104308128,
    -0.09999999776482582,
    -0.08000000193715096,
    -0.05999999865889549,
    -0.04000000096857548,
    -0.02000000001862645,
    0.0,
    0.02000000001862645,
    0.04000000096857548,
    0.05999999865889549,
    0.08000000193715096,
    0.09999999776482582,
    0.12000000104308128,
    0.14000000059604645,
    0.1600000038743019,
    0.17999999970197678,
    0.19999999552965164,
    0.2199999988079071,
    0.24000000208616257,
    0.25999999046325684,
    0.2800000011920929,
    0.29999999701976776,
    0.3199999928474426,
    0.3400000035762787,
    0.35999999940395355,
    0.3799999952316284,
    0.4000000059604645,
    0.42000000178813934,
    0.4399999976158142,
    0.46000000834465027,
    0.48000000417232513,
    0.5,
    0.5199999809265137,
    0.5400000214576721,
    0.5600000023841858,
    0.5799999833106995,
    0.6000000238418579,
    0.6200000047683716,
    0.6399999856948853,
    0.6599999964237213,
    0.6800000071525574,
    0.699999988079071,
    0.7199999988079071,
    0.7400000095367432,
    0.7599999904632568,
    0.7800000011920929
  ],
  "auc_C": [
    0.46290979583824104,
    0.5216185708676875,
    0.5486663231252454,
    0.46423488417746367,
    0.5351823223400078,
    0.47665145268943854,
    0.4896201413427562,
    0.4713633686690224,
    0.528483264625049,
    0.5286304966627405,
    0.4859148017275226,
    0.4992577051433059,
    0.4968713191990577,
    0.47182960345504515,
    0.4876202394974479,
    0.4868165979583824,
    0.4872276207302709,
    0.48139355123674915,
    0.47062107381232826,
    0.4745963388299961,
    0.5506539556340793,
    0.5169807616804083,
    0.5748858951707891,
    0.524624558303887,
    0.5612914703572831,
    0.5336241166077739,
    0.6392324303101689,
    0.6159697683549273,
    0.6659121024734982,
    0.633054819395367,
    0.5881183745583038,
    0.6959167648213584,
    0.6090375932469572,
    0.5942775814683942,
    0.5583713682764037,
    0.5815788182175109,
    0.5154654986258342,
    0.5512060757754221,
    0.5557150569297212,
    0.5747263937966235,
    0.48700063800549664,
    0.510385993325481,
    0.5549604927365528,
    0.4832952983902631,
    0.4989693757361602,
    0.49728234197094623,
    0.4858963977228111,
    0.4811297605025521,
    0.4901661268158618,
    0.4785347958382411,
    0.5355319984295249,
    0.5017974577934825
  ],
  "auc_S_raw": null,
  "auc_S_inv": null,
  "acc_R_macro": [
    0.36448517864153906,
    0.4236663231252454,
    0.38863736749116606,
    0.41885674322732624,
    0.39948346093443265,
    0.4326229387514723,
    0.4166298586572438,
    0.3835824008637613,
    0.41879539654495485,
    0.39942211425206126,
    0.4111761385944248,
    0.4393526698076168,
    0.39573517864153906,
    0.3644545053003534,
    0.4289666764821358,
    0.4011888987043581,
    0.397593983117393,
    0.43770857872006286,
    0.40490650765606595,
    0.403047703180212,
    0.4134643698468787,
    0.39393772084805656,
    0.4323775520219867,
    0.40828670985473103,
    0.4031397232037691,
    0.40286366313309774,
    0.4221449254024342,
    0.4098081075775422,
    0.4133416764821358,
    0.38541053199842956,
    0.36938677856301533,
    0.39561248527679627,
    0.45345627208480566,
    0.3696014919513153,
    0.38851467412642327,
    0.45004539654495485,
    0.4272305653710248,
    0.3715216431095406,
    0.3780980074597566,
    0.37654593639575973,
    0.42025544758539457,
    0.352148360816647,
    0.393784354142128,
    0.39046549862583435,
    0.39585787200628186,
    0.4010048586572438,
    0.39585787200628186,
    0.39744061641146444,
    0.40633588535532,
    0.397593983117393,
    0.42013275422065177,
    0.36938677856301533
  ],
  "auc_T": null,
  "latencies_ms": {
    "C": null,
    "S_raw": null,
    "S_inv": null,
    "T": null
  },
  "meta": {
    "align": "stim",
    "orientation": "vertical",
    "pt_min_ms": 200.0,
    "n_trials": 571,
    "n_bins": 52,
    "n_units": 23,
    "thr": 0.6,
    "k_bins": 5,
    "norm": "global",
    "baseline_win": null,
    "used_axes_mu_sd": false
  }
}