{
  "time": [
    -0.39000000059604645,
    -0.3799999952316284,
    -0.3700000047683716,
    -0.35999999940395355,
    -0.3499999940395355,
    -0.3400000035762787,
    -0.32999999821186066,
    -0.3199999928474426,
    -0.3100000023841858,
    -0.30000000447034836,
    -0.28999999910593033,
    -0.2800000011920929,
    -0.27000000327825546,
    -0.25999999791383743,
    -0.25,
    -0.24000000208616257,
    -0.23000000044703484,
    -0.2200000025331974,
    -0.21000000089406967,
    -0.19999999925494194,
    -0.1900000013411045,
    -0.17999999970197678,
    -0.16999999806284904,
    -0.1600000001490116,
    -0.14999999850988388,
    -0.13999999687075615,
    -0.12999999895691872,
    -0.11999999918043613,
    -0.10999999940395355,
    -0.09999999962747097,
    -0.08999999985098839,
    -0.0800000000745058,
    -0.07000000029802322,
    -0.06000000052154064,
    -0.049999999813735485,
    -0.0400000000372529,
    -0.03000000026077032,
    -0.020000000251457095,
    -0.010000000009313226,
    0.0,
    0.010000000009313226,
    0.020000000251457095,
    0.03000000026077032,
    0.0400000000372529,
    0.049999999813735485,
    0.06000000052154064,
    0.07000000029802322,
    0.0800000000745058,
    0.08999999985098839,
    0.09999999962747097,
    0.10999999940395355,
    0.11999999918043613,
    0.12999999895691872,
    0.13999999687075615,
    0.14999999850988388,
    0.1600000001490116,
    0.16999999806284904,
    0.17999999970197678,
    0.1900000013411045,
    0.19999999925494194,
    0.21000000089406967,
    0.2200000025331974,
    0.23000000044703484,
    0.24000000208616257,
    0.25,
    0.25999999791383743,
    0.27000000327825546,
    0.2800000011920929,
    0.28999999910593033
  ],
  "auc_C": [
    0.5289042277825712,
    0.5422778257118205,
    0.502588438308887,
    0.5526315789473684,
    0.5116479723899914,
    0.5228645383951682,
    0.6022433132010355,
    0.5690250215703193,
    0.5012942191544435,
    0.5021570319240725,
    0.6156169111302847,
    0.7411561691113029,
    0.7312338222605695,
    0.6902502157031923,
    0.6229508196721312,
    0.6734253666954272,
    0.7635893011216566,
    0.7433132010353753,
    0.6747195858498706,
    0.6078515962036238,
    0.5168248490077654,
    0.5578084555651424,
    0.6009490940465919,
    0.4866264020707507,
    0.45729076790336504,
    0.4598792062122519,
    0.4154443485763589,
    0.4680759275237274,
    0.4943917169974116,
    0.5383951682484901,
    0.5543572044866263,
    0.4689387402933563,
    0.47066436583261434,
    0.5025884383088869,
    0.5513373597929249,
    0.6682484900776532,
    0.5979292493528904,
    0.5150992234685073,
    0.5867126833477136,
    0.552200172562554,
    0.41199309749784296,
    0.39732528041415016,
    0.5500431406384815,
    0.6022433132010353,
    0.5560828300258844,
    0.47023295944779986,
    0.48835202761000857,
    0.5729076790336497,
    0.4870578084555652,
    0.4879206212251941,
    0.48188093183779124,
    0.46764452113891286,
    0.4956859361518551,
    0.4803710094909404,
    0.4892148403796376,
    0.5168248490077654,
    0.4547023295944779,
    0.4706643658326143,
    0.4943917169974116,
    0.5202761000862812,
    0.6091458153580672,
    0.6458153580672995,
    0.6013805004314065,
    0.5901639344262295,
    0.6218723037100948,
    0.6531492666091457,
    0.6125970664365833,
    0.6203623813632442,
    0.6716997411561692
  ],
  "auc_S_raw": [
    0.5209187858900739,
    0.5131255127153405,
    0.5069729286300246,
    0.4696472518457752,
    0.47990155865463496,
    0.585315832649713,
    0.6246923707957341,
    0.5196882690730106,
    0.455701394585726,
    0.5032813781788351,
    0.5024610336341263,
    0.46390484003281374,
    0.5356849876948317,
    0.5767022149302707,
    0.4413453650533224,
    0.35726004922067267,
    0.45324036095159964,
    0.5742411812961443,
    0.5898277276456112,
    0.5742411812961443,
    0.5795734208367513,
    0.5283018867924529,
    0.4766201804757999,
    0.5541427399507793,
    0.5406070549630845,
    0.46185397867104183,
    0.42001640689089415,
    0.4815422477440525,
    0.5192780968006563,
    0.5258408531583265,
    0.6230516817063166,
    0.7227235438884332,
    0.6423297785069729,
    0.5840853158326497,
    0.5988515176374078,
    0.546349466776046,
    0.5701394585726005,
    0.712059064807219,
    0.7186218211648892,
    0.7292863002461034,
    0.7030352748154225,
    0.6439704675963905,
    0.5972108285479901,
    0.5631665299425759,
    0.5069729286300246,
    0.47826086956521735,
    0.5607054963084497,
    0.6062346185397867,
    0.5566037735849056,
    0.47744052502050865,
    0.43150123051681705,
    0.4716981132075471,
    0.46841673502871206,
    0.5270713699753897,
    0.5842904019688269,
    0.6525840853158327,
    0.6210008203445447,
    0.5623461853978671,
    0.5110746513535684,
    0.4975389663658737,
    0.5401968826907301,
    0.4667760459392945,
    0.42616899097621,
    0.42124692370795735,
    0.4444216570959803,
    0.3884331419196062,
    0.41017227235438886,
    0.46964725184577527,
    0.40032813781788346
  ],
  "auc_S_inv": [
    0.5159967186218212,
    0.5082034454470878,
    0.507383100902379,
    0.4639048400328138,
    0.4897456931911403,
    0.5816242821985234,
    0.6230516817063168,
    0.5094339622641509,
    0.46513535684987695,
    0.5180475799835931,
    0.503281378178835,
    0.44831829368334697,
    0.5258408531583265,
    0.5684987694831829,
    0.4405250205086136,
    0.3609515996718622,
    0.43724364232977847,
    0.5615258408531583,
    0.5836751435602954,
    0.5721903199343725,
    0.583264971287941,
    0.5344544708777687,
    0.47579983593109104,
    0.5553732567678425,
    0.5479901558654635,
    0.46472518457752254,
    0.43929450369155043,
    0.48441345365053323,
    0.5287120590648072,
    0.5307629204265792,
    0.6132075471698113,
    0.7260049220672682,
    0.6505332239540607,
    0.586546349466776,
    0.6037735849056605,
    0.534864643150123,
    0.5693191140278917,
    0.7112387202625102,
    0.7136997538966366,
    0.7272354388843314,
    0.7104183757178015,
    0.6452009844134536,
    0.5890073831009024,
    0.5459392945036916,
    0.5,
    0.48851517637407715,
    0.5689089417555373,
    0.5976210008203445,
    0.5557834290401968,
    0.4827727645611157,
    0.44134536505332245,
    0.477850697292863,
    0.4716981132075472,
    0.5328137817883511,
    0.5912633305988515,
    0.6636587366694012,
    0.6324856439704676,
    0.5754716981132075,
    0.5004101722723543,
    0.48441345365053323,
    0.5172272354388844,
    0.44093519278096804,
    0.38433141919606234,
    0.4089417555373257,
    0.4497538966365873,
    0.381870385561936,
    0.4036095159967187,
    0.4528301886792453,
    0.3876127973748974
  ],
  "acc_R_macro": null,
  "auc_T": null,
  "latencies_ms": {
    "C": -289.9999991059303,
    "S_raw": -20.000000251457095,
    "S_inv": -20.000000251457095,
    "T": null
  },
  "meta": {
    "align": "sacc",
    "orientation": null,
    "pt_min_ms": 200.0,
    "n_trials": 99,
    "n_bins": 69,
    "n_units": 42,
    "thr": 0.6,
    "k_bins": 5,
    "norm": "global",
    "baseline_win": null,
    "used_axes_mu_sd": false,
    "correct_mode": "correctonly"
  }
}