{
  "sid": "20231025",
  "align": "stim",
  "features": [
    "C",
    "R"
  ],
  "winC": [
    0.1,
    0.3
  ],
  "winR": [
    0.05,
    0.2
  ],
  "winS": null,
  "winT": null,
  "pt_min_ms": 200.0,
  "orientation": "vertical",
  "areas": [
    "SFEF",
    "SLIP",
    "SSC"
  ],
  "tag": "axes_peakbin_stimCR-stim-vertical-20msbin",
  "norm": "global",
  "baseline_win": null,
  "clf_binary": "logreg",
  "C_grid": [
    0.1,
    0.3,
    1.0,
    3.0,
    10.0
  ],
  "lda_shrinkage": null,
  "searchC": true,
  "searchS": false,
  "searchT": false,
  "searchR": true,
  "search_step_ms": 20.0,
  "search_len_ms": [
    60.0,
    100.0,
    140.0,
    200.0,
    240.0
  ],
  "search_range_C": "0.00:0.50",
  "search_range_S": null,
  "search_range_T": null,
  "search_range_R": "0.00:0.50",
  "search_score_mode": "peak_bin_auc",
  "search_tiebreak": "shortest_then_earliest",
  "search_tol": 0.01,
  "per_area_results": {
    "SFEF": {
      "winC_selected": [
        0.19999999999999998,
        0.26
      ],
      "winC_cv_best": 0.7221476820579253,
      "winC_best_param": 0.1,
      "winC_peak_time_ms": 219.9999988079071,
      "winC_peak_auc": 0.7221476820579253,
      "winC_mean_bin_auc": 0.6774621387372383,
      "winC_cv_auc_original": 0.7714083137509117,
      "winR_selected": [
        0.27999999999999997,
        0.48
      ],
      "winR_cv_best": 0.5306367663344407,
      "sC_auc": 0.7221476820579253,
      "n_trials_C": 416
    },
    "SLIP": {
      "winC_selected": [
        0.3,
        0.36
      ],
      "winC_cv_best": 0.6473350606088646,
      "winC_best_param": 0.3,
      "winC_peak_time_ms": 359.99999940395355,
      "winC_peak_auc": 0.6473350606088646,
      "winC_mean_bin_auc": 0.6151259985811666,
      "winC_cv_auc_original": 0.7028624098533344,
      "winR_selected": [
        0.23999999999999996,
        0.38
      ],
      "winR_cv_best": 0.5208167895632445,
      "sC_auc": 0.6473350606088646,
      "n_trials_C": 416
    },
    "SSC": {
      "winC_selected": [
        0.16,
        0.26
      ],
      "winC_cv_best": 0.7559220875358565,
      "winC_best_param": 0.3,
      "winC_peak_time_ms": 240.00000208616257,
      "winC_peak_auc": 0.7559220875358565,
      "winC_mean_bin_auc": 0.6325626137380094,
      "winC_cv_auc_original": 0.7454950976420063,
      "winR_selected": [
        0.06,
        0.26
      ],
      "winR_cv_best": 0.5117276422764228,
      "sC_auc": 0.7559220875358565,
      "n_trials_C": 416
    }
  },
  "rebin_factor": 2
}