{
  "time": [
    -0.39000000059604645,
    -0.3799999952316284,
    -0.3700000047683716,
    -0.35999999940395355,
    -0.3499999940395355,
    -0.3400000035762787,
    -0.32999999821186066,
    -0.3199999928474426,
    -0.3100000023841858,
    -0.30000000447034836,
    -0.28999999910593033,
    -0.2800000011920929,
    -0.27000000327825546,
    -0.25999999791383743,
    -0.25,
    -0.24000000208616257,
    -0.23000000044703484,
    -0.2200000025331974,
    -0.21000000089406967,
    -0.19999999925494194,
    -0.1900000013411045,
    -0.17999999970197678,
    -0.16999999806284904,
    -0.1600000001490116,
    -0.14999999850988388,
    -0.13999999687075615,
    -0.12999999895691872,
    -0.11999999918043613,
    -0.10999999940395355,
    -0.09999999962747097,
    -0.08999999985098839,
    -0.0800000000745058,
    -0.07000000029802322,
    -0.06000000052154064,
    -0.049999999813735485,
    -0.0400000000372529,
    -0.03000000026077032,
    -0.020000000251457095,
    -0.010000000009313226,
    0.0,
    0.010000000009313226,
    0.020000000251457095,
    0.03000000026077032,
    0.0400000000372529,
    0.049999999813735485,
    0.06000000052154064,
    0.07000000029802322,
    0.0800000000745058,
    0.08999999985098839,
    0.09999999962747097,
    0.10999999940395355,
    0.11999999918043613,
    0.12999999895691872,
    0.13999999687075615,
    0.14999999850988388,
    0.1600000001490116,
    0.16999999806284904,
    0.17999999970197678,
    0.1900000013411045,
    0.19999999925494194,
    0.21000000089406967,
    0.2200000025331974,
    0.23000000044703484,
    0.24000000208616257,
    0.25,
    0.25999999791383743,
    0.27000000327825546,
    0.2800000011920929,
    0.28999999910593033
  ],
  "auc_C": null,
  "auc_S_raw": [
    0.4947448015122874,
    0.5158412098298677,
    0.45731568998109645,
    0.4358412098298677,
    0.5105482041587902,
    0.433648393194707,
    0.42472589792060494,
    0.47258979206049145,
    0.4831001890359168,
    0.4677504725897921,
    0.5422306238185255,
    0.5860113421550095,
    0.5448771266540643,
    0.5045746691871456,
    0.4995085066162571,
    0.516672967863894,
    0.5090359168241966,
    0.5089603024574669,
    0.5435916824196597,
    0.5156143667296786,
    0.5069943289224953,
    0.5105482041587901,
    0.49693761814744797,
    0.4680529300567108,
    0.5567485822306238,
    0.616937618147448,
    0.6234782608695653,
    0.6849905482041587,
    0.5717202268431002,
    0.5584120982986767,
    0.6671455576559546,
    0.686124763705104,
    0.5801890359168241,
    0.5075236294896031,
    0.477882797731569,
    0.5431379962192815,
    0.505406427221172,
    0.4480907372400756,
    0.5020415879017013,
    0.5150094517958412,
    0.5484310018903591,
    0.5376937618147448,
    0.5138752362948961,
    0.515538752362949,
    0.4809829867674858,
    0.47765595463137994,
    0.5286578449905481,
    0.6706994328922494,
    0.5748960302457466,
    0.5058601134215501,
    0.5438941398865784,
    0.541398865784499,
    0.5570132325141777,
    0.5071077504725898,
    0.4989413988657845,
    0.511077504725898,
    0.48325141776937613,
    0.5300945179584121,
    0.5097164461247636,
    0.4914933837429111,
    0.5162948960302457,
    0.4666162570888469,
    0.49761814744801514,
    0.525179584120983,
    0.464952741020794,
    0.4631379962192817,
    0.555992438563327,
    0.5520604914933839,
    0.5409073724007561
  ],
  "auc_S_inv": [
    0.4947448015122874,
    0.5158412098298677,
    0.45731568998109645,
    0.4358412098298677,
    0.5105482041587902,
    0.433648393194707,
    0.42472589792060494,
    0.47258979206049145,
    0.4831001890359168,
    0.4677504725897921,
    0.5422306238185255,
    0.5860113421550095,
    0.5448771266540643,
    0.5045746691871456,
    0.4995085066162571,
    0.516672967863894,
    0.5090359168241966,
    0.5089603024574669,
    0.5435916824196597,
    0.5156143667296786,
    0.5069943289224953,
    0.5105482041587901,
    0.49693761814744797,
    0.4680529300567108,
    0.5567485822306238,
    0.616937618147448,
    0.6234782608695653,
    0.6849905482041587,
    0.5717202268431002,
    0.5584120982986767,
    0.6671455576559546,
    0.686124763705104,
    0.5801890359168241,
    0.5075236294896031,
    0.477882797731569,
    0.5431379962192815,
    0.505406427221172,
    0.4480907372400756,
    0.5020415879017013,
    0.5150094517958412,
    0.5484310018903591,
    0.5376937618147448,
    0.5138752362948961,
    0.515538752362949,
    0.4809829867674858,
    0.47765595463137994,
    0.5286578449905481,
    0.6706994328922494,
    0.5748960302457466,
    0.5058601134215501,
    0.5438941398865784,
    0.541398865784499,
    0.5570132325141777,
    0.5071077504725898,
    0.4989413988657845,
    0.511077504725898,
    0.48325141776937613,
    0.5300945179584121,
    0.5097164461247636,
    0.4914933837429111,
    0.5162948960302457,
    0.4666162570888469,
    0.49761814744801514,
    0.525179584120983,
    0.464952741020794,
    0.4631379962192817,
    0.555992438563327,
    0.5520604914933839,
    0.5409073724007561
  ],
  "acc_R_macro": null,
  "auc_T": null,
  "latencies_ms": {
    "C": null,
    "S_raw": null,
    "S_inv": null,
    "T": null
  },
  "meta": {
    "align": "sacc",
    "orientation": "horizontal",
    "pt_min_ms": 200.0,
    "n_trials": 230,
    "n_bins": 69,
    "n_units": 48,
    "thr": 0.6,
    "k_bins": 5,
    "norm": "global",
    "baseline_win": null,
    "used_axes_mu_sd": false
  }
}