{
  "time": [
    -0.39000000059604645,
    -0.3799999952316284,
    -0.3700000047683716,
    -0.35999999940395355,
    -0.3499999940395355,
    -0.3400000035762787,
    -0.32999999821186066,
    -0.3199999928474426,
    -0.3100000023841858,
    -0.30000000447034836,
    -0.28999999910593033,
    -0.2800000011920929,
    -0.27000000327825546,
    -0.25999999791383743,
    -0.25,
    -0.24000000208616257,
    -0.23000000044703484,
    -0.2200000025331974,
    -0.21000000089406967,
    -0.19999999925494194,
    -0.1900000013411045,
    -0.17999999970197678,
    -0.16999999806284904,
    -0.1600000001490116,
    -0.14999999850988388,
    -0.13999999687075615,
    -0.12999999895691872,
    -0.11999999918043613,
    -0.10999999940395355,
    -0.09999999962747097,
    -0.08999999985098839,
    -0.0800000000745058,
    -0.07000000029802322,
    -0.06000000052154064,
    -0.049999999813735485,
    -0.0400000000372529,
    -0.03000000026077032,
    -0.020000000251457095,
    -0.010000000009313226,
    0.0,
    0.010000000009313226,
    0.020000000251457095,
    0.03000000026077032,
    0.0400000000372529,
    0.049999999813735485,
    0.06000000052154064,
    0.07000000029802322,
    0.0800000000745058,
    0.08999999985098839,
    0.09999999962747097,
    0.10999999940395355,
    0.11999999918043613,
    0.12999999895691872,
    0.13999999687075615,
    0.14999999850988388,
    0.1600000001490116,
    0.16999999806284904,
    0.17999999970197678,
    0.1900000013411045,
    0.19999999925494194,
    0.21000000089406967,
    0.2200000025331974,
    0.23000000044703484,
    0.24000000208616257,
    0.25,
    0.25999999791383743,
    0.27000000327825546,
    0.2800000011920929,
    0.28999999910593033
  ],
  "auc_C": null,
  "auc_S_raw": [
    0.5606049149338375,
    0.5293761814744802,
    0.5394328922495274,
    0.5299810964083177,
    0.49792060491493384,
    0.5399621928166353,
    0.533610586011342,
    0.5230245746691872,
    0.5263516068052929,
    0.49852551984877136,
    0.4418147448015123,
    0.44075614366729676,
    0.46964083175803406,
    0.4821928166351607,
    0.4414366729678639,
    0.43379962192816635,
    0.4409829867674859,
    0.4397731568998109,
    0.4134593572778828,
    0.43795841209829867,
    0.4515689981096408,
    0.39674858223062387,
    0.4418147448015123,
    0.5030623818525519,
    0.5150094517958412,
    0.456937618147448,
    0.4350850661625709,
    0.5007183364839319,
    0.5355765595463138,
    0.5013232514177695,
    0.4747069943289225,
    0.49035916824196596,
    0.5724763705103969,
    0.6208695652173913,
    0.6692627599243857,
    0.7729300567107751,
    0.7646124763705103,
    0.7728544423440454,
    0.8757655954631381,
    0.9260491493383743,
    0.9618903591682421,
    0.9713421550094519,
    0.968468809073724,
    0.9783742911153119,
    0.9873724007561436,
    0.9887334593572779,
    0.9899432892249528,
    0.991758034026465,
    0.9919092627599244,
    0.9909262759924387,
    0.9910018903591682,
    0.9949338374291116,
    0.9978071833648393,
    0.9915311909262761,
    0.9947826086956522,
    0.9784499054820415,
    0.9761058601134216,
    0.9894896030245746,
    0.9746691871455576,
    0.9842722117202269,
    0.9724763705103969,
    0.9457088846880908,
    0.9498676748582231,
    0.9605293005671078,
    0.9270321361058601,
    0.9349716446124763,
    0.9194706994328923,
    0.8996597353497164,
    0.9181096408317581
  ],
  "auc_S_inv": [
    0.5606049149338375,
    0.5293761814744802,
    0.5394328922495274,
    0.5299810964083177,
    0.49792060491493384,
    0.5399621928166353,
    0.533610586011342,
    0.5230245746691872,
    0.5263516068052929,
    0.49852551984877136,
    0.4418147448015123,
    0.44075614366729676,
    0.46964083175803406,
    0.4821928166351607,
    0.4414366729678639,
    0.43379962192816635,
    0.4409829867674859,
    0.4397731568998109,
    0.4134593572778828,
    0.43795841209829867,
    0.4515689981096408,
    0.39674858223062387,
    0.4418147448015123,
    0.5030623818525519,
    0.5150094517958412,
    0.456937618147448,
    0.4350850661625709,
    0.5007183364839319,
    0.5355765595463138,
    0.5013232514177695,
    0.4747069943289225,
    0.49035916824196596,
    0.5724763705103969,
    0.6208695652173913,
    0.6692627599243857,
    0.7729300567107751,
    0.7646124763705103,
    0.7728544423440454,
    0.8757655954631381,
    0.9260491493383743,
    0.9618903591682421,
    0.9713421550094519,
    0.968468809073724,
    0.9783742911153119,
    0.9873724007561436,
    0.9887334593572779,
    0.9899432892249528,
    0.991758034026465,
    0.9919092627599244,
    0.9909262759924387,
    0.9910018903591682,
    0.9949338374291116,
    0.9978071833648393,
    0.9915311909262761,
    0.9947826086956522,
    0.9784499054820415,
    0.9761058601134216,
    0.9894896030245746,
    0.9746691871455576,
    0.9842722117202269,
    0.9724763705103969,
    0.9457088846880908,
    0.9498676748582231,
    0.9605293005671078,
    0.9270321361058601,
    0.9349716446124763,
    0.9194706994328923,
    0.8996597353497164,
    0.9181096408317581
  ],
  "acc_R_macro": null,
  "auc_T": null,
  "latencies_ms": {
    "C": null,
    "S_raw": -60.00000052154064,
    "S_inv": -60.00000052154064,
    "T": null
  },
  "meta": {
    "align": "sacc",
    "orientation": "horizontal",
    "pt_min_ms": 200.0,
    "n_trials": 230,
    "n_bins": 69,
    "n_units": 98,
    "thr": 0.6,
    "k_bins": 5,
    "norm": "global",
    "baseline_win": null,
    "used_axes_mu_sd": false
  }
}