{
  "time": [
    -0.39000000059604645,
    -0.3799999952316284,
    -0.3700000047683716,
    -0.35999999940395355,
    -0.3499999940395355,
    -0.3400000035762787,
    -0.32999999821186066,
    -0.3199999928474426,
    -0.3100000023841858,
    -0.30000000447034836,
    -0.28999999910593033,
    -0.2800000011920929,
    -0.27000000327825546,
    -0.25999999791383743,
    -0.25,
    -0.24000000208616257,
    -0.23000000044703484,
    -0.2200000025331974,
    -0.21000000089406967,
    -0.19999999925494194,
    -0.1900000013411045,
    -0.17999999970197678,
    -0.16999999806284904,
    -0.1600000001490116,
    -0.14999999850988388,
    -0.13999999687075615,
    -0.12999999895691872,
    -0.11999999918043613,
    -0.10999999940395355,
    -0.09999999962747097,
    -0.08999999985098839,
    -0.0800000000745058,
    -0.07000000029802322,
    -0.06000000052154064,
    -0.049999999813735485,
    -0.0400000000372529,
    -0.03000000026077032,
    -0.020000000251457095,
    -0.010000000009313226,
    0.0,
    0.010000000009313226,
    0.020000000251457095,
    0.03000000026077032,
    0.0400000000372529,
    0.049999999813735485,
    0.06000000052154064,
    0.07000000029802322,
    0.0800000000745058,
    0.08999999985098839,
    0.09999999962747097,
    0.10999999940395355,
    0.11999999918043613,
    0.12999999895691872,
    0.13999999687075615,
    0.14999999850988388,
    0.1600000001490116,
    0.16999999806284904,
    0.17999999970197678,
    0.1900000013411045,
    0.19999999925494194,
    0.21000000089406967,
    0.2200000025331974,
    0.23000000044703484,
    0.24000000208616257,
    0.25,
    0.25999999791383743,
    0.27000000327825546,
    0.2800000011920929,
    0.28999999910593033
  ],
  "auc_C": null,
  "auc_S_raw": [
    0.45681126331811267,
    0.4673706240487062,
    0.4933409436834094,
    0.4956240487062405,
    0.4693683409436834,
    0.4606164383561644,
    0.513746194824962,
    0.5112728310502284,
    0.49024923896499245,
    0.47474315068493156,
    0.5203576864535768,
    0.5559360730593608,
    0.5518930745814308,
    0.5145072298325724,
    0.46922564687975643,
    0.4976217656012176,
    0.44092465753424653,
    0.4645643074581431,
    0.5484208523592086,
    0.4995719178082192,
    0.46998668188736686,
    0.538384703196347,
    0.556697108066971,
    0.5053272450532724,
    0.4805460426179604,
    0.5029965753424657,
    0.5570300608828007,
    0.5537005327245054,
    0.6138698630136986,
    0.68455098934551,
    0.6934455859969558,
    0.7774448249619482,
    0.8247241248097411,
    0.8484113394216133,
    0.8832762557077626,
    0.9087233637747337,
    0.9190924657534246,
    0.9418759512937596,
    0.9810692541856926,
    0.9742675038051749,
    0.9671803652968037,
    0.943302891933029,
    0.9464421613394216,
    0.9297945205479452,
    0.9091514459665144,
    0.9095319634703196,
    0.9248002283105022,
    0.8769977168949772,
    0.8324771689497718,
    0.821537290715373,
    0.806982496194825,
    0.7251236681887366,
    0.7221270928462709,
    0.7334950532724505,
    0.7372050989345509,
    0.7351122526636226,
    0.6515886605783865,
    0.5912290715372908,
    0.62205098934551,
    0.6442161339421614,
    0.6430270167427702,
    0.6652872907153731,
    0.6620528919330289,
    0.613679604261796,
    0.6436453576864536,
    0.6618150684931506,
    0.6123002283105022,
    0.5920852359208524,
    0.6029299847792999
  ],
  "auc_S_inv": [
    0.45681126331811267,
    0.4673706240487062,
    0.4933409436834094,
    0.4956240487062405,
    0.4693683409436834,
    0.4606164383561644,
    0.513746194824962,
    0.5112728310502284,
    0.49024923896499245,
    0.47474315068493156,
    0.5203576864535768,
    0.5559360730593608,
    0.5518930745814308,
    0.5145072298325724,
    0.46922564687975643,
    0.4976217656012176,
    0.44092465753424653,
    0.4645643074581431,
    0.5484208523592086,
    0.4995719178082192,
    0.46998668188736686,
    0.538384703196347,
    0.556697108066971,
    0.5053272450532724,
    0.4805460426179604,
    0.5029965753424657,
    0.5570300608828007,
    0.5537005327245054,
    0.6138698630136986,
    0.68455098934551,
    0.6934455859969558,
    0.7774448249619482,
    0.8247241248097411,
    0.8484113394216133,
    0.8832762557077626,
    0.9087233637747337,
    0.9190924657534246,
    0.9418759512937596,
    0.9810692541856926,
    0.9742675038051749,
    0.9671803652968037,
    0.943302891933029,
    0.9464421613394216,
    0.9297945205479452,
    0.9091514459665144,
    0.9095319634703196,
    0.9248002283105022,
    0.8769977168949772,
    0.8324771689497718,
    0.821537290715373,
    0.806982496194825,
    0.7251236681887366,
    0.7221270928462709,
    0.7334950532724505,
    0.7372050989345509,
    0.7351122526636226,
    0.6515886605783865,
    0.5912290715372908,
    0.62205098934551,
    0.6442161339421614,
    0.6430270167427702,
    0.6652872907153731,
    0.6620528919330289,
    0.613679604261796,
    0.6436453576864536,
    0.6618150684931506,
    0.6123002283105022,
    0.5920852359208524,
    0.6029299847792999
  ],
  "acc_R_macro": null,
  "auc_T": null,
  "latencies_ms": {
    "C": null,
    "S_raw": -109.99999940395355,
    "S_inv": -109.99999940395355,
    "T": null
  },
  "meta": {
    "align": "sacc",
    "orientation": "horizontal",
    "pt_min_ms": 200.0,
    "n_trials": 290,
    "n_bins": 69,
    "n_units": 82,
    "thr": 0.6,
    "k_bins": 5,
    "norm": "global",
    "baseline_win": null,
    "used_axes_mu_sd": false
  }
}