{
  "time": [
    -0.39000000059604645,
    -0.3799999952316284,
    -0.3700000047683716,
    -0.35999999940395355,
    -0.3499999940395355,
    -0.3400000035762787,
    -0.32999999821186066,
    -0.3199999928474426,
    -0.3100000023841858,
    -0.30000000447034836,
    -0.28999999910593033,
    -0.2800000011920929,
    -0.27000000327825546,
    -0.25999999791383743,
    -0.25,
    -0.24000000208616257,
    -0.23000000044703484,
    -0.2200000025331974,
    -0.21000000089406967,
    -0.19999999925494194,
    -0.1900000013411045,
    -0.17999999970197678,
    -0.16999999806284904,
    -0.1600000001490116,
    -0.14999999850988388,
    -0.13999999687075615,
    -0.12999999895691872,
    -0.11999999918043613,
    -0.10999999940395355,
    -0.09999999962747097,
    -0.08999999985098839,
    -0.0800000000745058,
    -0.07000000029802322,
    -0.06000000052154064,
    -0.049999999813735485,
    -0.0400000000372529,
    -0.03000000026077032,
    -0.020000000251457095,
    -0.010000000009313226,
    0.0,
    0.010000000009313226,
    0.020000000251457095,
    0.03000000026077032,
    0.0400000000372529,
    0.049999999813735485,
    0.06000000052154064,
    0.07000000029802322,
    0.0800000000745058,
    0.08999999985098839,
    0.09999999962747097,
    0.10999999940395355,
    0.11999999918043613,
    0.12999999895691872,
    0.13999999687075615,
    0.14999999850988388,
    0.1600000001490116,
    0.16999999806284904,
    0.17999999970197678,
    0.1900000013411045,
    0.19999999925494194,
    0.21000000089406967,
    0.2200000025331974,
    0.23000000044703484,
    0.24000000208616257,
    0.25,
    0.25999999791383743,
    0.27000000327825546,
    0.2800000011920929,
    0.28999999910593033
  ],
  "auc_C": null,
  "auc_S_raw": [
    0.4246099695585997,
    0.38765220700152214,
    0.46004566210045655,
    0.49443493150684936,
    0.4852549467275495,
    0.4900114155251142,
    0.4937214611872146,
    0.5108447488584476,
    0.5124619482496194,
    0.5540334855403348,
    0.577863394216134,
    0.5205479452054795,
    0.5432838660578387,
    0.5486586757990868,
    0.510511796042618,
    0.4973839421613395,
    0.5106069254185692,
    0.5051845509893456,
    0.5009512937595129,
    0.5169330289193302,
    0.5082762557077625,
    0.44054414003044134,
    0.5012842465753424,
    0.5167903348554033,
    0.47536149162861496,
    0.48758561643835613,
    0.5055650684931506,
    0.5560787671232877,
    0.5676845509893456,
    0.560359589041096,
    0.5970319634703196,
    0.5690163622526636,
    0.52720700152207,
    0.5745814307458144,
    0.6109684170471841,
    0.5761986301369862,
    0.6557743531202437,
    0.637794901065449,
    0.5644025875190259,
    0.5863299086757991,
    0.6180555555555556,
    0.6100646879756468,
    0.591324200913242,
    0.526255707762557,
    0.5094653729071538,
    0.4701769406392694,
    0.5296803652968036,
    0.5696822678843227,
    0.5515125570776256,
    0.5151731354642314,
    0.532058599695586,
    0.5470890410958904,
    0.4626141552511416,
    0.4623763318112633,
    0.5223078386605784,
    0.5284436834094368,
    0.49871575342465757,
    0.5115582191780822,
    0.470367199391172,
    0.47835806697108063,
    0.46684741248097406,
    0.5146023592085236,
    0.5094653729071538,
    0.45800038051750386,
    0.4640886605783866,
    0.4811643835616438,
    0.4800703957382039,
    0.4516267123287671,
    0.5014269406392694
  ],
  "auc_S_inv": [
    0.4246099695585997,
    0.38765220700152214,
    0.46004566210045655,
    0.49443493150684936,
    0.4852549467275495,
    0.4900114155251142,
    0.4937214611872146,
    0.5108447488584476,
    0.5124619482496194,
    0.5540334855403348,
    0.577863394216134,
    0.5205479452054795,
    0.5432838660578387,
    0.5486586757990868,
    0.510511796042618,
    0.4973839421613395,
    0.5106069254185692,
    0.5051845509893456,
    0.5009512937595129,
    0.5169330289193302,
    0.5082762557077625,
    0.44054414003044134,
    0.5012842465753424,
    0.5167903348554033,
    0.47536149162861496,
    0.48758561643835613,
    0.5055650684931506,
    0.5560787671232877,
    0.5676845509893456,
    0.560359589041096,
    0.5970319634703196,
    0.5690163622526636,
    0.52720700152207,
    0.5745814307458144,
    0.6109684170471841,
    0.5761986301369862,
    0.6557743531202437,
    0.637794901065449,
    0.5644025875190259,
    0.5863299086757991,
    0.6180555555555556,
    0.6100646879756468,
    0.591324200913242,
    0.526255707762557,
    0.5094653729071538,
    0.4701769406392694,
    0.5296803652968036,
    0.5696822678843227,
    0.5515125570776256,
    0.5151731354642314,
    0.532058599695586,
    0.5470890410958904,
    0.4626141552511416,
    0.4623763318112633,
    0.5223078386605784,
    0.5284436834094368,
    0.49871575342465757,
    0.5115582191780822,
    0.470367199391172,
    0.47835806697108063,
    0.46684741248097406,
    0.5146023592085236,
    0.5094653729071538,
    0.45800038051750386,
    0.4640886605783866,
    0.4811643835616438,
    0.4800703957382039,
    0.4516267123287671,
    0.5014269406392694
  ],
  "acc_R_macro": null,
  "auc_T": null,
  "latencies_ms": {
    "C": null,
    "S_raw": null,
    "S_inv": null,
    "T": null
  },
  "meta": {
    "align": "sacc",
    "orientation": "horizontal",
    "pt_min_ms": 200.0,
    "n_trials": 290,
    "n_bins": 69,
    "n_units": 47,
    "thr": 0.6,
    "k_bins": 5,
    "norm": "global",
    "baseline_win": null,
    "used_axes_mu_sd": false
  }
}