{
  "time": [
    -0.39000000059604645,
    -0.3700000047683716,
    -0.3499999940395355,
    -0.32999999821186066,
    -0.3100000023841858,
    -0.28999999910593033,
    -0.27000000327825546,
    -0.25,
    -0.23000000044703484,
    -0.21000000089406967,
    -0.1900000013411045,
    -0.16999999806284904,
    -0.14999999850988388,
    -0.12999999895691872,
    -0.10999999940395355,
    -0.08999999985098839,
    -0.07000000029802322,
    -0.049999999813735485,
    -0.03000000026077032,
    -0.010000000009313226,
    0.010000000009313226,
    0.03000000026077032,
    0.049999999813735485,
    0.07000000029802322,
    0.08999999985098839,
    0.10999999940395355,
    0.12999999895691872,
    0.14999999850988388,
    0.16999999806284904,
    0.1900000013411045,
    0.21000000089406967,
    0.23000000044703484,
    0.25,
    0.27000000327825546,
    0.28999999910593033
  ],
  "auc_C": null,
  "auc_S_raw": [
    0.585975083261379,
    0.6313679536203282,
    0.61866288392747,
    0.6326631306278525,
    0.5712347354138398,
    0.651474034784754,
    0.5794991982237572,
    0.5860367583569756,
    0.5695695078327372,
    0.5822745775255951,
    0.5803626495621068,
    0.6817565067225855,
    0.783767114839028,
    0.8318120143086223,
    0.9119896385839398,
    0.933884297520661,
    0.9816824966078697,
    0.9955593931170593,
    0.9991365486616505,
    1.0,
    1.0,
    0.9982730973233009,
    0.9879733563587023,
    0.983594424571358,
    0.9781053410632786,
    0.9493030714197607,
    0.925188109041569,
    0.861231034908104,
    0.854076723818922,
    0.7743925003083755,
    0.7736523991612186,
    0.6887874676205749,
    0.674725545824596,
    0.6585666707783397,
    0.6940298507462687
  ],
  "auc_S_inv": [
    0.585975083261379,
    0.6313679536203282,
    0.61866288392747,
    0.6326631306278525,
    0.5712347354138398,
    0.651474034784754,
    0.5794991982237572,
    0.5860367583569756,
    0.5695695078327372,
    0.5822745775255951,
    0.5803626495621068,
    0.6817565067225855,
    0.783767114839028,
    0.8318120143086223,
    0.9119896385839398,
    0.933884297520661,
    0.9816824966078697,
    0.9955593931170593,
    0.9991365486616505,
    1.0,
    1.0,
    0.9982730973233009,
    0.9879733563587023,
    0.983594424571358,
    0.9781053410632786,
    0.9493030714197607,
    0.925188109041569,
    0.861231034908104,
    0.854076723818922,
    0.7743925003083755,
    0.7736523991612186,
    0.6887874676205749,
    0.674725545824596,
    0.6585666707783397,
    0.6940298507462687
  ],
  "acc_R_macro": null,
  "auc_T": null,
  "latencies_ms": {
    "C": null,
    "S_raw": -169.99999806284904,
    "S_inv": -169.99999806284904,
    "T": null
  },
  "meta": {
    "align": "sacc",
    "orientation": "horizontal",
    "pt_min_ms": 200.0,
    "n_trials": 255,
    "n_bins": 35,
    "n_units": 60,
    "thr": 0.6,
    "k_bins": 5,
    "norm": "global",
    "baseline_win": null,
    "used_axes_mu_sd": false
  }
}