{
  "time": [
    -0.39000000059604645,
    -0.3799999952316284,
    -0.3700000047683716,
    -0.35999999940395355,
    -0.3499999940395355,
    -0.3400000035762787,
    -0.32999999821186066,
    -0.3199999928474426,
    -0.3100000023841858,
    -0.30000000447034836,
    -0.28999999910593033,
    -0.2800000011920929,
    -0.27000000327825546,
    -0.25999999791383743,
    -0.25,
    -0.24000000208616257,
    -0.23000000044703484,
    -0.2200000025331974,
    -0.21000000089406967,
    -0.19999999925494194,
    -0.1900000013411045,
    -0.17999999970197678,
    -0.16999999806284904,
    -0.1600000001490116,
    -0.14999999850988388,
    -0.13999999687075615,
    -0.12999999895691872,
    -0.11999999918043613,
    -0.10999999940395355,
    -0.09999999962747097,
    -0.08999999985098839,
    -0.0800000000745058,
    -0.07000000029802322,
    -0.06000000052154064,
    -0.049999999813735485,
    -0.0400000000372529,
    -0.03000000026077032,
    -0.020000000251457095,
    -0.010000000009313226,
    0.0,
    0.010000000009313226,
    0.020000000251457095,
    0.03000000026077032,
    0.0400000000372529,
    0.049999999813735485,
    0.06000000052154064,
    0.07000000029802322,
    0.0800000000745058,
    0.08999999985098839,
    0.09999999962747097,
    0.10999999940395355,
    0.11999999918043613,
    0.12999999895691872,
    0.13999999687075615,
    0.14999999850988388,
    0.1600000001490116,
    0.16999999806284904,
    0.17999999970197678,
    0.1900000013411045,
    0.19999999925494194,
    0.21000000089406967,
    0.2200000025331974,
    0.23000000044703484,
    0.24000000208616257,
    0.25,
    0.25999999791383743,
    0.27000000327825546,
    0.2800000011920929,
    0.28999999910593033
  ],
  "auc_C": [
    0.5101754385964913,
    0.4844444444444444,
    0.4805263157894737,
    0.5150292397660818,
    0.5180994152046784,
    0.560204678362573,
    0.5761988304093567,
    0.5753216374269006,
    0.5822222222222222,
    0.527309941520468,
    0.5385672514619883,
    0.5643274853801169,
    0.5883040935672514,
    0.6464035087719298,
    0.5645614035087719,
    0.596812865497076,
    0.6334502923976608,
    0.6383040935672515,
    0.7011111111111111,
    0.722280701754386,
    0.685672514619883,
    0.6510526315789474,
    0.5683040935672515,
    0.5569005847953217,
    0.562748538011696,
    0.5639181286549707,
    0.5625730994152047,
    0.5621637426900585,
    0.5983040935672514,
    0.5743859649122807,
    0.49608187134502923,
    0.45795321637426906,
    0.504327485380117,
    0.538888888888889,
    0.5195321637426901,
    0.5076608187134503,
    0.49760233918128655,
    0.46555555555555556,
    0.48198830409356724,
    0.46672514619883043,
    0.4316959064327485,
    0.4426900584795322,
    0.43330409356725147,
    0.3716959064327486,
    0.39362573099415205,
    0.4607602339181287,
    0.43999999999999995,
    0.41807017543859654,
    0.41964912280701755,
    0.3811695906432748,
    0.40321637426900575,
    0.45736842105263154,
    0.4317543859649123,
    0.4172514619883041,
    0.4033333333333333,
    0.41315789473684206,
    0.4101169590643275,
    0.4177777777777778,
    0.45877192982456133,
    0.46824561403508774,
    0.45011695906432747,
    0.4238011695906433,
    0.40327485380116956,
    0.39421052631578946,
    0.40906432748538013,
    0.462046783625731,
    0.4501169590643275,
    0.4773684210526316,
    0.4683333333333334
  ],
  "auc_S_raw": [
    0.47400341517988576,
    0.4624035800506388,
    0.496143202025555,
    0.5080963316257434,
    0.47818406641936045,
    0.4860448683978095,
    0.5347700641818288,
    0.4959665547900842,
    0.4479773891538597,
    0.47997997997998,
    0.47682977094741796,
    0.4950538774068186,
    0.5269975858211152,
    0.5196667255490786,
    0.4771830654183596,
    0.4446210916799152,
    0.40611199434728845,
    0.43431666961078724,
    0.46505328858270034,
    0.46840958605664484,
    0.5102160984513926,
    0.5312371194724137,
    0.5473709003120768,
    0.6042513101336631,
    0.5961255373020078,
    0.5658010952128599,
    0.5645645645645646,
    0.5347700641818289,
    0.6243302125655067,
    0.6677854324913148,
    0.6730259671436143,
    0.638579756226815,
    0.6646646646646647,
    0.778013307425072,
    0.7897309073779661,
    0.8144026379320496,
    0.8131661072837544,
    0.796325737502208,
    0.8403108991344286,
    0.8771124065241712,
    0.9203909792145086,
    0.9146205028557969,
    0.9033150797856678,
    0.956250368015074,
    0.970382146852735,
    0.9517753047164812,
    0.9434140022375316,
    0.9114408526173232,
    0.8706353412235764,
    0.8161102278749338,
    0.7794853677206618,
    0.8530883825001472,
    0.8370134840723076,
    0.8335983041865396,
    0.7790731908378967,
    0.6992875228169346,
    0.7037625861155272,
    0.693517046458223,
    0.6750868515574399,
    0.6663722546075488,
    0.6434081139963492,
    0.6417594064652888,
    0.6335747512218101,
    0.6709062003179651,
    0.6523287993876229,
    0.6548313018901255,
    0.6979037861390802,
    0.723694282517812,
    0.7086498262968851
  ],
  "auc_S_inv": [
    0.47665312371194724,
    0.46228581522699175,
    0.4964376140846729,
    0.5084496260966849,
    0.4794794794794795,
    0.4853382794559265,
    0.5325325325325325,
    0.49308131661072835,
    0.4493905670376258,
    0.48209974680562917,
    0.4777130071247718,
    0.4939351115821704,
    0.5276452923511747,
    0.5175469587234294,
    0.47559324029912264,
    0.44338456103161983,
    0.40575869987634694,
    0.4366130836719072,
    0.4655243478772891,
    0.46787964435023266,
    0.5099805688040981,
    0.5298239415886474,
    0.5449567214273097,
    0.601954896072543,
    0.5933580639462993,
    0.5636224459753871,
    0.5635635635635635,
    0.532061473237944,
    0.6217982688570924,
    0.666607784254843,
    0.6717305540834952,
    0.6365188718129895,
    0.6629570747217807,
    0.7788376611906023,
    0.7883766119060237,
    0.8143437555202261,
    0.8131661072837543,
    0.7968556792086204,
    0.8417829594300182,
    0.8765235824059353,
    0.9204498616263322,
    0.913737266678443,
    0.9034328446093153,
    0.9569569569569569,
    0.9710887357946181,
    0.9515986574810104,
    0.9428840605311194,
    0.9097332626744392,
    0.8719896366955191,
    0.8181122298769358,
    0.7778366601896013,
    0.8541482659129718,
    0.8364835423658953,
    0.8337160690101868,
    0.7793087204851911,
    0.6994641700524054,
    0.7019961137608196,
    0.6903373962197491,
    0.672201613378084,
    0.6588941883059529,
    0.637990932108579,
    0.6354001059883413,
    0.6292763351586881,
    0.6662544897839016,
    0.6485014426190897,
    0.6520049461225931,
    0.6960195489607254,
    0.7243419890478714,
    0.7090031207678267
  ],
  "acc_R_macro": null,
  "auc_T": null,
  "latencies_ms": {
    "C": -230.00000044703484,
    "S_raw": -109.99999940395355,
    "S_inv": -109.99999940395355,
    "T": null
  },
  "meta": {
    "align": "sacc",
    "orientation": "horizontal",
    "pt_min_ms": 200.0,
    "n_trials": 264,
    "n_bins": 69,
    "n_units": 40,
    "thr": 0.6,
    "k_bins": 5,
    "norm": "global",
    "baseline_win": null,
    "used_axes_mu_sd": false
  }
}