{
  "sid": "20231130",
  "align": "stim",
  "features": [
    "C",
    "R"
  ],
  "winC": [
    0.1,
    0.3
  ],
  "winR": [
    0.05,
    0.2
  ],
  "winS": null,
  "winT": null,
  "pt_min_ms": 200.0,
  "orientation": "vertical",
  "areas": [
    "SFEF",
    "SLIP",
    "SSC"
  ],
  "tag": "axes_peakbin_stimCR-stim-vertical-20mssw_nofilter",
  "norm": "global",
  "baseline_win": null,
  "clf_binary": "logreg",
  "C_grid": [
    0.1,
    0.3,
    1.0,
    3.0,
    10.0
  ],
  "lda_shrinkage": null,
  "searchC": true,
  "searchS": false,
  "searchT": false,
  "searchR": true,
  "search_step_ms": 20.0,
  "search_len_ms": [
    50.0,
    100.0,
    150.0,
    200.0,
    250.0
  ],
  "search_range_C": "0.00:0.50",
  "search_range_S": null,
  "search_range_T": null,
  "search_range_R": "0.00:0.50",
  "search_score_mode": "peak_bin_auc",
  "search_tiebreak": "shortest_then_earliest",
  "search_tol": 0.01,
  "per_area_results": {
    "SFEF": {
      "winC_selected": [
        0.18,
        0.32999999999999996
      ],
      "winC_cv_best": 0.7387955182072828,
      "winC_best_param": 0.1,
      "winC_peak_time_ms": 280.0000011920929,
      "winC_peak_auc": 0.7387955182072828,
      "winC_mean_bin_auc": 0.6070961718020541,
      "winC_cv_auc_original": 0.7134297520661157,
      "winR_selected": [
        0.21999999999999997,
        0.31999999999999995
      ],
      "winR_cv_best": 0.5136363636363637,
      "sC_auc": 0.7387955182072828,
      "n_trials_C": 107
    },
    "SLIP": {
      "winC_selected": [
        0.4200000000000001,
        0.4700000000000001
      ],
      "winC_cv_best": 0.6817226890756303,
      "winC_best_param": 0.1,
      "winC_peak_time_ms": 469.9999988079071,
      "winC_peak_auc": 0.6817226890756303,
      "winC_mean_bin_auc": 0.6164799253034547,
      "winC_cv_auc_original": 0.7160055096418734,
      "winR_selected": [
        0.18,
        0.28
      ],
      "winR_cv_best": 0.5127272727272727,
      "sC_auc": 0.6817226890756303,
      "n_trials_C": 107
    },
    "SSC": {
      "winC_selected": [
        0.16,
        0.26
      ],
      "winC_cv_best": 0.7485994397759104,
      "winC_best_param": 1.0,
      "winC_peak_time_ms": 210.00000089406967,
      "winC_peak_auc": 0.7485994397759104,
      "winC_mean_bin_auc": 0.6646931499872676,
      "winC_cv_auc_original": 0.8386914600550964,
      "winR_selected": [
        0.19999999999999998,
        0.35
      ],
      "winR_cv_best": 0.4954545454545454,
      "sC_auc": 0.7485994397759104,
      "n_trials_C": 107
    }
  },
  "rebin_factor": null,
  "sliding_window_ms": 20.0,
  "sliding_step_ms": 10.0,
  "sliding_window_bins": 4,
  "sliding_step_bins": 2
}