{
  "sid": "20230627",
  "area": "SFEF",
  "monkey": "S",
  "analysis": "cross_alignment",
  "align_C": "stim",
  "axes_tag_C": "axes_peakbin_stimC-stim-horizontal-20mssw_nofilter",
  "orientation_C": "horizontal",
  "align_S": "sacc",
  "axes_tag_S": "axes_peakbin_saccCS-sacc-horizontal-20mssw_nofilter",
  "orientation_S": "horizontal",
  "a_obs": 0.11791610536194222,
  "theta_obs_deg": 83.22814968881842,
  "null_mean": 0.18465331307189206,
  "null_std": 0.12470265477854867,
  "null_angle_mean_deg": 79.2582382379199,
  "p_orth": 0.36363636363636365,
  "p_align": 0.6373626373626373,
  "n_perms_valid": 1000,
  "delta": -0.06673720770994984,
  "delta_theta_deg": 3.969911450898522,
  "z_score": -0.5351707052946395,
  "manifold_dim": 52,
  "D_eff": 5.620644528302743,
  "expected_cos": 0.3365479904121339,
  "expected_angle_deg": 70.33330203668612,
  "D_C_shape": [
    68,
    100
  ],
  "D_S_shape": [
    68,
    100
  ],
  "use_rich_cond": false,
  "win_C": [
    0.0,
    0.5
  ],
  "win_S": [
    -0.2,
    0.05
  ],
  "pt_min_ms": 200.0,
  "n_trials_C": 520,
  "n_trials_S": 520
}