{
  "sid": "20230710",
  "area": "SFEF",
  "monkey": "S",
  "analysis": "cross_alignment",
  "align_C": "stim",
  "axes_tag_C": "axes_peakbin_stimC-stim-horizontal-20mssw_nofilter",
  "orientation_C": "horizontal",
  "align_S": "sacc",
  "axes_tag_S": "axes_peakbin_saccCS-sacc-horizontal-20mssw_nofilter",
  "orientation_S": "horizontal",
  "a_obs": 0.04172820443006143,
  "theta_obs_deg": 87.60845561344549,
  "null_mean": 0.16486715265425053,
  "null_std": 0.10910235009331384,
  "null_angle_mean_deg": 80.44358710209853,
  "p_orth": 0.14185814185814186,
  "p_align": 0.8591408591408591,
  "n_perms_valid": 1000,
  "delta": -0.12313894822418911,
  "delta_theta_deg": 7.164868511346953,
  "z_score": -1.1286553233626035,
  "manifold_dim": 43,
  "D_eff": 6.632240548879872,
  "expected_cos": 0.3098203403687942,
  "expected_angle_deg": 71.95159629556264,
  "D_C_shape": [
    66,
    102
  ],
  "D_S_shape": [
    66,
    52
  ],
  "use_rich_cond": false,
  "null_mode": "s_epoch",
  "win_C": [
    0.0,
    0.5
  ],
  "win_S": [
    -0.2,
    0.05
  ],
  "pt_min_ms": 200.0,
  "n_trials_C": 570,
  "n_trials_S": 570
}