{
  "sid": "20230710",
  "area": "SFEF",
  "monkey": "S",
  "analysis": "cross_alignment",
  "align_C": "stim",
  "axes_tag_C": "axes_peakbin_stimC-stim-horizontal-20mssw_nofilter",
  "orientation_C": "horizontal",
  "align_S": "sacc",
  "axes_tag_S": "axes_peakbin_saccCS-sacc-horizontal-20mssw_nofilter",
  "orientation_S": "horizontal",
  "a_obs": 0.5030316582797383,
  "theta_obs_deg": 59.79922359100102,
  "null_mean": 0.09504964730429183,
  "null_std": 0.07424713666964429,
  "null_angle_mean_deg": 84.52585152908863,
  "p_orth": 1.0,
  "p_align": 0.000999000999000999,
  "n_perms_valid": 1000,
  "delta": 0.40798201097544645,
  "delta_theta_deg": -24.72662793808761,
  "z_score": 5.494919121133578,
  "manifold_dim": 59,
  "D_eff": 6.888770271402066,
  "expected_cos": 0.3039969388827287,
  "expected_angle_deg": 72.30217246956742,
  "D_C_shape": [
    66,
    100
  ],
  "D_S_shape": [
    66,
    100
  ],
  "use_rich_cond": false,
  "win_C": [
    0.0,
    0.5
  ],
  "win_S": [
    -0.2,
    0.05
  ],
  "pt_min_ms": 200.0,
  "n_trials_C": 570,
  "n_trials_S": 570
}