{
  "sid": "20231123",
  "area": "SFEF",
  "monkey": "S",
  "analysis": "cross_alignment",
  "align_C": "stim",
  "axes_tag_C": "axes_peakbin_stimC-stim-horizontal-20mssw_nofilter",
  "orientation_C": "horizontal",
  "align_S": "sacc",
  "axes_tag_S": "axes_peakbin_saccCS-sacc-horizontal-20mssw_nofilter",
  "orientation_S": "horizontal",
  "a_obs": 0.11666537791888727,
  "theta_obs_deg": 83.30030916975247,
  "null_mean": 0.19143605904067737,
  "null_std": 0.13631439839783707,
  "null_angle_mean_deg": 78.82901606921115,
  "p_orth": 0.36663336663336665,
  "p_align": 0.6343656343656343,
  "n_perms_valid": 1000,
  "delta": -0.0747706811217901,
  "delta_theta_deg": 4.471293100541317,
  "z_score": -0.5485163856540668,
  "manifold_dim": 51,
  "D_eff": 9.413481586018284,
  "expected_cos": 0.2600548290668251,
  "expected_angle_deg": 74.9266844685033,
  "D_C_shape": [
    102,
    102
  ],
  "D_S_shape": [
    102,
    52
  ],
  "use_rich_cond": false,
  "null_mode": "s_epoch",
  "win_C": [
    0.0,
    0.5
  ],
  "win_S": [
    -0.2,
    0.05
  ],
  "pt_min_ms": 200.0,
  "n_trials_C": 303,
  "n_trials_S": 303
}