{
  "time": [
    -0.39000000059604645,
    -0.3799999952316284,
    -0.3700000047683716,
    -0.35999999940395355,
    -0.3499999940395355,
    -0.3400000035762787,
    -0.32999999821186066,
    -0.3199999928474426,
    -0.3100000023841858,
    -0.30000000447034836,
    -0.28999999910593033,
    -0.2800000011920929,
    -0.27000000327825546,
    -0.25999999791383743,
    -0.25,
    -0.24000000208616257,
    -0.23000000044703484,
    -0.2200000025331974,
    -0.21000000089406967,
    -0.19999999925494194,
    -0.1900000013411045,
    -0.17999999970197678,
    -0.16999999806284904,
    -0.1600000001490116,
    -0.14999999850988388,
    -0.13999999687075615,
    -0.12999999895691872,
    -0.11999999918043613,
    -0.10999999940395355,
    -0.09999999962747097,
    -0.08999999985098839,
    -0.0800000000745058,
    -0.07000000029802322,
    -0.06000000052154064,
    -0.049999999813735485,
    -0.0400000000372529,
    -0.03000000026077032,
    -0.020000000251457095,
    -0.010000000009313226,
    0.0,
    0.010000000009313226,
    0.020000000251457095,
    0.03000000026077032,
    0.0400000000372529,
    0.049999999813735485,
    0.06000000052154064,
    0.07000000029802322,
    0.0800000000745058,
    0.08999999985098839,
    0.09999999962747097,
    0.10999999940395355,
    0.11999999918043613,
    0.12999999895691872,
    0.13999999687075615,
    0.14999999850988388,
    0.1600000001490116,
    0.16999999806284904,
    0.17999999970197678,
    0.1900000013411045,
    0.19999999925494194,
    0.21000000089406967,
    0.2200000025331974,
    0.23000000044703484,
    0.24000000208616257,
    0.25,
    0.25999999791383743,
    0.27000000327825546,
    0.2800000011920929,
    0.28999999910593033
  ],
  "auc_C": [
    0.43565411549781796,
    0.5110626205216685,
    0.5689637673804933,
    0.5246117933624277,
    0.5244595554653405,
    0.5520653608038161,
    0.5393281234141886,
    0.523799857911296,
    0.5399370750025373,
    0.5678473561351872,
    0.5577489089617376,
    0.6076321932406374,
    0.586674109408302,
    0.5352177001928347,
    0.5856591900943875,
    0.6227037450522683,
    0.6160052775804323,
    0.5784025169998985,
    0.5518623769410331,
    0.6024561047396731,
    0.5830711458439054,
    0.6212828580127879,
    0.6470110626205217,
    0.6655333400994621,
    0.7472343448695828,
    0.760428295950472,
    0.7893534963970364,
    0.7810819039886329,
    0.6917182583984574,
    0.6610169491525424,
    0.6630467877803715,
    0.6847660610981426,
    0.688622754491018,
    0.6215365878412666,
    0.6401096112859028,
    0.6460976352379987,
    0.6116918704962957,
    0.64584390540952,
    0.6714706180858622,
    0.6200142088703948,
    0.6264082005480565,
    0.6531005785040089,
    0.6417842281538617,
    0.5841368111235157,
    0.5438445143611083,
    0.4937075002537298,
    0.47208971886735007,
    0.4752867147061809,
    0.4177407896072262,
    0.4462600223282249,
    0.5127372373896275,
    0.6170709428600427,
    0.6384349944179437,
    0.5839845732264285,
    0.4801075814472749,
    0.4604181467573327,
    0.4738658276667005,
    0.4126661930376535,
    0.43499441794377347,
    0.51116411245306,
    0.5605906830406983,
    0.5246625393281235,
    0.5157819953313711,
    0.5371460468892723,
    0.5224804628032071,
    0.48903887140972296,
    0.5236983659799046,
    0.5228864305287729,
    0.5025626712676342
  ],
  "auc_S_raw": [
    0.44659394937229885,
    0.4819407285449681,
    0.5188310351924265,
    0.5281951018728133,
    0.512090965219181,
    0.5074603827948138,
    0.5210948754887837,
    0.5285552582835975,
    0.49886807985182136,
    0.44052274130479524,
    0.4818892776291418,
    0.5139946491047541,
    0.5321053714756122,
    0.5545379707758797,
    0.49979419633669475,
    0.4690265486725664,
    0.478339164437127,
    0.49969129450504224,
    0.49727310146120607,
    0.5239761267750566,
    0.513994649104754,
    0.5264457707347191,
    0.5635418810454825,
    0.5459456678328874,
    0.556801811072237,
    0.5558242436715374,
    0.5527886396377856,
    0.5648281539411402,
    0.5628215682239143,
    0.599763325787199,
    0.6204980448651986,
    0.6126775056596008,
    0.6492076558962749,
    0.6439596624819922,
    0.6525005145091582,
    0.6807985182136241,
    0.7311689648075737,
    0.7316320230500102,
    0.6678328874253961,
    0.6955649310557728,
    0.7068841325375591,
    0.6608355628730191,
    0.6319201481786376,
    0.6038279481374769,
    0.5399773615970365,
    0.5730088495575222,
    0.6285243877341016,
    0.6298621115455856,
    0.5896789462852439,
    0.46151471496192636,
    0.40800576250257253,
    0.3795019551348014,
    0.3696233792961514,
    0.39457707347190774,
    0.3707038485285038,
    0.3307779378472937,
    0.3458530561844001,
    0.3957089936200864,
    0.4612574603827948,
    0.4338855731632023,
    0.42112574603827946,
    0.46846058859847706,
    0.46290388968923646,
    0.4254476229676888,
    0.4332681621732867,
    0.3914385676065034,
    0.4018831035192426,
    0.43357686766824455,
    0.38845441448857787
  ],
  "auc_S_inv": [
    0.4499897098168348,
    0.47823626260547436,
    0.5051450915826301,
    0.5222267956369624,
    0.5182136242025107,
    0.5076147355422926,
    0.5266515743980243,
    0.5251080469232352,
    0.4910989915620498,
    0.43491459147972833,
    0.480037044659395,
    0.5108561432393497,
    0.5406462235027782,
    0.5597345132743363,
    0.4900185223296975,
    0.46357275159497835,
    0.47545791315085406,
    0.4956266721547643,
    0.48878370034986623,
    0.5083350483638609,
    0.48698291829594564,
    0.5086437538588187,
    0.5496501337723811,
    0.5428586128833093,
    0.5509364066680387,
    0.545534060506277,
    0.5398744597653838,
    0.5404918707552995,
    0.539205597859642,
    0.592611648487343,
    0.6160218151883103,
    0.6127289565754269,
    0.6510598888660218,
    0.6429306441654662,
    0.6470467174315703,
    0.6839884749948549,
    0.7354908417369829,
    0.7312204157234,
    0.6566680386910887,
    0.6756019757151677,
    0.7016361391232763,
    0.6608355628730191,
    0.6238423543939081,
    0.5906565136859436,
    0.5287096110310763,
    0.5800061741098991,
    0.6428791932496398,
    0.6471496192632229,
    0.6073780613294917,
    0.4628009878575839,
    0.4041983947314262,
    0.36910887013788846,
    0.36401522947108456,
    0.3839781848116897,
    0.3785243877341017,
    0.34137682650751183,
    0.3596933525416752,
    0.41026960279892977,
    0.4746346984976333,
    0.4364066680386911,
    0.4254476229676888,
    0.47211360362214444,
    0.46984976332578715,
    0.4281230705906565,
    0.44700555669890923,
    0.4046100020580366,
    0.4142313233175551,
    0.4482918295945668,
    0.4127906976744186
  ],
  "acc_R_macro": null,
  "auc_T": null,
  "latencies_ms": {
    "C": -179.99999970197678,
    "S_raw": -89.99999985098839,
    "S_inv": -89.99999985098839,
    "T": null
  },
  "meta": {
    "align": "sacc",
    "orientation": "horizontal",
    "pt_min_ms": 200.0,
    "n_trials": 285,
    "n_bins": 69,
    "n_units": 60,
    "thr": 0.6,
    "k_bins": 5,
    "norm": "global",
    "baseline_win": null,
    "used_axes_mu_sd": false
  }
}