{
  "sid": "20201211",
  "align": "sacc",
  "features": [
    "C",
    "S"
  ],
  "winC": [
    -0.3,
    -0.18
  ],
  "winR": null,
  "winS": [
    -0.1,
    -0.03
  ],
  "winT": null,
  "pt_min_ms": 200.0,
  "orientation": "horizontal",
  "areas": [
    "MFEF",
    "MLIP",
    "MSC"
  ],
  "tag": "axes_peakbin_saccCS-sacc-horizontal-20mssw",
  "norm": "global",
  "baseline_win": null,
  "clf_binary": "logreg",
  "C_grid": [
    0.1,
    0.3,
    1.0,
    3.0,
    10.0
  ],
  "lda_shrinkage": null,
  "searchC": true,
  "searchS": true,
  "searchT": false,
  "searchR": false,
  "search_step_ms": 20.0,
  "search_len_ms": [
    50.0,
    100.0,
    150.0,
    200.0,
    250.0
  ],
  "search_range_C": "-0.30:-0.05",
  "search_range_S": "-0.20:0.05",
  "search_range_T": null,
  "search_range_R": null,
  "search_score_mode": "peak_bin_auc",
  "search_tiebreak": "shortest_then_closest0",
  "search_tol": 0.01,
  "per_area_results": {
    "MFEF": {
      "winC_selected": [
        -0.1,
        -0.05
      ],
      "winC_cv_best": 0.923205266955267,
      "winC_best_param": 1.0,
      "winC_peak_time_ms": -60.00000052154064,
      "winC_peak_auc": 0.923205266955267,
      "winC_mean_bin_auc": 0.8636904761904762,
      "winC_cv_auc_original": 0.9598085470085469,
      "winS_selected": [
        -0.02000000000000002,
        0.02999999999999998
      ],
      "winS_cv_best": 0.9994703623604184,
      "winS_peak_time_ms": -10.000000009313226,
      "winS_peak_auc": 0.9994703623604184,
      "sC_auc": 0.923205266955267,
      "n_trials_C": 302
    },
    "MLIP": {
      "winC_selected": [
        -0.1,
        -0.05
      ],
      "winC_cv_best": 0.8411796536796537,
      "winC_best_param": 1.0,
      "winC_peak_time_ms": -70.00000029802322,
      "winC_peak_auc": 0.8411796536796537,
      "winC_mean_bin_auc": 0.8052669552669552,
      "winC_cv_auc_original": 0.9257631257631257,
      "winS_selected": [
        -0.02000000000000002,
        0.02999999999999998
      ],
      "winS_cv_best": 0.9831840049432846,
      "winS_peak_time_ms": 20.000000251457095,
      "winS_peak_auc": 0.9831840049432846,
      "sC_auc": 0.8411796536796537,
      "n_trials_C": 302
    },
    "MSC": {
      "winC_selected": [
        -0.1,
        -0.05
      ],
      "winC_cv_best": 0.9250090187590188,
      "winC_best_param": 0.3,
      "winC_peak_time_ms": -60.00000052154064,
      "winC_peak_auc": 0.9250090187590188,
      "winC_mean_bin_auc": 0.9186958874458874,
      "winC_cv_auc_original": 0.9795286935286935,
      "winS_selected": [
        -0.02000000000000002,
        0.02999999999999998
      ],
      "winS_cv_best": 0.9668093745862205,
      "winS_peak_time_ms": -10.000000009313226,
      "winS_peak_auc": 0.9668093745862205,
      "sC_auc": 0.9250090187590188,
      "n_trials_C": 302
    }
  },
  "rebin_factor": null,
  "sliding_window_ms": 20.0,
  "sliding_step_ms": 10.0,
  "sliding_window_bins": 4,
  "sliding_step_bins": 2
}