{
  "time": [
    -0.39000000059604645,
    -0.3799999952316284,
    -0.3700000047683716,
    -0.35999999940395355,
    -0.3499999940395355,
    -0.3400000035762787,
    -0.32999999821186066,
    -0.3199999928474426,
    -0.3100000023841858,
    -0.30000000447034836,
    -0.28999999910593033,
    -0.2800000011920929,
    -0.27000000327825546,
    -0.25999999791383743,
    -0.25,
    -0.24000000208616257,
    -0.23000000044703484,
    -0.2200000025331974,
    -0.21000000089406967,
    -0.19999999925494194,
    -0.1900000013411045,
    -0.17999999970197678,
    -0.16999999806284904,
    -0.1600000001490116,
    -0.14999999850988388,
    -0.13999999687075615,
    -0.12999999895691872,
    -0.11999999918043613,
    -0.10999999940395355,
    -0.09999999962747097,
    -0.08999999985098839,
    -0.0800000000745058,
    -0.07000000029802322,
    -0.06000000052154064,
    -0.049999999813735485,
    -0.0400000000372529,
    -0.03000000026077032,
    -0.020000000251457095,
    -0.010000000009313226,
    0.0,
    0.010000000009313226,
    0.020000000251457095,
    0.03000000026077032,
    0.0400000000372529,
    0.049999999813735485,
    0.06000000052154064,
    0.07000000029802322,
    0.0800000000745058,
    0.08999999985098839,
    0.09999999962747097,
    0.10999999940395355,
    0.11999999918043613,
    0.12999999895691872,
    0.13999999687075615,
    0.14999999850988388,
    0.1600000001490116,
    0.16999999806284904,
    0.17999999970197678,
    0.1900000013411045,
    0.19999999925494194,
    0.21000000089406967,
    0.2200000025331974,
    0.23000000044703484,
    0.24000000208616257,
    0.25,
    0.25999999791383743,
    0.27000000327825546,
    0.2800000011920929,
    0.28999999910593033
  ],
  "auc_C": [
    0.5054158607350097,
    0.4904577691811735,
    0.4401031592520954,
    0.5152804642166344,
    0.5297872340425531,
    0.4936814958091554,
    0.4877498388136686,
    0.5153449387491942,
    0.5235332043842682,
    0.5271437782076079,
    0.5273372018052869,
    0.5121212121212121,
    0.5109606705351386,
    0.5079303675048357,
    0.48368794326241127,
    0.45493230174081234,
    0.42230818826563504,
    0.5254029658284978,
    0.5254029658284978,
    0.4977433913604127,
    0.6034171502256608,
    0.6108961960025789,
    0.5476466795615731,
    0.6261121856866537,
    0.6706640876853642,
    0.6727917472598323,
    0.6792392005157962,
    0.7105093488072212,
    0.6980012894906511,
    0.7385557704706641,
    0.7471308833010961,
    0.7156673114119922,
    0.7159896840747905,
    0.7370728562217925,
    0.6885880077369438,
    0.6419729206963248,
    0.6793036750483559,
    0.7281753707285622,
    0.7046421663442939,
    0.7130238555770471,
    0.6606060606060605,
    0.6495164410058027,
    0.6538362346872985,
    0.5934880722114765,
    0.5419729206963249,
    0.5586718246292715,
    0.5743391360412637,
    0.5542230818826563,
    0.5883945841392649,
    0.5136041263700839,
    0.4656350741457124,
    0.5094132817537073,
    0.5083816892327531,
    0.462862669245648,
    0.4520309477756286,
    0.5584784010315925,
    0.5366215344938748,
    0.49419729206963253,
    0.5113475177304965,
    0.5500322372662799,
    0.5940038684719535,
    0.5579626047711154,
    0.5330754352030947,
    0.57143778207608,
    0.5872985170857511,
    0.5582205029013539,
    0.5606060606060607,
    0.5373307543520309,
    0.5820760799484204
  ],
  "auc_S_raw": [
    0.4454867488848072,
    0.5377853581737077,
    0.536473366570454,
    0.49265284702177903,
    0.4824849120965626,
    0.4653634216741013,
    0.4931120440829179,
    0.47192337969037007,
    0.5048543689320388,
    0.5138415114143269,
    0.5067567567567568,
    0.5087903437418001,
    0.4701521910259775,
    0.4475859354500131,
    0.5373261611125688,
    0.4921936499606403,
    0.4004198373130412,
    0.45611388087116245,
    0.5015087903437417,
    0.48097612175282084,
    0.47841773812647603,
    0.506297559695618,
    0.5478876935187615,
    0.5727499344004199,
    0.4888480713723432,
    0.48484649698241933,
    0.4876016793492522,
    0.5015743899239045,
    0.5653371818420363,
    0.6185384413539753,
    0.6374967200209919,
    0.6994227236945684,
    0.7530175806874835,
    0.7848333770663868,
    0.7763054316452375,
    0.7665966937811598,
    0.8169115717659408,
    0.8634216741012858,
    0.9227892941485174,
    0.9410259774337444,
    0.9365652059826818,
    0.9311860404093414,
    0.9508003148779849,
    0.9696929939648387,
    0.9942928365258463,
    0.9853712936237208,
    0.945945945945946,
    0.907373392810286,
    0.9220020991865652,
    0.8926134872736815,
    0.8840199422723695,
    0.8352138546313304,
    0.7969692993964838,
    0.7789294148517449,
    0.7839149829441092,
    0.7805038047756495,
    0.7539359748097612,
    0.7161506166360535,
    0.7248753607976909,
    0.7915245342429809,
    0.7914589346628181,
    0.7719758593545002,
    0.81664917344529,
    0.8222251377591183,
    0.8064812385200736,
    0.7858173707688272,
    0.7913277355024928,
    0.7999212805038048,
    0.8042508527945421
  ],
  "auc_S_inv": [
    0.4450275518236684,
    0.5272894253476779,
    0.5191550774075046,
    0.4860272894253477,
    0.4887168722120178,
    0.48353450537916554,
    0.4946864340068224,
    0.470020991865652,
    0.5011151928627656,
    0.4977696142744686,
    0.5013775911834164,
    0.5170558908422985,
    0.46556022041458933,
    0.4460115455261086,
    0.5428365258462347,
    0.4973760167934925,
    0.40934138021516664,
    0.4571634741537654,
    0.4956704277092626,
    0.4730385725531357,
    0.47749934400419836,
    0.5088559433219628,
    0.5462477040146944,
    0.5699291524534242,
    0.4879296772500656,
    0.469824193125164,
    0.4607058514825506,
    0.4782209393859879,
    0.538966150616636,
    0.5817370768827079,
    0.6106008921542903,
    0.680398845447389,
    0.7203489897664654,
    0.760692731566518,
    0.7496720020991866,
    0.7472448176331672,
    0.7960509052742063,
    0.848727368144844,
    0.9051430070847547,
    0.9301364471267385,
    0.9271188664392549,
    0.9212805038047756,
    0.9389267908685385,
    0.9614930464445026,
    0.9920624508003149,
    0.985568092364209,
    0.9484387299921281,
    0.903175019679874,
    0.9069141957491471,
    0.8794279716609814,
    0.8769351876147993,
    0.8217003411178169,
    0.7802414064549986,
    0.7536735764891106,
    0.7648255051167673,
    0.7668590921018107,
    0.7434400419837313,
    0.6918787719758593,
    0.6995539228548937,
    0.7579375491996851,
    0.7621359223300971,
    0.7587903437418001,
    0.7897533455785883,
    0.804710049855681,
    0.7930333245867227,
    0.7700734715297822,
    0.7805038047756494,
    0.780175806874836,
    0.7829965888218315
  ],
  "acc_R_macro": null,
  "auc_T": null,
  "latencies_ms": {
    "C": -160.0000001490116,
    "S_raw": -99.99999962747097,
    "S_inv": -89.99999985098839,
    "T": null
  },
  "meta": {
    "align": "sacc",
    "orientation": "horizontal",
    "pt_min_ms": 200.0,
    "n_trials": 251,
    "n_bins": 69,
    "n_units": 66,
    "thr": 0.6,
    "k_bins": 5,
    "norm": "global",
    "baseline_win": null,
    "used_axes_mu_sd": false
  }
}