{
  "analysis": "axis_shuffle",
  "description": "Axis angle with label-shuffle null",
  "hypothesis": "Tests whether C-S axis alignment is label-specific (greater than shuffle)",
  "note": "NOT appropriate for testing orthogonality; use axis_cov (Analysis C) instead",
  "created": "2026-01-29T16:48:10.329712",
  "n_sessions": 21,
  "mean_a_obs": 0.09510021976507485,
  "mean_null": 0.08985380507245651,
  "mean_delta": 0.005246414692618333,
  "sem_delta": 0.017385529445689555,
  "mean_theta_obs_deg": 84.51885046852175,
  "mean_theta_null_deg": 84.82736352246172,
  "group_p_greater": 0.3902060979390206,
  "group_p_less": 0.6098039019609804,
  "per_session": [
    {
      "sid": "20200327",
      "area": "MFEF",
      "monkey": "M",
      "analysis": "axis_shuffle",
      "axes_tag": "axes_peakbin_saccCS-sacc-horizontal-20mssw_nofilter",
      "a_obs": 0.06863023122014084,
      "theta_obs_deg": 86.06468397697768,
      "null_mean": 0.13755659736059583,
      "null_std": 0.10047970479227637,
      "null_median": 0.12032977873502088,
      "null_angle_mean_deg": 82.0417713838554,
      "p_greater": 0.7022977022977023,
      "p_less": 0.2987012987012987,
      "n_perms_valid": 1000,
      "delta": -0.068926366140455,
      "delta_theta_deg": 4.022912593122271,
      "winS": [
        -0.12000000000000004,
        -0.02000000000000003
      ],
      "n_trials": 291,
      "n_valid_trials": 291
    },
    {
      "sid": "20200328",
      "area": "MFEF",
      "monkey": "M",
      "analysis": "axis_shuffle",
      "axes_tag": "axes_peakbin_saccCS-sacc-horizontal-20mssw_nofilter",
      "a_obs": 0.10399075643384298,
      "theta_obs_deg": 84.03097715447073,
      "null_mean": 0.08592864604664383,
      "null_std": 0.06322144924839829,
      "null_median": 0.0746364448359951,
      "null_angle_mean_deg": 85.05828788469503,
      "p_greater": 0.33166833166833165,
      "p_less": 0.6693306693306693,
      "n_perms_valid": 1000,
      "delta": 0.018062110387199154,
      "delta_theta_deg": -1.0273107302243005,
      "winS": [
        -0.02000000000000002,
        0.02999999999999998
      ],
      "n_trials": 255,
      "n_valid_trials": 255
    },
    {
      "sid": "20200401",
      "area": "MFEF",
      "monkey": "M",
      "analysis": "axis_shuffle",
      "axes_tag": "axes_peakbin_saccCS-sacc-horizontal-20mssw_nofilter",
      "a_obs": 0.21929771894344052,
      "theta_obs_deg": 77.3322119911112,
      "null_mean": 0.09105503805208477,
      "null_std": 0.07001569867828637,
      "null_median": 0.07510367907715271,
      "null_angle_mean_deg": 84.75952160903579,
      "p_greater": 0.060939060939060936,
      "p_less": 0.9400599400599401,
      "n_perms_valid": 1000,
      "delta": 0.12824268089135576,
      "delta_theta_deg": -7.4273096179245925,
      "winS": [
        -0.02000000000000002,
        0.02999999999999998
      ],
      "n_trials": 257,
      "n_valid_trials": 257
    },
    {
      "sid": "20200402",
      "area": "MFEF",
      "monkey": "M",
      "analysis": "axis_shuffle",
      "axes_tag": "axes_peakbin_saccCS-sacc-horizontal-20mssw_nofilter",
      "a_obs": 0.12496949276636396,
      "theta_obs_deg": 82.82100596875031,
      "null_mean": 0.07838672197884906,
      "null_std": 0.05816871555057766,
      "null_median": 0.06724388434635625,
      "null_angle_mean_deg": 85.49442867965708,
      "p_greater": 0.1938061938061938,
      "p_less": 0.8071928071928072,
      "n_perms_valid": 1000,
      "delta": 0.046582770787514896,
      "delta_theta_deg": -2.673422710906763,
      "winS": [
        -0.02000000000000002,
        0.02999999999999998
      ],
      "n_trials": 242,
      "n_valid_trials": 242
    },
    {
      "sid": "20200926",
      "area": "MFEF",
      "monkey": "M",
      "analysis": "axis_shuffle",
      "axes_tag": "axes_peakbin_saccCS-sacc-horizontal-20mssw_nofilter",
      "a_obs": 0.13743676981360683,
      "theta_obs_deg": 82.10044981351844,
      "null_mean": 0.07770139293119027,
      "null_std": 0.05965259958047742,
      "null_median": 0.06625324338142356,
      "null_angle_mean_deg": 85.53299899407682,
      "p_greater": 0.16083916083916083,
      "p_less": 0.8401598401598401,
      "n_perms_valid": 1000,
      "delta": 0.05973537688241656,
      "delta_theta_deg": -3.4325491805583823,
      "winS": [
        -0.060000000000000026,
        0.03999999999999998
      ],
      "n_trials": 295,
      "n_valid_trials": 295
    },
    {
      "sid": "20200929",
      "area": "MFEF",
      "monkey": "M",
      "analysis": "axis_shuffle",
      "axes_tag": "axes_peakbin_saccCS-sacc-horizontal-20mssw_nofilter",
      "a_obs": 0.09300934121638729,
      "theta_obs_deg": 84.66324386974823,
      "null_mean": 0.0858314212557719,
      "null_std": 0.06271706623598541,
      "null_median": 0.07330945881462614,
      "null_angle_mean_deg": 85.06379712549749,
      "p_greater": 0.3786213786213786,
      "p_less": 0.6223776223776224,
      "n_perms_valid": 1000,
      "delta": 0.007177919960615398,
      "delta_theta_deg": -0.4005532557492586,
      "winS": [
        -0.02000000000000002,
        0.02999999999999998
      ],
      "n_trials": 268,
      "n_valid_trials": 268
    },
    {
      "sid": "20201001",
      "area": "MFEF",
      "monkey": "M",
      "analysis": "axis_shuffle",
      "axes_tag": "axes_peakbin_saccCS-sacc-horizontal-20mssw_nofilter",
      "a_obs": 0.02567505337303994,
      "theta_obs_deg": 88.52876613113835,
      "null_mean": 0.061159266294894286,
      "null_std": 0.04481820034263207,
      "null_median": 0.054090326106620276,
      "null_angle_mean_deg": 86.48931182955153,
      "p_greater": 0.7422577422577422,
      "p_less": 0.25874125874125875,
      "n_perms_valid": 1000,
      "delta": -0.035484212921854344,
      "delta_theta_deg": 2.0394543015868294,
      "winS": [
        -0.02000000000000002,
        0.02999999999999998
      ],
      "n_trials": 260,
      "n_valid_trials": 260
    },
    {
      "sid": "20201004",
      "area": "MFEF",
      "monkey": "M",
      "analysis": "axis_shuffle",
      "axes_tag": "axes_peakbin_saccCS-sacc-horizontal-20mssw_nofilter",
      "a_obs": 0.05405639057051589,
      "theta_obs_deg": 86.9012865916302,
      "null_mean": 0.0737366143935133,
      "null_std": 0.05641579984677058,
      "null_median": 0.06002089233698528,
      "null_angle_mean_deg": 85.76281257087385,
      "p_greater": 0.5524475524475524,
      "p_less": 0.4485514485514486,
      "n_perms_valid": 1000,
      "delta": -0.01968022382299741,
      "delta_theta_deg": 1.1384740207563482,
      "winS": [
        -0.02000000000000002,
        0.02999999999999998
      ],
      "n_trials": 297,
      "n_valid_trials": 297
    },
    {
      "sid": "20201204",
      "area": "MFEF",
      "monkey": "M",
      "analysis": "axis_shuffle",
      "axes_tag": "axes_peakbin_saccCS-sacc-horizontal-20mssw_nofilter",
      "a_obs": 0.06241504483974397,
      "theta_obs_deg": 86.42155539558603,
      "null_mean": 0.08713727702362821,
      "null_std": 0.06473524194423355,
      "null_median": 0.07544534041214396,
      "null_angle_mean_deg": 84.9878596019811,
      "p_greater": 0.5804195804195804,
      "p_less": 0.4205794205794206,
      "n_perms_valid": 1000,
      "delta": -0.024722232183884238,
      "delta_theta_deg": 1.433695793604926,
      "winS": [
        -0.02000000000000002,
        0.02999999999999998
      ],
      "n_trials": 287,
      "n_valid_trials": 287
    },
    {
      "sid": "20201211",
      "area": "MFEF",
      "monkey": "M",
      "analysis": "axis_shuffle",
      "axes_tag": "axes_peakbin_saccCS-sacc-horizontal-20mssw_nofilter",
      "a_obs": 0.16741001131630162,
      "theta_obs_deg": 80.362734354488,
      "null_mean": 0.10139283964212767,
      "null_std": 0.07249996663548995,
      "null_median": 0.0889549785382879,
      "null_angle_mean_deg": 84.16137232334432,
      "p_greater": 0.17782217782217782,
      "p_less": 0.8231768231768232,
      "n_perms_valid": 1000,