{
  "mode": "same_alignment",
  "axes_tag": "axes_peakbin_saccCS-sacc-horizontal-20mssw_nofilter",
  "n_sessions": 21,
  "mean_a_obs": 0.09510021976507485,
  "mean_null": 0.0905372468738579,
  "mean_delta": 0.0045629728912169295,
  "sem_delta": 0.017494266098131414,
  "mean_theta_obs_deg": 84.51885046852175,
  "mean_theta_null_deg": 84.80461268491311,
  "group_p_less": 0.5965907113119548,
  "group_p_greater": 0.403409765524976,
  "per_session": [
    {
      "sid": "20200327",
      "area": "MFEF",
      "monkey": "M",
      "mode": "same_alignment",
      "axes_tag": "axes_peakbin_saccCS-sacc-horizontal-20mssw_nofilter",
      "a_obs": 0.06863023122014084,
      "theta_obs_deg": 86.06468397697768,
      "null_mean": 0.13648758249331122,
      "null_std": 0.09794782226797508,
      "null_median": 0.12285767003016755,
      "p_less": 0.2934131736526946,
      "p_greater": 0.7085828343313373,
      "p_two_sided": 0.5189620758483033,
      "n_perms_valid": 500,
      "delta": -0.06785735127317039,
      "delta_theta_deg": 3.9093323544471446,
      "theta_null_mean_deg": 82.15535162253053,
      "winS": [
        -0.12000000000000004,
        -0.02000000000000003
      ],
      "n_trials": 291,
      "n_valid_trials": 291
    },
    {
      "sid": "20200328",
      "area": "MFEF",
      "monkey": "M",
      "mode": "same_alignment",
      "axes_tag": "axes_peakbin_saccCS-sacc-horizontal-20mssw_nofilter",
      "a_obs": 0.10399075643384298,
      "theta_obs_deg": 84.03097715447073,
      "null_mean": 0.08876791238561159,
      "null_std": 0.06352050664006004,
      "null_median": 0.07754469523598922,
      "p_less": 0.6506986027944112,
      "p_greater": 0.35129740518962077,
      "p_two_sided": 0.8203592814371258,
      "n_perms_valid": 500,
      "delta": 0.01522284404823139,
      "delta_theta_deg": -0.8762928834999855,
      "theta_null_mean_deg": 84.90727003797072,
      "winS": [
        -0.02000000000000002,
        0.02999999999999998
      ],
      "n_trials": 255,
      "n_valid_trials": 255
    },
    {
      "sid": "20200401",
      "area": "MFEF",
      "monkey": "M",
      "mode": "same_alignment",
      "axes_tag": "axes_peakbin_saccCS-sacc-horizontal-20mssw_nofilter",
      "a_obs": 0.21929771894344052,
      "theta_obs_deg": 77.3322119911112,
      "null_mean": 0.08904334644105197,
      "null_std": 0.06698610966331824,
      "null_median": 0.0732765942362209,
      "p_less": 0.9540918163672655,
      "p_greater": 0.04790419161676647,
      "p_two_sided": 0.04790419161676647,
      "n_perms_valid": 500,
      "delta": 0.13025437250238855,
      "delta_theta_deg": -7.559214096709198,
      "theta_null_mean_deg": 84.89142608782039,
      "winS": [
        -0.02000000000000002,
        0.02999999999999998
      ],
      "n_trials": 257,
      "n_valid_trials": 257
    },
    {
      "sid": "20200402",
      "area": "MFEF",
      "monkey": "M",
      "mode": "same_alignment",
      "axes_tag": "axes_peakbin_saccCS-sacc-horizontal-20mssw_nofilter",
      "a_obs": 0.12496949276636396,
      "theta_obs_deg": 82.82100596875031,
      "null_mean": 0.07774087312964184,
      "null_std": 0.05695734581373354,
      "null_median": 0.06778825979135719,
      "p_less": 0.810379241516966,
      "p_greater": 0.19161676646706588,
      "p_two_sided": 0.4351297405189621,
      "n_perms_valid": 500,
      "delta": 0.04722861963672212,
      "delta_theta_deg": -2.7202712357118912,
      "theta_null_mean_deg": 85.5412772044622,
      "winS": [
        -0.02000000000000002,
        0.02999999999999998
      ],
      "n_trials": 242,
      "n_valid_trials": 242
    },
    {
      "sid": "20200926",
      "area": "MFEF",
      "monkey": "M",
      "mode": "same_alignment",
      "axes_tag": "axes_peakbin_saccCS-sacc-horizontal-20mssw_nofilter",
      "a_obs": 0.13743676981360683,
      "theta_obs_deg": 82.10044981351844,
      "null_mean": 0.0779457797796619,
      "null_std": 0.056944748667693154,
      "null_median": 0.06593047082176057,
      "p_less": 0.8542914171656687,
      "p_greater": 0.14770459081836326,
      "p_two_sided": 0.281437125748503,
      "n_perms_valid": 500,
      "delta": 0.05949099003394494,
      "delta_theta_deg": -3.4290513715820765,
      "theta_null_mean_deg": 85.52950118510051,
      "winS": [
        -0.060000000000000026,
        0.03999999999999998
      ],
      "n_trials": 295,
      "n_valid_trials": 295
    },
    {
      "sid": "20200929",
      "area": "MFEF",
      "monkey": "M",
      "mode": "same_alignment",
      "axes_tag": "axes_peakbin_saccCS-sacc-horizontal-20mssw_nofilter",
      "a_obs": 0.09300934121638729,
      "theta_obs_deg": 84.66324386974823,
      "null_mean": 0.08776254418749936,
      "null_std": 0.06499281544294205,
      "null_median": 0.07299129604911539,
      "p_less": 0.6087824351297405,
      "p_greater": 0.3932135728542914,
      "p_two_sided": 0.9540918163672655,
      "n_perms_valid": 500,
      "delta": 0.005246797028887931,
      "delta_theta_deg": -0.30185523170199247,
      "theta_null_mean_deg": 84.96509910145022,
      "winS": [
        -0.02000000000000002,
        0.02999999999999998
      ],
      "n_trials": 268,
      "n_valid_trials": 268
    },
    {
      "sid": "20201001",
      "area": "MFEF",
      "monkey": "M",
      "mode": "same_alignment",
      "axes_tag": "axes_peakbin_saccCS-sacc-horizontal-20mssw_nofilter",
      "a_obs": 0.02567505337303994,
      "theta_obs_deg": 88.52876613113835,
      "null_mean": 0.0622369758342242,
      "null_std": 0.04475808679960161,
      "null_median": 0.05560164828361726,
      "p_less": 0.2435129740518962,
      "p_greater": 0.7584830339321357,
      "p_two_sided": 0.4411177644710579,
      "n_perms_valid": 500,
      "delta": -0.036561922461184254,
      "delta_theta_deg": 2.0969882589746476,
      "theta_null_mean_deg": 86.4317778721637,
      "winS": [
        -0.02000000000000002,
        0.02999999999999998
      ],
      "n_trials": 260,
      "n_valid_trials": 260
    },
    {
      "sid": "20201004",
      "area": "MFEF",
      "monkey": "M",
      "mode": "same_alignment",
      "axes_tag": "axes_peakbin_saccCS-sacc-horizontal-20mssw_nofilter",
      "a_obs": 0.05405639057051589,
      "theta_obs_deg": 86.9012865916302,
      "null_mean": 0.07271572635126183,
      "null_std": 0.05706255202109775,
      "null_median": 0.05819214668781738,
      "p_less": 0.4530938123752495,
      "p_greater": 0.5489021956087824,
      "p_two_sided": 0.7664670658682635,
      "n_perms_valid": 500,
      "delta": -0.018659335780745946,
      "delta_theta_deg": 1.0712711886098987,
      "theta_null_mean_deg": 85.8300154030203,
      "winS": [
        -0.02000000000000002,
        0.02999999999999998
      ],
      "n_trials": 297,
      "n_valid_trials": 297
    },
    {
      "sid": "20201204",
      "area": "MFEF",
      "monkey": "M",
      "mode": "same_alignment",
      "axes_tag": "axes_peakbin_saccCS-sacc-horizontal-20mssw_nofilter",
      "a_obs": 0.06241504483974397,
      "theta_obs_deg": 86.42155539558603,
      "null_mean": 0.0868978733387332,
      "null_std": 0.06691775536801989,
      "null_median": 0.07438472977837053,
      "p_less": 0.4351297405189621,
      "p_greater": 0.5668662674650699,
      "p_two_sided": 0.7664670658682635,
      "n_perms_valid": 500,
      "delta": -0.024482828498989223,
      "delta_theta_deg": 1.4067242971145077,
      "theta_null_mean_deg": 85.01483109847152,
      "winS": [
        -0.02000000000000002,
        0.02999999999999998
      ],
      "n_trials": 287,
      "n_valid_trials": 287
    },
    {
      "sid": "20201211",
      "area": "MFEF",
      "monkey": "M",
      "mode": "same_alignment",
      "axes_tag": "axes_peakbin_saccCS-sacc-horizontal-20mssw_nofilter",
      "a_obs": 0.16741001131630162,
      "theta_obs_deg": 80.362734354488,
      "null_mean": 0.10233243921753597,
      "null_std": 0.07266917405887653,
      "null_median": 0.08928319986443362,
      "p_less": 0.812375249500998,