{
  "sid": "20231123",
  "align": "sacc",
  "features": [
    "C",
    "S"
  ],
  "winC": [
    -0.3,
    -0.18
  ],
  "winR": null,
  "winS": [
    -0.1,
    -0.03
  ],
  "winT": null,
  "pt_min_ms": 200.0,
  "orientation": "horizontal",
  "areas": [
    "SFEF",
    "SLIP",
    "SSC"
  ],
  "tag": "axes_peakbin_saccCS-sacc-horizontal-20mssw_nofilter",
  "norm": "global",
  "baseline_win": null,
  "clf_binary": "logreg",
  "C_grid": [
    0.1,
    0.3,
    1.0,
    3.0,
    10.0
  ],
  "lda_shrinkage": null,
  "searchC": true,
  "searchS": true,
  "searchT": false,
  "searchR": false,
  "search_step_ms": 20.0,
  "search_len_ms": [
    50.0,
    100.0,
    150.0,
    200.0,
    250.0
  ],
  "search_range_C": "-0.30:-0.05",
  "search_range_S": "-0.20:0.05",
  "search_range_T": null,
  "search_range_R": null,
  "search_score_mode": "peak_bin_auc",
  "search_tiebreak": "shortest_then_closest0",
  "search_tol": 0.01,
  "per_area_results": {
    "SFEF": {
      "winC_selected": [
        -0.12000000000000001,
        -0.07
      ],
      "winC_cv_best": 0.6595382963493199,
      "winC_best_param": 10.0,
      "winC_peak_time_ms": -119.99999918043613,
      "winC_peak_auc": 0.6595382963493199,
      "winC_mean_bin_auc": 0.6290413982343116,
      "winC_cv_auc_original": 0.750206105006105,
      "winS_selected": [
        -0.02000000000000002,
        0.02999999999999998
      ],
      "winS_cv_best": 0.824980388738778,
      "winS_peak_time_ms": 0.0,
      "winS_peak_auc": 0.824980388738778,
      "sC_auc": 0.6595382963493199,
      "n_trials_C": 303
    },
    "SLIP": {
      "winC_selected": [
        -0.1,
        -0.05
      ],
      "winC_cv_best": 0.5862338940586972,
      "winC_best_param": 0.1,
      "winC_peak_time_ms": -99.99999962747097,
      "winC_peak_auc": 0.5862338940586972,
      "winC_mean_bin_auc": 0.5452890121689334,
      "winC_cv_auc_original": 0.5828927960927961,
      "winS_selected": [
        -2.0816681711721685e-17,
        0.04999999999999998
      ],
      "winS_cv_best": 0.9255207879368953,
      "winS_peak_time_ms": 49.999999813735485,
      "winS_peak_auc": 0.9255207879368953,
      "sC_auc": 0.5862338940586972,
      "n_trials_C": 303
    },
    "SSC": {
      "winC_selected": [
        -0.19999999999999998,
        -0.09999999999999998
      ],
      "winC_cv_best": 0.575004473872584,
      "winC_best_param": 10.0,
      "winC_peak_time_ms": -160.0000001490116,
      "winC_peak_auc": 0.575004473872584,
      "winC_mean_bin_auc": 0.5213851109520402,
      "winC_cv_auc_original": 0.5422554334554335,
      "winS_selected": [
        -0.02000000000000002,
        0.02999999999999998
      ],
      "winS_cv_best": 1.0,
      "winS_peak_time_ms": -10.000000009313226,
      "winS_peak_auc": 1.0,
      "sC_auc": 0.575004473872584,
      "n_trials_C": 303
    }
  },
  "rebin_factor": null,
  "sliding_window_ms": 20.0,
  "sliding_step_ms": 10.0,
  "sliding_window_bins": 4,
  "sliding_step_bins": 2
}