{
  "sid": "20230622",
  "area": "SFEF",
  "analysis": "axis_projections",
  "timestamp": "2026-02-03T21:55:23.026144",
  "cos_CS": 0.29098479689546414,
  "angle_CS_deg": 73.08307642858993,
  "n_neurons": 118,
  "var_explained_top10": [
    0.2743099629878998,
    0.149690181016922,
    0.05587640777230263,
    0.0467645525932312,
    0.0365644134581089,
    0.03514667972922325,
    0.029109550639986992,
    0.019783347845077515,
    0.015214662998914719,
    0.013716563582420349
  ],
  "cumvar_top10": [
    0.2743099629878998,
    0.4240001440048218,
    0.4798765480518341,
    0.5266411304473877,
    0.5632055401802063,
    0.5983521938323975,
    0.6274617314338684,
    0.6472450494766235,
    0.6624597311019897,
    0.6761763095855713
  ],
  "proj_C_top10": [
    0.15760173938198999,
    -0.23267806148569228,
    -0.35827792631041533,
    0.13357939450020095,
    0.21698391198152914,
    0.005834870412046836,
    0.17180640245006432,
    -0.09394846470353783,
    -0.10510878073893473,
    0.08200722758712907
  ],
  "proj_S_top10": [
    0.02788222680772454,
    -0.20653654648224753,
    -0.5194582720748413,
    0.005770971813426099,
    -0.4109227652641693,
    -0.11871785733220998,
    0.21798151097126475,
    -0.12124210524915821,
    -0.11581425833477911,
    0.11624843397020751
  ],
  "proj_C_sq_top10": [
    0.024838308256228694,
    0.0541390802967396,
    0.1283630724812914,
    0.017843454635040317,
    0.04708201805880798,
    3.404571272537961e-05,
    0.029517439922833465,
    0.008826314020151894,
    0.011047855788425457,
    0.006725185376527183
  ],
  "proj_S_sq_top10": [
    0.0007774185717573929,
    0.0426573450328136,
    0.26983689642697983,
    3.330411567135852e-05,
    0.1688575190123516,
    0.014093929649550963,
    0.04751593912531562,
    0.014699648085247957,
    0.013412942433634953,
    0.013513698400525695
  ],
  "shared_pcs": [
    {
      "pc": 2,
      "var_explained": 0.05587640777230263,
      "proj_C_sq": 0.1283630724812914,
      "proj_S_sq": 0.26983689642697983,
      "product": 0.03463709309418313
    }
  ],
  "n_shared_pcs": 1,
  "overlap_metric": 0.05026593179085522,
  "eff_shared_dim": 19.894190048257055,
  "top_joint_pcs": [
    2,
    4,
    1
  ],
  "top_joint_scores": [
    0.03463709309418313,
    0.007950152759505051,
    0.0023094294279772214
  ]
}