{
  "sid": "20200402",
  "area": "MFEF",
  "analysis": "axis_projections",
  "timestamp": "2026-02-03T21:55:22.743769",
  "cos_CS": 0.44569508558666704,
  "angle_CS_deg": 63.53218128111437,
  "n_neurons": 80,
  "var_explained_top10": [
    0.19958434998989105,
    0.12915167212486267,
    0.10682781785726547,
    0.05558580905199051,
    0.04603787511587143,
    0.04349362105131149,
    0.036907970905303955,
    0.03476538509130478,
    0.02974451705813408,
    0.020921647548675537
  ],
  "cumvar_top10": [
    0.19958434998989105,
    0.32873600721359253,
    0.4355638325214386,
    0.4911496341228485,
    0.5371875166893005,
    0.5806811451911926,
    0.6175891160964966,
    0.6523544788360596,
    0.6820989847183228,
    0.7030206322669983
  ],
  "proj_C_top10": [
    0.27898632732485407,
    0.6744401524017483,
    0.11374732037588278,
    -0.05627924333191356,
    0.07452805489356412,
    0.00782915021778096,
    0.12531155404402483,
    -0.23720300599580615,
    -0.006947751034677586,
    -0.028709011193125886
  ],
  "proj_S_top10": [
    0.04360772848801766,
    0.5754756721837898,
    -0.023505256643471084,
    -0.025743139213562916,
    -0.0020676696984538723,
    -0.09479402388185873,
    0.10936790092934179,
    0.25261877280074296,
    0.1810878146344581,
    -0.1622118309134309
  ],
  "proj_C_sq_top10": [
    0.07783337083421062,
    0.45486951917169344,
    0.012938452892693719,
    0.0031673532300127366,
    0.005554430966218107,
    6.129559313257965e-05,
    0.015702985576928556,
    0.05626526605344645,
    4.8271244439863464e-05,
    0.0008242073236870275
  ],
  "proj_S_sq_top10": [
    0.001901633983884667,
    0.3311722492753847,
    0.0005524970898754415,
    0.0006627092165688807,
    4.2752579819043274e-06,
    0.008985906963714404,
    0.011961337753690321,
    0.06381624437135339,
    0.03279279660908386,
    0.02631267808828749
  ],
  "shared_pcs": [
    {
      "pc": 1,
      "var_explained": 0.12915167212486267,
      "proj_C_sq": 0.45486951917169344,
      "proj_S_sq": 0.3311722492753847,
      "product": 0.15064016179090242
    }
  ],
  "n_shared_pcs": 1,
  "overlap_metric": 0.16202442620652333,
  "eff_shared_dim": 6.171908911594336,
  "top_joint_pcs": [
    1,
    11,
    7
  ],
  "top_joint_scores": [
    0.15064016179090242,
    0.00530232975693043,
    0.003590637968085953
  ]
}