{
  "sid": "20200401",
  "area": "MFEF",
  "analysis": "axis_projections",
  "timestamp": "2026-02-03T21:55:22.716471",
  "cos_CS": 0.708754213376885,
  "angle_CS_deg": 44.866355105356185,
  "n_neurons": 71,
  "var_explained_top10": [
    0.1772974133491516,
    0.10463842004537582,
    0.09527107328176498,
    0.056452348828315735,
    0.04676719754934311,
    0.043752774596214294,
    0.04097936674952507,
    0.03295586258172989,
    0.030389126390218735,
    0.026142144575715065
  ],
  "cumvar_top10": [
    0.1772974133491516,
    0.28193584084510803,
    0.3772069215774536,
    0.43365925550460815,
    0.48042646050453186,
    0.524179220199585,
    0.5651586055755615,
    0.5981144905090332,
    0.6285036206245422,
    0.6546457409858704
  ],
  "proj_C_top10": [
    0.659776730094174,
    -0.45694357033031135,
    0.2536518085115815,
    -0.03523621380504338,
    -0.19787078510018477,
    0.06569305799755637,
    0.19847128502129754,
    -0.010279164367804863,
    -0.0404062117628239,
    0.193022233229506
  ],
  "proj_S_top10": [
    0.4266648287627919,
    -0.5122194048304128,
    0.28509916210982644,
    0.08904266061504677,
    -0.07947466028213178,
    -0.058190341133970265,
    0.24848250802206776,
    -0.16771382956830952,
    0.19344273167358367,
    0.06668129792808278
  ],
  "proj_C_sq_top10": [
    0.43530533357376056,
    0.2087974264662122,
    0.064339239961196,
    0.0012415907633147299,
    0.039152847596163505,
    0.0043155778690703046,
    0.039390850978005126,
    0.00010566122010034915,
    0.0016326619490221685,
    0.037257582520905816
  ],
  "proj_S_sq_top10": [
    0.1820428761031825,
    0.26236871868482237,
    0.0812815322357251,
    0.007928595409406401,
    0.006316221626960255,
    0.003386115801287832,
    0.061743556792936964,
    0.028127928628467972,
    0.03742009043733809,
    0.0044463954933737365
  ],
  "shared_pcs": [
    {
      "pc": 0,
      "var_explained": 0.1772974133491516,
      "proj_C_sq": 0.43530533357376056,
      "proj_S_sq": 0.1820428761031825,
      "product": 0.07924423490682263
    },
    {
      "pc": 1,
      "var_explained": 0.10463842004537582,
      "proj_C_sq": 0.2087974264662122,
      "proj_S_sq": 0.26236871868482237,
      "product": 0.05478191324662851
    }
  ],
  "n_shared_pcs": 2,
  "overlap_metric": 0.14381424078240584,
  "eff_shared_dim": 6.953414311125296,
  "top_joint_pcs": [
    0,
    1,
    2
  ],
  "top_joint_scores": [
    0.07924423490682263,
    0.05478191324662851,
    0.005229592006928005
  ]
}