{
  "sid": "20200929",
  "area": "MFEF",
  "analysis": "axis_projections",
  "timestamp": "2026-02-03T21:55:22.812336",
  "cos_CS": 0.2672675307417047,
  "angle_CS_deg": 74.49826650748604,
  "n_neurons": 76,
  "var_explained_top10": [
    0.24032844603061676,
    0.11797504872083664,
    0.08853017538785934,
    0.05652530491352081,
    0.04275963082909584,
    0.03689110651612282,
    0.03614892438054085,
    0.02945559099316597,
    0.022756023332476616,
    0.020191648975014687
  ],
  "cumvar_top10": [
    0.24032844603061676,
    0.3583034873008728,
    0.44683367013931274,
    0.5033589601516724,
    0.5461186170578003,
    0.5830097198486328,
    0.6191586256027222,
    0.648614227771759,
    0.671370267868042,
    0.6915619373321533
  ],
  "proj_C_top10": [
    0.3005392668952849,
    0.31874430308496204,
    0.5000188304136481,
    -0.4004522709264872,
    -0.0554504878981032,
    -0.014301826088692769,
    0.11672807060105277,
    0.07723416931336058,
    0.24833702944886699,
    -0.25996112427211465
  ],
  "proj_S_top10": [
    0.5330591698597411,
    0.05950476897118032,
    0.5096224268369249,
    0.5209712536517037,
    0.0647976866031349,
    0.030780436567463453,
    -2.247921781516754e-05,
    0.020674487023153686,
    0.18743460670926299,
    0.05523441855967576
  ],
  "proj_C_sq_top10": [
    0.09032385094595527,
    0.10159793074911815,
    0.2500188307682326,
    0.16036202129018073,
    0.0030747566081376896,
    0.0002045422294712131,
    0.013625442466244359,
    0.005965116909524849,
    0.06167128019548743,
    0.06757978613282184
  ],
  "proj_S_sq_top10": [
    0.28415207857155633,
    0.0035408175303135447,
    0.2597150179351569,
    0.27141104713142783,
    0.004198740189118088,
    0.0009474352752836413,
    5.053152335817457e-10,
    0.00042743441367055015,
    0.03513173179225609,
    0.0030508409936254536
  ],
  "shared_pcs": [
    {
      "pc": 2,
      "var_explained": 0.08853017538785934,
      "proj_C_sq": 0.2500188307682326,
      "proj_S_sq": 0.2597150179351569,
      "product": 0.06493364511709848
    },
    {
      "pc": 3,
      "var_explained": 0.05652530491352081,
      "proj_C_sq": 0.16036202129018073,
      "proj_S_sq": 0.27141104713142783,
      "product": 0.043524024118480276
    }
  ],
  "n_shared_pcs": 2,
  "overlap_metric": 0.137366621945195,
  "eff_shared_dim": 7.279788829625357,
  "top_joint_pcs": [
    2,
    3,
    0
  ],
  "top_joint_scores": [
    0.06493364511709848,
    0.043524024118480276,
    0.025665709990880626
  ]
}