{
  "sid": "20201001",
  "area": "MFEF",
  "analysis": "axis_projections",
  "timestamp": "2026-02-03T21:55:22.844911",
  "cos_CS": 0.42925565683678535,
  "angle_CS_deg": 64.57966847102144,
  "n_neurons": 139,
  "var_explained_top10": [
    0.219502791762352,
    0.10267279297113419,
    0.07839837670326233,
    0.04543563351035118,
    0.04213830456137657,
    0.028224634006619453,
    0.026180900633335114,
    0.02243473380804062,
    0.019548531621694565,
    0.018085716292262077
  ],
  "cumvar_top10": [
    0.219502791762352,
    0.3221755921840668,
    0.4005739688873291,
    0.4460096061229706,
    0.48814791440963745,
    0.516372561454773,
    0.5425534844398499,
    0.5649881958961487,
    0.5845367312431335,
    0.6026224493980408
  ],
  "proj_C_top10": [
    0.1483367812273813,
    0.6337292544976668,
    0.2359027500946479,
    0.1557971398418422,
    0.2867156426318445,
    0.1812586164365735,
    -0.007496709077695345,
    -0.054184456020873385,
    -0.17103784962330296,
    -0.05885438811248312
  ],
  "proj_S_top10": [
    0.23222809191784144,
    0.501594038973182,
    0.2601931866324763,
    0.17039475537416038,
    -0.18214908506006514,
    0.45231705202841205,
    -0.12944218282256226,
    0.19946101052192175,
    0.14421652475388683,
    -0.10276321831436706
  ],
  "proj_C_sq_top10": [
    0.022003800664899983,
    0.4016127680061686,
    0.055650107502217896,
    0.024272748782898538,
    0.08220585972979158,
    0.03285468603250088,
    5.6200646995599786e-05,
    0.002935955274277962,
    0.029253946003763596,
    0.0034638390000947946
  ],
  "proj_S_sq_top10": [
    0.05392988667580141,
    0.25159657993343004,
    0.06770049436996266,
    0.029034372659019956,
    0.03317828918821884,
    0.2045907155556732,
    0.01675527869386963,
    0.03978469471842618,
    0.02079840601208845,
    0.010560279038326266
  ],
  "shared_pcs": [
    {
      "pc": 1,
      "var_explained": 0.10267279297113419,
      "proj_C_sq": 0.4016127680061686,
      "proj_S_sq": 0.25159657993343004,
      "product": 0.10104439888795008
    }
  ],
  "n_shared_pcs": 1,
  "overlap_metric": 0.11776116202910762,
  "eff_shared_dim": 8.49176403127565,
  "top_joint_pcs": [
    1,
    5,
    2
  ],
  "top_joint_scores": [
    0.10104439888795008,
    0.006721763724746336,
    0.0037675397896417195
  ]
}