{
  "sid": "20200929",
  "align": "sacc",
  "features": [
    "C",
    "S"
  ],
  "winC": [
    -0.3,
    -0.18
  ],
  "winR": null,
  "winS": [
    -0.1,
    -0.03
  ],
  "winT": null,
  "pt_min_ms": 200.0,
  "orientation": "vertical",
  "areas": [
    "MFEF",
    "MLIP",
    "MSC"
  ],
  "tag": "axes_peakbin_saccCS-sacc-vertical-20mssw_nofilter",
  "norm": "global",
  "baseline_win": null,
  "clf_binary": "logreg",
  "C_grid": [
    0.1,
    0.3,
    1.0,
    3.0,
    10.0
  ],
  "lda_shrinkage": null,
  "searchC": true,
  "searchS": true,
  "searchT": false,
  "searchR": false,
  "search_step_ms": 20.0,
  "search_len_ms": [
    50.0,
    100.0,
    150.0,
    200.0,
    250.0
  ],
  "search_range_C": "-0.20:0.05",
  "search_range_S": "-0.20:0.05",
  "search_range_T": null,
  "search_range_R": null,
  "search_score_mode": "peak_bin_auc",
  "search_tiebreak": "shortest_then_closest0",
  "search_tol": 0.01,
  "per_area_results": {
    "MFEF": {
      "winC_selected": [
        -0.02000000000000002,
        0.02999999999999998
      ],
      "winC_cv_best": 0.9567922874671341,
      "winC_best_param": 0.1,
      "winC_peak_time_ms": -10.000000009313226,
      "winC_peak_auc": 0.9567922874671341,
      "winC_mean_bin_auc": 0.9484333917616126,
      "winC_cv_auc_original": 0.96973079004329,
      "winS_selected": [
        -0.02000000000000002,
        0.02999999999999998
      ],
      "winS_cv_best": 0.9801937003751855,
      "winS_peak_time_ms": 20.000000251457095,
      "winS_peak_auc": 0.9801937003751855,
      "sC_auc": 0.9567922874671341,
      "n_trials_C": 303
    },
    "MLIP": {
      "winC_selected": [
        -2.0816681711721685e-17,
        0.04999999999999998
      ],
      "winC_cv_best": 0.8042944785276074,
      "winC_best_param": 1.0,
      "winC_peak_time_ms": 40.0000000372529,
      "winC_peak_auc": 0.8042944785276074,
      "winC_mean_bin_auc": 0.7467134092900963,
      "winC_cv_auc_original": 0.8834280303030303,
      "winS_selected": [
        -2.0816681711721685e-17,
        0.04999999999999998
      ],
      "winS_cv_best": 0.999738242736236,
      "winS_peak_time_ms": 49.999999813735485,
      "winS_peak_auc": 0.999738242736236,
      "sC_auc": 0.8042944785276074,
      "n_trials_C": 303
    },
    "MSC": {
      "winC_selected": [
        -0.14000000000000004,
        -0.040000000000000036
      ],
      "winC_cv_best": 0.5843996494303243,
      "winC_best_param": 10.0,
      "winC_peak_time_ms": -99.99999962747097,
      "winC_peak_auc": 0.5843996494303243,
      "winC_mean_bin_auc": 0.532947573898494,
      "winC_cv_auc_original": 0.5874763257575757,
      "winS_selected": [
        -2.0816681711721685e-17,
        0.04999999999999998
      ],
      "winS_cv_best": 0.6064697670360353,
      "winS_peak_time_ms": 40.0000000372529,
      "winS_peak_auc": 0.6064697670360353,
      "sC_auc": 0.5843996494303243,
      "n_trials_C": 303
    }
  },
  "rebin_factor": null,
  "sliding_window_ms": 20.0,
  "sliding_step_ms": 10.0,
  "sliding_window_bins": 4,
  "sliding_step_bins": 2
}