{
  "time": [
    -0.39500001072883606,
    -0.38499999046325684,
    -0.375,
    -0.36500000953674316,
    -0.35499998927116394,
    -0.3449999988079071,
    -0.33500000834465027,
    -0.32499998807907104,
    -0.3149999976158142,
    -0.3050000071525574,
    -0.29500000178813934,
    -0.2849999964237213,
    -0.2750000059604645,
    -0.26500000059604645,
    -0.2549999952316284,
    -0.24500000476837158,
    -0.23499999940395355,
    -0.22500000149011612,
    -0.2150000035762787,
    -0.20499999821186066,
    -0.19500000029802322,
    -0.1850000023841858,
    -0.17499999701976776,
    -0.16499999910593033,
    -0.1550000011920929,
    -0.14499999582767487,
    -0.13499999791383743,
    -0.125,
    -0.11499999836087227,
    -0.10500000044703484,
    -0.0949999988079071,
    -0.08500000089406967,
    -0.07499999925494194,
    -0.06500000134110451,
    -0.054999999701976776,
    -0.044999999925494194,
    -0.03500000014901161,
    -0.02500000037252903,
    -0.01500000013038516,
    -0.004999999888241291,
    0.004999999888241291,
    0.01500000013038516,
    0.02500000037252903,
    0.03500000014901161,
    0.044999999925494194,
    0.054999999701976776,
    0.06500000134110451,
    0.07499999925494194,
    0.08500000089406967,
    0.0949999988079071,
    0.10500000044703484,
    0.11499999836087227,
    0.125,
    0.13499999791383743,
    0.14499999582767487,
    0.1550000011920929,
    0.16499999910593033,
    0.17499999701976776,
    0.1850000023841858,
    0.19500000029802322,
    0.20499999821186066,
    0.2150000035762787,
    0.22500000149011612,
    0.23499999940395355,
    0.24500000476837158,
    0.2549999952316284,
    0.26500000059604645,
    0.2750000059604645,
    0.2849999964237213,
    0.29500000178813934
  ],
  "auc_C": null,
  "auc_S_raw": [
    0.4744363289933312,
    0.5469725838890653,
    0.45977559013443425,
    0.5177304964539007,
    0.5440086800042341,
    0.49155816661373974,
    0.4870858473589499,
    0.47927913623372503,
    0.4932518259765005,
    0.5376309939663385,
    0.5239229384989944,
    0.5485074626865671,
    0.5054514660738859,
    0.4632158357150418,
    0.5617391764581349,
    0.5297978194135704,
    0.5512067322959671,
    0.5454641685191066,
    0.5498835609188102,
    0.5113263469884619,
    0.541044776119403,
    0.519741716947179,
    0.5086800042341484,
    0.5531914893617023,
    0.5335820895522388,
    0.4951836561871494,
    0.6050862707737906,
    0.5615539324653329,
    0.5491161215200593,
    0.6003757806711125,
    0.5566581983698529,
    0.6243781094527364,
    0.6546522705620832,
    0.6600508097808828,
    0.7566952471684132,
    0.7438075579549063,
    0.7536254895734095,
    0.8786916481422674,
    0.9667354715782789,
    0.9894675558378321,
    0.9591140044458559,
    0.8554038319043081,
    0.8498200486927067,
    0.8709114004445855,
    0.8675770085741504,
    0.8170318619667619,
    0.762517201227903,
    0.7641050068804912,
    0.7255213295225997,
    0.7481475600719805,
    0.735127553720758,
    0.6924685085212237,
    0.6682280088917115,
    0.7053297343071874,
    0.676114110299566,
    0.6921774108182492,
    0.6965438763628666,
    0.650523975865354,
    0.6281359161638614,
    0.6237959140467874,
    0.6127871281888431,
    0.5816132105430296,
    0.5248756218905473,
    0.5560230761088176,
    0.5151106171271304,
    0.4743304752831587,
    0.46313644543241245,
    0.509950248756219,
    0.4788027945379486,
    0.446834974065841
  ],
  "auc_S_inv": [
    0.4744363289933312,
    0.5469725838890653,
    0.45977559013443425,
    0.5177304964539007,
    0.5440086800042341,
    0.49155816661373974,
    0.4870858473589499,
    0.47927913623372503,
    0.4932518259765005,
    0.5376309939663385,
    0.5239229384989944,
    0.5485074626865671,
    0.5054514660738859,
    0.4632158357150418,
    0.5617391764581349,
    0.5297978194135704,
    0.5512067322959671,
    0.5454641685191066,
    0.5498835609188102,
    0.5113263469884619,
    0.541044776119403,
    0.519741716947179,
    0.5086800042341484,
    0.5531914893617023,
    0.5335820895522388,
    0.4951836561871494,
    0.6050862707737906,
    0.5615539324653329,
    0.5491161215200593,
    0.6003757806711125,
    0.5566581983698529,
    0.6243781094527364,
    0.6546522705620832,
    0.6600508097808828,
    0.7566952471684132,
    0.7438075579549063,
    0.7536254895734095,
    0.8786916481422674,
    0.9667354715782789,
    0.9894675558378321,
    0.9591140044458559,
    0.8554038319043081,
    0.8498200486927067,
    0.8709114004445855,
    0.8675770085741504,
    0.8170318619667619,
    0.762517201227903,
    0.7641050068804912,
    0.7255213295225997,
    0.7481475600719805,
    0.735127553720758,
    0.6924685085212237,
    0.6682280088917115,
    0.7053297343071874,
    0.676114110299566,
    0.6921774108182492,
    0.6965438763628666,
    0.650523975865354,
    0.6281359161638614,
    0.6237959140467874,
    0.6127871281888431,
    0.5816132105430296,
    0.5248756218905473,
    0.5560230761088176,
    0.5151106171271304,
    0.4743304752831587,
    0.46313644543241245,
    0.509950248756219,
    0.4788027945379486,
    0.446834974065841
  ],
  "acc_R_macro": null,
  "auc_T": null,
  "latencies_ms": {
    "C": null,
    "S_raw": -85.00000089406967,
    "S_inv": -85.00000089406967,
    "T": null
  },
  "meta": {
    "align": "sacc",
    "orientation": "horizontal",
    "pt_min_ms": 200.0,
    "n_trials": 275,
    "n_bins": 70,
    "n_units": 27,
    "thr": 0.6,
    "k_bins": 5,
    "norm": "global",
    "baseline_win": null,
    "used_axes_mu_sd": false
  }
}