{
  "time": [
    -0.39500001072883606,
    -0.38499999046325684,
    -0.375,
    -0.36500000953674316,
    -0.35499998927116394,
    -0.3449999988079071,
    -0.33500000834465027,
    -0.32499998807907104,
    -0.3149999976158142,
    -0.3050000071525574,
    -0.29500000178813934,
    -0.2849999964237213,
    -0.2750000059604645,
    -0.26500000059604645,
    -0.2549999952316284,
    -0.24500000476837158,
    -0.23499999940395355,
    -0.22500000149011612,
    -0.2150000035762787,
    -0.20499999821186066,
    -0.19500000029802322,
    -0.1850000023841858,
    -0.17499999701976776,
    -0.16499999910593033,
    -0.1550000011920929,
    -0.14499999582767487,
    -0.13499999791383743,
    -0.125,
    -0.11499999836087227,
    -0.10500000044703484,
    -0.0949999988079071,
    -0.08500000089406967,
    -0.07499999925494194,
    -0.06500000134110451,
    -0.054999999701976776,
    -0.044999999925494194,
    -0.03500000014901161,
    -0.02500000037252903,
    -0.01500000013038516,
    -0.004999999888241291,
    0.004999999888241291,
    0.01500000013038516,
    0.02500000037252903,
    0.03500000014901161,
    0.044999999925494194,
    0.054999999701976776,
    0.06500000134110451,
    0.07499999925494194,
    0.08500000089406967,
    0.0949999988079071,
    0.10500000044703484,
    0.11499999836087227,
    0.125,
    0.13499999791383743,
    0.14499999582767487,
    0.1550000011920929,
    0.16499999910593033,
    0.17499999701976776,
    0.1850000023841858,
    0.19500000029802322,
    0.20499999821186066,
    0.2150000035762787,
    0.22500000149011612,
    0.23499999940395355,
    0.24500000476837158,
    0.2549999952316284,
    0.26500000059604645,
    0.2750000059604645,
    0.2849999964237213,
    0.29500000178813934
  ],
  "auc_C": null,
  "auc_S_raw": [
    0.4686937652164709,
    0.5137345188948873,
    0.5517624642743728,
    0.5638297872340425,
    0.5694400338731872,
    0.4697523023181962,
    0.5201386683603261,
    0.5438498994389753,
    0.45723510109029325,
    0.45236583042235634,
    0.5426590451995342,
    0.4765269397692389,
    0.45503863660421306,
    0.604768709643273,
    0.5290303800148195,
    0.47957023393669945,
    0.5337408701174976,
    0.4522864401397269,
    0.57174235206944,
    0.47022864401397274,
    0.5108500052926855,
    0.5473695353022123,
    0.584444797290145,
    0.539483433894358,
    0.5179686673017889,
    0.5215676934476554,
    0.5647295437705091,
    0.6095585900285805,
    0.5693606435905578,
    0.5803694294485021,
    0.5812162591298825,
    0.546522705620832,
    0.6404943368265057,
    0.6170742034508309,
    0.6142690801312586,
    0.6476129988356092,
    0.6599978829257965,
    0.5921985815602837,
    0.6755583783211602,
    0.6245898168730813,
    0.7004340002117075,
    0.6761670371546523,
    0.6793426484598285,
    0.6380861649200804,
    0.6936593627606649,
    0.6427437281676722,
    0.6833386260188421,
    0.6577484915846301,
    0.633878479940722,
    0.6727267915740447,
    0.5928866306764052,
    0.6430083624431036,
    0.5430295331851381,
    0.6019371228961575,
    0.5744416216788399,
    0.6037895628241771,
    0.594791997459511,
    0.6013813909177517,
    0.6106700539853922,
    0.5874087011749762,
    0.5466550227585478,
    0.5650471049010268,
    0.6007991955118027,
    0.590504922197523,
    0.6281888430189478,
    0.5570286863554568,
    0.5634063723933523,
    0.5479252672806182,
    0.6037630993966339,
    0.5759235736212553
  ],
  "auc_S_inv": [
    0.4686937652164709,
    0.5137345188948873,
    0.5517624642743728,
    0.5638297872340425,
    0.5694400338731872,
    0.4697523023181962,
    0.5201386683603261,
    0.5438498994389753,
    0.45723510109029325,
    0.45236583042235634,
    0.5426590451995342,
    0.4765269397692389,
    0.45503863660421306,
    0.604768709643273,
    0.5290303800148195,
    0.47957023393669945,
    0.5337408701174976,
    0.4522864401397269,
    0.57174235206944,
    0.47022864401397274,
    0.5108500052926855,
    0.5473695353022123,
    0.584444797290145,
    0.539483433894358,
    0.5179686673017889,
    0.5215676934476554,
    0.5647295437705091,
    0.6095585900285805,
    0.5693606435905578,
    0.5803694294485021,
    0.5812162591298825,
    0.546522705620832,
    0.6404943368265057,
    0.6170742034508309,
    0.6142690801312586,
    0.6476129988356092,
    0.6599978829257965,
    0.5921985815602837,
    0.6755583783211602,
    0.6245898168730813,
    0.7004340002117075,
    0.6761670371546523,
    0.6793426484598285,
    0.6380861649200804,
    0.6936593627606649,
    0.6427437281676722,
    0.6833386260188421,
    0.6577484915846301,
    0.633878479940722,
    0.6727267915740447,
    0.5928866306764052,
    0.6430083624431036,
    0.5430295331851381,
    0.6019371228961575,
    0.5744416216788399,
    0.6037895628241771,
    0.594791997459511,
    0.6013813909177517,
    0.6106700539853922,
    0.5874087011749762,
    0.5466550227585478,
    0.5650471049010268,
    0.6007991955118027,
    0.590504922197523,
    0.6281888430189478,
    0.5570286863554568,
    0.5634063723933523,
    0.5479252672806182,
    0.6037630993966339,
    0.5759235736212553
  ],
  "acc_R_macro": null,
  "auc_T": null,
  "latencies_ms": {
    "C": null,
    "S_raw": -74.99999925494194,
    "S_inv": -74.99999925494194,
    "T": null
  },
  "meta": {
    "align": "sacc",
    "orientation": "horizontal",
    "pt_min_ms": 200.0,
    "n_trials": 275,
    "n_bins": 70,
    "n_units": 77,
    "thr": 0.6,
    "k_bins": 5,
    "norm": "global",
    "baseline_win": null,
    "used_axes_mu_sd": false
  }
}