{
  "sid": "20230627",
  "area": "SFEF",
  "monkey": "S",
  "analysis": "cross_alignment",
  "align_C": "stim",
  "axes_tag_C": "axes_peakbin_stimC-stim-pooled-20mssw_nofilter",
  "orientation_C": "pooled",
  "align_S": "sacc",
  "axes_tag_S": "axes_peakbin_saccCS-sacc-pooled-20mssw_nofilter",
  "orientation_S": "pooled",
  "a_obs": 0.18677740914512173,
  "theta_obs_deg": 79.23522310441625,
  "null_mean": 0.21621503743271409,
  "null_std": 0.13159190107868346,
  "null_angle_mean_deg": 77.38987718180634,
  "p_orth": 0.45054945054945056,
  "p_align": 0.5504495504495505,
  "n_perms_valid": 1000,
  "delta": -0.02943762828759236,
  "delta_theta_deg": 1.8453459226099085,
  "z_score": -0.22370395173476945,
  "manifold_dim": 46,
  "D_eff": 4.002035923670451,
  "expected_cos": 0.39884079213750556,
  "expected_angle_deg": 66.49426922250524,
  "D_C_shape": [
    68,
    100
  ],
  "D_S_shape": [
    68,
    100
  ],
  "use_rich_cond": false,
  "win_C": [
    0.0,
    0.5
  ],
  "win_S": [
    -0.2,
    0.05
  ],
  "pt_min_ms": 200.0,
  "n_trials_C": 1102,
  "n_trials_S": 1102
}