{
  "sid": "20230622",
  "area": "SFEF",
  "monkey": "S",
  "analysis": "cross_alignment",
  "align_C": "stim",
  "axes_tag_C": "axes_peakbin_stimC-stim-pooled-20mssw_nofilter",
  "orientation_C": "pooled",
  "align_S": "sacc",
  "axes_tag_S": "axes_peakbin_saccCS-sacc-pooled-20mssw_nofilter",
  "orientation_S": "pooled",
  "a_obs": 0.10878228207849182,
  "theta_obs_deg": 83.75487576622302,
  "null_mean": 0.12850476982763614,
  "null_std": 0.08258487722619806,
  "null_angle_mean_deg": 82.58748790214173,
  "p_orth": 0.44955044955044954,
  "p_align": 0.5514485514485514,
  "n_perms_valid": 1000,
  "delta": -0.019722487749144327,
  "delta_theta_deg": 1.1673878640812916,
  "z_score": -0.23881476138936297,
  "manifold_dim": 87,
  "D_eff": 3.9831404739049456,
  "expected_cos": 0.3997856947318415,
  "expected_angle_deg": 66.43521809379185,
  "D_C_shape": [
    118,
    100
  ],
  "D_S_shape": [
    118,
    100
  ],
  "use_rich_cond": false,
  "win_C": [
    0.0,
    0.5
  ],
  "win_S": [
    -0.2,
    0.05
  ],
  "pt_min_ms": 200.0,
  "n_trials_C": 1095,
  "n_trials_S": 1095
}