{
  "sid": "20200402",
  "area": "MFEF",
  "monkey": "M",
  "analysis": "cross_alignment",
  "align_C": "stim",
  "axes_tag_C": "axes_peakbin_stimC-stim-pooled-20mssw_nofilter",
  "orientation_C": "pooled",
  "align_S": "sacc",
  "axes_tag_S": "axes_peakbin_saccCS-sacc-pooled-20mssw_nofilter",
  "orientation_S": "pooled",
  "a_obs": 0.11629375143207266,
  "theta_obs_deg": 83.32174772951086,
  "null_mean": 0.2063119276374505,
  "null_std": 0.14096774650359642,
  "null_angle_mean_deg": 77.94665234517367,
  "p_orth": 0.33266733266733267,
  "p_align": 0.6683316683316683,
  "n_perms_valid": 1000,
  "delta": -0.09001817620537783,
  "delta_theta_deg": 5.375095384337186,
  "z_score": -0.6385728539902654,
  "manifold_dim": 44,
  "D_eff": 4.760494323172741,
  "expected_cos": 0.36569080095172196,
  "expected_angle_deg": 68.54989804642813,
  "D_C_shape": [
    80,
    40
  ],
  "D_S_shape": [
    80,
    28
  ],
  "use_rich_cond": false,
  "win_C": [
    0.1,
    0.3
  ],
  "win_S": [
    -0.1,
    -0.03
  ],
  "pt_min_ms": 200.0,
  "n_trials_C": 466,
  "n_trials_S": 466
}