{
  "sid": "20231205",
  "area": "SFEF",
  "monkey": "S",
  "analysis": "cross_alignment",
  "align_C": "stim",
  "axes_tag_C": "axes_peakbin_stimC-stim-pooled-20mssw_nofilter",
  "orientation_C": "pooled",
  "align_S": "sacc",
  "axes_tag_S": "axes_peakbin_saccCS-sacc-pooled-20mssw_nofilter",
  "orientation_S": "pooled",
  "a_obs": 0.11324577924244814,
  "theta_obs_deg": 83.49754539343773,
  "null_mean": 0.10873256487511486,
  "null_std": 0.07871285319801423,
  "null_angle_mean_deg": 83.73378394253535,
  "p_orth": 0.5824175824175825,
  "p_align": 0.41858141858141856,
  "n_perms_valid": 1000,
  "delta": 0.004513214367333276,
  "delta_theta_deg": -0.23623854909762088,
  "z_score": 0.057337705139205095,
  "manifold_dim": 89,
  "D_eff": 11.94703396239507,
  "expected_cos": 0.2308394401447906,
  "expected_angle_deg": 76.6535018759429,
  "D_C_shape": [
    104,
    100
  ],
  "D_S_shape": [
    104,
    100
  ],
  "use_rich_cond": false,
  "win_C": [
    0.0,
    0.5
  ],
  "win_S": [
    -0.2,
    0.05
  ],
  "pt_min_ms": 200.0,
  "n_trials_C": 159,
  "n_trials_S": 159
}