{
  "sid": "20230627",
  "area": "SFEF",
  "monkey": "S",
  "analysis": "cross_alignment",
  "align_C": "stim",
  "axes_tag_C": "axes_peakbin_stimC-stim-pooled-20mssw_nofilter",
  "orientation_C": "pooled",
  "align_S": "sacc",
  "axes_tag_S": "axes_peakbin_saccCS-sacc-pooled-20mssw_nofilter",
  "orientation_S": "pooled",
  "a_obs": 0.2645504387662174,
  "theta_obs_deg": 74.65975848527559,
  "null_mean": 0.34735901487273896,
  "null_std": 0.17930319416788373,
  "null_angle_mean_deg": 69.27866201896043,
  "p_orth": 0.33166833166833165,
  "p_align": 0.6693306693306693,
  "n_perms_valid": 1000,
  "delta": -0.08280857610652154,
  "delta_theta_deg": 5.381096466315157,
  "z_score": -0.46183547644436757,
  "manifold_dim": 26,
  "D_eff": 1.9893572122296685,
  "expected_cos": 0.565696738847511,
  "expected_angle_deg": 55.549311903551626,
  "D_C_shape": [
    68,
    102
  ],
  "D_S_shape": [
    68,
    52
  ],
  "use_rich_cond": false,
  "null_mode": "s_epoch",
  "win_C": [
    0.0,
    0.5
  ],
  "win_S": [
    -0.2,
    0.05
  ],
  "pt_min_ms": 200.0,
  "n_trials_C": 1102,
  "n_trials_S": 1102
}