{
  "sid": "20201204",
  "area": "MFEF",
  "monkey": "M",
  "analysis": "cross_alignment",
  "align_C": "stim",
  "axes_tag_C": "axes_peakbin_stimC-stim-pooled-20mssw_nofilter",
  "orientation_C": "pooled",
  "align_S": "sacc",
  "axes_tag_S": "axes_peakbin_saccCS-sacc-pooled-20mssw_nofilter",
  "orientation_S": "pooled",
  "a_obs": 0.17560588382792505,
  "theta_obs_deg": 79.88608127855838,
  "null_mean": 0.1311862799484042,
  "null_std": 0.0984227270425638,
  "null_angle_mean_deg": 82.41509584043796,
  "p_orth": 0.7102897102897103,
  "p_align": 0.2907092907092907,
  "n_perms_valid": 1000,
  "delta": 0.04441960387952085,
  "delta_theta_deg": -2.5290145618795776,
  "z_score": 0.4513145003624131,
  "manifold_dim": 45,
  "D_eff": 6.135288789839974,
  "expected_cos": 0.3221236092550847,
  "expected_angle_deg": 71.20859950894129,
  "D_C_shape": [
    59,
    100
  ],
  "D_S_shape": [
    59,
    100
  ],
  "use_rich_cond": false,
  "win_C": [
    0.0,
    0.5
  ],
  "win_S": [
    -0.2,
    0.05
  ],
  "pt_min_ms": 200.0,
  "n_trials_C": 525,
  "n_trials_S": 525
}