{
  "sid": "20201211",
  "area": "MFEF",
  "monkey": "M",
  "analysis": "cross_alignment",
  "align_C": "stim",
  "axes_tag_C": "axes_peakbin_stimC-stim-pooled-20mssw_nofilter",
  "orientation_C": "pooled",
  "align_S": "sacc",
  "axes_tag_S": "axes_peakbin_saccCS-sacc-pooled-20mssw_nofilter",
  "orientation_S": "pooled",
  "a_obs": 0.31048949669636183,
  "theta_obs_deg": 71.91126769783185,
  "null_mean": 0.1352870220804274,
  "null_std": 0.08997346132251316,
  "null_angle_mean_deg": 82.18651805979744,
  "p_orth": 0.9590409590409591,
  "p_align": 0.04195804195804196,
  "n_perms_valid": 1000,
  "delta": 0.17520247461593444,
  "delta_theta_deg": -10.27525036196559,
  "z_score": 1.9472683615884774,
  "manifold_dim": 47,
  "D_eff": 5.480869113939532,
  "expected_cos": 0.34081236733592407,
  "expected_angle_deg": 70.07362440191443,
  "D_C_shape": [
    60,
    100
  ],
  "D_S_shape": [
    60,
    100
  ],
  "use_rich_cond": false,
  "win_C": [
    0.0,
    0.5
  ],
  "win_S": [
    -0.2,
    0.05
  ],
  "pt_min_ms": 200.0,
  "n_trials_C": 562,
  "n_trials_S": 562
}