{
  "sid": "20231205",
  "area": "SFEF",
  "monkey": "S",
  "analysis": "cross_alignment",
  "align_C": "stim",
  "axes_tag_C": "axes_peakbin_stimC-stim-pooled-20mssw_nofilter",
  "orientation_C": "pooled",
  "align_S": "sacc",
  "axes_tag_S": "axes_peakbin_saccCS-sacc-pooled-20mssw_nofilter",
  "orientation_S": "pooled",
  "a_obs": 0.10467358131477364,
  "theta_obs_deg": 83.99163948480235,
  "null_mean": 0.24888958568520422,
  "null_std": 0.1571391257247225,
  "null_angle_mean_deg": 75.36728115390008,
  "p_orth": 0.2217782217782218,
  "p_align": 0.7792207792207793,
  "n_perms_valid": 1000,
  "delta": -0.14421600437043058,
  "delta_theta_deg": 8.624358330902268,
  "z_score": -0.9177600021974748,
  "manifold_dim": 51,
  "D_eff": 8.376424603965333,
  "expected_cos": 0.27568346558184936,
  "expected_angle_deg": 73.99725161930223,
  "D_C_shape": [
    104,
    102
  ],
  "D_S_shape": [
    104,
    52
  ],
  "use_rich_cond": false,
  "null_mode": "s_epoch",
  "win_C": [
    0.0,
    0.5
  ],
  "win_S": [
    -0.2,
    0.05
  ],
  "pt_min_ms": 200.0,
  "n_trials_C": 159,
  "n_trials_S": 159
}