{
  "sid": "20200401",
  "area": "MFEF",
  "monkey": "M",
  "analysis": "cross_alignment",
  "align_C": "stim",
  "axes_tag_C": "axes_peakbin_stimC-stim-pooled-20mssw_nofilter",
  "orientation_C": "pooled",
  "align_S": "sacc",
  "axes_tag_S": "axes_peakbin_saccCS-sacc-pooled-20mssw_nofilter",
  "orientation_S": "pooled",
  "a_obs": 0.40680717358587404,
  "theta_obs_deg": 65.99557638869406,
  "null_mean": 0.14546381082454898,
  "null_std": 0.10007002026617816,
  "null_angle_mean_deg": 81.5840577825231,
  "p_orth": 0.988011988011988,
  "p_align": 0.012987012987012988,
  "n_perms_valid": 1000,
  "delta": 0.2613433627613251,
  "delta_theta_deg": -15.588481393829042,
  "z_score": 2.611604974858333,
  "manifold_dim": 59,
  "D_eff": 6.174582160797432,
  "expected_cos": 0.32109701964822995,
  "expected_angle_deg": 71.27071904398402,
  "D_C_shape": [
    71,
    100
  ],
  "D_S_shape": [
    71,
    100
  ],
  "use_rich_cond": false,
  "win_C": [
    0.0,
    0.5
  ],
  "win_S": [
    -0.2,
    0.05
  ],
  "pt_min_ms": 200.0,
  "n_trials_C": 518,
  "n_trials_S": 518
}