{
  "sid": "20200328",
  "area": "MFEF",
  "monkey": "M",
  "analysis": "cross_alignment",
  "align_C": "stim",
  "axes_tag_C": "axes_peakbin_stimC-stim-pooled-20mssw_nofilter",
  "orientation_C": "pooled",
  "align_S": "sacc",
  "axes_tag_S": "axes_peakbin_saccCS-sacc-pooled-20mssw_nofilter",
  "orientation_S": "pooled",
  "a_obs": 0.144989842059005,
  "theta_obs_deg": 81.66330903435033,
  "null_mean": 0.19839016272005736,
  "null_std": 0.1263995190365544,
  "null_angle_mean_deg": 78.44649311201364,
  "p_orth": 0.3876123876123876,
  "p_align": 0.6133866133866134,
  "n_perms_valid": 1000,
  "delta": -0.05340032066105235,
  "delta_theta_deg": 3.216815922336693,
  "z_score": -0.42247249885190724,
  "manifold_dim": 48,
  "D_eff": 4.381557803310766,
  "expected_cos": 0.38117621102295796,
  "expected_angle_deg": 67.59344108035363,
  "D_C_shape": [
    60,
    100
  ],
  "D_S_shape": [
    60,
    100
  ],
  "use_rich_cond": false,
  "win_C": [
    0.0,
    0.5
  ],
  "win_S": [
    -0.2,
    0.05
  ],
  "pt_min_ms": 200.0,
  "n_trials_C": 542,
  "n_trials_S": 542
}