{
  "sid": "20231109",
  "area": "SFEF",
  "monkey": "S",
  "analysis": "cross_alignment",
  "align_C": "stim",
  "axes_tag_C": "axes_peakbin_stimC-stim-pooled-20mssw_nofilter",
  "orientation_C": "pooled",
  "align_S": "sacc",
  "axes_tag_S": "axes_peakbin_saccCS-sacc-pooled-20mssw_nofilter",
  "orientation_S": "pooled",
  "a_obs": 0.12315062818012894,
  "theta_obs_deg": 82.92603059393983,
  "null_mean": 0.1283242439365426,
  "null_std": 0.09680478748681923,
  "null_angle_mean_deg": 82.58300606245491,
  "p_orth": 0.5564435564435565,
  "p_align": 0.44455544455544455,
  "n_perms_valid": 1000,
  "delta": -0.00517361575641366,
  "delta_theta_deg": 0.3430245314849145,
  "z_score": -0.05344380056738507,
  "manifold_dim": 49,
  "D_eff": 5.633148716722236,
  "expected_cos": 0.3361742565011548,
  "expected_angle_deg": 70.35604030127628,
  "D_C_shape": [
    77,
    40
  ],
  "D_S_shape": [
    77,
    28
  ],
  "use_rich_cond": false,
  "win_C": [
    0.1,
    0.3
  ],
  "win_S": [
    -0.1,
    -0.03
  ],
  "pt_min_ms": 200.0,
  "n_trials_C": 729,
  "n_trials_S": 729
}