{
  "sid": "20231123",
  "area": "SFEF",
  "monkey": "S",
  "analysis": "cross_alignment",
  "align_C": "stim",
  "axes_tag_C": "axes_peakbin_stimC-stim-pooled-20mssw_nofilter",
  "orientation_C": "pooled",
  "align_S": "sacc",
  "axes_tag_S": "axes_peakbin_saccCS-sacc-pooled-20mssw_nofilter",
  "orientation_S": "pooled",
  "a_obs": 0.13689706680280084,
  "theta_obs_deg": 82.1316675906979,
  "null_mean": 0.1372579941751996,
  "null_std": 0.10330730868496732,
  "null_angle_mean_deg": 82.05631560284601,
  "p_orth": 0.5824175824175825,
  "p_align": 0.41858141858141856,
  "n_perms_valid": 1000,
  "delta": -0.0003609273723987616,
  "delta_theta_deg": 0.07535198785188868,
  "z_score": -0.003493725439110986,
  "manifold_dim": 78,
  "D_eff": 4.351310646540714,
  "expected_cos": 0.38249874700221287,
  "expected_angle_deg": 67.51145306663025,
  "D_C_shape": [
    102,
    100
  ],
  "D_S_shape": [
    102,
    100
  ],
  "use_rich_cond": false,
  "win_C": [
    0.0,
    0.5
  ],
  "win_S": [
    -0.2,
    0.05
  ],
  "pt_min_ms": 200.0,
  "n_trials_C": 874,
  "n_trials_S": 874
}