{
  "sid": "20200401",
  "area": "MFEF",
  "monkey": "M",
  "analysis": "cross_alignment",
  "align_C": "stim",
  "axes_tag_C": "axes_peakbin_stimC-stim-pooled-20mssw_nofilter",
  "orientation_C": "pooled",
  "align_S": "sacc",
  "axes_tag_S": "axes_peakbin_saccCS-sacc-pooled-20mssw_nofilter",
  "orientation_S": "pooled",
  "a_obs": 0.011184061609620486,
  "theta_obs_deg": 89.35918711232291,
  "null_mean": 0.2854003518591546,
  "null_std": 0.1865690887005053,
  "null_angle_mean_deg": 73.02145483799607,
  "p_orth": 0.01898101898101898,
  "p_align": 0.9820179820179821,
  "n_perms_valid": 1000,
  "delta": -0.2742162902495341,
  "delta_theta_deg": 16.33773227432684,
  "z_score": -1.4697841542750238,
  "manifold_dim": 40,
  "D_eff": 6.997786102306533,
  "expected_cos": 0.3016197181178047,
  "expected_angle_deg": 72.44508685164652,
  "D_C_shape": [
    71,
    102
  ],
  "D_S_shape": [
    71,
    52
  ],
  "use_rich_cond": false,
  "null_mode": "s_epoch",
  "win_C": [
    0.0,
    0.5
  ],
  "win_S": [
    -0.2,
    0.05
  ],
  "pt_min_ms": 200.0,
  "n_trials_C": 518,
  "n_trials_S": 518
}