{
  "time": [
    -0.39000000059604645,
    -0.3799999952316284,
    -0.3700000047683716,
    -0.35999999940395355,
    -0.3499999940395355,
    -0.3400000035762787,
    -0.32999999821186066,
    -0.3199999928474426,
    -0.3100000023841858,
    -0.30000000447034836,
    -0.28999999910593033,
    -0.2800000011920929,
    -0.27000000327825546,
    -0.25999999791383743,
    -0.25,
    -0.24000000208616257,
    -0.23000000044703484,
    -0.2200000025331974,
    -0.21000000089406967,
    -0.19999999925494194,
    -0.1900000013411045,
    -0.17999999970197678,
    -0.16999999806284904,
    -0.1600000001490116,
    -0.14999999850988388,
    -0.13999999687075615,
    -0.12999999895691872,
    -0.11999999918043613,
    -0.10999999940395355,
    -0.09999999962747097,
    -0.08999999985098839,
    -0.0800000000745058,
    -0.07000000029802322,
    -0.06000000052154064,
    -0.049999999813735485,
    -0.0400000000372529,
    -0.03000000026077032,
    -0.020000000251457095,
    -0.010000000009313226,
    0.0,
    0.010000000009313226,
    0.020000000251457095,
    0.03000000026077032,
    0.0400000000372529,
    0.049999999813735485,
    0.06000000052154064,
    0.07000000029802322,
    0.0800000000745058,
    0.08999999985098839,
    0.09999999962747097,
    0.10999999940395355,
    0.11999999918043613,
    0.12999999895691872,
    0.13999999687075615,
    0.14999999850988388,
    0.1600000001490116,
    0.16999999806284904,
    0.17999999970197678,
    0.1900000013411045
  ],
  "auc_C": null,
  "auc_S_raw": [
    0.5016391292945188,
    0.5165715971675846,
    0.4873623131392605,
    0.4854445318646735,
    0.49844282717020716,
    0.48447744558090744,
    0.4907061369000787,
    0.52578350380278,
    0.5115886441122476,
    0.5062286913191713,
    0.531733543141883,
    0.580251770259638,
    0.5449613165486493,
    0.5500426173616575,
    0.5428140571728298,
    0.5301271964332547,
    0.5205710726462103,
    0.5048682140047207,
    0.4747574088644112,
    0.550173747705219,
    0.5689089955415683,
    0.5298321531602412,
    0.5265538945712038,
    0.5267341987936008,
    0.5439778389719381,
    0.5878901127720954,
    0.5746623393653292,
    0.5717282979281406,
    0.5921518489378442,
    0.6519964594807237,
    0.5627130868082875,
    0.5222265932336743,
    0.5578448728035668,
    0.5682369525308155,
    0.5479773144505637,
    0.5116542092840284,
    0.5488296616837136,
    0.5216037241017571,
    0.4924600052452137,
    0.555681222134802,
    0.514080120639916,
    0.48870639916076586,
    0.5254884605297665,
    0.510752688172043,
    0.5642866509310255,
    0.5357330186205087,
    0.5099495148177288,
    0.5350281930238657,
    0.5266522423288749,
    0.4948039601363755,
    0.5492886178861789,
    0.5265866771570942,
    0.4715611067400997,
    0.5406176239181747,
    0.5245049829530553,
    0.5271767637031209,
    0.5481904012588513,
    0.524914765276685,
    0.5527635719905586
  ],
  "auc_S_inv": [
    0.5016391292945188,
    0.5165715971675846,
    0.4873623131392605,
    0.4854445318646735,
    0.49844282717020716,
    0.48447744558090744,
    0.4907061369000787,
    0.52578350380278,
    0.5115886441122476,
    0.5062286913191713,
    0.531733543141883,
    0.580251770259638,
    0.5449613165486493,
    0.5500426173616575,
    0.5428140571728298,
    0.5301271964332547,
    0.5205710726462103,
    0.5048682140047207,
    0.4747574088644112,
    0.550173747705219,
    0.5689089955415683,
    0.5298321531602412,
    0.5265538945712038,
    0.5267341987936008,
    0.5439778389719381,
    0.5878901127720954,
    0.5746623393653292,
    0.5717282979281406,
    0.5921518489378442,
    0.6519964594807237,
    0.5627130868082875,
    0.5222265932336743,
    0.5578448728035668,
    0.5682369525308155,
    0.5479773144505637,
    0.5116542092840284,
    0.5488296616837136,
    0.5216037241017571,
    0.4924600052452137,
    0.555681222134802,
    0.514080120639916,
    0.48870639916076586,
    0.5254884605297665,
    0.510752688172043,
    0.5642866509310255,
    0.5357330186205087,
    0.5099495148177288,
    0.5350281930238657,
    0.5266522423288749,
    0.4948039601363755,
    0.5492886178861789,
    0.5265866771570942,
    0.4715611067400997,
    0.5406176239181747,
    0.5245049829530553,
    0.5271767637031209,
    0.5481904012588513,
    0.524914765276685,
    0.5527635719905586
  ],
  "acc_R_macro": null,
  "auc_T": null,
  "latencies_ms": {
    "C": null,
    "S_raw": null,
    "S_inv": null,
    "T": null
  },
  "meta": {
    "align": "sacc",
    "orientation": "horizontal",
    "pt_min_ms": 200.0,
    "n_trials": 350,
    "n_bins": 59,
    "n_units": 31,
    "thr": 0.6,
    "k_bins": 5,
    "norm": "global",
    "baseline_win": null,
    "used_axes_mu_sd": false
  }
}