{
  "time": [
    -0.39000000059604645,
    -0.3799999952316284,
    -0.3700000047683716,
    -0.35999999940395355,
    -0.3499999940395355,
    -0.3400000035762787,
    -0.32999999821186066,
    -0.3199999928474426,
    -0.3100000023841858,
    -0.30000000447034836,
    -0.28999999910593033,
    -0.2800000011920929,
    -0.27000000327825546,
    -0.25999999791383743,
    -0.25,
    -0.24000000208616257,
    -0.23000000044703484,
    -0.2200000025331974,
    -0.21000000089406967,
    -0.19999999925494194,
    -0.1900000013411045,
    -0.17999999970197678,
    -0.16999999806284904,
    -0.1600000001490116,
    -0.14999999850988388,
    -0.13999999687075615,
    -0.12999999895691872,
    -0.11999999918043613,
    -0.10999999940395355,
    -0.09999999962747097,
    -0.08999999985098839,
    -0.0800000000745058,
    -0.07000000029802322,
    -0.06000000052154064,
    -0.049999999813735485,
    -0.0400000000372529,
    -0.03000000026077032,
    -0.020000000251457095,
    -0.010000000009313226,
    0.0,
    0.010000000009313226,
    0.020000000251457095,
    0.03000000026077032,
    0.0400000000372529,
    0.049999999813735485,
    0.06000000052154064,
    0.07000000029802322,
    0.0800000000745058,
    0.08999999985098839,
    0.09999999962747097,
    0.10999999940395355,
    0.11999999918043613,
    0.12999999895691872,
    0.13999999687075615,
    0.14999999850988388,
    0.1600000001490116,
    0.16999999806284904,
    0.17999999970197678,
    0.1900000013411045
  ],
  "auc_C": null,
  "auc_S_raw": [
    0.47744558090742195,
    0.5190466824023079,
    0.481379491214267,
    0.4752491476527668,
    0.5076055599265671,
    0.5007539994754786,
    0.4785601888276947,
    0.49524652504589567,
    0.48393653291371624,
    0.46511932861264094,
    0.5282585890375033,
    0.5655323891948597,
    0.5038027799632835,
    0.5089496459480725,
    0.542223970626803,
    0.5429451875163912,
    0.5266522423288749,
    0.5266850249147652,
    0.5258982428533963,
    0.5407487542617362,
    0.5476986624704956,
    0.5258326776816156,
    0.5204563335955941,
    0.5381261473905061,
    0.5296354576448989,
    0.5775308156307369,
    0.5954956726986625,
    0.5326514555468136,
    0.5603527406241805,
    0.5971675845790716,
    0.640997901914503,
    0.605428796223446,
    0.6293600839234199,
    0.672731445056386,
    0.6591922370836613,
    0.6850576973511671,
    0.7231838447416732,
    0.7603592971413584,
    0.793174665617624,
    0.8017309205350118,
    0.7965512719643325,
    0.8124836087070548,
    0.8054353527406242,
    0.826219512195122,
    0.794846577498033,
    0.7647193810647784,
    0.7400668764752164,
    0.7461316548649357,
    0.7261342774718069,
    0.707612116443745,
    0.6947285601888278,
    0.7301009703645424,
    0.7073170731707317,
    0.7431484395489116,
    0.7314778389719381,
    0.652012850773669,
    0.6692237083661159,
    0.6772554419092579,
    0.6301140833988985
  ],
  "auc_S_inv": [
    0.47744558090742195,
    0.5190466824023079,
    0.481379491214267,
    0.4752491476527668,
    0.5076055599265671,
    0.5007539994754786,
    0.4785601888276947,
    0.49524652504589567,
    0.48393653291371624,
    0.46511932861264094,
    0.5282585890375033,
    0.5655323891948597,
    0.5038027799632835,
    0.5089496459480725,
    0.542223970626803,
    0.5429451875163912,
    0.5266522423288749,
    0.5266850249147652,
    0.5258982428533963,
    0.5407487542617362,
    0.5476986624704956,
    0.5258326776816156,
    0.5204563335955941,
    0.5381261473905061,
    0.5296354576448989,
    0.5775308156307369,
    0.5954956726986625,
    0.5326514555468136,
    0.5603527406241805,
    0.5971675845790716,
    0.640997901914503,
    0.605428796223446,
    0.6293600839234199,
    0.672731445056386,
    0.6591922370836613,
    0.6850576973511671,
    0.7231838447416732,
    0.7603592971413584,
    0.793174665617624,
    0.8017309205350118,
    0.7965512719643325,
    0.8124836087070548,
    0.8054353527406242,
    0.826219512195122,
    0.794846577498033,
    0.7647193810647784,
    0.7400668764752164,
    0.7461316548649357,
    0.7261342774718069,
    0.707612116443745,
    0.6947285601888278,
    0.7301009703645424,
    0.7073170731707317,
    0.7431484395489116,
    0.7314778389719381,
    0.652012850773669,
    0.6692237083661159,
    0.6772554419092579,
    0.6301140833988985
  ],
  "acc_R_macro": null,
  "auc_T": null,
  "latencies_ms": {
    "C": null,
    "S_raw": -89.99999985098839,
    "S_inv": -89.99999985098839,
    "T": null
  },
  "meta": {
    "align": "sacc",
    "orientation": "horizontal",
    "pt_min_ms": 200.0,
    "n_trials": 350,
    "n_bins": 59,
    "n_units": 61,
    "thr": 0.6,
    "k_bins": 5,
    "norm": "global",
    "baseline_win": null,
    "used_axes_mu_sd": false
  }
}