{
  "time": [
    -0.39000000059604645,
    -0.3799999952316284,
    -0.3700000047683716,
    -0.35999999940395355,
    -0.3499999940395355,
    -0.3400000035762787,
    -0.32999999821186066,
    -0.3199999928474426,
    -0.3100000023841858,
    -0.30000000447034836,
    -0.28999999910593033,
    -0.2800000011920929,
    -0.27000000327825546,
    -0.25999999791383743,
    -0.25,
    -0.24000000208616257,
    -0.23000000044703484,
    -0.2200000025331974,
    -0.21000000089406967,
    -0.19999999925494194,
    -0.1900000013411045,
    -0.17999999970197678,
    -0.16999999806284904,
    -0.1600000001490116,
    -0.14999999850988388,
    -0.13999999687075615,
    -0.12999999895691872,
    -0.11999999918043613,
    -0.10999999940395355,
    -0.09999999962747097,
    -0.08999999985098839,
    -0.0800000000745058,
    -0.07000000029802322,
    -0.06000000052154064,
    -0.049999999813735485,
    -0.0400000000372529,
    -0.03000000026077032,
    -0.020000000251457095,
    -0.010000000009313226,
    0.0,
    0.010000000009313226,
    0.020000000251457095,
    0.03000000026077032,
    0.0400000000372529,
    0.049999999813735485,
    0.06000000052154064,
    0.07000000029802322,
    0.0800000000745058,
    0.08999999985098839,
    0.09999999962747097,
    0.10999999940395355,
    0.11999999918043613,
    0.12999999895691872,
    0.13999999687075615,
    0.14999999850988388,
    0.1600000001490116,
    0.16999999806284904,
    0.17999999970197678,
    0.1900000013411045,
    0.19999999925494194,
    0.21000000089406967,
    0.2200000025331974,
    0.23000000044703484,
    0.24000000208616257,
    0.25,
    0.25999999791383743,
    0.27000000327825546,
    0.2800000011920929,
    0.28999999910593033
  ],
  "auc_C": [
    0.5149999999999999,
    0.44083333333333324,
    0.41583333333333333,
    0.5508333333333333,
    0.7341666666666667,
    0.5766666666666667,
    0.43333333333333335,
    0.5725,
    0.5458333333333334,
    0.53,
    0.5775,
    0.5349999999999999,
    0.57,
    0.6725,
    0.7166666666666666,
    0.62,
    0.6316666666666666,
    0.575,
    0.575,
    0.735,
    0.765,
    0.6666666666666666,
    0.6658333333333333,
    0.7783333333333333,
    0.7966666666666666,
    0.7716666666666666,
    0.8316666666666667,
    0.795,
    0.8216666666666667,
    0.8441666666666667,
    0.8666666666666666,
    0.8383333333333334,
    0.7050000000000001,
    0.5733333333333334,
    0.5824999999999999,
    0.6158333333333333,
    0.6458333333333334,
    0.675,
    0.6933333333333334,
    0.62,
    0.6975,
    0.7033333333333334,
    0.6416666666666667,
    0.6675,
    0.5375,
    0.49083333333333334,
    0.5291666666666667,
    0.48333333333333334,
    0.38416666666666666,
    0.5133333333333333,
    0.4641666666666666,
    0.465,
    0.5216666666666667,
    0.7133333333333334,
    0.6191666666666666,
    0.5358333333333333,
    0.5475,
    0.5291666666666668,
    0.6499999999999999,
    0.5116666666666667,
    0.5633333333333334,
    0.6175,
    0.5175000000000001,
    0.40499999999999997,
    0.5499999999999999,
    0.5025,
    0.45250000000000007,
    0.47333333333333333,
    0.51
  ],
  "auc_S_raw": [
    0.36617405582922824,
    0.3382594417077176,
    0.42775041050903123,
    0.506568144499179,
    0.4655172413793104,
    0.4178981937602627,
    0.4794745484400657,
    0.680623973727422,
    0.6486042692939245,
    0.6839080459770115,
    0.5960591133004927,
    0.44991789819376027,
    0.44417077175697867,
    0.41543513957307066,
    0.3776683087027915,
    0.39080459770114945,
    0.41871921182266014,
    0.5246305418719213,
    0.45730706075533667,
    0.4351395730706076,
    0.4564860426929393,
    0.5188834154351396,
    0.4819376026272579,
    0.4942528735632184,
    0.5582922824302134,
    0.5509031198686372,
    0.6108374384236452,
    0.6576354679802956,
    0.755336617405583,
    0.6461412151067324,
    0.6026272577996716,
    0.7791461412151067,
    0.7266009852216748,
    0.6075533661740559,
    0.5829228243021347,
    0.6847290640394089,
    0.7495894909688013,
    0.5977011494252874,
    0.5517241379310346,
    0.8095238095238095,
    0.7651888341543513,
    0.5944170771756979,
    0.5008210180623973,
    0.47290640394088673,
    0.44745484400656815,
    0.5172413793103449,
    0.6001642036124795,
    0.5336617405582923,
    0.46305418719211827,
    0.4392446633825945,
    0.40476190476190477,
    0.3858784893267652,
    0.43349753694581283,
    0.5172413793103449,
    0.6256157635467982,
    0.6239737274220033,
    0.6691297208538588,
    0.6223316912972086,
    0.4802955665024631,
    0.42118226600985226,
    0.5492610837438423,
    0.5287356321839081,
    0.5090311986863711,
    0.5106732348111659,
    0.5106732348111658,
    0.5311986863711002,
    0.5114942528735633,
    0.674055829228243,
    0.6535303776683087
  ],
  "auc_S_inv": [
    0.38752052545155996,
    0.3448275862068966,
    0.42282430213464695,
    0.5262725779967159,
    0.43431855500821026,
    0.40476190476190477,
    0.4991789819376027,
    0.6954022988505748,
    0.6551724137931034,
    0.6839080459770115,
    0.5993431855500823,
    0.4482758620689655,
    0.4343185550082102,
    0.37110016420361247,
    0.35960591133004927,
    0.40558292282430214,
    0.4121510673234811,
    0.5410509031198687,
    0.4523809523809524,
    0.4400656814449918,
    0.47947454844006576,
    0.5139573070607554,
    0.4835796387520527,
    0.4958949096880132,
    0.548440065681445,
    0.5607553366174056,
    0.5911330049261084,
    0.6182266009852218,
    0.7142857142857143,
    0.623152709359606,
    0.5829228243021347,
    0.7331691297208538,
    0.7134646962233169,
    0.61247947454844,
    0.5779967159277504,
    0.6880131362889983,
    0.7561576354679803,
    0.5862068965517242,
    0.5467980295566502,
    0.7914614121510672,
    0.7241379310344828,
    0.5648604269293925,
    0.5123152709359606,
    0.46962233169129725,
    0.4343185550082102,
    0.5057471264367817,
    0.5788177339901478,
    0.5205254515599343,
    0.45648604269293924,
    0.4392446633825945,
    0.3899835796387521,
    0.3842364532019705,
    0.42036124794745483,
    0.5188834154351396,
    0.6420361247947455,
    0.638752052545156,
    0.6822660098522167,
    0.6403940886699508,
    0.48357963875205257,
    0.4129720853858785,
    0.5410509031198687,
    0.5024630541871922,
    0.5008210180623974,
    0.5106732348111659,
    0.5073891625615763,
    0.5303776683087028,
    0.5229885057471264,
    0.6642036124794746,
    0.6502463054187193
  ],
  "acc_R_macro": null,
  "auc_T": null,
  "latencies_ms": {
    "C": -199.99999925494194,
    "S_raw": -129.99999895691872,
    "S_inv": null,
    "T": null
  },
  "meta": {
    "align": "sacc",
    "orientation": "horizontal",
    "pt_min_ms": 200.0,
    "n_trials": 50,
    "n_bins": 69,
    "n_units": 27,
    "thr": 0.6,
    "k_bins": 5,
    "norm": "global",
    "baseline_win": null,
    "used_axes_mu_sd": false
  }
}