{
  "sid": "20201004",
  "align": "stim",
  "features": [
    "C"
  ],
  "winC": [
    0.1,
    0.3
  ],
  "winR": null,
  "winS": null,
  "winT": null,
  "pt_min_ms": 200.0,
  "orientation": "vertical",
  "areas": [
    "MFEF",
    "MLIP",
    "MSC"
  ],
  "tag": "axes_peakbin_stimC-stim-vertical-20mssw",
  "norm": "global",
  "baseline_win": null,
  "clf_binary": "logreg",
  "C_grid": [
    0.1,
    0.3,
    1.0,
    3.0,
    10.0
  ],
  "lda_shrinkage": null,
  "searchC": true,
  "searchS": false,
  "searchT": false,
  "searchR": false,
  "search_step_ms": 20.0,
  "search_len_ms": [
    50.0,
    100.0,
    150.0,
    200.0,
    250.0
  ],
  "search_range_C": "0.00:0.50",
  "search_range_S": null,
  "search_range_T": null,
  "search_range_R": null,
  "search_score_mode": "peak_bin_auc",
  "search_tiebreak": "shortest_then_earliest",
  "search_tol": 0.01,
  "per_area_results": {
    "MFEF": {
      "winC_selected": [
        0.18,
        0.22999999999999998
      ],
      "winC_cv_best": 0.9820624546114742,
      "winC_best_param": 0.1,
      "winC_peak_time_ms": 219.9999988079071,
      "winC_peak_auc": 0.9820624546114742,
      "winC_mean_bin_auc": 0.9720551924473494,
      "winC_cv_auc_original": 0.992962962962963,
      "sC_auc": 0.9820624546114742,
      "n_trials_C": 237
    },
    "MLIP": {
      "winC_selected": [
        0.4000000000000001,
        0.45000000000000007
      ],
      "winC_cv_best": 0.958315177923021,
      "winC_best_param": 0.1,
      "winC_peak_time_ms": 430.0000071525574,
      "winC_peak_auc": 0.958315177923021,
      "winC_mean_bin_auc": 0.9488162672476397,
      "winC_cv_auc_original": 0.9956084656084656,
      "sC_auc": 0.958315177923021,
      "n_trials_C": 237
    },
    "MSC": {
      "winC_selected": [
        0.36000000000000004,
        0.41000000000000003
      ],
      "winC_cv_best": 0.6747639796659404,
      "winC_best_param": 3.0,
      "winC_peak_time_ms": 400.0000059604645,
      "winC_peak_auc": 0.6747639796659404,
      "winC_mean_bin_auc": 0.6563834422657953,
      "winC_cv_auc_original": 0.7207319223985891,
      "sC_auc": 0.6747639796659404,
      "n_trials_C": 237
    }
  },
  "rebin_factor": null,
  "sliding_window_ms": 20.0,
  "sliding_step_ms": 10.0,
  "sliding_window_bins": 2,
  "sliding_step_bins": 1,
  "correct_mode": "correctonly"
}