{
  "time": [
    -0.39000000059604645,
    -0.3799999952316284,
    -0.3700000047683716,
    -0.35999999940395355,
    -0.3499999940395355,
    -0.3400000035762787,
    -0.32999999821186066,
    -0.3199999928474426,
    -0.3100000023841858,
    -0.30000000447034836,
    -0.28999999910593033,
    -0.2800000011920929,
    -0.27000000327825546,
    -0.25999999791383743,
    -0.25,
    -0.24000000208616257,
    -0.23000000044703484,
    -0.2200000025331974,
    -0.21000000089406967,
    -0.19999999925494194,
    -0.1900000013411045,
    -0.17999999970197678,
    -0.16999999806284904,
    -0.1600000001490116,
    -0.14999999850988388,
    -0.13999999687075615,
    -0.12999999895691872,
    -0.11999999918043613,
    -0.10999999940395355,
    -0.09999999962747097,
    -0.08999999985098839,
    -0.0800000000745058,
    -0.07000000029802322,
    -0.06000000052154064,
    -0.049999999813735485,
    -0.0400000000372529,
    -0.03000000026077032,
    -0.020000000251457095,
    -0.010000000009313226,
    0.0,
    0.010000000009313226,
    0.020000000251457095,
    0.03000000026077032,
    0.0400000000372529,
    0.049999999813735485,
    0.06000000052154064,
    0.07000000029802322,
    0.0800000000745058,
    0.08999999985098839,
    0.09999999962747097,
    0.10999999940395355,
    0.11999999918043613,
    0.12999999895691872,
    0.13999999687075615,
    0.14999999850988388,
    0.1600000001490116,
    0.16999999806284904,
    0.17999999970197678,
    0.1900000013411045,
    0.19999999925494194,
    0.21000000089406967,
    0.2200000025331974,
    0.23000000044703484,
    0.24000000208616257,
    0.25,
    0.25999999791383743,
    0.27000000327825546,
    0.2800000011920929,
    0.28999999910593033
  ],
  "auc_C": [
    0.5246334564765643,
    0.5157151927961209,
    0.5222812283537289,
    0.5266898522281228,
    0.5634596513507274,
    0.5880137381667052,
    0.5674064881089818,
    0.5520881436157932,
    0.5157657007619487,
    0.5233924036019395,
    0.5808416070191642,
    0.6157931193719696,
    0.6245598591549295,
    0.5870252251212191,
    0.6138377395520664,
    0.6508672939274993,
    0.5809787000692681,
    0.5501904871854075,
    0.5740446779034865,
    0.5934108750865852,
    0.6035846224890327,
    0.5402115562225813,
    0.5357452089586701,
    0.5052889055645348,
    0.5106860424844147,
    0.524864350034634,
    0.48675248210574923,
    0.5002381089817594,
    0.5227863080120065,
    0.5445480258600786,
    0.479205148926345,
    0.453575963980605,
    0.4862329716000924,
    0.5070350380974371,
    0.5460055414453936,
    0.4866658970214731,
    0.46337450935118907,
    0.49919187254675595,
    0.5003319094897253,
    0.5408970214731009,
    0.5223389517432464,
    0.47566959131840225,
    0.5027562918494574,
    0.500786481182175,
    0.5150730200877396,
    0.5467487300854306,
    0.5251529669822212,
    0.4839673285615331,
    0.4903746247979681,
    0.5019842415146617,
    0.45751558531516967,
    0.42306915262064193,
    0.44423920572616027,
    0.4200603209420457,
    0.43356037866543523,
    0.4626457515585315,
    0.45401610482567534,
    0.4561879473562687,
    0.4415117755714615,
    0.47538097437081506,
    0.48635563380281693,
    0.47390902793812056,
    0.4815357307781113,
    0.4742842299699838,
    0.47201137150773487,
    0.4825963980604941,
    0.4723793581159086,
    0.4966881205264373,
    0.5179808358346801
  ],
  "auc_S_raw": [
    0.4850534014395171,
    0.48371110982122123,
    0.5277890643139076,
    0.5166299048061296,
    0.4739740538657999,
    0.4831016368702113,
    0.5141557348502439,
    0.4733065358718366,
    0.43849402136057575,
    0.46011579986069184,
    0.4477957394938472,
    0.45349140933364285,
    0.5011463895983284,
    0.535211574181565,
    0.482303517529603,
    0.49344091014627345,
    0.5026990944973299,
    0.4841391920130021,
    0.4753816461574181,
    0.4941737288135593,
    0.493114406779661,
    0.5259896679823542,
    0.5643574413745066,
    0.5367570234501974,
    0.5236678662642211,
    0.5977623635941491,
    0.612578360807987,
    0.6270243208729973,
    0.6383721267703737,
    0.6425876480148595,
    0.6048075806826098,
    0.5326503366612492,
    0.5350592059438124,
    0.5700748781054098,
    0.5696540515439982,
    0.5526686208497794,
    0.5150699442767588,
    0.4900815532853494,
    0.48765091711167863,
    0.5176674599489204,
    0.5109777687485488,
    0.4805258880891572,
    0.48595309960529376,
    0.4782984095658231,
    0.4931434293011377,
    0.5262218481541676,
    0.4868092639888553,
    0.4210805084745763,
    0.406206466217785,
    0.4894720803343394,
    0.5333613884374275,
    0.4632429765498027,
    0.4621183538425818,
    0.4539557696772695,
    0.4485358137915022,
    0.47599111910842823,
    0.4458294636638031,
    0.4329144416066868,
    0.4396113884374274,
    0.4519677269561179,
    0.4775873577896448,
    0.501610749941955,
    0.4897913280705828,
    0.4496314139772463,
    0.46489726027397266,
    0.474329579753889,
    0.4529109589041096,
    0.4832467494775946,
    0.4485938588344555
  ],
  "auc_S_inv": [
    0.486054678430462,
    0.48204231483631294,
    0.528761318783376,
    0.5090550267007197,
    0.47838547713025315,
    0.4947541792430926,
    0.5138945321569538,
    0.47314691200371484,
    0.4374056768052008,
    0.4548046784304621,
    0.4529472370559554,
    0.4525191548641746,
    0.4951967726956118,
    0.531293533782215,
    0.48006878337589964,
    0.4912061759925702,
    0.4971122591130717,
    0.48718655676805206,
    0.47413367773392145,
    0.4952620733689343,
    0.4921856860924077,
    0.5186324587880194,
    0.559670304156025,
    0.5352333410726724,
    0.5207365915950778,
    0.5881413977246343,
    0.6088344555374972,
    0.630666647318319,
    0.6412888901787788,
    0.6415718597631763,
    0.604778558161133,
    0.5350301834223357,
    0.5324326677501742,
    0.5636609008590666,
    0.571787206872533,
    0.5515802762944044,
    0.5154182145344788,
    0.4913730554910611,
    0.48409565823078704,
    0.5128932551660088,
    0.5094395751102856,
    0.4869543765962387,
    0.486794752728117,
    0.4773116438356164,
    0.4991510912468075,
    0.534565823078709,
    0.48994369630833523,
    0.42668185511957285,
    0.4026657185976318,
    0.47980758068260965,
    0.528978987694451,
    0.4634461342001393,
    0.4661815068493151,
    0.4601375667517994,
    0.4471717552820989,
    0.46867744369630837,
    0.4409391687949849,
    0.42343858834455533,
    0.4308901207336893,
    0.44591653122823305,
    0.4727551079637799,
    0.49837473879730676,
    0.4775002902252148,
    0.4408811237520315,
    0.45327374042256796,
    0.4766513814720223,
    0.4548409565823079,
    0.4864827606222429,
    0.4509882168562805
  ],
  "acc_R_macro": null,
  "auc_T": null,
  "latencies_ms": {
    "C": null,
    "S_raw": -129.99999895691872,
    "S_inv": -129.99999895691872,
    "T": null
  },
  "meta": {
    "align": "sacc",
    "orientation": null,
    "pt_min_ms": 200.0,
    "n_trials": 528,
    "n_bins": 69,
    "n_units": 23,
    "thr": 0.6,
    "k_bins": 5,
    "norm": "global",
    "baseline_win": null,
    "used_axes_mu_sd": false,
    "correct_mode": "correctonly"
  }
}