{
  "time": [
    -0.39000000059604645,
    -0.3799999952316284,
    -0.3700000047683716,
    -0.35999999940395355,
    -0.3499999940395355,
    -0.3400000035762787,
    -0.32999999821186066,
    -0.3199999928474426,
    -0.3100000023841858,
    -0.30000000447034836,
    -0.28999999910593033,
    -0.2800000011920929,
    -0.27000000327825546,
    -0.25999999791383743,
    -0.25,
    -0.24000000208616257,
    -0.23000000044703484,
    -0.2200000025331974,
    -0.21000000089406967,
    -0.19999999925494194,
    -0.1900000013411045,
    -0.17999999970197678,
    -0.16999999806284904,
    -0.1600000001490116,
    -0.14999999850988388,
    -0.13999999687075615,
    -0.12999999895691872,
    -0.11999999918043613,
    -0.10999999940395355,
    -0.09999999962747097,
    -0.08999999985098839,
    -0.0800000000745058,
    -0.07000000029802322,
    -0.06000000052154064,
    -0.049999999813735485,
    -0.0400000000372529,
    -0.03000000026077032,
    -0.020000000251457095,
    -0.010000000009313226,
    0.0,
    0.010000000009313226,
    0.020000000251457095,
    0.03000000026077032,
    0.0400000000372529,
    0.049999999813735485,
    0.06000000052154064,
    0.07000000029802322,
    0.0800000000745058,
    0.08999999985098839,
    0.09999999962747097,
    0.10999999940395355,
    0.11999999918043613,
    0.12999999895691872,
    0.13999999687075615,
    0.14999999850988388,
    0.1600000001490116,
    0.16999999806284904,
    0.17999999970197678,
    0.1900000013411045,
    0.19999999925494194,
    0.21000000089406967,
    0.2200000025331974,
    0.23000000044703484,
    0.24000000208616257,
    0.25,
    0.25999999791383743,
    0.27000000327825546,
    0.2800000011920929,
    0.28999999910593033
  ],
  "auc_C": [
    0.5368419533595012,
    0.5407960055414454,
    0.5472898868621565,
    0.5268341607019165,
    0.5105056568921728,
    0.5013997921957977,
    0.5236810205495267,
    0.5249509351189101,
    0.5073308704687138,
    0.5073741630108519,
    0.4847177326252598,
    0.4813409143384899,
    0.5545486030939737,
    0.5656314938813207,
    0.5160038097437082,
    0.5242005310551836,
    0.5762093050103902,
    0.5686331101362272,
    0.5082400138536134,
    0.5253694296929116,
    0.5464961902562918,
    0.5606961440775802,
    0.5811735165088894,
    0.5598302932348187,
    0.596311475409836,
    0.6099486261833296,
    0.6487820364811823,
    0.6754213807434772,
    0.6875144308473794,
    0.7118304086815976,
    0.7295370584160703,
    0.7826570076194874,
    0.7771732856153313,
    0.7525542599861463,
    0.7415290925883169,
    0.745483144770261,
    0.7287289309628261,
    0.7300421380743477,
    0.7200415608404527,
    0.7468829369660586,
    0.7804779496652042,
    0.7776206418840914,
    0.7612704918032787,
    0.6885245901639344,
    0.6129213807434772,
    0.6662145001154468,
    0.7234183791272223,
    0.688870930501039,
    0.6812947356268759,
    0.6953792426691294,
    0.6537895405218194,
    0.664771415377511,
    0.6905882013391826,
    0.6915262064188408,
    0.654814130685754,
    0.6485367120757332,
    0.6683358346802123,
    0.6723331794042946,
    0.6457804202262757,
    0.6301373816670515,
    0.600539713691988,
    0.6306280304779497,
    0.6010592241976449,
    0.5569729854537059,
    0.5856182175017317,
    0.580913761256061,
    0.5717646040175479,
    0.5780708843223274,
    0.576685522973909
  ],
  "auc_S_raw": [
    0.44521999071279317,
    0.4405763872765266,
    0.46100824239609933,
    0.48748403761318787,
    0.5150191548641746,
    0.48128047364755044,
    0.4691055258880891,
    0.4436527745530532,
    0.44890585094032964,
    0.4715724402136058,
    0.4509374274436963,
    0.45296900394706296,
    0.4429997678198282,
    0.4534188530299512,
    0.4586429068957511,
    0.46581146970048753,
    0.4806710006965405,
    0.45106802879034125,
    0.43574413745066176,
    0.4066490596703042,
    0.3965347109356861,
    0.3965637334571628,
    0.424817158114697,
    0.43734037613187837,
    0.4440300673322498,
    0.4761870211283956,
    0.4717030415602508,
    0.4890439981425586,
    0.5266136521941026,
    0.5367280009287207,
    0.5627031576503367,
    0.5705682609705132,
    0.596891687949849,
    0.6376683306245646,
    0.6197759461342002,
    0.6306448804272115,
    0.6691287439052704,
    0.7033317854655212,
    0.7387827954492687,
    0.7665138147202228,
    0.786481309496169,
    0.8175499187369398,
    0.8381413977246344,
    0.8957946366380312,
    0.9016862084977944,
    0.8132110517761781,
    0.6752670071975854,
    0.7066113303923846,
    0.6836980496865568,
    0.6353900626886464,
    0.6408753192477362,
    0.6349547248664964,
    0.62404225679127,
    0.5892007197585326,
    0.56467668911075,
    0.5955131181797075,
    0.6305868353842582,
    0.5837009519387044,
    0.5513553517529602,
    0.5260041792430926,
    0.5016397724634316,
    0.510985024378918,
    0.48647550499187364,
    0.42446888785697695,
    0.450879382400743,
    0.4545507313675412,
    0.44266600882284657,
    0.4668998142558626,
    0.4547248664964012
  ],
  "auc_S_inv": [
    0.44500232180171817,
    0.4403151845832366,
    0.460863129788716,
    0.48760012769909455,
    0.5150191548641745,
    0.48120791734385887,
    0.4693086835384258,
    0.44381239842117487,
    0.4488478058973764,
    0.47176108660320404,
    0.4513002089621546,
    0.45288193638263297,
    0.4431593916879498,
    0.4532447179010912,
    0.4589186208497794,
    0.4658259809612259,
    0.4813385186905038,
    0.451184118876248,
    0.43601985140469,
    0.4064749245414442,
    0.3966072672393778,
    0.3965927559786394,
    0.424294752728117,
    0.43742744369630837,
    0.44405908985372655,
    0.476506268864639,
    0.4724286045971674,
    0.48889888553517524,
    0.5264250058045042,
    0.5366844671465056,
    0.562804736475505,
    0.5711487114000464,
    0.5970803343394474,
    0.6382632923148363,
    0.6202983515207801,
    0.6314865335500348,
    0.6694334803807755,
    0.7032737404225679,
    0.7390004643603437,
    0.7667605061527746,
    0.7863652194102624,
    0.8175644299976782,
    0.8381413977246344,
    0.8955189226840028,
    0.9015410958904111,
    0.8134722544694682,
    0.6751509171116785,
    0.7071047132574878,
    0.6842494775946133,
    0.6361736707685164,
    0.6418475737172046,
    0.6355351752960297,
    0.6246807522637566,
    0.5904051543998142,
    0.5653006733224983,
    0.5963983050847459,
    0.6308190155560716,
    0.5837735082423962,
    0.551514975621082,
    0.5264250058045044,
    0.5015962386812166,
    0.511376828418853,
    0.4873026468539587,
    0.4248316693754353,
    0.45137276526584635,
    0.4551166705363362,
    0.4430723241235198,
    0.46733515207801246,
    0.45547945205479456
  ],
  "acc_R_macro": null,
  "auc_T": null,
  "latencies_ms": {
    "C": -139.99999687075615,
    "S_raw": -60.00000052154064,
    "S_inv": -60.00000052154064,
    "T": null
  },
  "meta": {
    "align": "sacc",
    "orientation": null,
    "pt_min_ms": 200.0,
    "n_trials": 528,
    "n_bins": 69,
    "n_units": 82,
    "thr": 0.6,
    "k_bins": 5,
    "norm": "global",
    "baseline_win": null,
    "used_axes_mu_sd": false,
    "correct_mode": "correctonly"
  }
}