{
  "time": [
    -0.24000000208616257,
    -0.2199999988079071,
    -0.19999999552965164,
    -0.17999999970197678,
    -0.1600000038743019,
    -0.14000000059604645,
    -0.12000000104308128,
    -0.09999999776482582,
    -0.08000000193715096,
    -0.05999999865889549,
    -0.04000000096857548,
    -0.02000000001862645,
    0.0,
    0.02000000001862645,
    0.04000000096857548,
    0.05999999865889549,
    0.08000000193715096,
    0.09999999776482582,
    0.12000000104308128,
    0.14000000059604645,
    0.1600000038743019,
    0.17999999970197678,
    0.19999999552965164,
    0.2199999988079071,
    0.24000000208616257,
    0.25999999046325684,
    0.2800000011920929,
    0.29999999701976776,
    0.3199999928474426,
    0.3400000035762787,
    0.35999999940395355,
    0.3799999952316284,
    0.4000000059604645,
    0.42000000178813934,
    0.4399999976158142,
    0.46000000834465027,
    0.48000000417232513,
    0.5,
    0.5199999809265137,
    0.5400000214576721,
    0.5600000023841858,
    0.5799999833106995,
    0.6000000238418579,
    0.6200000047683716,
    0.6399999856948853,
    0.6599999964237213,
    0.6800000071525574,
    0.699999988079071,
    0.7199999988079071,
    0.7400000095367432,
    0.7599999904632568,
    0.7800000011920929
  ],
  "auc_C": [
    0.454473850031506,
    0.5220279353077084,
    0.5173282923755513,
    0.47516278092837644,
    0.4771319050619618,
    0.5440821256038648,
    0.4813589582020584,
    0.5298781768536023,
    0.4698067632850242,
    0.4781558496114262,
    0.5500420079815165,
    0.5414303717706365,
    0.46481831547994124,
    0.5243646292795632,
    0.5108433102289435,
    0.5063537072043688,
    0.560071413568578,
    0.5582335643772317,
    0.4894454946439824,
    0.5551879857172862,
    0.48545473639991604,
    0.5268325981936568,
    0.5775047258979207,
    0.6631484982146608,
    0.5790275152278934,
    0.5833333333333334,
    0.5895295106070153,
    0.6136315900021004,
    0.5134425540852763,
    0.5876391514387734,
    0.5885843310228944,
    0.5876391514387733,
    0.624054820415879,
    0.5794475950430582,
    0.5402751522789331,
    0.49745326612056295,
    0.45562906952320936,
    0.5095830707834488,
    0.5226843100189037,
    0.558181054400336,
    0.5754043268220962,
    0.53528670447385,
    0.4972694812014283,
    0.47631800042007977,
    0.5614366729678639,
    0.4789960092417559,
    0.5483091787439613,
    0.4745851711825247,
    0.48787019533711407,
    0.4870825456836799,
    0.5254673387943709,
    0.5533501365259399
  ],
  "auc_S_raw": null,
  "auc_S_inv": null,
  "acc_R_macro": [
    0.427536231884058,
    0.3913043478260869,
    0.3695652173913043,
    0.41666666666666663,
    0.4384057971014493,
    0.427536231884058,
    0.43478260869565216,
    0.42391304347826086,
    0.39492753623188404,
    0.38768115942028986,
    0.44565217391304346,
    0.44202898550724634,
    0.3840579710144928,
    0.36594202898550726,
    0.40217391304347827,
    0.39855072463768115,
    0.42028985507246375,
    0.40942028985507245,
    0.4311594202898551,
    0.42028985507246375,
    0.4094202898550725,
    0.4384057971014493,
    0.42391304347826086,
    0.42391304347826086,
    0.41666666666666663,
    0.44565217391304346,
    0.5144927536231884,
    0.5615942028985508,
    0.5253623188405797,
    0.39855072463768115,
    0.3804347826086957,
    0.4057971014492754,
    0.47101449275362317,
    0.3695652173913043,
    0.39492753623188404,
    0.427536231884058,
    0.4528985507246377,
    0.38768115942028986,
    0.41666666666666663,
    0.38768115942028986,
    0.4492753623188406,
    0.41304347826086957,
    0.4492753623188406,
    0.42391304347826086,
    0.4347826086956522,
    0.4384057971014493,
    0.39855072463768115,
    0.42391304347826086,
    0.44565217391304346,
    0.4311594202898551,
    0.4094202898550725,
    0.38405797101449274
  ],
  "auc_T": null,
  "latencies_ms": {
    "C": null,
    "S_raw": null,
    "S_inv": null,
    "T": null
  },
  "meta": {
    "align": "stim",
    "orientation": "vertical",
    "pt_min_ms": 200.0,
    "n_trials": 276,
    "n_bins": 52,
    "n_units": 41,
    "thr": 0.6,
    "k_bins": 5,
    "norm": "global",
    "baseline_win": null,
    "used_axes_mu_sd": false
  }
}