{
  "time": [
    -0.24000000208616257,
    -0.2199999988079071,
    -0.19999999552965164,
    -0.17999999970197678,
    -0.1600000038743019,
    -0.14000000059604645,
    -0.12000000104308128,
    -0.09999999776482582,
    -0.08000000193715096,
    -0.05999999865889549,
    -0.04000000096857548,
    -0.02000000001862645,
    0.0,
    0.02000000001862645,
    0.04000000096857548,
    0.05999999865889549,
    0.08000000193715096,
    0.09999999776482582,
    0.12000000104308128,
    0.14000000059604645,
    0.1600000038743019,
    0.17999999970197678,
    0.19999999552965164,
    0.2199999988079071,
    0.24000000208616257,
    0.25999999046325684,
    0.2800000011920929,
    0.29999999701976776,
    0.3199999928474426,
    0.3400000035762787,
    0.35999999940395355,
    0.3799999952316284,
    0.4000000059604645,
    0.42000000178813934,
    0.4399999976158142,
    0.46000000834465027,
    0.48000000417232513,
    0.5,
    0.5199999809265137,
    0.5400000214576721,
    0.5600000023841858,
    0.5799999833106995,
    0.6000000238418579,
    0.6200000047683716,
    0.6399999856948853,
    0.6599999964237213,
    0.6800000071525574,
    0.699999988079071,
    0.7199999988079071,
    0.7400000095367432,
    0.7599999904632568,
    0.7800000011920929
  ],
  "auc_C": [
    0.5289855072463768,
    0.5131537492123504,
    0.5940453686200379,
    0.5465763495064062,
    0.5377546733879437,
    0.5013127494223903,
    0.5369145137576139,
    0.4552089897080445,
    0.5637471119512707,
    0.5275152278932997,
    0.4569943289224953,
    0.5596513337534131,
    0.5716761184625079,
    0.5448960302457466,
    0.5179059021214031,
    0.5264650283553876,
    0.790826507036337,
    0.8031400966183575,
    0.5567632850241546,
    0.5256248687250578,
    0.5705734089477001,
    0.5249947490023105,
    0.5242596093257719,
    0.5364944339424491,
    0.5602814534761604,
    0.46229783658895185,
    0.5520373871035497,
    0.5144927536231885,
    0.49527410207939504,
    0.48823776517538336,
    0.49317370300357066,
    0.5203213610586012,
    0.5325561856752783,
    0.5333438353287125,
    0.5447910102919554,
    0.5332388153749212,
    0.5275152278932997,
    0.5357067842890149,
    0.5128124343625289,
    0.5264125183784919,
    0.5496744381432472,
    0.5307708464608276,
    0.5168031926065952,
    0.5134425540852762,
    0.5137051039697542,
    0.47542533081285443,
    0.47805082965763496,
    0.47757823986557446,
    0.4803612686410418,
    0.5510396975425331,
    0.5135475740390674,
    0.5190086116362109
  ],
  "auc_S_raw": null,
  "auc_S_inv": null,
  "acc_R_macro": [
    0.4094202898550725,
    0.46014492753623193,
    0.42391304347826086,
    0.4492753623188406,
    0.42391304347826086,
    0.37318840579710144,
    0.38405797101449274,
    0.43478260869565216,
    0.39855072463768115,
    0.4057971014492754,
    0.37681159420289856,
    0.4601449275362319,
    0.4818840579710145,
    0.4094202898550725,
    0.3804347826086957,
    0.38768115942028986,
    0.40217391304347827,
    0.3804347826086957,
    0.4057971014492754,
    0.42028985507246375,
    0.42028985507246375,
    0.391304347826087,
    0.39855072463768115,
    0.43478260869565216,
    0.42028985507246375,
    0.463768115942029,
    0.3659420289855072,
    0.38768115942028986,
    0.37318840579710144,
    0.41666666666666663,
    0.40217391304347827,
    0.7028985507246377,
    0.7644927536231885,
    0.39855072463768115,
    0.4384057971014493,
    0.4384057971014493,
    0.42391304347826086,
    0.39855072463768115,
    0.42028985507246375,
    0.3695652173913043,
    0.38768115942028986,
    0.42028985507246375,
    0.4492753623188406,
    0.43478260869565216,
    0.4565217391304348,
    0.4057971014492754,
    0.42391304347826086,
    0.37681159420289856,
    0.427536231884058,
    0.4528985507246377,
    0.38768115942028986,
    0.391304347826087
  ],
  "auc_T": null,
  "latencies_ms": {
    "C": null,
    "S_raw": null,
    "S_inv": null,
    "T": null
  },
  "meta": {
    "align": "stim",
    "orientation": "vertical",
    "pt_min_ms": 200.0,
    "n_trials": 276,
    "n_bins": 52,
    "n_units": 120,
    "thr": 0.6,
    "k_bins": 5,
    "norm": "global",
    "baseline_win": null,
    "used_axes_mu_sd": false
  }
}