{
  "time": [
    -0.39000000059604645,
    -0.3799999952316284,
    -0.3700000047683716,
    -0.35999999940395355,
    -0.3499999940395355,
    -0.3400000035762787,
    -0.32999999821186066,
    -0.3199999928474426,
    -0.3100000023841858,
    -0.30000000447034836,
    -0.28999999910593033,
    -0.2800000011920929,
    -0.27000000327825546,
    -0.25999999791383743,
    -0.25,
    -0.24000000208616257,
    -0.23000000044703484,
    -0.2200000025331974,
    -0.21000000089406967,
    -0.19999999925494194,
    -0.1900000013411045,
    -0.17999999970197678,
    -0.16999999806284904,
    -0.1600000001490116,
    -0.14999999850988388,
    -0.13999999687075615,
    -0.12999999895691872,
    -0.11999999918043613,
    -0.10999999940395355,
    -0.09999999962747097,
    -0.08999999985098839,
    -0.0800000000745058,
    -0.07000000029802322,
    -0.06000000052154064,
    -0.049999999813735485,
    -0.0400000000372529,
    -0.03000000026077032,
    -0.020000000251457095,
    -0.010000000009313226,
    0.0,
    0.010000000009313226,
    0.020000000251457095,
    0.03000000026077032,
    0.0400000000372529,
    0.049999999813735485,
    0.06000000052154064,
    0.07000000029802322,
    0.0800000000745058,
    0.08999999985098839,
    0.09999999962747097,
    0.10999999940395355,
    0.11999999918043613,
    0.12999999895691872,
    0.13999999687075615,
    0.14999999850988388,
    0.1600000001490116,
    0.16999999806284904,
    0.17999999970197678,
    0.1900000013411045,
    0.19999999925494194,
    0.21000000089406967,
    0.2200000025331974,
    0.23000000044703484,
    0.24000000208616257,
    0.25,
    0.25999999791383743,
    0.27000000327825546,
    0.2800000011920929,
    0.28999999910593033
  ],
  "auc_C": null,
  "auc_S_raw": [
    0.4882235176352823,
    0.5403933345109816,
    0.5868809986457045,
    0.492139198021551,
    0.515868809986457,
    0.5547017605841136,
    0.5462815756933403,
    0.48480833774951415,
    0.48828240004710594,
    0.5648000942118588,
    0.509450627097686,
    0.3937172466584231,
    0.429782723900371,
    0.5679797444503326,
    0.5560854972619679,
    0.574810104221869,
    0.5654772419478302,
    0.4995878231172348,
    0.49346405228758167,
    0.47058823529411764,
    0.48507330860272035,
    0.5031502090325619,
    0.5433963375139846,
    0.5377141847730083,
    0.5736913383972208,
    0.5479008420184891,
    0.5609432962374139,
    0.6350173703114879,
    0.6142318789377614,
    0.5338279455926516,
    0.5896190307955014,
    0.636872166283931,
    0.5820231996702584,
    0.5378319495966554,
    0.507007007007007,
    0.4713537066478243,
    0.4754460342695637,
    0.49396455278808216,
    0.47506329859271035,
    0.526173232055585,
    0.5100394512159218,
    0.44880174291939,
    0.44276629570747217,
    0.455955955955956,
    0.4781840664193605,
    0.49464170052405343,
    0.6245951834187128,
    0.695784019313431,
    0.7206618383088971,
    0.7086792675027969,
    0.6103161985514927,
    0.6270682447153035,
    0.6413766707884355,
    0.5231996702584938,
    0.4787434493316846,
    0.48469057292586704,
    0.530324442089148,
    0.5134251898957782,
    0.49520108343637753,
    0.43820290879114404,
    0.4610492845786963,
    0.4940823176117294,
    0.5075663899193312,
    0.4785668020962139,
    0.4594889006653712,
    0.49891067538126366,
    0.5048872401813578,
    0.5432491314844257,
    0.5619442972384149
  ],
  "auc_S_inv": [
    0.4882235176352823,
    0.5403933345109816,
    0.5868809986457045,
    0.492139198021551,
    0.515868809986457,
    0.5547017605841136,
    0.5462815756933403,
    0.48480833774951415,
    0.48828240004710594,
    0.5648000942118588,
    0.509450627097686,
    0.3937172466584231,
    0.429782723900371,
    0.5679797444503326,
    0.5560854972619679,
    0.574810104221869,
    0.5654772419478302,
    0.4995878231172348,
    0.49346405228758167,
    0.47058823529411764,
    0.48507330860272035,
    0.5031502090325619,
    0.5433963375139846,
    0.5377141847730083,
    0.5736913383972208,
    0.5479008420184891,
    0.5609432962374139,
    0.6350173703114879,
    0.6142318789377614,
    0.5338279455926516,
    0.5896190307955014,
    0.636872166283931,
    0.5820231996702584,
    0.5378319495966554,
    0.507007007007007,
    0.4713537066478243,
    0.4754460342695637,
    0.49396455278808216,
    0.47506329859271035,
    0.526173232055585,
    0.5100394512159218,
    0.44880174291939,
    0.44276629570747217,
    0.455955955955956,
    0.4781840664193605,
    0.49464170052405343,
    0.6245951834187128,
    0.695784019313431,
    0.7206618383088971,
    0.7086792675027969,
    0.6103161985514927,
    0.6270682447153035,
    0.6413766707884355,
    0.5231996702584938,
    0.4787434493316846,
    0.48469057292586704,
    0.530324442089148,
    0.5134251898957782,
    0.49520108343637753,
    0.43820290879114404,
    0.4610492845786963,
    0.4940823176117294,
    0.5075663899193312,
    0.4785668020962139,
    0.4594889006653712,
    0.49891067538126366,
    0.5048872401813578,
    0.5432491314844257,
    0.5619442972384149
  ],
  "acc_R_macro": null,
  "auc_T": null,
  "latencies_ms": {
    "C": null,
    "S_raw": 70.00000029802322,
    "S_inv": 70.00000029802322,
    "T": null
  },
  "meta": {
    "align": "sacc",
    "orientation": "horizontal",
    "pt_min_ms": 200.0,
    "n_trials": 264,
    "n_bins": 69,
    "n_units": 14,
    "thr": 0.6,
    "k_bins": 5,
    "norm": "global",
    "baseline_win": null,
    "used_axes_mu_sd": false
  }
}