{
  "time": [
    -0.39000000059604645,
    -0.3799999952316284,
    -0.3700000047683716,
    -0.35999999940395355,
    -0.3499999940395355,
    -0.3400000035762787,
    -0.32999999821186066,
    -0.3199999928474426,
    -0.3100000023841858,
    -0.30000000447034836,
    -0.28999999910593033,
    -0.2800000011920929,
    -0.27000000327825546,
    -0.25999999791383743,
    -0.25,
    -0.24000000208616257,
    -0.23000000044703484,
    -0.2200000025331974,
    -0.21000000089406967,
    -0.19999999925494194,
    -0.1900000013411045,
    -0.17999999970197678,
    -0.16999999806284904,
    -0.1600000001490116,
    -0.14999999850988388,
    -0.13999999687075615,
    -0.12999999895691872,
    -0.11999999918043613,
    -0.10999999940395355,
    -0.09999999962747097,
    -0.08999999985098839,
    -0.0800000000745058,
    -0.07000000029802322,
    -0.06000000052154064,
    -0.049999999813735485,
    -0.0400000000372529,
    -0.03000000026077032,
    -0.020000000251457095,
    -0.010000000009313226,
    0.0,
    0.010000000009313226,
    0.020000000251457095,
    0.03000000026077032,
    0.0400000000372529,
    0.049999999813735485,
    0.06000000052154064,
    0.07000000029802322,
    0.0800000000745058,
    0.08999999985098839,
    0.09999999962747097,
    0.10999999940395355,
    0.11999999918043613,
    0.12999999895691872,
    0.13999999687075615,
    0.14999999850988388,
    0.1600000001490116,
    0.16999999806284904,
    0.17999999970197678,
    0.1900000013411045,
    0.19999999925494194,
    0.21000000089406967,
    0.2200000025331974,
    0.23000000044703484,
    0.24000000208616257,
    0.25,
    0.25999999791383743,
    0.27000000327825546,
    0.2800000011920929,
    0.28999999910593033
  ],
  "auc_C": [
    0.5095525082959205,
    0.4885711497169627,
    0.47987263322272106,
    0.5053045090767129,
    0.5226625024399766,
    0.494585691977357,
    0.4990825688073395,
    0.5160892055436268,
    0.5236628928362288,
    0.5154182119851649,
    0.5298043138785867,
    0.515732968963498,
    0.4878489166504002,
    0.47376537185243023,
    0.4712985555338669,
    0.49304362678118296,
    0.4743656060901815,
    0.4735994534452469,
    0.4874707202810853,
    0.48320320124926797,
    0.4999390005855944,
    0.5067465352332617,
    0.512358481358579,
    0.5246242436072615,
    0.5359432949443684,
    0.5140371852430217,
    0.5227893812219404,
    0.5529865313292992,
    0.5539869217255514,
    0.6112751317587352,
    0.6332861604528597,
    0.6233456958813195,
    0.6317928947882101,
    0.6637346281475698,
    0.6131929533476479,
    0.5726503025570955,
    0.6002708373999609,
    0.6038820027327737,
    0.5576566464961936,
    0.5673238336911965,
    0.5960008783915675,
    0.5883832715205933,
    0.5861726527425337,
    0.5827957251610384,
    0.5511126293187586,
    0.5439171383954714,
    0.5715645129806753,
    0.5531573296896349,
    0.5403157329689635,
    0.5281451298067539,
    0.4998023618973258,
    0.517848428655085,
    0.5347257466328323,
    0.489876537185243,
    0.4839913136833886,
    0.4892275034159671,
    0.4618851259027913,
    0.4864703298848331,
    0.5050214717938708,
    0.49236043333983986,
    0.511816806558657,
    0.5032866484481748,
    0.4653718524302166,
    0.487641518641421,
    0.4735189342182315,
    0.4510613898106578,
    0.5177996291235605,
    0.5333910794456374,
    0.5049824321686511
  ],
  "auc_S_raw": [
    0.5561368778280543,
    0.5232802504290841,
    0.48278787642377907,
    0.46345227414573253,
    0.4724703541894211,
    0.5270274223747855,
    0.5286267358402247,
    0.5231681034482759,
    0.5264203658917148,
    0.5175851341863006,
    0.5235630558589484,
    0.5082428030894055,
    0.49075762599469497,
    0.5050368622249961,
    0.5252306327040099,
    0.5410896785770011,
    0.5316352004992978,
    0.5536793961616477,
    0.5566269113746294,
    0.5220295677952879,
    0.5220417576845062,
    0.5419844164456233,
    0.5527432126696832,
    0.5574655757528475,
    0.5729394211265408,
    0.5293898229052895,
    0.5199962942736777,
    0.5592233577781245,
    0.5337708690903417,
    0.5788905250429084,
    0.5920653573100327,
    0.5967901583710408,
    0.6206116398814168,
    0.6285496957403651,
    0.6511399984396943,
    0.7002335582774224,
    0.7300183335933843,
    0.7523916562646279,
    0.7743944063036355,
    0.7886468247776565,
    0.7975771376189733,
    0.7876521298174441,
    0.7345724762053363,
    0.7163705336245905,
    0.6954990053050398,
    0.6746226010298018,
    0.6693078093306287,
    0.6391792791387111,
    0.6250902051802153,
    0.6039675651427681,
    0.5637092370104542,
    0.5899101848962397,
    0.5859996684350133,
    0.5828327352161022,
    0.5688899399282259,
    0.5325299383679201,
    0.5677684701201435,
    0.5498030113902325,
    0.5135868505227025,
    0.5369938757996567,
    0.5305868700265253,
    0.5609616359806522,
    0.5708476361366828,
    0.5748849274457793,
    0.552738336713996,
    0.5111976322359183,
    0.49968062490248083,
    0.48722743407707914,
    0.5140183726010298
  ],
  "auc_S_inv": [
    0.5490374863473241,
    0.5193989897019815,
    0.48387521454205024,
    0.4630426938679981,
    0.48065708378842253,
    0.5378959276018099,
    0.5331126150725543,
    0.5164587884225309,
    0.5237629700421282,
    0.5175948860976751,
    0.5143474996099235,
    0.4876028826650024,
    0.48936310266812294,
    0.5010775862068966,
    0.5165124239350913,
    0.542669488219691,
    0.528212279606803,
    0.5503930020283976,
    0.5626974762053363,
    0.5296653144016228,
    0.5235825596816975,
    0.5398584997659541,
    0.5467457871742861,
    0.558899106724918,
    0.5725347168044936,
    0.5350361795911999,
    0.5219174208144797,
    0.5548545014822905,
    0.5335514510844126,
    0.580914046653144,
    0.5902466258386644,
    0.5870333710407241,
    0.6157941956623498,
    0.6233129193321891,
    0.6447183647995006,
    0.6984392065844905,
    0.7343481822437198,
    0.7497830199719144,
    0.764593735372133,
    0.778446325479794,
    0.7953293220471213,
    0.7866233031674209,
    0.7317688016851303,
    0.7146688250897175,
    0.6886190318302388,
    0.6724625526603214,
    0.6686788110469652,
    0.6439089561554066,
    0.6213747269464814,
    0.5978531167108754,
    0.5592818692463724,
    0.5889447456701513,
    0.5855413286004056,
    0.5807897097831175,
    0.5634630012482447,
    0.5269079614604462,
    0.5668420385395537,
    0.5492910360430645,
    0.5114853136214699,
    0.5316010688094867,
    0.5192210173193946,
    0.5485864604462475,
    0.5602668122952099,
    0.5711450694336089,
    0.5529089951630519,
    0.514137833515369,
    0.5050051685130286,
    0.498086187392729,
    0.5196257216414417
  ],
  "acc_R_macro": null,
  "auc_T": null,
  "latencies_ms": {
    "C": -99.99999962747097,
    "S_raw": -70.00000029802322,
    "S_inv": -70.00000029802322,
    "T": null
  },
  "meta": {
    "align": "sacc",
    "orientation": null,
    "pt_min_ms": 200.0,
    "n_trials": 906,
    "n_bins": 69,
    "n_units": 66,
    "thr": 0.6,
    "k_bins": 5,
    "norm": "global",
    "baseline_win": null,
    "used_axes_mu_sd": false,
    "correct_mode": "correctonly"
  }
}