{
  "time": [
    -0.39000000059604645,
    -0.3799999952316284,
    -0.3700000047683716,
    -0.35999999940395355,
    -0.3499999940395355,
    -0.3400000035762787,
    -0.32999999821186066,
    -0.3199999928474426,
    -0.3100000023841858,
    -0.30000000447034836,
    -0.28999999910593033,
    -0.2800000011920929,
    -0.27000000327825546,
    -0.25999999791383743,
    -0.25,
    -0.24000000208616257,
    -0.23000000044703484,
    -0.2200000025331974,
    -0.21000000089406967,
    -0.19999999925494194,
    -0.1900000013411045,
    -0.17999999970197678,
    -0.16999999806284904,
    -0.1600000001490116,
    -0.14999999850988388,
    -0.13999999687075615,
    -0.12999999895691872,
    -0.11999999918043613,
    -0.10999999940395355,
    -0.09999999962747097,
    -0.08999999985098839,
    -0.0800000000745058,
    -0.07000000029802322,
    -0.06000000052154064,
    -0.049999999813735485,
    -0.0400000000372529,
    -0.03000000026077032,
    -0.020000000251457095,
    -0.010000000009313226,
    0.0,
    0.010000000009313226,
    0.020000000251457095,
    0.03000000026077032,
    0.0400000000372529,
    0.049999999813735485,
    0.06000000052154064,
    0.07000000029802322,
    0.0800000000745058,
    0.08999999985098839,
    0.09999999962747097,
    0.10999999940395355,
    0.11999999918043613,
    0.12999999895691872,
    0.13999999687075615,
    0.14999999850988388,
    0.1600000001490116,
    0.16999999806284904,
    0.17999999970197678,
    0.1900000013411045,
    0.19999999925494194,
    0.21000000089406967,
    0.2200000025331974,
    0.23000000044703484,
    0.24000000208616257,
    0.25,
    0.25999999791383743,
    0.27000000327825546,
    0.2800000011920929,
    0.28999999910593033
  ],
  "auc_C": null,
  "auc_S_raw": [
    0.4454867488848072,
    0.5377853581737077,
    0.536473366570454,
    0.49265284702177903,
    0.4824849120965626,
    0.4653634216741013,
    0.4931120440829179,
    0.47192337969037007,
    0.5048543689320388,
    0.5138415114143269,
    0.5067567567567568,
    0.5087903437418001,
    0.4701521910259775,
    0.4475859354500131,
    0.5373261611125688,
    0.4921936499606403,
    0.4004198373130412,
    0.45611388087116245,
    0.5015087903437417,
    0.48097612175282084,
    0.47841773812647603,
    0.506297559695618,
    0.5478876935187615,
    0.5727499344004199,
    0.4888480713723432,
    0.48484649698241933,
    0.4876016793492522,
    0.5015743899239045,
    0.5653371818420363,
    0.6185384413539753,
    0.6374967200209919,
    0.6994227236945684,
    0.7530175806874835,
    0.7848333770663868,
    0.7763054316452375,
    0.7665966937811598,
    0.8169115717659408,
    0.8634216741012858,
    0.9227892941485174,
    0.9410259774337444,
    0.9365652059826818,
    0.9311860404093414,
    0.9508003148779849,
    0.9696929939648387,
    0.9942928365258463,
    0.9853712936237208,
    0.945945945945946,
    0.907373392810286,
    0.9220020991865652,
    0.8926134872736815,
    0.8840199422723695,
    0.8352138546313304,
    0.7969692993964838,
    0.7789294148517449,
    0.7839149829441092,
    0.7805038047756495,
    0.7539359748097612,
    0.7161506166360535,
    0.7248753607976909,
    0.7915245342429809,
    0.7914589346628181,
    0.7719758593545002,
    0.81664917344529,
    0.8222251377591183,
    0.8064812385200736,
    0.7858173707688272,
    0.7913277355024928,
    0.7999212805038048,
    0.8042508527945421
  ],
  "auc_S_inv": [
    0.4454867488848072,
    0.5377853581737077,
    0.536473366570454,
    0.49265284702177903,
    0.4824849120965626,
    0.4653634216741013,
    0.4931120440829179,
    0.47192337969037007,
    0.5048543689320388,
    0.5138415114143269,
    0.5067567567567568,
    0.5087903437418001,
    0.4701521910259775,
    0.4475859354500131,
    0.5373261611125688,
    0.4921936499606403,
    0.4004198373130412,
    0.45611388087116245,
    0.5015087903437417,
    0.48097612175282084,
    0.47841773812647603,
    0.506297559695618,
    0.5478876935187615,
    0.5727499344004199,
    0.4888480713723432,
    0.48484649698241933,
    0.4876016793492522,
    0.5015743899239045,
    0.5653371818420363,
    0.6185384413539753,
    0.6374967200209919,
    0.6994227236945684,
    0.7530175806874835,
    0.7848333770663868,
    0.7763054316452375,
    0.7665966937811598,
    0.8169115717659408,
    0.8634216741012858,
    0.9227892941485174,
    0.9410259774337444,
    0.9365652059826818,
    0.9311860404093414,
    0.9508003148779849,
    0.9696929939648387,
    0.9942928365258463,
    0.9853712936237208,
    0.945945945945946,
    0.907373392810286,
    0.9220020991865652,
    0.8926134872736815,
    0.8840199422723695,
    0.8352138546313304,
    0.7969692993964838,
    0.7789294148517449,
    0.7839149829441092,
    0.7805038047756495,
    0.7539359748097612,
    0.7161506166360535,
    0.7248753607976909,
    0.7915245342429809,
    0.7914589346628181,
    0.7719758593545002,
    0.81664917344529,
    0.8222251377591183,
    0.8064812385200736,
    0.7858173707688272,
    0.7913277355024928,
    0.7999212805038048,
    0.8042508527945421
  ],
  "acc_R_macro": null,
  "auc_T": null,
  "latencies_ms": {
    "C": null,
    "S_raw": -99.99999962747097,
    "S_inv": -99.99999962747097,
    "T": null
  },
  "meta": {
    "align": "sacc",
    "orientation": "horizontal",
    "pt_min_ms": 200.0,
    "n_trials": 251,
    "n_bins": 69,
    "n_units": 66,
    "thr": 0.6,
    "k_bins": 5,
    "norm": "global",
    "baseline_win": null,
    "used_axes_mu_sd": false
  }
}