{
  "sid": "20231123",
  "align": "stim",
  "features": [
    "C"
  ],
  "winC": [
    0.1,
    0.3
  ],
  "winR": null,
  "winS": null,
  "winT": null,
  "pt_min_ms": 200.0,
  "orientation": "horizontal",
  "areas": [
    "SFEF",
    "SLIP",
    "SSC"
  ],
  "tag": "axes_peakbin_stimC-stim-horizontal-20mssw",
  "norm": "global",
  "baseline_win": null,
  "clf_binary": "logreg",
  "C_grid": [
    0.1,
    0.3,
    1.0,
    3.0,
    10.0
  ],
  "lda_shrinkage": null,
  "searchC": true,
  "searchS": false,
  "searchT": false,
  "searchR": false,
  "search_step_ms": 20.0,
  "search_len_ms": [
    50.0,
    100.0,
    150.0,
    200.0,
    250.0
  ],
  "search_range_C": "0.00:0.50",
  "search_range_S": null,
  "search_range_T": null,
  "search_range_R": null,
  "search_score_mode": "peak_bin_auc",
  "search_tiebreak": "shortest_then_earliest",
  "search_tol": 0.01,
  "per_area_results": {
    "SFEF": {
      "winC_selected": [
        0.19999999999999998,
        0.3
      ],
      "winC_cv_best": 0.8795955882352942,
      "winC_best_param": 0.3,
      "winC_peak_time_ms": 259.99999046325684,
      "winC_peak_auc": 0.8795955882352942,
      "winC_mean_bin_auc": 0.8125065651260505,
      "winC_cv_auc_original": 0.9697257251605077,
      "sC_auc": 0.8795955882352942,
      "n_trials_C": 248
    },
    "SLIP": {
      "winC_selected": [
        0.4400000000000001,
        0.4900000000000001
      ],
      "winC_cv_best": 0.7430737920168067,
      "winC_best_param": 0.1,
      "winC_peak_time_ms": 480.00000417232513,
      "winC_peak_auc": 0.7430737920168067,
      "winC_mean_bin_auc": 0.7042903098739496,
      "winC_cv_auc_original": 0.7746345441997616,
      "sC_auc": 0.7430737920168067,
      "n_trials_C": 248
    },
    "SSC": {
      "winC_selected": [
        0.36000000000000004,
        0.41000000000000003
      ],
      "winC_cv_best": 0.7452731092436975,
      "winC_best_param": 3.0,
      "winC_peak_time_ms": 379.9999952316284,
      "winC_peak_auc": 0.7452731092436975,
      "winC_mean_bin_auc": 0.678532037815126,
      "winC_cv_auc_original": 0.8121714034757513,
      "sC_auc": 0.7452731092436975,
      "n_trials_C": 248
    }
  },
  "rebin_factor": null,
  "sliding_window_ms": 20.0,
  "sliding_step_ms": 10.0,
  "sliding_window_bins": 2,
  "sliding_step_bins": 1
}