{
  "time": [
    -0.24000000208616257,
    -0.2199999988079071,
    -0.19999999552965164,
    -0.17999999970197678,
    -0.1600000038743019,
    -0.14000000059604645,
    -0.12000000104308128,
    -0.09999999776482582,
    -0.08000000193715096,
    -0.05999999865889549,
    -0.04000000096857548,
    -0.02000000001862645,
    0.0,
    0.02000000001862645,
    0.04000000096857548,
    0.05999999865889549,
    0.08000000193715096,
    0.09999999776482582,
    0.12000000104308128,
    0.14000000059604645,
    0.1600000038743019,
    0.17999999970197678,
    0.19999999552965164,
    0.2199999988079071,
    0.24000000208616257,
    0.25999999046325684,
    0.2800000011920929,
    0.29999999701976776,
    0.3199999928474426,
    0.3400000035762787,
    0.35999999940395355,
    0.3799999952316284,
    0.4000000059604645,
    0.42000000178813934,
    0.4399999976158142,
    0.46000000834465027,
    0.48000000417232513,
    0.5,
    0.5199999809265137,
    0.5400000214576721,
    0.5600000023841858,
    0.5799999833106995,
    0.6000000238418579,
    0.6200000047683716,
    0.6399999856948853,
    0.6599999964237213,
    0.6800000071525574,
    0.699999988079071,
    0.7199999988079071,
    0.7400000095367432,
    0.7599999904632568,
    0.7800000011920929
  ],
  "auc_C": [
    0.4919467787114846,
    0.5374649859943977,
    0.46218487394957986,
    0.4404761904761905,
    0.571078431372549,
    0.3974089635854342,
    0.49824929971988796,
    0.5623249299719888,
    0.476890756302521,
    0.4103641456582633,
    0.5465686274509804,
    0.5896358543417367,
    0.5696778711484594,
    0.47619047619047616,
    0.4800420168067227,
    0.5882352941176471,
    0.5077030812324931,
    0.507703081232493,
    0.5462184873949579,
    0.6414565826330533,
    0.5378151260504201,
    0.5920868347338936,
    0.6015406162464986,
    0.6025910364145659,
    0.5455182072829131,
    0.6726190476190477,
    0.667717086834734,
    0.6271008403361344,
    0.8018207282913166,
    0.7254901960784315,
    0.8410364145658263,
    0.5780812324929971,
    0.6022408963585434,
    0.6341036414565827,
    0.5049019607843137,
    0.5784313725490196,
    0.617296918767507,
    0.48249299719887956,
    0.45133053221288516,
    0.5353641456582633,
    0.6134453781512605,
    0.501750700280112,
    0.45203081232493003,
    0.4814425770308123,
    0.48354341736694684,
    0.5164565826330533,
    0.509453781512605,
    0.5504201680672269,
    0.5210084033613445,
    0.5206582633053222,
    0.44922969187675066,
    0.38760504201680673
  ],
  "auc_S_raw": null,
  "auc_S_inv": null,
  "acc_R_macro": [
    0.446953781512605,
    0.5120798319327731,
    0.48441876750700286,
    0.553921568627451,
    0.4585084033613446,
    0.48704481792717086,
    0.4112394957983193,
    0.4513305322128851,
    0.5084033613445378,
    0.4424019607843137,
    0.4219187675070028,
    0.4005602240896359,
    0.5441176470588236,
    0.4290966386554622,
    0.4781162464985994,
    0.44957983193277307,
    0.5789565826330532,
    0.49684873949579833,
    0.510329131652661,
    0.45675770308123254,
    0.5236344537815126,
    0.5164565826330532,
    0.4175420168067227,
    0.5084033613445378,
    0.705532212885154,
    0.7377450980392157,
    0.42997198879551823,
    0.48704481792717086,
    0.4772408963585434,
    0.48441876750700286,
    0.48792016806722693,
    0.552170868347339,
    0.468312324929972,
    0.5129551820728291,
    0.5709033613445378,
    0.4835434173669468,
    0.47636554621848737,
    0.46743697478991597,
    0.40406162464985995,
    0.4201680672268907,
    0.4201680672268907,
    0.4639355742296919,
    0.5129551820728291,
    0.5147058823529411,
    0.48441876750700286,
    0.48704481792717086,
    0.45938375350140054,
    0.38182773109243695,
    0.4415266106442577,
    0.41386554621848737,
    0.4550070028011205,
    0.45675770308123254
  ],
  "auc_T": null,
  "latencies_ms": {
    "C": 259.99999046325684,
    "S_raw": null,
    "S_inv": null,
    "T": null
  },
  "meta": {
    "align": "stim",
    "orientation": "vertical",
    "pt_min_ms": 200.0,
    "n_trials": 107,
    "n_bins": 52,
    "n_units": 45,
    "thr": 0.6,
    "k_bins": 5,
    "norm": "global",
    "baseline_win": null,
    "used_axes_mu_sd": false
  }
}