{
  "time": [
    -0.24000000208616257,
    -0.2199999988079071,
    -0.19999999552965164,
    -0.17999999970197678,
    -0.1600000038743019,
    -0.14000000059604645,
    -0.12000000104308128,
    -0.09999999776482582,
    -0.08000000193715096,
    -0.05999999865889549,
    -0.04000000096857548,
    -0.02000000001862645,
    0.0,
    0.02000000001862645,
    0.04000000096857548,
    0.05999999865889549,
    0.08000000193715096,
    0.09999999776482582,
    0.12000000104308128,
    0.14000000059604645,
    0.1600000038743019,
    0.17999999970197678,
    0.19999999552965164,
    0.2199999988079071,
    0.24000000208616257,
    0.25999999046325684,
    0.2800000011920929,
    0.29999999701976776,
    0.3199999928474426,
    0.3400000035762787,
    0.35999999940395355,
    0.3799999952316284,
    0.4000000059604645,
    0.42000000178813934,
    0.4399999976158142,
    0.46000000834465027,
    0.48000000417232513,
    0.5,
    0.5199999809265137,
    0.5400000214576721,
    0.5600000023841858,
    0.5799999833106995,
    0.6000000238418579,
    0.6200000047683716,
    0.6399999856948853,
    0.6599999964237213,
    0.6800000071525574,
    0.699999988079071,
    0.7199999988079071,
    0.7400000095367432,
    0.7599999904632568,
    0.7800000011920929
  ],
  "auc_C": [
    0.49299719887955185,
    0.5108543417366946,
    0.5140056022408963,
    0.5815826330532212,
    0.4877450980392156,
    0.5164565826330532,
    0.5063025210084033,
    0.4737394957983193,
    0.446078431372549,
    0.41351540616246496,
    0.484593837535014,
    0.4117647058823529,
    0.4467787114845938,
    0.5283613445378151,
    0.43522408963585435,
    0.5255602240896359,
    0.5056022408963585,
    0.44502801120448177,
    0.5458683473389355,
    0.5434173669467787,
    0.5290616246498601,
    0.49754901960784315,
    0.5574229691876751,
    0.5549719887955181,
    0.6936274509803921,
    0.6579131652661063,
    0.7419467787114846,
    0.6803221288515406,
    0.7072829131652661,
    0.6761204481792716,
    0.692577030812325,
    0.6908263305322129,
    0.7997198879551821,
    0.7937675070028011,
    0.7433473389355743,
    0.844187675070028,
    0.7471988795518207,
    0.8287815126050421,
    0.6288515406162465,
    0.6628151260504201,
    0.5474439775910365,
    0.600140056022409,
    0.6439075630252101,
    0.5423669467787114,
    0.5959383753501399,
    0.4856442577030813,
    0.5819327731092437,
    0.6887254901960784,
    0.5651260504201681,
    0.5749299719887955,
    0.5588235294117647,
    0.4954481792717087
  ],
  "auc_S_raw": null,
  "auc_S_inv": null,
  "acc_R_macro": [
    0.5397408963585434,
    0.468312324929972,
    0.5227591036414565,
    0.4504551820728291,
    0.446953781512605,
    0.5467436974789917,
    0.39250700280112044,
    0.41211484593837533,
    0.46568627450980393,
    0.4227941176470588,
    0.48266806722689076,
    0.553046218487395,
    0.45675770308123254,
    0.4942226890756303,
    0.40948879551820727,
    0.5227591036414565,
    0.43890056022408963,
    0.5218837535014006,
    0.4639355742296919,
    0.43890056022408963,
    0.49772408963585435,
    0.551295518207283,
    0.5173319327731093,
    0.616421568627451,
    0.5504201680672269,
    0.6057422969187676,
    0.6449579831932774,
    0.6183473389355743,
    0.44957983193277307,
    0.4550070028011205,
    0.46568627450980393,
    0.4201680672268907,
    0.511204481792717,
    0.5066526610644257,
    0.41929271708683474,
    0.39338235294117646,
    0.5155812324929973,
    0.5014005602240896,
    0.5192577030812324,
    0.44345238095238093,
    0.553046218487395,
    0.41211484593837533,
    0.45763305322128855,
    0.3380602240896359,
    0.5057773109243697,
    0.4219187675070028,
    0.40861344537815125,
    0.4550070028011205,
    0.4023109243697479,
    0.4210434173669468,
    0.44065126050420167,
    0.5441176470588236
  ],
  "auc_T": null,
  "latencies_ms": {
    "C": 240.00000208616257,
    "S_raw": null,
    "S_inv": null,
    "T": null
  },
  "meta": {
    "align": "stim",
    "orientation": "vertical",
    "pt_min_ms": 200.0,
    "n_trials": 107,
    "n_bins": 52,
    "n_units": 74,
    "thr": 0.6,
    "k_bins": 5,
    "norm": "global",
    "baseline_win": null,
    "used_axes_mu_sd": false
  }
}