{
  "time": [
    -0.39000000059604645,
    -0.3799999952316284,
    -0.3700000047683716,
    -0.35999999940395355,
    -0.3499999940395355,
    -0.3400000035762787,
    -0.32999999821186066,
    -0.3199999928474426,
    -0.3100000023841858,
    -0.30000000447034836,
    -0.28999999910593033,
    -0.2800000011920929,
    -0.27000000327825546,
    -0.25999999791383743,
    -0.25,
    -0.24000000208616257,
    -0.23000000044703484,
    -0.2200000025331974,
    -0.21000000089406967,
    -0.19999999925494194,
    -0.1900000013411045,
    -0.17999999970197678,
    -0.16999999806284904,
    -0.1600000001490116,
    -0.14999999850988388,
    -0.13999999687075615,
    -0.12999999895691872,
    -0.11999999918043613,
    -0.10999999940395355,
    -0.09999999962747097,
    -0.08999999985098839,
    -0.0800000000745058,
    -0.07000000029802322,
    -0.06000000052154064,
    -0.049999999813735485,
    -0.0400000000372529,
    -0.03000000026077032,
    -0.020000000251457095,
    -0.010000000009313226,
    0.0,
    0.010000000009313226,
    0.020000000251457095,
    0.03000000026077032,
    0.0400000000372529,
    0.049999999813735485,
    0.06000000052154064,
    0.07000000029802322,
    0.0800000000745058,
    0.08999999985098839,
    0.09999999962747097,
    0.10999999940395355,
    0.11999999918043613,
    0.12999999895691872,
    0.13999999687075615,
    0.14999999850988388,
    0.1600000001490116,
    0.16999999806284904,
    0.17999999970197678,
    0.1900000013411045
  ],
  "auc_C": null,
  "auc_S_raw": [
    0.4726805595204111,
    0.45940622323722524,
    0.49837282329431914,
    0.5158435626605766,
    0.4746502997430773,
    0.4795889237796175,
    0.532286611475878,
    0.49226377390807885,
    0.45717956037681984,
    0.4862118184413361,
    0.47410790750785037,
    0.4973165857836141,
    0.5257779046531544,
    0.5181558664002284,
    0.4802740508135883,
    0.44561804167856117,
    0.4037681986868399,
    0.4352840422495004,
    0.46391664287753354,
    0.47701969740222666,
    0.5217242363688267,
    0.535598058806737,
    0.545246931201827,
    0.6038252926063374,
    0.5955466742791893,
    0.5672280902083928,
    0.5595775049957179,
    0.525035683699686,
    0.6210105623751071,
    0.6699971453040251,
    0.6739937196688552,
    0.6412218098772481,
    0.6664002283756779,
    0.773622609192121,
    0.7899514701684269,
    0.8180987724807307,
    0.8149015129888666,
    0.7968598344276333,
    0.8443619754496147,
    0.8793605481016271,
    0.9221238938053097,
    0.9176134741650014,
    0.9076791321724237,
    0.9578075934912931,
    0.9705966314587497,
    0.9516985441050528,
    0.9421067656294605,
    0.9098487011133314,
    0.8746217527833284,
    0.8204396231801314,
    0.7880673708250072,
    0.855438195832144,
    0.8409363402797603,
    0.8373394233514131,
    0.7811019126463031,
    0.707622038252926,
    0.7123037396517271,
    0.7014558949471881,
    0.68352840422495
  ],
  "auc_S_inv": [
    0.4726805595204111,
    0.45940622323722524,
    0.49837282329431914,
    0.5158435626605766,
    0.4746502997430773,
    0.4795889237796175,
    0.532286611475878,
    0.49226377390807885,
    0.45717956037681984,
    0.4862118184413361,
    0.47410790750785037,
    0.4973165857836141,
    0.5257779046531544,
    0.5181558664002284,
    0.4802740508135883,
    0.44561804167856117,
    0.4037681986868399,
    0.4352840422495004,
    0.46391664287753354,
    0.47701969740222666,
    0.5217242363688267,
    0.535598058806737,
    0.545246931201827,
    0.6038252926063374,
    0.5955466742791893,
    0.5672280902083928,
    0.5595775049957179,
    0.525035683699686,
    0.6210105623751071,
    0.6699971453040251,
    0.6739937196688552,
    0.6412218098772481,
    0.6664002283756779,
    0.773622609192121,
    0.7899514701684269,
    0.8180987724807307,
    0.8149015129888666,
    0.7968598344276333,
    0.8443619754496147,
    0.8793605481016271,
    0.9221238938053097,
    0.9176134741650014,
    0.9076791321724237,
    0.9578075934912931,
    0.9705966314587497,
    0.9516985441050528,
    0.9421067656294605,
    0.9098487011133314,
    0.8746217527833284,
    0.8204396231801314,
    0.7880673708250072,
    0.855438195832144,
    0.8409363402797603,
    0.8373394233514131,
    0.7811019126463031,
    0.707622038252926,
    0.7123037396517271,
    0.7014558949471881,
    0.68352840422495
  ],
  "acc_R_macro": null,
  "auc_T": null,
  "latencies_ms": {
    "C": null,
    "S_raw": -109.99999940395355,
    "S_inv": -109.99999940395355,
    "T": null
  },
  "meta": {
    "align": "sacc",
    "orientation": "horizontal",
    "pt_min_ms": 200.0,
    "n_trials": 268,
    "n_bins": 59,
    "n_units": 40,
    "thr": 0.6,
    "k_bins": 5,
    "norm": "global",
    "baseline_win": null,
    "used_axes_mu_sd": false
  }
}