{
  "time": [
    -0.39000000059604645,
    -0.3799999952316284,
    -0.3700000047683716,
    -0.35999999940395355,
    -0.3499999940395355,
    -0.3400000035762787,
    -0.32999999821186066,
    -0.3199999928474426,
    -0.3100000023841858,
    -0.30000000447034836,
    -0.28999999910593033,
    -0.2800000011920929,
    -0.27000000327825546,
    -0.25999999791383743,
    -0.25,
    -0.24000000208616257,
    -0.23000000044703484,
    -0.2200000025331974,
    -0.21000000089406967,
    -0.19999999925494194,
    -0.1900000013411045,
    -0.17999999970197678,
    -0.16999999806284904,
    -0.1600000001490116,
    -0.14999999850988388,
    -0.13999999687075615,
    -0.12999999895691872,
    -0.11999999918043613,
    -0.10999999940395355,
    -0.09999999962747097,
    -0.08999999985098839,
    -0.0800000000745058,
    -0.07000000029802322,
    -0.06000000052154064,
    -0.049999999813735485,
    -0.0400000000372529,
    -0.03000000026077032,
    -0.020000000251457095,
    -0.010000000009313226,
    0.0,
    0.010000000009313226,
    0.020000000251457095,
    0.03000000026077032,
    0.0400000000372529,
    0.049999999813735485,
    0.06000000052154064,
    0.07000000029802322,
    0.0800000000745058,
    0.08999999985098839,
    0.09999999962747097,
    0.10999999940395355,
    0.11999999918043613,
    0.12999999895691872,
    0.13999999687075615,
    0.14999999850988388,
    0.1600000001490116,
    0.16999999806284904,
    0.17999999970197678,
    0.1900000013411045
  ],
  "auc_C": null,
  "auc_S_raw": [
    0.5101679349252165,
    0.4928168459721858,
    0.516990291262136,
    0.4679218053004461,
    0.4533914982944109,
    0.5032799790081344,
    0.4750065599580163,
    0.5235174494883232,
    0.556809236420887,
    0.5421805300446076,
    0.5260758331146681,
    0.5274534242980844,
    0.528175019679874,
    0.5828850695355549,
    0.5708475465757018,
    0.5707491472054579,
    0.5177774862240881,
    0.4579506691157177,
    0.5003607976908948,
    0.5465757019155078,
    0.5375885594332196,
    0.509839937024403,
    0.5368013644712675,
    0.5338165835738651,
    0.47175938073996326,
    0.49268564681186044,
    0.5704539490947258,
    0.5943977958541067,
    0.5579900288638153,
    0.5336853844135399,
    0.5823274731041721,
    0.6389399107845709,
    0.6244096037785358,
    0.6305759643138283,
    0.6832524271844661,
    0.6674429283652585,
    0.6521910259774337,
    0.6708213067436369,
    0.6702309105221727,
    0.6419574914720546,
    0.5792442928365259,
    0.5715691419574914,
    0.5712739438467593,
    0.49678562057202835,
    0.44906192600367356,
    0.4990160062975597,
    0.5568748360010497,
    0.5567436368407243,
    0.5443453161899764,
    0.5909210181054841,
    0.5574324324324325,
    0.47789294148517447,
    0.5251246392023091,
    0.5096431382839149,
    0.4836001049593282,
    0.5327997900813435,
    0.5661899763841511,
    0.6338559433219628,
    0.639792705326686
  ],
  "auc_S_inv": [
    0.5101679349252165,
    0.4928168459721858,
    0.516990291262136,
    0.4679218053004461,
    0.4533914982944109,
    0.5032799790081344,
    0.4750065599580163,
    0.5235174494883232,
    0.556809236420887,
    0.5421805300446076,
    0.5260758331146681,
    0.5274534242980844,
    0.528175019679874,
    0.5828850695355549,
    0.5708475465757018,
    0.5707491472054579,
    0.5177774862240881,
    0.4579506691157177,
    0.5003607976908948,
    0.5465757019155078,
    0.5375885594332196,
    0.509839937024403,
    0.5368013644712675,
    0.5338165835738651,
    0.47175938073996326,
    0.49268564681186044,
    0.5704539490947258,
    0.5943977958541067,
    0.5579900288638153,
    0.5336853844135399,
    0.5823274731041721,
    0.6389399107845709,
    0.6244096037785358,
    0.6305759643138283,
    0.6832524271844661,
    0.6674429283652585,
    0.6521910259774337,
    0.6708213067436369,
    0.6702309105221727,
    0.6419574914720546,
    0.5792442928365259,
    0.5715691419574914,
    0.5712739438467593,
    0.49678562057202835,
    0.44906192600367356,
    0.4990160062975597,
    0.5568748360010497,
    0.5567436368407243,
    0.5443453161899764,
    0.5909210181054841,
    0.5574324324324325,
    0.47789294148517447,
    0.5251246392023091,
    0.5096431382839149,
    0.4836001049593282,
    0.5327997900813435,
    0.5661899763841511,
    0.6338559433219628,
    0.639792705326686
  ],
  "acc_R_macro": null,
  "auc_T": null,
  "latencies_ms": {
    "C": null,
    "S_raw": -80.0000000745058,
    "S_inv": -80.0000000745058,
    "T": null
  },
  "meta": {
    "align": "sacc",
    "orientation": "horizontal",
    "pt_min_ms": 200.0,
    "n_trials": 251,
    "n_bins": 59,
    "n_units": 28,
    "thr": 0.6,
    "k_bins": 5,
    "norm": "global",
    "baseline_win": null,
    "used_axes_mu_sd": false
  }
}