{
  "time": [
    -0.39000000059604645,
    -0.3799999952316284,
    -0.3700000047683716,
    -0.35999999940395355,
    -0.3499999940395355,
    -0.3400000035762787,
    -0.32999999821186066,
    -0.3199999928474426,
    -0.3100000023841858,
    -0.30000000447034836,
    -0.28999999910593033,
    -0.2800000011920929,
    -0.27000000327825546,
    -0.25999999791383743,
    -0.25,
    -0.24000000208616257,
    -0.23000000044703484,
    -0.2200000025331974,
    -0.21000000089406967,
    -0.19999999925494194,
    -0.1900000013411045,
    -0.17999999970197678,
    -0.16999999806284904,
    -0.1600000001490116,
    -0.14999999850988388,
    -0.13999999687075615,
    -0.12999999895691872,
    -0.11999999918043613,
    -0.10999999940395355,
    -0.09999999962747097,
    -0.08999999985098839,
    -0.0800000000745058,
    -0.07000000029802322,
    -0.06000000052154064,
    -0.049999999813735485,
    -0.0400000000372529,
    -0.03000000026077032,
    -0.020000000251457095,
    -0.010000000009313226,
    0.0,
    0.010000000009313226,
    0.020000000251457095,
    0.03000000026077032,
    0.0400000000372529,
    0.049999999813735485,
    0.06000000052154064,
    0.07000000029802322,
    0.0800000000745058,
    0.08999999985098839,
    0.09999999962747097,
    0.10999999940395355,
    0.11999999918043613,
    0.12999999895691872,
    0.13999999687075615,
    0.14999999850988388,
    0.1600000001490116,
    0.16999999806284904,
    0.17999999970197678,
    0.1900000013411045,
    0.19999999925494194,
    0.21000000089406967,
    0.2200000025331974,
    0.23000000044703484,
    0.24000000208616257,
    0.25,
    0.25999999791383743,
    0.27000000327825546,
    0.2800000011920929,
    0.28999999910593033
  ],
  "auc_C": null,
  "auc_S_raw": [
    0.5159823284823284,
    0.4963617463617464,
    0.5153326403326404,
    0.46732068607068605,
    0.45380717255717257,
    0.5000649688149688,
    0.475766632016632,
    0.5291385135135135,
    0.5631496881496881,
    0.5437240124740124,
    0.5245582120582121,
    0.5307302494802495,
    0.5324194386694386,
    0.5828352390852392,
    0.5721803534303534,
    0.5686070686070687,
    0.514747920997921,
    0.4539046257796258,
    0.4953547297297297,
    0.5469724532224532,
    0.5432367463617463,
    0.5148778586278586,
    0.5352780665280665,
    0.5361876299376299,
    0.4732328482328483,
    0.49057952182952186,
    0.5708809771309771,
    0.5949194386694387,
    0.5570426195426195,
    0.5331990644490645,
    0.5789371101871102,
    0.64445816008316,
    0.6266567047817048,
    0.6321465696465696,
    0.6821075883575883,
    0.6617398648648649,
    0.6503703222453223,
    0.6703482328482328,
    0.6702507796257795,
    0.6361096673596673,
    0.5781574844074844,
    0.5689319126819127,
    0.5687045218295219,
    0.4958419958419959,
    0.44480899168399163,
    0.5029235966735967,
    0.5633445945945946,
    0.5569126819126818,
    0.5434641372141372,
    0.5891372141372141,
    0.5576273388773388,
    0.47505197505197505,
    0.5230639293139293,
    0.5133186070686071,
    0.4899298336798337,
    0.5363825363825363,
    0.5706211018711019,
    0.6359797297297297,
    0.6385135135135136,
    0.6421517671517671,
    0.6526767151767151,
    0.6124610187110188,
    0.6348752598752597,
    0.6507276507276508,
    0.5760784823284824,
    0.5138383575883576,
    0.5512603950103949,
    0.5814708939708939,
    0.6279235966735967
  ],
  "auc_S_inv": [
    0.5159823284823284,
    0.4963617463617464,
    0.5153326403326404,
    0.46732068607068605,
    0.45380717255717257,
    0.5000649688149688,
    0.475766632016632,
    0.5291385135135135,
    0.5631496881496881,
    0.5437240124740124,
    0.5245582120582121,
    0.5307302494802495,
    0.5324194386694386,
    0.5828352390852392,
    0.5721803534303534,
    0.5686070686070687,
    0.514747920997921,
    0.4539046257796258,
    0.4953547297297297,
    0.5469724532224532,
    0.5432367463617463,
    0.5148778586278586,
    0.5352780665280665,
    0.5361876299376299,
    0.4732328482328483,
    0.49057952182952186,
    0.5708809771309771,
    0.5949194386694387,
    0.5570426195426195,
    0.5331990644490645,
    0.5789371101871102,
    0.64445816008316,
    0.6266567047817048,
    0.6321465696465696,
    0.6821075883575883,
    0.6617398648648649,
    0.6503703222453223,
    0.6703482328482328,
    0.6702507796257795,
    0.6361096673596673,
    0.5781574844074844,
    0.5689319126819127,
    0.5687045218295219,
    0.4958419958419959,
    0.44480899168399163,
    0.5029235966735967,
    0.5633445945945946,
    0.5569126819126818,
    0.5434641372141372,
    0.5891372141372141,
    0.5576273388773388,
    0.47505197505197505,
    0.5230639293139293,
    0.5133186070686071,
    0.4899298336798337,
    0.5363825363825363,
    0.5706211018711019,
    0.6359797297297297,
    0.6385135135135136,
    0.6421517671517671,
    0.6526767151767151,
    0.6124610187110188,
    0.6348752598752597,
    0.6507276507276508,
    0.5760784823284824,
    0.5138383575883576,
    0.5512603950103949,
    0.5814708939708939,
    0.6279235966735967
  ],
  "acc_R_macro": null,
  "auc_T": null,
  "latencies_ms": {
    "C": null,
    "S_raw": -80.0000000745058,
    "S_inv": -80.0000000745058,
    "T": null
  },
  "meta": {
    "align": "sacc",
    "orientation": "horizontal",
    "pt_min_ms": 200.0,
    "n_trials": 252,
    "n_bins": 69,
    "n_units": 28,
    "thr": 0.6,
    "k_bins": 5,
    "norm": "global",
    "baseline_win": null,
    "used_axes_mu_sd": false
  }
}