{
  "time": [
    -0.39000000059604645,
    -0.3799999952316284,
    -0.3700000047683716,
    -0.35999999940395355,
    -0.3499999940395355,
    -0.3400000035762787,
    -0.32999999821186066,
    -0.3199999928474426,
    -0.3100000023841858,
    -0.30000000447034836,
    -0.28999999910593033,
    -0.2800000011920929,
    -0.27000000327825546,
    -0.25999999791383743,
    -0.25,
    -0.24000000208616257,
    -0.23000000044703484,
    -0.2200000025331974,
    -0.21000000089406967,
    -0.19999999925494194,
    -0.1900000013411045,
    -0.17999999970197678,
    -0.16999999806284904,
    -0.1600000001490116,
    -0.14999999850988388,
    -0.13999999687075615,
    -0.12999999895691872,
    -0.11999999918043613,
    -0.10999999940395355,
    -0.09999999962747097,
    -0.08999999985098839,
    -0.0800000000745058,
    -0.07000000029802322,
    -0.06000000052154064,
    -0.049999999813735485,
    -0.0400000000372529,
    -0.03000000026077032,
    -0.020000000251457095,
    -0.010000000009313226,
    0.0,
    0.010000000009313226,
    0.020000000251457095,
    0.03000000026077032,
    0.0400000000372529,
    0.049999999813735485,
    0.06000000052154064,
    0.07000000029802322,
    0.0800000000745058,
    0.08999999985098839,
    0.09999999962747097,
    0.10999999940395355,
    0.11999999918043613,
    0.12999999895691872,
    0.13999999687075615,
    0.14999999850988388,
    0.1600000001490116,
    0.16999999806284904,
    0.17999999970197678,
    0.1900000013411045
  ],
  "auc_C": null,
  "auc_S_raw": [
    0.5172167359667359,
    0.49541969854469853,
    0.5137733887733887,
    0.46777546777546775,
    0.4559186590436591,
    0.5016891891891893,
    0.47602650727650725,
    0.5291385135135135,
    0.5637993762993763,
    0.5443087318087318,
    0.5246556652806652,
    0.530697765072765,
    0.5335563929313929,
    0.5824779106029107,
    0.5717905405405406,
    0.5683796777546778,
    0.5156574844074845,
    0.4556262993762994,
    0.49489994802494797,
    0.5469074844074844,
    0.5444386694386695,
    0.515787422037422,
    0.5367073804573805,
    0.5366099272349272,
    0.4746296777546778,
    0.4900272869022869,
    0.5701663201663202,
    0.5960239085239085,
    0.5578872141372141,
    0.5336538461538461,
    0.5815358627858629,
    0.643191268191268,
    0.6260070166320166,
    0.6329586798336798,
    0.6820751039501038,
    0.6608303014553015,
    0.6513123700623701,
    0.6700233887733887,
    0.6704781704781705,
    0.6363695426195426,
    0.5771179833679834,
    0.5687370062370062,
    0.5687694906444906,
    0.4953872141372141,
    0.4432497401247401,
    0.5005197505197505,
    0.5614604989604989,
    0.5567827442827442,
    0.543204261954262,
    0.5887474012474012,
    0.5567502598752598,
    0.4748570686070686,
    0.5243633056133056,
    0.5126039501039501,
    0.48979989604989604,
    0.5378768191268191,
    0.5723102910602911,
    0.639910343035343,
    0.6428014553014553
  ],
  "auc_S_inv": [
    0.5172167359667359,
    0.49541969854469853,
    0.5137733887733887,
    0.46777546777546775,
    0.4559186590436591,
    0.5016891891891893,
    0.47602650727650725,
    0.5291385135135135,
    0.5637993762993763,
    0.5443087318087318,
    0.5246556652806652,
    0.530697765072765,
    0.5335563929313929,
    0.5824779106029107,
    0.5717905405405406,
    0.5683796777546778,
    0.5156574844074845,
    0.4556262993762994,
    0.49489994802494797,
    0.5469074844074844,
    0.5444386694386695,
    0.515787422037422,
    0.5367073804573805,
    0.5366099272349272,
    0.4746296777546778,
    0.4900272869022869,
    0.5701663201663202,
    0.5960239085239085,
    0.5578872141372141,
    0.5336538461538461,
    0.5815358627858629,
    0.643191268191268,
    0.6260070166320166,
    0.6329586798336798,
    0.6820751039501038,
    0.6608303014553015,
    0.6513123700623701,
    0.6700233887733887,
    0.6704781704781705,
    0.6363695426195426,
    0.5771179833679834,
    0.5687370062370062,
    0.5687694906444906,
    0.4953872141372141,
    0.4432497401247401,
    0.5005197505197505,
    0.5614604989604989,
    0.5567827442827442,
    0.543204261954262,
    0.5887474012474012,
    0.5567502598752598,
    0.4748570686070686,
    0.5243633056133056,
    0.5126039501039501,
    0.48979989604989604,
    0.5378768191268191,
    0.5723102910602911,
    0.639910343035343,
    0.6428014553014553
  ],
  "acc_R_macro": null,
  "auc_T": null,
  "latencies_ms": {
    "C": null,
    "S_raw": -80.0000000745058,
    "S_inv": -80.0000000745058,
    "T": null
  },
  "meta": {
    "align": "sacc",
    "orientation": "horizontal",
    "pt_min_ms": 200.0,
    "n_trials": 252,
    "n_bins": 59,
    "n_units": 28,
    "thr": 0.6,
    "k_bins": 5,
    "norm": "global",
    "baseline_win": null,
    "used_axes_mu_sd": false
  }
}