{
  "time": [
    -0.39000000059604645,
    -0.3799999952316284,
    -0.3700000047683716,
    -0.35999999940395355,
    -0.3499999940395355,
    -0.3400000035762787,
    -0.32999999821186066,
    -0.3199999928474426,
    -0.3100000023841858,
    -0.30000000447034836,
    -0.28999999910593033,
    -0.2800000011920929,
    -0.27000000327825546,
    -0.25999999791383743,
    -0.25,
    -0.24000000208616257,
    -0.23000000044703484,
    -0.2200000025331974,
    -0.21000000089406967,
    -0.19999999925494194,
    -0.1900000013411045,
    -0.17999999970197678,
    -0.16999999806284904,
    -0.1600000001490116,
    -0.14999999850988388,
    -0.13999999687075615,
    -0.12999999895691872,
    -0.11999999918043613,
    -0.10999999940395355,
    -0.09999999962747097,
    -0.08999999985098839,
    -0.0800000000745058,
    -0.07000000029802322,
    -0.06000000052154064,
    -0.049999999813735485,
    -0.0400000000372529,
    -0.03000000026077032,
    -0.020000000251457095,
    -0.010000000009313226,
    0.0,
    0.010000000009313226,
    0.020000000251457095,
    0.03000000026077032,
    0.0400000000372529,
    0.049999999813735485,
    0.06000000052154064,
    0.07000000029802322,
    0.0800000000745058,
    0.08999999985098839,
    0.09999999962747097,
    0.10999999940395355,
    0.11999999918043613,
    0.12999999895691872,
    0.13999999687075615,
    0.14999999850988388,
    0.1600000001490116,
    0.16999999806284904,
    0.17999999970197678,
    0.1900000013411045
  ],
  "auc_C": null,
  "auc_S_raw": [
    0.4475051975051975,
    0.5385914760914761,
    0.535472972972973,
    0.49122920997920994,
    0.4847323284823285,
    0.4662162162162163,
    0.4864864864864865,
    0.46628118503118504,
    0.5048726611226612,
    0.517866424116424,
    0.5075363825363826,
    0.5020140332640333,
    0.46322765072765076,
    0.43925415800415807,
    0.5326793139293139,
    0.502143970893971,
    0.4004028066528067,
    0.4514033264033264,
    0.4979859667359667,
    0.4816138253638254,
    0.4801195426195426,
    0.5009095634095634,
    0.5426195426195426,
    0.5695816008316008,
    0.4860966735966735,
    0.4834329521829522,
    0.4859667359667359,
    0.49863565488565487,
    0.5615254677754677,
    0.6146049896049897,
    0.6317567567567568,
    0.694516632016632,
    0.7519490644490645,
    0.7793659043659044,
    0.7701403326403327,
    0.760200103950104,
    0.8083419958419957,
    0.8597972972972973,
    0.9169048856548856,
    0.9335369022869023,
    0.9325623700623701,
    0.9295738045738047,
    0.9493892931392932,
    0.9677754677754677,
    0.9942827442827442,
    0.984537422037422,
    0.9419828482328483,
    0.9004028066528067,
    0.9181392931392931,
    0.8852650727650728,
    0.8784433471933473,
    0.8349142411642412,
    0.7991813929313931,
    0.7752079002079003,
    0.776637214137214,
    0.7804054054054054,
    0.7553924116424117,
    0.7179054054054055,
    0.728235446985447
  ],
  "auc_S_inv": [
    0.4475051975051975,
    0.5385914760914761,
    0.535472972972973,
    0.49122920997920994,
    0.4847323284823285,
    0.4662162162162163,
    0.4864864864864865,
    0.46628118503118504,
    0.5048726611226612,
    0.517866424116424,
    0.5075363825363826,
    0.5020140332640333,
    0.46322765072765076,
    0.43925415800415807,
    0.5326793139293139,
    0.502143970893971,
    0.4004028066528067,
    0.4514033264033264,
    0.4979859667359667,
    0.4816138253638254,
    0.4801195426195426,
    0.5009095634095634,
    0.5426195426195426,
    0.5695816008316008,
    0.4860966735966735,
    0.4834329521829522,
    0.4859667359667359,
    0.49863565488565487,
    0.5615254677754677,
    0.6146049896049897,
    0.6317567567567568,
    0.694516632016632,
    0.7519490644490645,
    0.7793659043659044,
    0.7701403326403327,
    0.760200103950104,
    0.8083419958419957,
    0.8597972972972973,
    0.9169048856548856,
    0.9335369022869023,
    0.9325623700623701,
    0.9295738045738047,
    0.9493892931392932,
    0.9677754677754677,
    0.9942827442827442,
    0.984537422037422,
    0.9419828482328483,
    0.9004028066528067,
    0.9181392931392931,
    0.8852650727650728,
    0.8784433471933473,
    0.8349142411642412,
    0.7991813929313931,
    0.7752079002079003,
    0.776637214137214,
    0.7804054054054054,
    0.7553924116424117,
    0.7179054054054055,
    0.728235446985447
  ],
  "acc_R_macro": null,
  "auc_T": null,
  "latencies_ms": {
    "C": null,
    "S_raw": -99.99999962747097,
    "S_inv": -99.99999962747097,
    "T": null
  },
  "meta": {
    "align": "sacc",
    "orientation": "horizontal",
    "pt_min_ms": 200.0,
    "n_trials": 252,
    "n_bins": 59,
    "n_units": 66,
    "thr": 0.6,
    "k_bins": 5,
    "norm": "global",
    "baseline_win": null,
    "used_axes_mu_sd": false
  }
}