{
  "sid": "20231123",
  "area": "SFEF",
  "monkey": "S",
  "analysis": "cross_alignment",
  "align_C": "stim",
  "axes_tag_C": "axes_peakbin_stimC-stim-pooled-20mssw",
  "orientation_C": "pooled",
  "align_S": "sacc",
  "axes_tag_S": "axes_peakbin_saccCS-sacc-pooled-20mssw",
  "orientation_S": "pooled",
  "a_obs": 0.1409906422672761,
  "theta_obs_deg": 81.89482551005102,
  "null_mean": 0.1668946555489291,
  "null_std": 0.12498972584047806,
  "null_angle_mean_deg": 80.2945496652867,
  "p_orth": 0.4945054945054945,
  "p_align": 0.5064935064935064,
  "n_perms_valid": 1000,
  "delta": -0.02590401328165301,
  "delta_theta_deg": 1.600275844764326,
  "z_score": -0.20724914073908599,
  "manifold_dim": 79,
  "D_eff": 4.900644724799647,
  "expected_cos": 0.36042379227695936,
  "expected_angle_deg": 68.87377516603289,
  "D_C_shape": [
    102,
    100
  ],
  "D_S_shape": [
    102,
    100
  ],
  "use_rich_cond": false,
  "win_C": [
    0.0,
    0.5
  ],
  "win_S": [
    -0.2,
    0.05
  ],
  "pt_min_ms": 200.0,
  "n_trials_C": 736,
  "n_trials_S": 736
}