{
  "sid": "20231205",
  "area": "SFEF",
  "monkey": "S",
  "analysis": "cross_alignment",
  "align_C": "stim",
  "axes_tag_C": "axes_peakbin_stimC-stim-pooled-20mssw",
  "orientation_C": "pooled",
  "align_S": "sacc",
  "axes_tag_S": "axes_peakbin_saccCS-sacc-pooled-20mssw",
  "orientation_S": "pooled",
  "a_obs": 0.37082249879556756,
  "theta_obs_deg": 68.2336481463966,
  "null_mean": 0.3337041915824309,
  "null_std": 0.2002440023844613,
  "null_angle_mean_deg": 69.98371953322138,
  "p_orth": 0.5664335664335665,
  "p_align": 0.43456543456543456,
  "n_perms_valid": 1000,
  "delta": 0.037118307213136637,
  "delta_theta_deg": -1.7500713868247715,
  "z_score": 0.18536538808223987,
  "manifold_dim": 50,
  "D_eff": 6.810099372180993,
  "expected_cos": 0.3057477972914111,
  "expected_angle_deg": 72.19684116937049,
  "D_C_shape": [
    104,
    102
  ],
  "D_S_shape": [
    104,
    52
  ],
  "use_rich_cond": false,
  "null_mode": "s_epoch",
  "win_C": [
    0.0,
    0.5
  ],
  "win_S": [
    -0.2,
    0.05
  ],
  "pt_min_ms": 200.0,
  "n_trials_C": 115,
  "n_trials_S": 115
}