{
  "sid": "20200929",
  "area": "MFEF",
  "monkey": "M",
  "analysis": "cross_alignment",
  "align_C": "stim",
  "axes_tag_C": "axes_peakbin_stimC-stim-pooled-20mssw",
  "orientation_C": "pooled",
  "align_S": "sacc",
  "axes_tag_S": "axes_peakbin_saccCS-sacc-pooled-20mssw",
  "orientation_S": "pooled",
  "a_obs": 0.03564293966191613,
  "theta_obs_deg": 87.95737733432817,
  "null_mean": 0.15017749171053135,
  "null_std": 0.1102022059598765,
  "null_angle_mean_deg": 81.29443533402218,
  "p_orth": 0.15384615384615385,
  "p_align": 0.8471528471528471,
  "n_perms_valid": 1000,
  "delta": -0.11453455204861522,
  "delta_theta_deg": 6.662942000305989,
  "z_score": -1.0393126984256202,
  "manifold_dim": 58,
  "D_eff": 5.938848447320217,
  "expected_cos": 0.3274077385682371,
  "expected_angle_deg": 70.88848891665448,
  "D_C_shape": [
    76,
    100
  ],
  "D_S_shape": [
    76,
    100
  ],
  "use_rich_cond": false,
  "win_C": [
    0.0,
    0.5
  ],
  "win_S": [
    -0.2,
    0.05
  ],
  "pt_min_ms": 200.0,
  "n_trials_C": 548,
  "n_trials_S": 548
}