{
  "sid": "20231121",
  "area": "SFEF",
  "monkey": "S",
  "analysis": "cross_alignment",
  "align_C": "stim",
  "axes_tag_C": "axes_peakbin_stimC-stim-pooled-20mssw",
  "orientation_C": "pooled",
  "align_S": "sacc",
  "axes_tag_S": "axes_peakbin_saccCS-sacc-pooled-20mssw",
  "orientation_S": "pooled",
  "a_obs": 0.19752982532152824,
  "theta_obs_deg": 78.60745301812543,
  "null_mean": 0.24889260541239436,
  "null_std": 0.16987850116363132,
  "null_angle_mean_deg": 75.30498066378522,
  "p_orth": 0.4515484515484515,
  "p_align": 0.5494505494505495,
  "n_perms_valid": 1000,
  "delta": -0.05136278009086612,
  "delta_theta_deg": 3.3024723543402104,
  "z_score": -0.3023500898527011,
  "manifold_dim": 41,
  "D_eff": 3.7228011329742405,
  "expected_cos": 0.41352821119019423,
  "expected_angle_deg": 65.57333492531947,
  "D_C_shape": [
    61,
    40
  ],
  "D_S_shape": [
    61,
    28
  ],
  "use_rich_cond": false,
  "win_C": [
    0.1,
    0.3
  ],
  "win_S": [
    -0.1,
    -0.03
  ],
  "pt_min_ms": 200.0,
  "n_trials_C": 749,
  "n_trials_S": 749
}