{
  "sid": "20230710",
  "area": "SFEF",
  "monkey": "S",
  "analysis": "cross_alignment",
  "align_C": "stim",
  "axes_tag_C": "axes_peakbin_stimC-stim-pooled-20mssw",
  "orientation_C": "pooled",
  "align_S": "sacc",
  "axes_tag_S": "axes_peakbin_saccCS-sacc-pooled-20mssw",
  "orientation_S": "pooled",
  "a_obs": 0.4409479192160048,
  "theta_obs_deg": 63.83562223904287,
  "null_mean": 0.10779671284954308,
  "null_std": 0.0825455424373119,
  "null_angle_mean_deg": 83.78367123816632,
  "p_orth": 0.998001998001998,
  "p_align": 0.002997002997002997,
  "n_perms_valid": 1000,
  "delta": 0.3331512063664617,
  "delta_theta_deg": -19.94804899912345,
  "z_score": 4.035968466976505,
  "manifold_dim": 57,
  "D_eff": 5.604673037379276,
  "expected_cos": 0.3370271753005391,
  "expected_angle_deg": 70.30414333204766,
  "D_C_shape": [
    66,
    100
  ],
  "D_S_shape": [
    66,
    100
  ],
  "use_rich_cond": false,
  "win_C": [
    0.0,
    0.5
  ],
  "win_S": [
    -0.2,
    0.05
  ],
  "pt_min_ms": 200.0,
  "n_trials_C": 906,
  "n_trials_S": 906
}