{
  "sid": "20200327",
  "area": "MFEF",
  "monkey": "M",
  "analysis": "cross_alignment",
  "align_C": "stim",
  "axes_tag_C": "axes_peakbin_stimC-stim-pooled-20mssw",
  "orientation_C": "pooled",
  "align_S": "sacc",
  "axes_tag_S": "axes_peakbin_saccCS-sacc-pooled-20mssw",
  "orientation_S": "pooled",
  "a_obs": 0.2441165156805184,
  "theta_obs_deg": 75.87037142668827,
  "null_mean": 0.14643750719772702,
  "null_std": 0.10402007937809254,
  "null_angle_mean_deg": 81.52145163271014,
  "p_orth": 0.8161838161838162,
  "p_align": 0.1848151848151848,
  "n_perms_valid": 1000,
  "delta": 0.09767900848279137,
  "delta_theta_deg": -5.651080206021874,
  "z_score": 0.9390399340856814,
  "manifold_dim": 36,
  "D_eff": 21.403090455949815,
  "expected_cos": 0.17246533566690966,
  "expected_angle_deg": 80.06881007538692,
  "D_C_shape": [
    41,
    102
  ],
  "D_S_shape": [
    41,
    52
  ],
  "use_rich_cond": false,
  "null_mode": "s_epoch",
  "win_C": [
    0.0,
    0.5
  ],
  "win_S": [
    -0.2,
    0.05
  ],
  "pt_min_ms": 200.0,
  "n_trials_C": 545,
  "n_trials_S": 545
}