{
  "sid": "20231130",
  "area": "SFEF",
  "monkey": "S",
  "analysis": "cross_alignment",
  "align_C": "stim",
  "axes_tag_C": "axes_peakbin_stimC-stim-pooled-20mssw",
  "orientation_C": "pooled",
  "align_S": "sacc",
  "axes_tag_S": "axes_peakbin_saccCS-sacc-pooled-20mssw",
  "orientation_S": "pooled",
  "a_obs": 0.3908694698333307,
  "theta_obs_deg": 66.9913888253937,
  "null_mean": 0.14446951304150626,
  "null_std": 0.10717701670229549,
  "null_angle_mean_deg": 81.62932895760608,
  "p_orth": 0.973026973026973,
  "p_align": 0.027972027972027972,
  "n_perms_valid": 1000,
  "delta": 0.24639995679182444,
  "delta_theta_deg": -14.637940132212378,
  "z_score": 2.298999957017344,
  "manifold_dim": 68,
  "D_eff": 26.15422053925669,
  "expected_cos": 0.15601601136629586,
  "expected_angle_deg": 81.02427367501393,
  "D_C_shape": [
    74,
    100
  ],
  "D_S_shape": [
    74,
    100
  ],
  "use_rich_cond": false,
  "win_C": [
    0.0,
    0.5
  ],
  "win_S": [
    -0.2,
    0.05
  ],
  "pt_min_ms": 200.0,
  "n_trials_C": 99,
  "n_trials_S": 99
}