{
  "sid": "20230627",
  "area": "SFEF",
  "monkey": "S",
  "analysis": "cross_alignment",
  "align_C": "stim",
  "axes_tag_C": "axes_peakbin_stimC-stim-pooled-20mssw",
  "orientation_C": "pooled",
  "align_S": "sacc",
  "axes_tag_S": "axes_peakbin_saccCS-sacc-pooled-20mssw",
  "orientation_S": "pooled",
  "a_obs": 0.1477700490636654,
  "theta_obs_deg": 81.50228032090133,
  "null_mean": 0.21469006129748264,
  "null_std": 0.13270874432970967,
  "null_angle_mean_deg": 77.47385498593495,
  "p_orth": 0.3646353646353646,
  "p_align": 0.6363636363636364,
  "n_perms_valid": 1000,
  "delta": -0.06692001223381724,
  "delta_theta_deg": 4.028425334966386,
  "z_score": -0.5042622667543075,
  "manifold_dim": 47,
  "D_eff": 4.482379568503401,
  "expected_cos": 0.37686494861650527,
  "expected_angle_deg": 67.86037496241728,
  "D_C_shape": [
    68,
    100
  ],
  "D_S_shape": [
    68,
    100
  ],
  "use_rich_cond": false,
  "win_C": [
    0.0,
    0.5
  ],
  "win_S": [
    -0.2,
    0.05
  ],
  "pt_min_ms": 200.0,
  "n_trials_C": 867,
  "n_trials_S": 867
}