{
  "sid": "20231025",
  "area": "SFEF",
  "monkey": "S",
  "analysis": "cross_alignment",
  "align_C": "stim",
  "axes_tag_C": "axes_peakbin_stimC-stim-pooled-20mssw",
  "orientation_C": "pooled",
  "align_S": "sacc",
  "axes_tag_S": "axes_peakbin_saccCS-sacc-pooled-20mssw",
  "orientation_S": "pooled",
  "a_obs": 0.09082811621243364,
  "theta_obs_deg": 84.78875021180485,
  "null_mean": 0.29926589281915233,
  "null_std": 0.18945992075665516,
  "null_angle_mean_deg": 72.16872648096661,
  "p_orth": 0.16483516483516483,
  "p_align": 0.8361638361638362,
  "n_perms_valid": 1000,
  "delta": -0.2084377766067187,
  "delta_theta_deg": 12.620023730838241,
  "z_score": -1.1001681821372602,
  "manifold_dim": 36,
  "D_eff": 4.24296216505662,
  "expected_cos": 0.387351713904568,
  "expected_angle_deg": 67.21018465117072,
  "D_C_shape": [
    48,
    102
  ],
  "D_S_shape": [
    48,
    52
  ],
  "use_rich_cond": false,
  "null_mode": "s_epoch",
  "win_C": [
    0.0,
    0.5
  ],
  "win_S": [
    -0.2,
    0.05
  ],
  "pt_min_ms": 200.0,
  "n_trials_C": 595,
  "n_trials_S": 595
}