{
  "sid": "20231123",
  "area": "SFEF",
  "monkey": "S",
  "analysis": "cross_alignment",
  "align_C": "stim",
  "axes_tag_C": "axes_peakbin_stimC-stim-pooled-20mssw",
  "orientation_C": "pooled",
  "align_S": "sacc",
  "axes_tag_S": "axes_peakbin_saccCS-sacc-pooled-20mssw",
  "orientation_S": "pooled",
  "a_obs": 0.23580146454575196,
  "theta_obs_deg": 76.36112893595846,
  "null_mean": 0.1879372092504633,
  "null_std": 0.13270333338714493,
  "null_angle_mean_deg": 79.04873656075308,
  "p_orth": 0.6623376623376623,
  "p_align": 0.3386613386613387,
  "n_perms_valid": 1000,
  "delta": 0.04786425529528865,
  "delta_theta_deg": -2.687607624794623,
  "z_score": 0.36068615665931186,
  "manifold_dim": 51,
  "D_eff": 4.240195790453838,
  "expected_cos": 0.38747805066797736,
  "expected_angle_deg": 67.20233290982848,
  "D_C_shape": [
    102,
    40
  ],
  "D_S_shape": [
    102,
    28
  ],
  "use_rich_cond": false,
  "win_C": [
    0.1,
    0.3
  ],
  "win_S": [
    -0.1,
    -0.03
  ],
  "pt_min_ms": 200.0,
  "n_trials_C": 736,
  "n_trials_S": 736
}