{
  "sid": "20200926",
  "area": "MFEF",
  "monkey": "M",
  "analysis": "cross_alignment",
  "align_C": "stim",
  "axes_tag_C": "axes_peakbin_stimC-stim-pooled-20mssw",
  "orientation_C": "pooled",
  "align_S": "sacc",
  "axes_tag_S": "axes_peakbin_saccCS-sacc-pooled-20mssw",
  "orientation_S": "pooled",
  "a_obs": 0.03330610129397097,
  "theta_obs_deg": 88.09134797604968,
  "null_mean": 0.18077283662044608,
  "null_std": 0.12736784466768764,
  "null_angle_mean_deg": 79.47670994298727,
  "p_orth": 0.10589410589410589,
  "p_align": 0.8951048951048951,
  "n_perms_valid": 1000,
  "delta": -0.1474667353264751,
  "delta_theta_deg": 8.614638033062405,
  "z_score": -1.1578019217584077,
  "manifold_dim": 34,
  "D_eff": 3.443829200768623,
  "expected_cos": 0.4299512930546567,
  "expected_angle_deg": 64.53553088240366,
  "D_C_shape": [
    82,
    102
  ],
  "D_S_shape": [
    82,
    52
  ],
  "use_rich_cond": false,
  "null_mode": "s_epoch",
  "win_C": [
    0.0,
    0.5
  ],
  "win_S": [
    -0.2,
    0.05
  ],
  "pt_min_ms": 200.0,
  "n_trials_C": 569,
  "n_trials_S": 569
}