{
  "sid": "20200401",
  "area": "MFEF",
  "monkey": "M",
  "analysis": "cross_alignment",
  "align_C": "stim",
  "axes_tag_C": "axes_peakbin_stimC-stim-pooled-20mssw",
  "orientation_C": "pooled",
  "align_S": "sacc",
  "axes_tag_S": "axes_peakbin_saccCS-sacc-pooled-20mssw",
  "orientation_S": "pooled",
  "a_obs": 0.004113384885521149,
  "theta_obs_deg": 89.76431974192776,
  "null_mean": 0.28261204594572725,
  "null_std": 0.18189358702553024,
  "null_angle_mean_deg": 73.22271791263766,
  "p_orth": 0.00999000999000999,
  "p_align": 0.991008991008991,
  "n_perms_valid": 1000,
  "delta": -0.2784986610602061,
  "delta_theta_deg": 16.5416018292901,
  "z_score": -1.5311076416405849,
  "manifold_dim": 40,
  "D_eff": 6.903411648629626,
  "expected_cos": 0.3036743957275335,
  "expected_angle_deg": 72.32156985306115,
  "D_C_shape": [
    71,
    102
  ],
  "D_S_shape": [
    71,
    52
  ],
  "use_rich_cond": false,
  "null_mode": "s_epoch",
  "win_C": [
    0.0,
    0.5
  ],
  "win_S": [
    -0.2,
    0.05
  ],
  "pt_min_ms": 200.0,
  "n_trials_C": 503,
  "n_trials_S": 503
}