{
  "sid": "20230627",
  "monkey": "S",
  "area": "SFEF",
  "analysis": "temporal_cross_alignment",
  "orientation_C": "vertical",
  "orientation_S": "horizontal",
  "axes_tag_S": "axes_peakbin_saccCS-sacc-horizontal-20mssw_nofilter",
  "window_centers_ms": [
    25.0,
    45.0,
    65.0,
    85.0,
    105.00000000000001,
    125.0,
    145.0,
    164.99999999999997,
    184.99999999999997,
    204.99999999999997,
    224.99999999999994,
    244.99999999999994,
    264.99999999999994,
    285.0,
    305.0,
    325.0,
    345.00000000000006,
    365.00000000000006,
    385.00000000000006,
    405.00000000000006,
    425.0000000000001,
    445.0000000000001,
    465.0000000000001
  ],
  "alignments": [
    0.05103985937650868,
    0.07632624513609942,
    0.006463881328145464,
    0.13258440641912222,
    0.11397507523127827,
    0.1410639513362937,
    0.1558271983886525,
    0.16660018683571481,
    0.1837441376747037,
    0.2902745013431112,
    0.3358868092900654,
    0.276046070872767,
    0.27350209240659135,
    0.2382585884246508,
    0.192639714025597,
    0.09741117981868869,
    0.08239902032346745,
    0.003412004447957012,
    0.06666361614644,
    0.09484617328577347,
    0.06712363760276743,
    0.08286315724891452,
    0.14507205649396282
  ],
  "alignment_mean": 0.14234885058509883,
  "alignment_std": 0.08914954642399818,
  "alignment_max": 0.3358868092900654,
  "alignment_min": 0.003412004447957012,
  "peak_time_ms": 224.99999999999994,
  "null_mean": 0.17086976088922617,
  "null_std": 0.08659368084818818,
  "null_mode": "c_epoch",
  "D_eff": 1.931635715477366,
  "manifold_dim": 36,
  "window_length_ms": 50.0,
  "step_ms": 20.0,
  "time_range_ms": [
    0.0,
    500.0
  ],
  "pt_min_ms": 200.0,
  "n_trials_C": 582
}