{
  "sid": "20201001",
  "monkey": "M",
  "area": "MFEF",
  "analysis": "temporal_cross_alignment",
  "orientation_C": "vertical",
  "orientation_S": "horizontal",
  "axes_tag_S": "axes_peakbin_saccCS-sacc-horizontal-20mssw_nofilter",
  "window_centers_ms": [
    25.0,
    45.0,
    65.0,
    85.0,
    105.00000000000001,
    125.0,
    145.0,
    164.99999999999997,
    184.99999999999997,
    204.99999999999997,
    224.99999999999994,
    244.99999999999994,
    264.99999999999994,
    285.0,
    305.0,
    325.0,
    345.00000000000006,
    365.00000000000006,
    385.00000000000006,
    405.00000000000006,
    425.0000000000001,
    445.0000000000001,
    465.0000000000001
  ],
  "alignments": [
    0.09803874279495729,
    0.12790622029587548,
    0.06601730786498321,
    0.06141503952100943,
    0.148131104081304,
    0.3315613177250551,
    0.32999713713762174,
    0.35775616189259113,
    0.39470086298905355,
    0.4634508456879261,
    0.46969531044446644,
    0.44545129338152556,
    0.4231542809960401,
    0.36157214121529746,
    0.355483304858762,
    0.3359735209288919,
    0.3215003553343156,
    0.2760056540842253,
    0.21416891984441164,
    0.2002480588184969,
    0.19265986815224206,
    0.1827416740099019,
    0.15368146201806876
  ],
  "alignment_mean": 0.2744048080033488,
  "alignment_std": 0.12671555308093357,
  "alignment_max": 0.46969531044446644,
  "alignment_min": 0.06141503952100943,
  "peak_time_ms": 224.99999999999994,
  "null_mean": 0.1515048786824339,
  "null_std": 0.10330668223861944,
  "null_mode": "c_epoch",
  "D_eff": 5.456235727979468,
  "manifold_dim": 66,
  "window_length_ms": 50.0,
  "step_ms": 20.0,
  "time_range_ms": [
    0.0,
    500.0
  ],
  "pt_min_ms": 200.0,
  "n_trials_C": 299
}