{
  "sid": "20231103",
  "monkey": "S",
  "area": "SFEF",
  "analysis": "temporal_cross_alignment",
  "orientation_C": "vertical",
  "orientation_S": "horizontal",
  "axes_tag_S": "axes_peakbin_saccCS-sacc-horizontal-20mssw_nofilter",
  "window_centers_ms": [
    25.0,
    45.0,
    65.0,
    85.0,
    105.00000000000001,
    125.0,
    145.0,
    164.99999999999997,
    184.99999999999997,
    204.99999999999997,
    224.99999999999994,
    244.99999999999994,
    264.99999999999994,
    285.0,
    305.0,
    325.0,
    345.00000000000006,
    365.00000000000006,
    385.00000000000006,
    405.00000000000006,
    425.0000000000001,
    445.0000000000001,
    465.0000000000001
  ],
  "alignments": [
    0.03702889256122209,
    0.05889934839393613,
    0.036445472268718596,
    0.13598223210310367,
    0.08929597481169527,
    0.08963982241337266,
    0.32990820865038245,
    0.06690069328244115,
    0.3367842026044489,
    0.3084747748181725,
    0.20762541360838135,
    0.12667587255222051,
    0.10170343687764592,
    0.3284904439755709,
    0.2419791797314853,
    0.21144928753957842,
    0.1329032701278273,
    0.033416467439995275,
    0.09162325174176476,
    0.09805676054851765,
    0.13669529689307933,
    0.08552295026291118,
    0.053111907264168035
  ],
  "alignment_mean": 0.1451570939335061,
  "alignment_std": 0.09873564353240766,
  "alignment_max": 0.3367842026044489,
  "alignment_min": 0.033416467439995275,
  "peak_time_ms": 184.99999999999997,
  "null_mean": 0.23861299685791834,
  "null_std": 0.13895563633789462,
  "null_mode": "c_epoch",
  "D_eff": 5.760921010151687,
  "manifold_dim": 57,
  "window_length_ms": 50.0,
  "step_ms": 20.0,
  "time_range_ms": [
    0.0,
    500.0
  ],
  "pt_min_ms": 200.0,
  "n_trials_C": 89
}