{
  "sid": "20200328",
  "monkey": "M",
  "area": "MFEF",
  "analysis": "temporal_cross_alignment",
  "orientation_C": "vertical",
  "orientation_S": "horizontal",
  "axes_tag_S": "axes_peakbin_saccCS-sacc-horizontal-20mssw_nofilter",
  "window_centers_ms": [
    25.0,
    45.0,
    65.0,
    85.0,
    105.00000000000001,
    125.0,
    145.0,
    164.99999999999997,
    184.99999999999997,
    204.99999999999997,
    224.99999999999994,
    244.99999999999994,
    264.99999999999994,
    285.0,
    305.0,
    325.0,
    345.00000000000006,
    365.00000000000006,
    385.00000000000006,
    405.00000000000006,
    425.0000000000001,
    445.0000000000001,
    465.0000000000001
  ],
  "alignments": [
    0.1549233885381664,
    0.06845713435808813,
    0.07080667769085594,
    0.06426048821184473,
    0.12411497450874989,
    0.1757479759425868,
    0.20626279693320498,
    0.37519481712419656,
    0.4128664966638394,
    0.5118983730246576,
    0.5982559820878011,
    0.5843954048343328,
    0.5761046376957843,
    0.4840938392226662,
    0.44940952825811087,
    0.3633506706553956,
    0.3519116149586366,
    0.3700684179824648,
    0.4740793069667936,
    0.4651268217506528,
    0.47500389168313,
    0.5103774717620583,
    0.5389568121209586
  ],
  "alignment_mean": 0.365463805346738,
  "alignment_std": 0.17521521760668746,
  "alignment_max": 0.5982559820878011,
  "alignment_min": 0.06426048821184473,
  "peak_time_ms": 224.99999999999994,
  "null_mean": 0.333161005730998,
  "null_std": 0.1886650849694633,
  "null_mode": "c_epoch",
  "D_eff": 3.364052618756939,
  "manifold_dim": 39,
  "window_length_ms": 50.0,
  "step_ms": 20.0,
  "time_range_ms": [
    0.0,
    500.0
  ],
  "pt_min_ms": 200.0,
  "n_trials_C": 287
}