{
  "sid": "20200926",
  "monkey": "M",
  "area": "MFEF",
  "analysis": "temporal_cross_alignment",
  "orientation_C": "vertical",
  "orientation_S": "horizontal",
  "axes_tag_S": "axes_peakbin_saccCS-sacc-horizontal-20mssw_nofilter",
  "window_centers_ms": [
    25.0,
    45.0,
    65.0,
    85.0,
    105.00000000000001,
    125.0,
    145.0,
    164.99999999999997,
    184.99999999999997,
    204.99999999999997,
    224.99999999999994,
    244.99999999999994,
    264.99999999999994,
    285.0,
    305.0,
    325.0,
    345.00000000000006,
    365.00000000000006,
    385.00000000000006,
    405.00000000000006,
    425.0000000000001,
    445.0000000000001,
    465.0000000000001
  ],
  "alignments": [
    0.0006088266451004041,
    0.044460176674583664,
    0.15246424293985425,
    0.1774820803874048,
    0.11338122437444292,
    0.07120801303279949,
    0.06195404809144744,
    0.1738447605558661,
    0.2379983990648599,
    0.21993730780889925,
    0.16075659035151726,
    0.13884684443343123,
    0.08462883462810439,
    0.0592572551585044,
    0.016192389843866742,
    0.03700007403704926,
    0.0012386742553567687,
    0.02105369056178962,
    0.03126068608295461,
    0.04055010719920343,
    0.039491081747583215,
    0.012092134230913413,
    0.05851529757681881
  ],
  "alignment_mean": 0.08496620607314571,
  "alignment_std": 0.0701870770891816,
  "alignment_max": 0.2379983990648599,
  "alignment_min": 0.0006088266451004041,
  "peak_time_ms": 184.99999999999997,
  "null_mean": 0.13340018595463318,
  "null_std": 0.09253665542525413,
  "null_mode": "c_epoch",
  "D_eff": 4.923753405652043,
  "manifold_dim": 49,
  "window_length_ms": 50.0,
  "step_ms": 20.0,
  "time_range_ms": [
    0.0,
    500.0
  ],
  "pt_min_ms": 200.0,
  "n_trials_C": 286
}