{
  "sid": "20201216",
  "monkey": "M",
  "area": "MFEF",
  "analysis": "temporal_cross_alignment",
  "orientation_C": "vertical",
  "orientation_S": "horizontal",
  "axes_tag_S": "axes_peakbin_saccCS-sacc-horizontal-20mssw_nofilter",
  "window_centers_ms": [
    25.0,
    45.0,
    65.0,
    85.0,
    105.00000000000001,
    125.0,
    145.0,
    164.99999999999997,
    184.99999999999997,
    204.99999999999997,
    224.99999999999994,
    244.99999999999994,
    264.99999999999994,
    285.0,
    305.0,
    325.0,
    345.00000000000006,
    365.00000000000006,
    385.00000000000006,
    405.00000000000006,
    425.0000000000001,
    445.0000000000001,
    465.0000000000001
  ],
  "alignments": [
    0.06086624007121187,
    0.13580408842592176,
    0.014958919115580683,
    0.026203928127254177,
    0.007461826065552596,
    0.13634937292667515,
    0.21158742458916147,
    0.36857124244840717,
    0.3904110648521259,
    0.45066383817634953,
    0.5156290034287166,
    0.5190733440127737,
    0.5172003106654793,
    0.40399711053738374,
    0.35211766675111167,
    0.25380759381188733,
    0.14379087307667254,
    0.10974897789520588,
    0.058105232382272054,
    0.03503391733561294,
    0.027308968345932993,
    0.002047664256502407,
    0.007690228282117489
  ],
  "alignment_mean": 0.20645342763390911,
  "alignment_std": 0.1853394907282418,
  "alignment_max": 0.5190733440127737,
  "alignment_min": 0.002047664256502407,
  "peak_time_ms": 244.99999999999994,
  "null_mean": 0.25685148367054417,
  "null_std": 0.14973946761386062,
  "null_mode": "c_epoch",
  "D_eff": 3.4153949242508532,
  "manifold_dim": 47,
  "window_length_ms": 50.0,
  "step_ms": 20.0,
  "time_range_ms": [
    0.0,
    500.0
  ],
  "pt_min_ms": 200.0,
  "n_trials_C": 267
}