{
  "sid": "20231205",
  "monkey": "S",
  "area": "SFEF",
  "analysis": "temporal_cross_alignment",
  "orientation_C": "vertical",
  "orientation_S": "horizontal",
  "axes_tag_S": "axes_peakbin_saccCS-sacc-horizontal-20mssw_nofilter",
  "window_centers_ms": [
    25.0,
    45.0,
    65.0,
    85.0,
    105.00000000000001,
    125.0,
    145.0,
    164.99999999999997,
    184.99999999999997,
    204.99999999999997,
    224.99999999999994,
    244.99999999999994,
    264.99999999999994,
    285.0,
    305.0,
    325.0,
    345.00000000000006,
    365.00000000000006,
    385.00000000000006,
    405.00000000000006,
    425.0000000000001,
    445.0000000000001,
    465.0000000000001
  ],
  "alignments": [
    0.054425712591123415,
    0.04986040945652269,
    0.23014638998439274,
    0.21690130499198385,
    0.1057112111078251,
    0.09991398704728797,
    0.038220207184172676,
    0.09509082913751687,
    0.0985759538889063,
    0.006637783818255525,
    0.0595891986342583,
    0.07800811343650776,
    0.004596174535414166,
    0.02058234831534403,
    0.023975327428239976,
    0.1671712591102473,
    0.10228581855926383,
    0.10117371496758064,
    0.006794244682172463,
    0.03178406754048195,
    0.04871204338834846,
    0.07812084864932595,
    0.16119823654065132
  ],
  "alignment_mean": 0.08171631239112276,
  "alignment_std": 0.06189662142264261,
  "alignment_max": 0.23014638998439274,
  "alignment_min": 0.004596174535414166,
  "peak_time_ms": 65.0,
  "null_mean": 0.1542009725267302,
  "null_std": 0.10114640792218778,
  "null_mode": "c_epoch",
  "D_eff": 6.5696599633566946,
  "manifold_dim": 72,
  "window_length_ms": 50.0,
  "step_ms": 20.0,
  "time_range_ms": [
    0.0,
    500.0
  ],
  "pt_min_ms": 200.0,
  "n_trials_C": 133
}