{
  "sid": "20230710",
  "monkey": "S",
  "area": "SFEF",
  "analysis": "temporal_cross_alignment",
  "orientation_C": "vertical",
  "orientation_S": "horizontal",
  "axes_tag_S": "axes_peakbin_saccCS-sacc-horizontal-20mssw_nofilter",
  "window_centers_ms": [
    25.0,
    45.0,
    65.0,
    85.0,
    105.00000000000001,
    125.0,
    145.0,
    164.99999999999997,
    184.99999999999997,
    204.99999999999997,
    224.99999999999994,
    244.99999999999994,
    264.99999999999994,
    285.0,
    305.0,
    325.0,
    345.00000000000006,
    365.00000000000006,
    385.00000000000006,
    405.00000000000006,
    425.0000000000001,
    445.0000000000001,
    465.0000000000001
  ],
  "alignments": [
    0.06423096095406922,
    0.06130182014154648,
    0.126753604613761,
    0.12748305970292848,
    0.17559433999733243,
    0.14897640502733042,
    0.1025348894617771,
    0.12874930589349615,
    0.10665546064797637,
    0.29519763793415504,
    0.22769117767591118,
    0.2756108318184581,
    0.34070957105943533,
    0.37391378397249586,
    0.4274798385530272,
    0.36436440367487494,
    0.3082491970630667,
    0.3507517776568832,
    0.401468700758963,
    0.39286491695199416,
    0.37364583164293375,
    0.34736843046901617,
    0.3036932833352491
  ],
  "alignment_mean": 0.2532734447394209,
  "alignment_std": 0.11954889374795198,
  "alignment_max": 0.4274798385530272,
  "alignment_min": 0.06130182014154648,
  "peak_time_ms": 305.0,
  "null_mean": 0.21650685639428618,
  "null_std": 0.1319890872531258,
  "null_mode": "c_epoch",
  "D_eff": 4.370238026978346,
  "manifold_dim": 49,
  "window_length_ms": 50.0,
  "step_ms": 20.0,
  "time_range_ms": [
    0.0,
    500.0
  ],
  "pt_min_ms": 200.0,
  "n_trials_C": 515
}