{
  "sid": "20231123",
  "trainC": [
    -0.3,
    -0.1
  ],
  "trainS": [
    -0.1,
    -0.03
  ],
  "orientation": "horizontal",
  "areas": {
    "SFEF": {
      "sC_auc_mean": 0.6428203452385529,
      "sSraw_auc_mean": 0.7335169880624426,
      "cos_sSraw_sC": -0.007647423479062754,
      "auc_C_from_sSraw": 0.47956989247311826,
      "auc_C_from_sSinv": 0.4819529206625981
    },
    "SLIP": {
      "sC_auc_mean": 0.4966667948175772,
      "sSraw_auc_mean": 0.6718089990817264,
      "cos_sSraw_sC": -0.09897854513556661,
      "auc_C_from_sSraw": 0.511915140947399,
      "auc_C_from_sSinv": 0.5241790177274048
    },
    "SSC": {
      "sC_auc_mean": 0.4793779554803736,
      "sSraw_auc_mean": 0.819283746556474,
      "cos_sSraw_sC": -0.18865718309120075,
      "auc_C_from_sSraw": 0.4775356001162453,
      "auc_C_from_sSinv": 0.49816913687881426
    }
  }
}