{
  "time": [
    -0.39000000059604645,
    -0.3799999952316284,
    -0.3700000047683716,
    -0.35999999940395355,
    -0.3499999940395355,
    -0.3400000035762787,
    -0.32999999821186066,
    -0.3199999928474426,
    -0.3100000023841858,
    -0.30000000447034836,
    -0.28999999910593033,
    -0.2800000011920929,
    -0.27000000327825546,
    -0.25999999791383743,
    -0.25,
    -0.24000000208616257,
    -0.23000000044703484,
    -0.2200000025331974,
    -0.21000000089406967,
    -0.19999999925494194,
    -0.1900000013411045,
    -0.17999999970197678,
    -0.16999999806284904,
    -0.1600000001490116,
    -0.14999999850988388,
    -0.13999999687075615,
    -0.12999999895691872,
    -0.11999999918043613,
    -0.10999999940395355,
    -0.09999999962747097,
    -0.08999999985098839,
    -0.0800000000745058,
    -0.07000000029802322,
    -0.06000000052154064,
    -0.049999999813735485,
    -0.0400000000372529,
    -0.03000000026077032,
    -0.020000000251457095,
    -0.010000000009313226,
    0.0,
    0.010000000009313226,
    0.020000000251457095,
    0.03000000026077032,
    0.0400000000372529,
    0.049999999813735485,
    0.06000000052154064,
    0.07000000029802322,
    0.0800000000745058,
    0.08999999985098839,
    0.09999999962747097,
    0.10999999940395355,
    0.11999999918043613,
    0.12999999895691872,
    0.13999999687075615,
    0.14999999850988388,
    0.1600000001490116,
    0.16999999806284904,
    0.17999999970197678,
    0.1900000013411045,
    0.19999999925494194,
    0.21000000089406967,
    0.2200000025331974,
    0.23000000044703484,
    0.24000000208616257,
    0.25,
    0.25999999791383743,
    0.27000000327825546,
    0.2800000011920929,
    0.28999999910593033
  ],
  "auc_C": [
    0.4467446169573829,
    0.4598108747044917,
    0.5083700721998594,
    0.5335122356398951,
    0.48616701808191176,
    0.4365855216919047,
    0.4972206248801993,
    0.4659446680723276,
    0.42546802121270205,
    0.5367708133665581,
    0.5091687432112965,
    0.4648904223372309,
    0.47977764999041594,
    0.5668327902370456,
    0.5868634592038847,
    0.500063893680915,
    0.49859433901987094,
    0.5463229186633441,
    0.48792409430707306,
    0.5280173790812089,
    0.5635422656699253,
    0.5268033991438247,
    0.5818797520925181,
    0.6596383617660213,
    0.6159989777011053,
    0.5734457862117437,
    0.5919110599961664,
    0.6074691712989585,
    0.6405980448533639,
    0.6839818541946201,
    0.6391604370327775,
    0.6406938853747364,
    0.6584882755095521,
    0.7042361510446616,
    0.6072455434157562,
    0.5021084914701937,
    0.5654910229378315,
    0.584882755095521,
    0.5086575937639767,
    0.5588780269631334,
    0.479841543671331,
    0.5450769918855025,
    0.648137499201329,
    0.5986198964922369,
    0.5148552808127276,
    0.5002555747236599,
    0.5687496006644943,
    0.5464826528656317,
    0.58641620343748,
    0.581688071049773,
    0.5867037250015973,
    0.5432240751389688,
    0.5922944220816561,
    0.5230975656507572,
    0.47453836815538947,
    0.5245671203118011,
    0.4981151364130087,
    0.49345089770621686,
    0.4765829659446681,
    0.5272506549102294,
    0.49434540923902626,
    0.5086575937639768,
    0.5259727812919303,
    0.46607245543415754,
    0.5138968755990033,
    0.4693629800012779,
    0.5022043319915661,
    0.551913615743403,
    0.48009711839499075
  ],
  "auc_S_raw": [
    0.5159823284823284,
    0.4963617463617464,
    0.5153326403326404,
    0.46732068607068605,
    0.45380717255717257,
    0.5000649688149688,
    0.475766632016632,
    0.5291385135135135,
    0.5631496881496881,
    0.5437240124740124,
    0.5245582120582121,
    0.5307302494802495,
    0.5324194386694386,
    0.5828352390852392,
    0.5721803534303534,
    0.5686070686070687,
    0.514747920997921,
    0.4539046257796258,
    0.4953547297297297,
    0.5469724532224532,
    0.5432367463617463,
    0.5148778586278586,
    0.5352780665280665,
    0.5361876299376299,
    0.4732328482328483,
    0.49057952182952186,
    0.5708809771309771,
    0.5949194386694387,
    0.5570426195426195,
    0.5331990644490645,
    0.5789371101871102,
    0.64445816008316,
    0.6266567047817048,
    0.6321465696465696,
    0.6821075883575883,
    0.6617398648648649,
    0.6503703222453223,
    0.6703482328482328,
    0.6702507796257795,
    0.6361096673596673,
    0.5781574844074844,
    0.5689319126819127,
    0.5687045218295219,
    0.4958419958419959,
    0.44480899168399163,
    0.5029235966735967,
    0.5633445945945946,
    0.5569126819126818,
    0.5434641372141372,
    0.5891372141372141,
    0.5576273388773388,
    0.47505197505197505,
    0.5230639293139293,
    0.5133186070686071,
    0.4899298336798337,
    0.5363825363825363,
    0.5706211018711019,
    0.6359797297297297,
    0.6385135135135136,
    0.6421517671517671,
    0.6526767151767151,
    0.6124610187110188,
    0.6348752598752597,
    0.6507276507276508,
    0.5760784823284824,
    0.5138383575883576,
    0.5512603950103949,
    0.5814708939708939,
    0.6279235966735967
  ],
  "auc_S_inv": [
    0.5152027027027026,
    0.49655665280665284,
    0.5118243243243243,
    0.4725181912681912,
    0.4573804573804574,
    0.4998050935550936,
    0.47804054054054057,
    0.5284888253638254,
    0.5603560291060291,
    0.5412551975051976,
    0.5220244282744283,
    0.5224142411642412,
    0.5346933471933473,
    0.5706860706860708,
    0.5740644490644491,
    0.5738695426195426,
    0.518256237006237,
    0.4552689708939709,
    0.49275597713097713,
    0.5460628898128898,
    0.544081340956341,
    0.5158523908523909,
    0.5289111226611227,
    0.5328092515592515,
    0.471543659043659,
    0.4890852390852391,
    0.5691917879417879,
    0.6007016632016632,
    0.5565228690228691,
    0.5276117463617465,
    0.5844594594594594,
    0.6397154365904365,
    0.6238630457380457,
    0.639747920997921,
    0.6799636174636174,
    0.658881237006237,
    0.639910343035343,
    0.6756756756756757,
    0.6749285343035343,
    0.6288981288981289,
    0.5682822245322245,
    0.5596413721413721,
    0.565456081081081,
    0.494737525987526,
    0.4451988045738046,
    0.4949974012474013,
    0.5527546777546777,
    0.5540540540540541,
    0.5338487525987526,
    0.5853040540540541,
    0.5430093555093556,
    0.4530925155925156,
    0.5063669438669438,
    0.49109927234927236,
    0.45809511434511435,
    0.5067567567567568,
    0.5432692307692308,
    0.6057042619542619,
    0.6110317047817048,
    0.6209069646569646,
    0.6296777546777547,
    0.5840696465696464,
    0.6113565488565489,
    0.6259095634095634,
    0.5524298336798337,
    0.48895530145530147,
    0.5251429313929314,
    0.5570426195426196,
    0.6003768191268192
  ],
  "acc_R_macro": null,
  "auc_T": null,
  "latencies_ms": {
    "C": -119.99999918043613,
    "S_raw": -80.0000000745058,
    "S_inv": -80.0000000745058,
    "T": null
  },
  "meta": {
    "align": "sacc",
    "orientation": "horizontal",
    "pt_min_ms": 200.0,
    "n_trials": 252,
    "n_bins": 69,
    "n_units": 28,
    "thr": 0.6,
    "k_bins": 5,
    "norm": "global",
    "baseline_win": null,
    "used_axes_mu_sd": false
  }
}