{
  "time": [
    -0.39000000059604645,
    -0.3799999952316284,
    -0.3700000047683716,
    -0.35999999940395355,
    -0.3499999940395355,
    -0.3400000035762787,
    -0.32999999821186066,
    -0.3199999928474426,
    -0.3100000023841858,
    -0.30000000447034836,
    -0.28999999910593033,
    -0.2800000011920929,
    -0.27000000327825546,
    -0.25999999791383743,
    -0.25,
    -0.24000000208616257,
    -0.23000000044703484,
    -0.2200000025331974,
    -0.21000000089406967,
    -0.19999999925494194,
    -0.1900000013411045,
    -0.17999999970197678,
    -0.16999999806284904,
    -0.1600000001490116,
    -0.14999999850988388,
    -0.13999999687075615,
    -0.12999999895691872,
    -0.11999999918043613,
    -0.10999999940395355,
    -0.09999999962747097,
    -0.08999999985098839,
    -0.0800000000745058,
    -0.07000000029802322,
    -0.06000000052154064,
    -0.049999999813735485,
    -0.0400000000372529,
    -0.03000000026077032,
    -0.020000000251457095,
    -0.010000000009313226,
    0.0,
    0.010000000009313226,
    0.020000000251457095,
    0.03000000026077032,
    0.0400000000372529,
    0.049999999813735485,
    0.06000000052154064,
    0.07000000029802322,
    0.0800000000745058,
    0.08999999985098839,
    0.09999999962747097,
    0.10999999940395355,
    0.11999999918043613,
    0.12999999895691872,
    0.13999999687075615,
    0.14999999850988388,
    0.1600000001490116,
    0.16999999806284904,
    0.17999999970197678,
    0.1900000013411045,
    0.19999999925494194,
    0.21000000089406967,
    0.2200000025331974,
    0.23000000044703484,
    0.24000000208616257,
    0.25,
    0.25999999791383743,
    0.27000000327825546,
    0.2800000011920929,
    0.28999999910593033
  ],
  "auc_C": [
    0.5180842607313196,
    0.5409379968203498,
    0.5525304716481187,
    0.5165606783253843,
    0.44753577106518283,
    0.43998410174880764,
    0.44773449920508746,
    0.45627980922098565,
    0.47390037095919446,
    0.4691971383147854,
    0.41222840487546364,
    0.4413751987281399,
    0.4716481187069423,
    0.4413089560148383,
    0.4885400105988341,
    0.47370164281928995,
    0.46330153683094855,
    0.47098569157392683,
    0.4429650238473768,
    0.5084128245892952,
    0.5734631690514043,
    0.5663751987281399,
    0.632286698463169,
    0.6140699523052464,
    0.5767090620031798,
    0.6244038155802862,
    0.6682564917859035,
    0.6905802861685215,
    0.7323794382617912,
    0.8051139374668786,
    0.8455219925808161,
    0.8620164281928988,
    0.8420773714891362,
    0.804782723900371,
    0.7524509803921569,
    0.7108505564387918,
    0.7364864864864865,
    0.7373476417594065,
    0.7300609432962374,
    0.771595124536301,
    0.768879173290938,
    0.6939586645468998,
    0.666600423953365,
    0.5749867514573397,
    0.5585585585585586,
    0.6409644939056703,
    0.6961446740858506,
    0.640434552199258,
    0.6683889772125067,
    0.6565315315315315,
    0.6163884472708002,
    0.6073131955484896,
    0.5892289348171701,
    0.6168521462639109,
    0.6738208797032327,
    0.6975357710651827,
    0.671899841017488,
    0.6746820349761525,
    0.6510996290408055,
    0.6029411764705883,
    0.6296369899311076,
    0.6172496025437203,
    0.5854531001589826,
    0.6350688924218336,
    0.6223502914679385,
    0.5784976152623211,
    0.5723370429252783,
    0.5559750927397987,
    0.575649178590355
  ],
  "auc_S_raw": [
    0.5196543991557843,
    0.5276348766653475,
    0.4880622609154464,
    0.44888537132304446,
    0.4550850811238623,
    0.4608890647671811,
    0.4454557446247197,
    0.4332541881018335,
    0.47243107769423565,
    0.4237567603218573,
    0.46570373301675233,
    0.4709141274238227,
    0.490964252737106,
    0.4776414721013059,
    0.4628676955546761,
    0.4887877588708614,
    0.4839071362617069,
    0.5080464318691466,
    0.5321857274765862,
    0.5426724706503101,
    0.5122015565228862,
    0.49808732357208807,
    0.5065294815987338,
    0.5076507057116476,
    0.5491359978894604,
    0.5506529481598734,
    0.5687903970452447,
    0.5745284263289804,
    0.560678010816515,
    0.5963593193510092,
    0.6361297981796598,
    0.6977311700303389,
    0.7519456536077035,
    0.7679066086268302,
    0.7831420656905421,
    0.7778657169238887,
    0.7828782482522095,
    0.8529217781295343,
    0.9304841049993405,
    0.9381348107109879,
    0.9635272391505079,
    0.9683419074000792,
    0.9765862023479752,
    0.9965044189420921,
    0.9826540034296267,
    0.8851075056061205,
    0.9329244163039176,
    0.9687376335575781,
    0.9130721540693839,
    0.8765334388603088,
    0.8840522358527899,
    0.8928241656773512,
    0.9115552037989711,
    0.9203271336235325,
    0.8261443081387679,
    0.7603878116343491,
    0.6636327661258409,
    0.6227410631842765,
    0.6665347579475003,
    0.6649518533175044,
    0.6398232423163172,
    0.6252473288484369,
    0.633887349953832,
    0.6617860440575122,
    0.6578287824825221,
    0.6356021633029943,
    0.643714549531724,
    0.6838148001582904,
    0.6493866244558765
  ],
  "auc_S_inv": [
    0.522292573539111,
    0.5294156443740932,
    0.49327265532251685,
    0.45620630523677613,
    0.46214219759926134,
    0.46616541353383456,
    0.4502044585147078,
    0.4427516158818097,
    0.4767181110671415,
    0.42817570241392955,
    0.47770742646088904,
    0.48219232291254455,
    0.5017148133491625,
    0.47922437673130197,
    0.4633953304313414,
    0.4888537132304445,
    0.47724574594380686,
    0.5030339005408258,
    0.5284922833399288,
    0.5355493998153278,
    0.5019126764279118,
    0.48588576704920194,
    0.4962406015037594,
    0.4994064107637515,
    0.5432660598865585,
    0.5440575122015565,
    0.5615354174910963,
    0.5710987996306556,
    0.5563250230840259,
    0.586136393615618,
    0.6270940509167656,
    0.6924548212636855,
    0.7455480807281362,
    0.763157894736842,
    0.7829442026117927,
    0.7814272523413797,
    0.7853845139163698,
    0.8488985621949611,
    0.9267247065030999,
    0.9360242712043266,
    0.963197467352592,
    0.9693312227938267,
    0.976915974145891,
    0.9963725102229257,
    0.98271995778921,
    0.8913731697665215,
    0.9382007650705713,
    0.9691993140746603,
    0.9113573407202216,
    0.8748845798707294,
    0.8816778789077958,
    0.8894604933386098,
    0.9100382535285582,
    0.9215143120960296,
    0.8302994327925075,
    0.7673130193905817,
    0.675834322648727,
    0.6373829310117399,
    0.6747790528953965,
    0.6745152354570637,
    0.6498483049729586,
    0.6309853581321726,
    0.640614694631315,
    0.6693707954095767,
    0.6692388866904102,
    0.6474079936683814,
    0.6539374752671152,
    0.6919271863870202,
    0.6587521435166864
  ],
  "acc_R_macro": null,
  "auc_T": null,
  "latencies_ms": {
    "C": -139.99999687075615,
    "S_raw": -89.99999985098839,
    "S_inv": -89.99999985098839,
    "T": null
  },
  "meta": {
    "align": "sacc",
    "orientation": "horizontal",
    "pt_min_ms": 200.0,
    "n_trials": 247,
    "n_bins": 69,
    "n_units": 122,
    "thr": 0.6,
    "k_bins": 5,
    "norm": "global",
    "baseline_win": null,
    "used_axes_mu_sd": false
  }
}