{
  "sid": "20230622",
  "align": "sacc",
  "features": [
    "C",
    "S"
  ],
  "winC": [
    -0.3,
    -0.18
  ],
  "winR": null,
  "winS": [
    -0.1,
    -0.03
  ],
  "winT": null,
  "pt_min_ms": 200.0,
  "orientation": "pooled",
  "areas": [
    "SFEF",
    "SLIP"
  ],
  "tag": "axes_peakbin_saccCS-sacc-pooled-20mssw",
  "norm": "global",
  "baseline_win": null,
  "clf_binary": "logreg",
  "C_grid": [
    0.1,
    0.3,
    1.0,
    3.0,
    10.0
  ],
  "lda_shrinkage": null,
  "searchC": true,
  "searchS": true,
  "searchT": false,
  "searchR": false,
  "search_step_ms": 20.0,
  "search_len_ms": [
    50.0,
    100.0,
    150.0,
    200.0,
    250.0
  ],
  "search_range_C": "-0.30:-0.05",
  "search_range_S": "-0.20:0.05",
  "search_range_T": null,
  "search_range_R": null,
  "search_score_mode": "peak_bin_auc",
  "search_tiebreak": "shortest_then_closest0",
  "search_tol": 0.01,
  "per_area_results": {
    "SFEF": {
      "winC_selected": [
        -0.1,
        -0.05
      ],
      "winC_cv_best": 0.7360730935374877,
      "winC_best_param": 0.1,
      "winC_peak_time_ms": -80.0000000745058,
      "winC_peak_auc": 0.7360730935374877,
      "winC_mean_bin_auc": 0.723973525512168,
      "winC_cv_auc_original": 0.8139666250098223,
      "winS_selected": [
        -0.060000000000000026,
        0.03999999999999998
      ],
      "winS_cv_best": 0.7960349462365591,
      "winS_peak_time_ms": 20.000000251457095,
      "winS_peak_auc": 0.7960349462365591,
      "sC_auc": 0.7360730935374877,
      "n_trials_C": 866
    },
    "SLIP": {
      "winC_selected": [
        -0.1,
        -0.05
      ],
      "winC_cv_best": 0.5823986356443265,
      "winC_best_param": 0.1,
      "winC_peak_time_ms": -99.99999962747097,
      "winC_peak_auc": 0.5823986356443265,
      "winC_mean_bin_auc": 0.5759051152645309,
      "winC_cv_auc_original": 0.6220979047073669,
      "winS_selected": [
        -0.04000000000000002,
        0.009999999999999981
      ],
      "winS_cv_best": 0.6356220131421744,
      "winS_peak_time_ms": -10.000000009313226,
      "winS_peak_auc": 0.6356220131421744,
      "sC_auc": 0.5823986356443265,
      "n_trials_C": 866
    }
  },
  "rebin_factor": null,
  "sliding_window_ms": 20.0,
  "sliding_step_ms": 10.0,
  "sliding_window_bins": 4,
  "sliding_step_bins": 2,
  "correct_mode": "correctonly"
}