{
  "time": [
    -0.24000000208616257,
    -0.2199999988079071,
    -0.19999999552965164,
    -0.17999999970197678,
    -0.1600000038743019,
    -0.14000000059604645,
    -0.12000000104308128,
    -0.09999999776482582,
    -0.08000000193715096,
    -0.05999999865889549,
    -0.04000000096857548,
    -0.02000000001862645,
    0.0,
    0.02000000001862645,
    0.04000000096857548,
    0.05999999865889549,
    0.08000000193715096,
    0.09999999776482582,
    0.12000000104308128,
    0.14000000059604645,
    0.1600000038743019,
    0.17999999970197678,
    0.19999999552965164,
    0.2199999988079071,
    0.24000000208616257,
    0.25999999046325684,
    0.2800000011920929,
    0.29999999701976776,
    0.3199999928474426,
    0.3400000035762787,
    0.35999999940395355,
    0.3799999952316284,
    0.4000000059604645,
    0.42000000178813934,
    0.4399999976158142,
    0.46000000834465027,
    0.48000000417232513,
    0.5,
    0.5199999809265137,
    0.5400000214576721,
    0.5600000023841858,
    0.5799999833106995,
    0.6000000238418579,
    0.6200000047683716,
    0.6399999856948853,
    0.6599999964237213,
    0.6800000071525574,
    0.699999988079071,
    0.7199999988079071,
    0.7400000095367432,
    0.7599999904632568,
    0.7800000011920929
  ],
  "auc_C": [
    0.5372293326893666,
    0.43202125090557836,
    0.5493037108588908,
    0.45866537873299523,
    0.48039925943813894,
    0.4772599211140626,
    0.4796747967479675,
    0.49617644691298396,
    0.470498269339129,
    0.47226917813732594,
    0.4359655477742897,
    0.5143685100217339,
    0.4997987603638413,
    0.5061579328664574,
    0.5390002414875633,
    0.4564114948080174,
    0.5072043789744829,
    0.5476132979151573,
    0.4806407470015294,
    0.4981083474201078,
    0.5344924736376075,
    0.5585607341221928,
    0.594864364485229,
    0.5515575947838686,
    0.6650567495773967,
    0.6808339370522418,
    0.6592610480560251,
    0.6752797230942607,
    0.6799484826531433,
    0.7582709490461241,
    0.745713595749819,
    0.7845125976012236,
    0.8355469693310794,
    0.8204137486919423,
    0.8776463012154874,
    0.7730016904129438,
    0.7244626901714563,
    0.692908315221766,
    0.7362955807775898,
    0.7338002092892215,
    0.725750623842872,
    0.5799726314094824,
    0.6743942686951623,
    0.6292360943411414,
    0.5941399017950576,
    0.5641954439346374,
    0.5916445303066892,
    0.6464622071963295,
    0.5838364324237302,
    0.5536907349271513,
    0.5183128068904451,
    0.4176929888110762
  ],
  "auc_S_raw": null,
  "auc_S_inv": null,
  "acc_R_macro": [
    0.43733397730016904,
    0.39173307574659905,
    0.45254769379376963,
    0.43821943169926747,
    0.4122192707075586,
    0.4327457135957498,
    0.38235530870160184,
    0.41064960154552044,
    0.4083554696933108,
    0.3724543186025919,
    0.47110198824760524,
    0.3995009257023263,
    0.3972067938501167,
    0.44989133059647424,
    0.4251388553489495,
    0.39173307574659905,
    0.4246156322949368,
    0.4917894228447235,
    0.434154391048861,
    0.5126378491507688,
    0.5103437172985591,
    0.5126378491507688,
    0.5229010705948643,
    0.5481767688964019,
    0.5324398293487886,
    0.5766320534492473,
    0.41205827899863157,
    0.41930290590034613,
    0.4626096756017065,
    0.4062223295500282,
    0.44139901795057557,
    0.4774611607502214,
    0.4539563712468808,
    0.44864364485229014,
    0.46208645254769376,
    0.45625050309909043,
    0.4436931498027852,
    0.46401835305481764,
    0.48382033325283746,
    0.4364485229010706,
    0.4251388553489495,
    0.4152378652499396,
    0.3913708444015133,
    0.4332689366497625,
    0.41399017950575545,
    0.41205827899863157,
    0.4535941399017951,
    0.466674716252113,
    0.4544795943008935,
    0.4003863801014248,
    0.45625050309909043,
    0.3972067938501167
  ],
  "auc_T": null,
  "latencies_ms": {
    "C": 240.00000208616257,
    "S_raw": null,
    "S_inv": null,
    "T": null
  },
  "meta": {
    "align": "stim",
    "orientation": "vertical",
    "pt_min_ms": 200.0,
    "n_trials": 224,
    "n_bins": 52,
    "n_units": 86,
    "thr": 0.6,
    "k_bins": 5,
    "norm": "global",
    "baseline_win": null,
    "used_axes_mu_sd": false
  }
}