{
  "time": [
    -0.39000000059604645,
    -0.3799999952316284,
    -0.3700000047683716,
    -0.35999999940395355,
    -0.3499999940395355,
    -0.3400000035762787,
    -0.32999999821186066,
    -0.3199999928474426,
    -0.3100000023841858,
    -0.30000000447034836,
    -0.28999999910593033,
    -0.2800000011920929,
    -0.27000000327825546,
    -0.25999999791383743,
    -0.25,
    -0.24000000208616257,
    -0.23000000044703484,
    -0.2200000025331974,
    -0.21000000089406967,
    -0.19999999925494194,
    -0.1900000013411045,
    -0.17999999970197678,
    -0.16999999806284904,
    -0.1600000001490116,
    -0.14999999850988388,
    -0.13999999687075615,
    -0.12999999895691872,
    -0.11999999918043613,
    -0.10999999940395355,
    -0.09999999962747097,
    -0.08999999985098839,
    -0.0800000000745058,
    -0.07000000029802322,
    -0.06000000052154064,
    -0.049999999813735485,
    -0.0400000000372529,
    -0.03000000026077032,
    -0.020000000251457095,
    -0.010000000009313226,
    0.0,
    0.010000000009313226,
    0.020000000251457095,
    0.03000000026077032,
    0.0400000000372529,
    0.049999999813735485,
    0.06000000052154064,
    0.07000000029802322,
    0.0800000000745058,
    0.08999999985098839,
    0.09999999962747097,
    0.10999999940395355,
    0.11999999918043613,
    0.12999999895691872,
    0.13999999687075615,
    0.14999999850988388,
    0.1600000001490116,
    0.16999999806284904,
    0.17999999970197678,
    0.1900000013411045,
    0.19999999925494194,
    0.21000000089406967,
    0.2200000025331974,
    0.23000000044703484,
    0.24000000208616257,
    0.25,
    0.25999999791383743,
    0.27000000327825546,
    0.2800000011920929,
    0.28999999910593033
  ],
  "auc_C": null,
  "auc_S_raw": [
    0.5402298850574713,
    0.5665024630541873,
    0.6666666666666667,
    0.6453201970443351,
    0.5878489326765189,
    0.671592775041051,
    0.6436781609195402,
    0.6141215106732348,
    0.6206896551724138,
    0.4893267651888342,
    0.45320197044334976,
    0.5090311986863711,
    0.6486042692939246,
    0.6929392446633826,
    0.5862068965517242,
    0.5993431855500821,
    0.6108374384236454,
    0.464696223316913,
    0.48440065681444994,
    0.6338259441707718,
    0.6830870279146141,
    0.6403940886699507,
    0.5993431855500821,
    0.6157635467980296,
    0.6486042692939246,
    0.5090311986863711,
    0.477832512315271,
    0.5796387520525452,
    0.6239737274220034,
    0.6518883415435139,
    0.7093596059113301,
    0.6732348111658457,
    0.6995073891625616,
    0.7783251231527094,
    0.8374384236453202,
    0.8784893267651889,
    0.9178981937602627,
    0.9113300492610837,
    0.9359605911330049,
    0.9523809523809523,
    0.9753694581280787,
    0.9819376026272578,
    0.9688013136288999,
    0.9014778325123152,
    0.9178981937602627,
    0.9047619047619049,
    0.883415435139573,
    0.9343185550082101,
    0.9195402298850575,
    0.9244663382594418,
    0.9523809523809523,
    0.8981937602627258,
    0.80623973727422,
    0.7339901477832513,
    0.6929392446633826,
    0.7931034482758621,
    0.7980295566502463,
    0.7701149425287357,
    0.8932676518883416,
    0.7405582922824303,
    0.5960591133004925,
    0.5566502463054188,
    0.6141215106732348,
    0.7307060755336616,
    0.6798029556650247,
    0.6847290640394089,
    0.568144499178982,
    0.4745484400656814,
    0.4811165845648604
  ],
  "auc_S_inv": [
    0.5402298850574713,
    0.5665024630541873,
    0.6666666666666667,
    0.6453201970443351,
    0.5878489326765189,
    0.671592775041051,
    0.6436781609195402,
    0.6141215106732348,
    0.6206896551724138,
    0.4893267651888342,
    0.45320197044334976,
    0.5090311986863711,
    0.6486042692939246,
    0.6929392446633826,
    0.5862068965517242,
    0.5993431855500821,
    0.6108374384236454,
    0.464696223316913,
    0.48440065681444994,
    0.6338259441707718,
    0.6830870279146141,
    0.6403940886699507,
    0.5993431855500821,
    0.6157635467980296,
    0.6486042692939246,
    0.5090311986863711,
    0.477832512315271,
    0.5796387520525452,
    0.6239737274220034,
    0.6518883415435139,
    0.7093596059113301,
    0.6732348111658457,
    0.6995073891625616,
    0.7783251231527094,
    0.8374384236453202,
    0.8784893267651889,
    0.9178981937602627,
    0.9113300492610837,
    0.9359605911330049,
    0.9523809523809523,
    0.9753694581280787,
    0.9819376026272578,
    0.9688013136288999,
    0.9014778325123152,
    0.9178981937602627,
    0.9047619047619049,
    0.883415435139573,
    0.9343185550082101,
    0.9195402298850575,
    0.9244663382594418,
    0.9523809523809523,
    0.8981937602627258,
    0.80623973727422,
    0.7339901477832513,
    0.6929392446633826,
    0.7931034482758621,
    0.7980295566502463,
    0.7701149425287357,
    0.8932676518883416,
    0.7405582922824303,
    0.5960591133004925,
    0.5566502463054188,
    0.6141215106732348,
    0.7307060755336616,
    0.6798029556650247,
    0.6847290640394089,
    0.568144499178982,
    0.4745484400656814,
    0.4811165845648604
  ],
  "acc_R_macro": null,
  "auc_T": null,
  "latencies_ms": {
    "C": null,
    "S_raw": -109.99999940395355,
    "S_inv": -109.99999940395355,
    "T": null
  },
  "meta": {
    "align": "sacc",
    "orientation": "horizontal",
    "pt_min_ms": 200.0,
    "n_trials": 50,
    "n_bins": 69,
    "n_units": 72,
    "thr": 0.6,
    "k_bins": 5,
    "norm": "global",
    "baseline_win": null,
    "used_axes_mu_sd": false
  }
}