{
  "time": [
    -0.39000000059604645,
    -0.3799999952316284,
    -0.3700000047683716,
    -0.35999999940395355,
    -0.3499999940395355,
    -0.3400000035762787,
    -0.32999999821186066,
    -0.3199999928474426,
    -0.3100000023841858,
    -0.30000000447034836,
    -0.28999999910593033,
    -0.2800000011920929,
    -0.27000000327825546,
    -0.25999999791383743,
    -0.25,
    -0.24000000208616257,
    -0.23000000044703484,
    -0.2200000025331974,
    -0.21000000089406967,
    -0.19999999925494194,
    -0.1900000013411045,
    -0.17999999970197678,
    -0.16999999806284904,
    -0.1600000001490116,
    -0.14999999850988388,
    -0.13999999687075615,
    -0.12999999895691872,
    -0.11999999918043613,
    -0.10999999940395355,
    -0.09999999962747097,
    -0.08999999985098839,
    -0.0800000000745058,
    -0.07000000029802322,
    -0.06000000052154064,
    -0.049999999813735485,
    -0.0400000000372529,
    -0.03000000026077032,
    -0.020000000251457095,
    -0.010000000009313226,
    0.0,
    0.010000000009313226,
    0.020000000251457095,
    0.03000000026077032,
    0.0400000000372529,
    0.049999999813735485,
    0.06000000052154064,
    0.07000000029802322,
    0.0800000000745058,
    0.08999999985098839,
    0.09999999962747097,
    0.10999999940395355,
    0.11999999918043613,
    0.12999999895691872,
    0.13999999687075615,
    0.14999999850988388,
    0.1600000001490116,
    0.16999999806284904,
    0.17999999970197678,
    0.1900000013411045,
    0.19999999925494194,
    0.21000000089406967,
    0.2200000025331974,
    0.23000000044703484,
    0.24000000208616257,
    0.25,
    0.25999999791383743,
    0.27000000327825546,
    0.2800000011920929,
    0.28999999910593033
  ],
  "auc_C": null,
  "auc_S_raw": [
    0.5894909688013137,
    0.451559934318555,
    0.5032840722495895,
    0.6116584564860428,
    0.5689655172413793,
    0.4802955665024631,
    0.38916256157635465,
    0.45320197044334976,
    0.5238095238095238,
    0.5632183908045977,
    0.5533661740558293,
    0.47865353037766833,
    0.45073891625615764,
    0.4737274220032841,
    0.4614121510673235,
    0.5205254515599343,
    0.4269293924466338,
    0.5049261083743842,
    0.541871921182266,
    0.5090311986863711,
    0.4967159277504105,
    0.4482758620689655,
    0.6190476190476191,
    0.5361247947454845,
    0.4827586206896552,
    0.5106732348111659,
    0.409688013136289,
    0.6190476190476191,
    0.687192118226601,
    0.539408866995074,
    0.5894909688013137,
    0.674055829228243,
    0.48357963875205257,
    0.4466338259441709,
    0.4852216748768473,
    0.4745484400656815,
    0.4696223316912972,
    0.583743842364532,
    0.680623973727422,
    0.7454844006568144,
    0.7898193760262726,
    0.744663382594417,
    0.8078817733990147,
    0.7881773399014778,
    0.8735632183908046,
    0.7692939244663383,
    0.5755336617405583,
    0.7504105090311988,
    0.8423645320197044,
    0.8251231527093595,
    0.8760262725779967,
    0.8719211822660099,
    0.8349753694581281,
    0.819376026272578,
    0.7594417077175698,
    0.8111658456486044,
    0.7651888341543515,
    0.6206896551724138,
    0.6124794745484401,
    0.7504105090311988,
    0.7175697865353038,
    0.7019704433497538,
    0.8045977011494253,
    0.7463054187192119,
    0.6108374384236454,
    0.555008210180624,
    0.6715927750410509,
    0.6600985221674877,
    0.6576354679802956
  ],
  "auc_S_inv": [
    0.5894909688013137,
    0.451559934318555,
    0.5032840722495895,
    0.6116584564860428,
    0.5689655172413793,
    0.4802955665024631,
    0.38916256157635465,
    0.45320197044334976,
    0.5238095238095238,
    0.5632183908045977,
    0.5533661740558293,
    0.47865353037766833,
    0.45073891625615764,
    0.4737274220032841,
    0.4614121510673235,
    0.5205254515599343,
    0.4269293924466338,
    0.5049261083743842,
    0.541871921182266,
    0.5090311986863711,
    0.4967159277504105,
    0.4482758620689655,
    0.6190476190476191,
    0.5361247947454845,
    0.4827586206896552,
    0.5106732348111659,
    0.409688013136289,
    0.6190476190476191,
    0.687192118226601,
    0.539408866995074,
    0.5894909688013137,
    0.674055829228243,
    0.48357963875205257,
    0.4466338259441709,
    0.4852216748768473,
    0.4745484400656815,
    0.4696223316912972,
    0.583743842364532,
    0.680623973727422,
    0.7454844006568144,
    0.7898193760262726,
    0.744663382594417,
    0.8078817733990147,
    0.7881773399014778,
    0.8735632183908046,
    0.7692939244663383,
    0.5755336617405583,
    0.7504105090311988,
    0.8423645320197044,
    0.8251231527093595,
    0.8760262725779967,
    0.8719211822660099,
    0.8349753694581281,
    0.819376026272578,
    0.7594417077175698,
    0.8111658456486044,
    0.7651888341543515,
    0.6206896551724138,
    0.6124794745484401,
    0.7504105090311988,
    0.7175697865353038,
    0.7019704433497538,
    0.8045977011494253,
    0.7463054187192119,
    0.6108374384236454,
    0.555008210180624,
    0.6715927750410509,
    0.6600985221674877,
    0.6576354679802956
  ],
  "acc_R_macro": null,
  "auc_T": null,
  "latencies_ms": {
    "C": null,
    "S_raw": -10.000000009313226,
    "S_inv": -10.000000009313226,
    "T": null
  },
  "meta": {
    "align": "sacc",
    "orientation": "horizontal",
    "pt_min_ms": 200.0,
    "n_trials": 50,
    "n_bins": 69,
    "n_units": 28,
    "thr": 0.6,
    "k_bins": 5,
    "norm": "global",
    "baseline_win": null,
    "used_axes_mu_sd": false
  }
}