{
  "sid": "20201216",
  "align": "stim",
  "features": [
    "C"
  ],
  "winC": [
    0.1,
    0.3
  ],
  "winR": null,
  "winS": null,
  "winT": null,
  "pt_min_ms": 200.0,
  "orientation": "vertical",
  "areas": [
    "MFEF",
    "MLIP",
    "MSC"
  ],
  "tag": "axes_peakbin_stimC-stim-vertical-20mssw_nofilter",
  "norm": "global",
  "baseline_win": null,
  "clf_binary": "logreg",
  "C_grid": [
    0.1,
    0.3,
    1.0,
    3.0,
    10.0
  ],
  "lda_shrinkage": null,
  "searchC": true,
  "searchS": true,
  "searchT": false,
  "searchR": false,
  "search_step_ms": 20.0,
  "search_len_ms": [
    30,
    50,
    100,
    150,
    200,
    250
  ],
  "search_range_C": null,
  "search_range_S": null,
  "search_range_T": null,
  "search_range_R": null,
  "search_score_mode": "peak_bin_auc",
  "search_tiebreak": "shortest_then_earliest",
  "search_tol": 0.01,
  "per_area_results": {
    "MFEF": {
      "winC_selected": [
        0.21999999999999997,
        0.24999999999999997
      ],
      "winC_cv_best": 0.9376693766937669,
      "winC_best_param": 0.1,
      "winC_peak_time_ms": 229.99999672174454,
      "winC_peak_auc": 0.9376693766937669,
      "winC_mean_bin_auc": 0.9341406955736224,
      "winC_cv_auc_original": 0.9565205254515599,
      "sC_auc": 0.9376693766937669,
      "n_trials_C": 267
    },
    "MLIP": {
      "winC_selected": [
        0.4400000000000001,
        0.4700000000000001
      ],
      "winC_cv_best": 0.9451784101174345,
      "winC_best_param": 0.1,
      "winC_peak_time_ms": 469.9999988079071,
      "winC_peak_auc": 0.9451784101174345,
      "winC_mean_bin_auc": 0.9316470942487203,
      "winC_cv_auc_original": 0.9631001642036126,
      "sC_auc": 0.9451784101174345,
      "n_trials_C": 267
    },
    "MSC": {
      "winC_selected": [
        0.34,
        0.37
      ],
      "winC_cv_best": 0.6872741644083106,
      "winC_best_param": 0.3,
      "winC_peak_time_ms": 340.0000035762787,
      "winC_peak_auc": 0.6872741644083106,
      "winC_mean_bin_auc": 0.6581601927130382,
      "winC_cv_auc_original": 0.7076765188834154,
      "sC_auc": 0.6872741644083106,
      "n_trials_C": 267
    }
  },
  "rebin_factor": null,
  "sliding_window_ms": 20.0,
  "sliding_step_ms": 10.0,
  "sliding_window_bins": 2,
  "sliding_step_bins": 1
}