{
  "sid": "20230705",
  "area": "SFEF",
  "monkey": "S",
  "analysis": "axis_covariance",
  "axes_tag": "axes_peakbin_saccCS-sacc-vertical-20mssw",
  "a_obs": 0.013037686792560078,
  "theta_obs_deg": 89.2529744077595,
  "null_mean": 0.236626941757877,
  "null_std": 0.16440211010329359,
  "null_angle_mean_deg": 76.06439876103404,
  "p_orth": 0.024975024975024976,
  "p_align": 0.9760239760239761,
  "n_perms_valid": 1000,
  "delta": -0.22358925496531692,
  "delta_theta_deg": 13.188575646725454,
  "z_score": -1.3600145084806767,
  "manifold_dim": 39,
  "D_eff": 2.9139169194489964,
  "expected_cos": 0.5858162540191117,
  "expected_angle_deg": 54.13932443280413,
  "win_C": [
    -0.2,
    0.05
  ],
  "win_S": [
    -0.2,
    0.05
  ],
  "n_trials": 415,
  "n_valid_C": 415,
  "n_valid_S": 415,
  "use_rich_cond": false
}