{
  "sid": "20230707",
  "area": "SFEF",
  "monkey": "S",
  "analysis": "axis_covariance",
  "axes_tag": "axes_peakbin_saccCS-sacc-vertical-20mssw",
  "a_obs": 0.08894741508620374,
  "theta_obs_deg": 84.89694444621064,
  "null_mean": 0.45136755046500626,
  "null_std": 0.2357449820640394,
  "null_angle_mean_deg": 62.02826698795952,
  "p_orth": 0.0919080919080919,
  "p_align": 0.9090909090909091,
  "n_perms_valid": 1000,
  "delta": -0.3624201353788025,
  "delta_theta_deg": 22.86867745825112,
  "z_score": -1.5373397652228806,
  "manifold_dim": 23,
  "D_eff": 2.275760996476266,
  "expected_cos": 0.6628826849649287,
  "expected_angle_deg": 48.47990493672059,
  "win_C": [
    -0.2,
    0.05
  ],
  "win_S": [
    -0.2,
    0.05
  ],
  "n_trials": 399,
  "n_valid_C": 399,
  "n_valid_S": 399,
  "use_rich_cond": false
}