{
  "sid": "20200929",
  "area": "MFEF",
  "monkey": "M",
  "analysis": "axis_covariance",
  "axes_tag": "axes_peakbin_saccCS-sacc-vertical-20mssw",
  "a_obs": 0.012173204094501277,
  "theta_obs_deg": 89.30250955501948,
  "null_mean": 0.2567148554460905,
  "null_std": 0.16589368669377821,
  "null_angle_mean_deg": 74.85631591585334,
  "p_orth": 0.03496503496503497,
  "p_align": 0.9660339660339661,
  "n_perms_valid": 1000,
  "delta": -0.24454165135158923,
  "delta_theta_deg": 14.44619363916614,
  "z_score": -1.4740865443721596,
  "manifold_dim": 30,
  "D_eff": 2.9703109835009482,
  "expected_cos": 0.5802284766267655,
  "expected_angle_deg": 54.53338592801452,
  "win_C": [
    -0.2,
    0.05
  ],
  "win_S": [
    -0.2,
    0.05
  ],
  "n_trials": 284,
  "n_valid_C": 284,
  "n_valid_S": 284,
  "use_rich_cond": false
}