{
  "sid": "20231205",
  "area": "SFEF",
  "monkey": "S",
  "analysis": "axis_covariance",
  "axes_tag": "axes_peakbin_saccCS-sacc-vertical-20mssw",
  "a_obs": 0.444238542486574,
  "theta_obs_deg": 63.6253687775291,
  "null_mean": 0.39339028390444375,
  "null_std": 0.22092575854790664,
  "null_angle_mean_deg": 66.0304964901204,
  "p_orth": 0.5674325674325674,
  "p_align": 0.43356643356643354,
  "n_perms_valid": 1000,
  "delta": 0.05084825858213027,
  "delta_theta_deg": -2.4051277125913018,
  "z_score": 0.23015993660650522,
  "manifold_dim": 48,
  "D_eff": 6.304657028968424,
  "expected_cos": 0.39826236368812007,
  "expected_angle_deg": 66.53040470434597,
  "win_C": [
    -0.2,
    0.05
  ],
  "win_S": [
    -0.2,
    0.05
  ],
  "n_trials": 99,
  "n_valid_C": 99,
  "n_valid_S": 99,
  "use_rich_cond": false
}