{
  "sid": "20200328",
  "area": "MFEF",
  "monkey": "M",
  "analysis": "axis_covariance",
  "axes_tag": "axes_peakbin_saccCS-sacc-vertical-20mssw",
  "a_obs": 0.14031691361356716,
  "theta_obs_deg": 81.93381491902916,
  "null_mean": 0.2717536245577698,
  "null_std": 0.16839700228900562,
  "null_angle_mean_deg": 73.94921861424379,
  "p_orth": 0.2727272727272727,
  "p_align": 0.7282717282717283,
  "n_perms_valid": 1000,
  "delta": -0.13143671094420264,
  "delta_theta_deg": 7.98459630478537,
  "z_score": -0.7805169281970286,
  "manifold_dim": 30,
  "D_eff": 3.6562878796814497,
  "expected_cos": 0.5229736513053784,
  "expected_angle_deg": 58.468069640844405,
  "win_C": [
    -0.2,
    0.05
  ],
  "win_S": [
    -0.2,
    0.05
  ],
  "n_trials": 277,
  "n_valid_C": 277,
  "n_valid_S": 277,
  "use_rich_cond": false
}