{
  "time": [
    -0.39500001072883606,
    -0.38499999046325684,
    -0.375,
    -0.36500000953674316,
    -0.35499998927116394,
    -0.3449999988079071,
    -0.33500000834465027,
    -0.32499998807907104,
    -0.3149999976158142,
    -0.3050000071525574,
    -0.29500000178813934,
    -0.2849999964237213,
    -0.2750000059604645,
    -0.26500000059604645,
    -0.2549999952316284,
    -0.24500000476837158,
    -0.23499999940395355,
    -0.22500000149011612,
    -0.2150000035762787,
    -0.20499999821186066,
    -0.19500000029802322,
    -0.1850000023841858,
    -0.17499999701976776,
    -0.16499999910593033,
    -0.1550000011920929,
    -0.14499999582767487,
    -0.13499999791383743,
    -0.125,
    -0.11499999836087227,
    -0.10500000044703484,
    -0.0949999988079071,
    -0.08500000089406967,
    -0.07499999925494194,
    -0.06500000134110451,
    -0.054999999701976776,
    -0.044999999925494194,
    -0.03500000014901161,
    -0.02500000037252903,
    -0.01500000013038516,
    -0.004999999888241291,
    0.004999999888241291,
    0.01500000013038516,
    0.02500000037252903,
    0.03500000014901161,
    0.044999999925494194,
    0.054999999701976776,
    0.06500000134110451,
    0.07499999925494194,
    0.08500000089406967,
    0.0949999988079071,
    0.10500000044703484,
    0.11499999836087227,
    0.125,
    0.13499999791383743,
    0.14499999582767487,
    0.1550000011920929,
    0.16499999910593033,
    0.17499999701976776,
    0.1850000023841858,
    0.19500000029802322,
    0.20499999821186066,
    0.2150000035762787,
    0.22500000149011612,
    0.23499999940395355,
    0.24500000476837158,
    0.2549999952316284,
    0.26500000059604645,
    0.2750000059604645,
    0.2849999964237213,
    0.29500000178813934
  ],
  "auc_C": null,
  "auc_S_raw": [
    0.46900910010111224,
    0.4574823053589484,
    0.514231547017189,
    0.528412537917088,
    0.5066481294236602,
    0.4737613751263904,
    0.531294236602629,
    0.49024266936299293,
    0.5409504550050556,
    0.453134479271992,
    0.4809150657229525,
    0.5128412537917089,
    0.5005308392315471,
    0.5254297269969666,
    0.5279069767441861,
    0.47482305358948435,
    0.5019969666329627,
    0.5089737108190091,
    0.495778564206269,
    0.5232052578361982,
    0.5343023255813955,
    0.5055611729019212,
    0.5161274014155712,
    0.5279069767441861,
    0.517896865520728,
    0.5529322548028311,
    0.5016177957532861,
    0.5620323559150657,
    0.5210819009100102,
    0.5332406471183013,
    0.5994186046511628,
    0.5497472194135491,
    0.5341253791708797,
    0.5917087967644085,
    0.5230535894843276,
    0.5708796764408494,
    0.613169868554095,
    0.7128412537917088,
    0.632103134479272,
    0.6150657229524773,
    0.6891304347826087,
    0.5748230535894844,
    0.5652426693629928,
    0.5782103134479272,
    0.5743427704752275,
    0.4627906976744186,
    0.6081395348837209,
    0.5778564206268959,
    0.5966632962588474,
    0.554448938321537,
    0.42340748230535896,
    0.5164812942366026,
    0.396840242669363,
    0.4549039433771486,
    0.42062689585439844,
    0.4117290192113246,
    0.38296258847320525,
    0.4346814964610718,
    0.49891304347826093,
    0.5203741152679474,
    0.4698179979777553,
    0.5103892821031344,
    0.53025783619818,
    0.5087209302325582,
    0.4978766430738119,
    0.46390293225480284,
    0.4646612740141557,
    0.5003286147623862,
    0.48374620829120324,
    0.41081900910010105
  ],
  "auc_S_inv": [
    0.46900910010111224,
    0.4574823053589484,
    0.514231547017189,
    0.528412537917088,
    0.5066481294236602,
    0.4737613751263904,
    0.531294236602629,
    0.49024266936299293,
    0.5409504550050556,
    0.453134479271992,
    0.4809150657229525,
    0.5128412537917089,
    0.5005308392315471,
    0.5254297269969666,
    0.5279069767441861,
    0.47482305358948435,
    0.5019969666329627,
    0.5089737108190091,
    0.495778564206269,
    0.5232052578361982,
    0.5343023255813955,
    0.5055611729019212,
    0.5161274014155712,
    0.5279069767441861,
    0.517896865520728,
    0.5529322548028311,
    0.5016177957532861,
    0.5620323559150657,
    0.5210819009100102,
    0.5332406471183013,
    0.5994186046511628,
    0.5497472194135491,
    0.5341253791708797,
    0.5917087967644085,
    0.5230535894843276,
    0.5708796764408494,
    0.613169868554095,
    0.7128412537917088,
    0.632103134479272,
    0.6150657229524773,
    0.6891304347826087,
    0.5748230535894844,
    0.5652426693629928,
    0.5782103134479272,
    0.5743427704752275,
    0.4627906976744186,
    0.6081395348837209,
    0.5778564206268959,
    0.5966632962588474,
    0.554448938321537,
    0.42340748230535896,
    0.5164812942366026,
    0.396840242669363,
    0.4549039433771486,
    0.42062689585439844,
    0.4117290192113246,
    0.38296258847320525,
    0.4346814964610718,
    0.49891304347826093,
    0.5203741152679474,
    0.4698179979777553,
    0.5103892821031344,
    0.53025783619818,
    0.5087209302325582,
    0.4978766430738119,
    0.46390293225480284,
    0.4646612740141557,
    0.5003286147623862,
    0.48374620829120324,
    0.41081900910010105
  ],
  "acc_R_macro": null,
  "auc_T": null,
  "latencies_ms": {
    "C": null,
    "S_raw": -35.00000014901161,
    "S_inv": -35.00000014901161,
    "T": null
  },
  "meta": {
    "align": "sacc",
    "orientation": "horizontal",
    "pt_min_ms": 200.0,
    "n_trials": 287,
    "n_bins": 70,
    "n_units": 60,
    "thr": 0.6,
    "k_bins": 5,
    "norm": "global",
    "baseline_win": null,
    "used_axes_mu_sd": false
  }
}