{
  "time": [
    -0.39000000059604645,
    -0.3799999952316284,
    -0.3700000047683716,
    -0.35999999940395355,
    -0.3499999940395355,
    -0.3400000035762787,
    -0.32999999821186066,
    -0.3199999928474426,
    -0.3100000023841858,
    -0.30000000447034836,
    -0.28999999910593033,
    -0.2800000011920929,
    -0.27000000327825546,
    -0.25999999791383743,
    -0.25,
    -0.24000000208616257,
    -0.23000000044703484,
    -0.2200000025331974,
    -0.21000000089406967,
    -0.19999999925494194,
    -0.1900000013411045,
    -0.17999999970197678,
    -0.16999999806284904,
    -0.1600000001490116,
    -0.14999999850988388,
    -0.13999999687075615,
    -0.12999999895691872,
    -0.11999999918043613,
    -0.10999999940395355,
    -0.09999999962747097,
    -0.08999999985098839,
    -0.0800000000745058,
    -0.07000000029802322,
    -0.06000000052154064,
    -0.049999999813735485,
    -0.0400000000372529,
    -0.03000000026077032,
    -0.020000000251457095,
    -0.010000000009313226,
    0.0,
    0.010000000009313226,
    0.020000000251457095,
    0.03000000026077032,
    0.0400000000372529,
    0.049999999813735485,
    0.06000000052154064,
    0.07000000029802322,
    0.0800000000745058,
    0.08999999985098839,
    0.09999999962747097,
    0.10999999940395355,
    0.11999999918043613,
    0.12999999895691872,
    0.13999999687075615,
    0.14999999850988388,
    0.1600000001490116,
    0.16999999806284904,
    0.17999999970197678,
    0.1900000013411045,
    0.19999999925494194,
    0.21000000089406967,
    0.2200000025331974,
    0.23000000044703484,
    0.24000000208616257,
    0.25,
    0.25999999791383743,
    0.27000000327825546,
    0.2800000011920929,
    0.28999999910593033
  ],
  "auc_C": null,
  "auc_S_raw": [
    0.585975083261379,
    0.6156408042432466,
    0.6320463796718885,
    0.6112618724559024,
    0.6203897866041692,
    0.6339583076353769,
    0.6342050080177624,
    0.6466633773282348,
    0.5717898112742075,
    0.6003453805353398,
    0.6509189589243863,
    0.6064512149993833,
    0.5815961514740349,
    0.5939928456889109,
    0.5873936104600963,
    0.5872702602689034,
    0.5702479338842976,
    0.5328728259528802,
    0.5829530035771555,
    0.6103984211175527,
    0.5815344763784384,
    0.6282841988405082,
    0.679042802516344,
    0.7275194276551129,
    0.7811767608239792,
    0.8296533859627484,
    0.8290983101023807,
    0.8574071789811274,
    0.9119896385839398,
    0.9201307512026644,
    0.9348710990502036,
    0.9638583939805107,
    0.9818058467990626,
    0.9877266559763167,
    0.9955593931170593,
    0.9997532996176144,
    0.9991365486616505,
    0.9989515233748613,
    1.0,
    0.9999383249044036,
    1.0,
    0.9993215739484396,
    0.9977796965585297,
    0.9906253854693474,
    0.9868632046379672,
    0.9884050820278771,
    0.9826076230418157,
    0.9866165042555817,
    0.9757616874306155,
    0.95633403231775,
    0.9454792154927839,
    0.938509929690391,
    0.9201924262982607,
    0.8863944739114346,
    0.8491427161712101,
    0.8435302824719377,
    0.8451955100530406,
    0.8278031330948563,
    0.7627975823362525,
    0.7346737387442951,
    0.7644628099173553,
    0.6982237572468238,
    0.6803996546194646,
    0.7012458369310473,
    0.6670778339706427,
    0.6503022079684224,
    0.6503022079684224,
    0.6881707166646108,
    0.685580362649562
  ],
  "auc_S_inv": [
    0.585975083261379,
    0.6156408042432466,
    0.6320463796718885,
    0.6112618724559024,
    0.6203897866041692,
    0.6339583076353769,
    0.6342050080177624,
    0.6466633773282348,
    0.5717898112742075,
    0.6003453805353398,
    0.6509189589243863,
    0.6064512149993833,
    0.5815961514740349,
    0.5939928456889109,
    0.5873936104600963,
    0.5872702602689034,
    0.5702479338842976,
    0.5328728259528802,
    0.5829530035771555,
    0.6103984211175527,
    0.5815344763784384,
    0.6282841988405082,
    0.679042802516344,
    0.7275194276551129,
    0.7811767608239792,
    0.8296533859627484,
    0.8290983101023807,
    0.8574071789811274,
    0.9119896385839398,
    0.9201307512026644,
    0.9348710990502036,
    0.9638583939805107,
    0.9818058467990626,
    0.9877266559763167,
    0.9955593931170593,
    0.9997532996176144,
    0.9991365486616505,
    0.9989515233748613,
    1.0,
    0.9999383249044036,
    1.0,
    0.9993215739484396,
    0.9977796965585297,
    0.9906253854693474,
    0.9868632046379672,
    0.9884050820278771,
    0.9826076230418157,
    0.9866165042555817,
    0.9757616874306155,
    0.95633403231775,
    0.9454792154927839,
    0.938509929690391,
    0.9201924262982607,
    0.8863944739114346,
    0.8491427161712101,
    0.8435302824719377,
    0.8451955100530406,
    0.8278031330948563,
    0.7627975823362525,
    0.7346737387442951,
    0.7644628099173553,
    0.6982237572468238,
    0.6803996546194646,
    0.7012458369310473,
    0.6670778339706427,
    0.6503022079684224,
    0.6503022079684224,
    0.6881707166646108,
    0.685580362649562
  ],
  "acc_R_macro": null,
  "auc_T": null,
  "latencies_ms": {
    "C": null,
    "S_raw": -379.9999952316284,
    "S_inv": -379.9999952316284,
    "T": null
  },
  "meta": {
    "align": "sacc",
    "orientation": "horizontal",
    "pt_min_ms": 200.0,
    "n_trials": 255,
    "n_bins": 69,
    "n_units": 60,
    "thr": 0.6,
    "k_bins": 5,
    "norm": "global",
    "baseline_win": null,
    "used_axes_mu_sd": false
  }
}