{
  "time": [
    -0.39000000059604645,
    -0.3700000047683716,
    -0.3499999940395355,
    -0.32999999821186066,
    -0.3100000023841858,
    -0.28999999910593033,
    -0.27000000327825546,
    -0.25,
    -0.23000000044703484,
    -0.21000000089406967,
    -0.1900000013411045,
    -0.16999999806284904,
    -0.14999999850988388,
    -0.12999999895691872,
    -0.10999999940395355,
    -0.08999999985098839,
    -0.07000000029802322,
    -0.049999999813735485,
    -0.03000000026077032,
    -0.010000000009313226,
    0.010000000009313226,
    0.03000000026077032,
    0.049999999813735485,
    0.07000000029802322,
    0.08999999985098839,
    0.10999999940395355,
    0.12999999895691872,
    0.14999999850988388,
    0.16999999806284904,
    0.1900000013411045,
    0.21000000089406967,
    0.23000000044703484,
    0.25,
    0.27000000327825546,
    0.28999999910593033
  ],
  "auc_C": null,
  "auc_S_raw": [
    0.560595238095238,
    0.46928571428571425,
    0.5238095238095237,
    0.5684523809523809,
    0.4704761904761905,
    0.46285714285714286,
    0.5246428571428572,
    0.5159523809523809,
    0.4606547619047619,
    0.41595238095238096,
    0.4610119047619048,
    0.5301190476190476,
    0.5716666666666667,
    0.6766071428571429,
    0.7885119047619048,
    0.8889285714285714,
    0.9645833333333332,
    0.979047619047619,
    0.9860119047619048,
    0.9998214285714286,
    1.0,
    0.9992857142857142,
    0.9956547619047619,
    0.9890476190476191,
    0.9755357142857143,
    0.9778571428571428,
    0.9346428571428572,
    0.9225595238095238,
    0.8676785714285714,
    0.8533928571428572,
    0.8041666666666666,
    0.8392857142857143,
    0.8041071428571428,
    0.7717857142857142,
    0.7372619047619048
  ],
  "auc_S_inv": [
    0.560595238095238,
    0.46928571428571425,
    0.5238095238095237,
    0.5684523809523809,
    0.4704761904761905,
    0.46285714285714286,
    0.5246428571428572,
    0.5159523809523809,
    0.4606547619047619,
    0.41595238095238096,
    0.4610119047619048,
    0.5301190476190476,
    0.5716666666666667,
    0.6766071428571429,
    0.7885119047619048,
    0.8889285714285714,
    0.9645833333333332,
    0.979047619047619,
    0.9860119047619048,
    0.9998214285714286,
    1.0,
    0.9992857142857142,
    0.9956547619047619,
    0.9890476190476191,
    0.9755357142857143,
    0.9778571428571428,
    0.9346428571428572,
    0.9225595238095238,
    0.8676785714285714,
    0.8533928571428572,
    0.8041666666666666,
    0.8392857142857143,
    0.8041071428571428,
    0.7717857142857142,
    0.7372619047619048
  ],
  "acc_R_macro": null,
  "auc_T": null,
  "latencies_ms": {
    "C": null,
    "S_raw": -129.99999895691872,
    "S_inv": -129.99999895691872,
    "T": null
  },
  "meta": {
    "align": "sacc",
    "orientation": "horizontal",
    "pt_min_ms": 200.0,
    "n_trials": 260,
    "n_bins": 35,
    "n_units": 139,
    "thr": 0.6,
    "k_bins": 5,
    "norm": "global",
    "baseline_win": null,
    "used_axes_mu_sd": false
  }
}