{
  "time": [
    -0.39000000059604645,
    -0.3700000047683716,
    -0.3499999940395355,
    -0.32999999821186066,
    -0.3100000023841858,
    -0.28999999910593033,
    -0.27000000327825546,
    -0.25,
    -0.23000000044703484,
    -0.21000000089406967,
    -0.1900000013411045,
    -0.16999999806284904,
    -0.14999999850988388,
    -0.12999999895691872,
    -0.10999999940395355,
    -0.08999999985098839,
    -0.07000000029802322,
    -0.049999999813735485,
    -0.03000000026077032,
    -0.010000000009313226,
    0.010000000009313226,
    0.03000000026077032,
    0.049999999813735485,
    0.07000000029802322,
    0.08999999985098839,
    0.10999999940395355,
    0.12999999895691872,
    0.14999999850988388,
    0.16999999806284904,
    0.1900000013411045,
    0.21000000089406967,
    0.23000000044703484,
    0.25,
    0.27000000327825546,
    0.28999999910593033
  ],
  "auc_C": null,
  "auc_S_raw": [
    0.5275000000000001,
    0.5451785714285715,
    0.43226190476190474,
    0.5402380952380953,
    0.5400595238095239,
    0.4888095238095238,
    0.48119047619047617,
    0.4871428571428572,
    0.5020238095238095,
    0.5101190476190476,
    0.43273809523809526,
    0.42886904761904765,
    0.4977380952380952,
    0.524702380952381,
    0.5238095238095238,
    0.5785714285714285,
    0.6079761904761904,
    0.7174404761904761,
    0.7655357142857142,
    0.8588690476190476,
    0.9041666666666667,
    0.8962500000000001,
    0.9819047619047618,
    0.8487499999999999,
    0.7642261904761904,
    0.5989285714285714,
    0.5593452380952381,
    0.6599404761904762,
    0.492797619047619,
    0.4986309523809524,
    0.4597619047619048,
    0.4742261904761904,
    0.4075,
    0.45886904761904757,
    0.4495833333333334
  ],
  "auc_S_inv": [
    0.5275000000000001,
    0.5451785714285715,
    0.43226190476190474,
    0.5402380952380953,
    0.5400595238095239,
    0.4888095238095238,
    0.48119047619047617,
    0.4871428571428572,
    0.5020238095238095,
    0.5101190476190476,
    0.43273809523809526,
    0.42886904761904765,
    0.4977380952380952,
    0.524702380952381,
    0.5238095238095238,
    0.5785714285714285,
    0.6079761904761904,
    0.7174404761904761,
    0.7655357142857142,
    0.8588690476190476,
    0.9041666666666667,
    0.8962500000000001,
    0.9819047619047618,
    0.8487499999999999,
    0.7642261904761904,
    0.5989285714285714,
    0.5593452380952381,
    0.6599404761904762,
    0.492797619047619,
    0.4986309523809524,
    0.4597619047619048,
    0.4742261904761904,
    0.4075,
    0.45886904761904757,
    0.4495833333333334
  ],
  "acc_R_macro": null,
  "auc_T": null,
  "latencies_ms": {
    "C": null,
    "S_raw": -70.00000029802322,
    "S_inv": -70.00000029802322,
    "T": null
  },
  "meta": {
    "align": "sacc",
    "orientation": "horizontal",
    "pt_min_ms": 200.0,
    "n_trials": 260,
    "n_bins": 35,
    "n_units": 76,
    "thr": 0.6,
    "k_bins": 5,
    "norm": "global",
    "baseline_win": null,
    "used_axes_mu_sd": false
  }
}