{
  "time": [
    -0.39000000059604645,
    -0.3700000047683716,
    -0.3499999940395355,
    -0.32999999821186066,
    -0.3100000023841858,
    -0.28999999910593033,
    -0.27000000327825546,
    -0.25,
    -0.23000000044703484,
    -0.21000000089406967,
    -0.1900000013411045,
    -0.16999999806284904,
    -0.14999999850988388,
    -0.12999999895691872,
    -0.10999999940395355,
    -0.08999999985098839,
    -0.07000000029802322,
    -0.049999999813735485,
    -0.03000000026077032,
    -0.010000000009313226,
    0.010000000009313226,
    0.03000000026077032,
    0.049999999813735485,
    0.07000000029802322,
    0.08999999985098839,
    0.10999999940395355,
    0.12999999895691872,
    0.14999999850988388,
    0.16999999806284904,
    0.1900000013411045,
    0.21000000089406967,
    0.23000000044703484,
    0.25,
    0.27000000327825546,
    0.28999999910593033
  ],
  "auc_C": null,
  "auc_S_raw": [
    0.55125,
    0.5444642857142857,
    0.5397619047619048,
    0.5176785714285714,
    0.5200595238095238,
    0.5513690476190477,
    0.5069940476190476,
    0.5326785714285714,
    0.5292857142857144,
    0.5491369047619048,
    0.5461904761904761,
    0.5527976190476191,
    0.4743154761904762,
    0.4927380952380952,
    0.6025297619047618,
    0.6702083333333333,
    0.725327380952381,
    0.7604464285714285,
    0.6552976190476191,
    0.6779166666666666,
    0.4726488095238095,
    0.5707440476190476,
    0.6644940476190476,
    0.6416071428571429,
    0.7061607142857141,
    0.6149404761904763,
    0.6866071428571427,
    0.6275595238095237,
    0.582202380952381,
    0.6499404761904761,
    0.6432738095238094,
    0.6544642857142858,
    0.6317559523809524,
    0.6352976190476192,
    0.5836904761904762
  ],
  "auc_S_inv": [
    0.55125,
    0.5444642857142857,
    0.5397619047619048,
    0.5176785714285714,
    0.5200595238095238,
    0.5513690476190477,
    0.5069940476190476,
    0.5326785714285714,
    0.5292857142857144,
    0.5491369047619048,
    0.5461904761904761,
    0.5527976190476191,
    0.4743154761904762,
    0.4927380952380952,
    0.6025297619047618,
    0.6702083333333333,
    0.725327380952381,
    0.7604464285714285,
    0.6552976190476191,
    0.6779166666666666,
    0.4726488095238095,
    0.5707440476190476,
    0.6644940476190476,
    0.6416071428571429,
    0.7061607142857141,
    0.6149404761904763,
    0.6866071428571427,
    0.6275595238095237,
    0.582202380952381,
    0.6499404761904761,
    0.6432738095238094,
    0.6544642857142858,
    0.6317559523809524,
    0.6352976190476192,
    0.5836904761904762
  ],
  "acc_R_macro": null,
  "auc_T": null,
  "latencies_ms": {
    "C": null,
    "S_raw": -109.99999940395355,
    "S_inv": -109.99999940395355,
    "T": null
  },
  "meta": {
    "align": "sacc",
    "orientation": "horizontal",
    "pt_min_ms": 200.0,
    "n_trials": 260,
    "n_bins": 35,
    "n_units": 46,
    "thr": 0.6,
    "k_bins": 5,
    "norm": "global",
    "baseline_win": null,
    "used_axes_mu_sd": false
  }
}