{
  "sid": "20230622",
  "align": "sacc",
  "features": [
    "C",
    "S"
  ],
  "winC": [
    -0.3,
    -0.18
  ],
  "winR": null,
  "winS": [
    -0.1,
    -0.03
  ],
  "winT": null,
  "pt_min_ms": 200.0,
  "orientation": "horizontal",
  "areas": [
    "SFEF",
    "SLIP"
  ],
  "tag": "axes_peakbin_saccCS-sacc-horizontal-20mssw",
  "norm": "global",
  "baseline_win": null,
  "clf_binary": "logreg",
  "C_grid": [
    0.1,
    0.3,
    1.0,
    3.0,
    10.0
  ],
  "lda_shrinkage": null,
  "searchC": true,
  "searchS": true,
  "searchT": false,
  "searchR": false,
  "search_step_ms": 20.0,
  "search_len_ms": [
    50.0,
    100.0,
    150.0,
    200.0,
    250.0
  ],
  "search_range_C": "-0.30:-0.05",
  "search_range_S": "-0.20:0.05",
  "search_range_T": null,
  "search_range_R": null,
  "search_score_mode": "peak_bin_auc",
  "search_tiebreak": "shortest_then_closest0",
  "search_tol": 0.01,
  "per_area_results": {
    "SFEF": {
      "winC_selected": [
        -0.1,
        -0.05
      ],
      "winC_cv_best": 0.7259558387670422,
      "winC_best_param": 0.1,
      "winC_peak_time_ms": -80.0000000745058,
      "winC_peak_auc": 0.7259558387670422,
      "winC_mean_bin_auc": 0.6935351215174868,
      "winC_cv_auc_original": 0.7838954167525596,
      "winS_selected": [
        -2.0816681711721685e-17,
        0.04999999999999998
      ],
      "winS_cv_best": 0.807128580946036,
      "winS_peak_time_ms": 0.0,
      "winS_peak_auc": 0.807128580946036,
      "sC_auc": 0.7259558387670422,
      "n_trials_C": 465
    },
    "SLIP": {
      "winC_selected": [
        -0.14,
        -0.09000000000000001
      ],
      "winC_cv_best": 0.6095972880853586,
      "winC_best_param": 0.1,
      "winC_peak_time_ms": -139.99999687075615,
      "winC_peak_auc": 0.6095972880853586,
      "winC_mean_bin_auc": 0.5661436721991702,
      "winC_cv_auc_original": 0.6012349687349687,
      "winS_selected": [
        -2.0816681711721685e-17,
        0.04999999999999998
      ],
      "winS_cv_best": 0.7145514101709971,
      "winS_peak_time_ms": 49.999999813735485,
      "winS_peak_auc": 0.7145514101709971,
      "sC_auc": 0.6095972880853586,
      "n_trials_C": 465
    }
  },
  "rebin_factor": null,
  "sliding_window_ms": 20.0,
  "sliding_step_ms": 10.0,
  "sliding_window_bins": 4,
  "sliding_step_bins": 2
}