{
  "time": [
    -0.39000000059604645,
    -0.3700000047683716,
    -0.3499999940395355,
    -0.32999999821186066,
    -0.3100000023841858,
    -0.28999999910593033,
    -0.27000000327825546,
    -0.25,
    -0.23000000044703484,
    -0.21000000089406967,
    -0.1900000013411045,
    -0.16999999806284904,
    -0.14999999850988388,
    -0.12999999895691872,
    -0.10999999940395355,
    -0.08999999985098839,
    -0.07000000029802322,
    -0.049999999813735485,
    -0.03000000026077032,
    -0.010000000009313226,
    0.010000000009313226,
    0.03000000026077032,
    0.049999999813735485,
    0.07000000029802322,
    0.08999999985098839,
    0.10999999940395355,
    0.12999999895691872,
    0.14999999850988388,
    0.16999999806284904,
    0.1900000013411045,
    0.21000000089406967,
    0.23000000044703484,
    0.25,
    0.27000000327825546,
    0.28999999910593033
  ],
  "auc_C": null,
  "auc_S_raw": [
    0.4689353427321342,
    0.5389402041808459,
    0.5344676713660671,
    0.5100631988332524,
    0.5524550315994167,
    0.5512882839086047,
    0.5393048128342246,
    0.5845405930967429,
    0.5894506562955761,
    0.6093339815264949,
    0.6229217306757414,
    0.6857073407875546,
    0.66917841516772,
    0.6365094798249878,
    0.5724355858045698,
    0.6050559066601847,
    0.6182304326689354,
    0.6616188624210015,
    0.6469129800680603,
    0.6398152649489548,
    0.5292173067574137,
    0.5981283422459893,
    0.5523091881380652,
    0.5442877977637336,
    0.5311132717549829,
    0.5327661643169664,
    0.5062226543509967,
    0.5730189596499757,
    0.4744287797763734,
    0.4723383568303354,
    0.500923675255226,
    0.5032085561497326,
    0.5024793388429752,
    0.5279047156052503,
    0.5664073894020418
  ],
  "auc_S_inv": [
    0.4689353427321342,
    0.5389402041808459,
    0.5344676713660671,
    0.5100631988332524,
    0.5524550315994167,
    0.5512882839086047,
    0.5393048128342246,
    0.5845405930967429,
    0.5894506562955761,
    0.6093339815264949,
    0.6229217306757414,
    0.6857073407875546,
    0.66917841516772,
    0.6365094798249878,
    0.5724355858045698,
    0.6050559066601847,
    0.6182304326689354,
    0.6616188624210015,
    0.6469129800680603,
    0.6398152649489548,
    0.5292173067574137,
    0.5981283422459893,
    0.5523091881380652,
    0.5442877977637336,
    0.5311132717549829,
    0.5327661643169664,
    0.5062226543509967,
    0.5730189596499757,
    0.4744287797763734,
    0.4723383568303354,
    0.500923675255226,
    0.5032085561497326,
    0.5024793388429752,
    0.5279047156052503,
    0.5664073894020418
  ],
  "acc_R_macro": null,
  "auc_T": null,
  "latencies_ms": {
    "C": null,
    "S_raw": -210.00000089406967,
    "S_inv": -210.00000089406967,
    "T": null
  },
  "meta": {
    "align": "sacc",
    "orientation": "horizontal",
    "pt_min_ms": 200.0,
    "n_trials": 291,
    "n_bins": 35,
    "n_units": 120,
    "thr": 0.6,
    "k_bins": 5,
    "norm": "global",
    "baseline_win": null,
    "used_axes_mu_sd": false
  }
}