{
  "sid": "20230707",
  "monkey": "S",
  "orientation": "horizontal",
  "area": "SLIP",
  "axes_tag": "axes_peakbin_saccCS-sacc-horizontal-20mssw",
  "window_centers_ms": [
    -350.0,
    -329.99999999999994,
    -309.99999999999994,
    -289.99999999999994,
    -269.9999999999999,
    -249.99999999999991,
    -229.99999999999991,
    -209.99999999999994,
    -189.99999999999994,
    -169.99999999999994,
    -149.99999999999997,
    -129.99999999999997,
    -109.99999999999997,
    -89.99999999999997,
    -69.99999999999997,
    -49.999999999999964,
    -29.99999999999996,
    -9.999999999999961,
    10.00000000000004,
    30.00000000000004,
    50.00000000000004,
    70.00000000000004,
    90.00000000000006,
    110.00000000000006,
    130.00000000000006,
    150.00000000000006,
    170.00000000000003,
    190.00000000000003
  ],
  "alignments": [
    0.007520570450714995,
    0.012949581169004564,
    0.1604351194010543,
    0.10010480659616762,
    0.14626795028380735,
    0.027675021805987726,
    0.010852310813443941,
    0.02456457185798561,
    0.02547818397331614,
    0.0743584713309596,
    0.04805406789730721,
    0.04458291499544736,
    0.008606060290424575,
    0.09427239562987892,
    0.003820033531381088,
    0.0006637986846645764,
    0.11826738112256334,
    0.14596364804583184,
    0.134637618390388,
    0.06824283264570907,
    0.05420578638324883,
    0.08159702019775253,
    0.0995882770809843,
    0.10988079343286962,
    0.11613485702651359,
    0.008598884735552365,
    0.07213132651123765,
    0.11584544263833907
  ],
  "alignment_mean": 0.06840356167580483,
  "alignment_std": 0.04969675840024176,
  "alignment_max": 0.1604351194010543,
  "alignment_min": 0.0006637986846645764,
  "peak_time_ms": -309.99999999999994,
  "n_trials": 386,
  "rt_mean_ms": 255.3361398963598,
  "rt_std_ms": 33.93355337927322,
  "null_mean": 0.2969483230147264,
  "null_std": 0.1770855146832359,
  "null_median": 0.27946051096690483,
  "D_eff": 8.340230941772461,
  "expected_cos": 0.2762809991836548,
  "manifold_dim": 99,
  "window_length_ms": 50.0,
  "step_ms": 20.0,
  "time_range_ms": [
    -350.0,
    200.0
  ],
  "pt_min_ms": 200.0,
  "winS_selected": [
    -2.0816681711721685e-17,
    0.04999999999999998
  ]
}