{
  "sid": "20231109",
  "monkey": "S",
  "orientation": "horizontal",
  "area": "SLIP",
  "axes_tag": "axes_peakbin_saccCS-sacc-horizontal-20mssw",
  "window_centers_ms": [
    -350.0,
    -329.99999999999994,
    -309.99999999999994,
    -289.99999999999994,
    -269.9999999999999,
    -249.99999999999991,
    -229.99999999999991,
    -209.99999999999994,
    -189.99999999999994,
    -169.99999999999994,
    -149.99999999999997,
    -129.99999999999997,
    -109.99999999999997,
    -89.99999999999997,
    -69.99999999999997,
    -49.999999999999964,
    -29.99999999999996,
    -9.999999999999961,
    10.00000000000004,
    30.00000000000004,
    50.00000000000004,
    70.00000000000004,
    90.00000000000006,
    110.00000000000006,
    130.00000000000006,
    150.00000000000006,
    170.00000000000003,
    190.00000000000003
  ],
  "alignments": [
    0.061318246944125264,
    0.17891917294043794,
    0.025714011358222877,
    0.12938313265482093,
    0.02716360533366954,
    0.03253851137607313,
    0.07007413609763215,
    0.1648148597061933,
    0.22853053128538486,
    0.2254096208932162,
    0.30129041660171235,
    0.2658712927985627,
    0.1251568735236711,
    0.054962784201366535,
    0.00650415326063414,
    0.11790340125699117,
    0.12331329804843288,
    0.1265875846506854,
    0.06746780762692972,
    0.06008921975701801,
    0.23978836216891364,
    0.14978692776670152,
    0.04523093479295724,
    0.026662548198136425,
    0.18806522375441792,
    0.2192952794818846,
    0.3067919702825931,
    0.338811185941223
  ],
  "alignment_mean": 0.13955161045366457,
  "alignment_std": 0.09512013289126632,
  "alignment_max": 0.338811185941223,
  "alignment_min": 0.00650415326063414,
  "peak_time_ms": 190.00000000000003,
  "n_trials": 255,
  "rt_mean_ms": 309.24294117643086,
  "rt_std_ms": 57.44435665877133,
  "null_mean": 0.16696454371289016,
  "null_std": 0.10748995153541428,
  "null_median": 0.15284067208410052,
  "D_eff": 2.594379425048828,
  "expected_cos": 0.4953627288341522,
  "manifold_dim": 41,
  "window_length_ms": 50.0,
  "step_ms": 20.0,
  "time_range_ms": [
    -350.0,
    200.0
  ],
  "pt_min_ms": 200.0,
  "winS_selected": [
    -2.0816681711721685e-17,
    0.04999999999999998
  ]
}