{
  "sid": "20230707",
  "monkey": "S",
  "orientation": "horizontal",
  "area": "SFEF",
  "axes_tag": "axes_peakbin_saccCS-sacc-horizontal-20mssw",
  "window_centers_ms": [
    -350.0,
    -329.99999999999994,
    -309.99999999999994,
    -289.99999999999994,
    -269.9999999999999,
    -249.99999999999991,
    -229.99999999999991,
    -209.99999999999994,
    -189.99999999999994,
    -169.99999999999994,
    -149.99999999999997,
    -129.99999999999997,
    -109.99999999999997,
    -89.99999999999997,
    -69.99999999999997,
    -49.999999999999964,
    -29.99999999999996,
    -9.999999999999961,
    10.00000000000004,
    30.00000000000004,
    50.00000000000004,
    70.00000000000004,
    90.00000000000006,
    110.00000000000006,
    130.00000000000006,
    150.00000000000006,
    170.00000000000003,
    190.00000000000003
  ],
  "alignments": [
    0.2840508937883956,
    0.28704590177530676,
    0.14834047945444043,
    0.1777215417087541,
    0.11415872057695034,
    0.1467285179742248,
    0.15093743031408152,
    0.0874599129071896,
    0.03475615343830059,
    0.07631390689070087,
    0.13871761852394018,
    0.017826332577300805,
    0.1051482624993348,
    0.032435580122698454,
    0.05434821789824805,
    0.06764822200158681,
    0.09360248376880254,
    0.016563282308790644,
    0.03657775379685829,
    0.07346670329042938,
    0.036330456455335405,
    0.11099784910432015,
    0.13464464054271089,
    0.004577184045407884,
    0.037149630515574204,
    0.016271987629856197,
    0.1470876667890874,
    0.018976979207401712
  ],
  "alignment_mean": 0.09463872535378673,
  "alignment_std": 0.0727797631705403,
  "alignment_max": 0.28704590177530676,
  "alignment_min": 0.004577184045407884,
  "peak_time_ms": -329.99999999999994,
  "n_trials": 386,
  "rt_mean_ms": 255.3361398963598,
  "rt_std_ms": 33.93355337927322,
  "null_mean": 0.294046901286923,
  "null_std": 0.1908812363670547,
  "null_median": 0.2754417972774519,
  "D_eff": 3.587982177734375,
  "expected_cos": 0.42122575640678406,
  "manifold_dim": 31,
  "window_length_ms": 50.0,
  "step_ms": 20.0,
  "time_range_ms": [
    -350.0,
    200.0
  ],
  "pt_min_ms": 200.0,
  "winS_selected": [
    -2.0816681711721685e-17,
    0.04999999999999998
  ]
}