{
  "sid": "20201001",
  "monkey": "M",
  "orientation": "horizontal",
  "area": "MFEF",
  "axes_tag": "axes_peakbin_saccCS-sacc-horizontal-20mssw",
  "window_centers_ms": [
    -350.0,
    -329.99999999999994,
    -309.99999999999994,
    -289.99999999999994,
    -269.9999999999999,
    -249.99999999999991,
    -229.99999999999991,
    -209.99999999999994,
    -189.99999999999994,
    -169.99999999999994,
    -149.99999999999997,
    -129.99999999999997,
    -109.99999999999997,
    -89.99999999999997,
    -69.99999999999997,
    -49.999999999999964,
    -29.99999999999996,
    -9.999999999999961,
    10.00000000000004,
    30.00000000000004,
    50.00000000000004,
    70.00000000000004,
    90.00000000000006,
    110.00000000000006,
    130.00000000000006,
    150.00000000000006,
    170.00000000000003,
    190.00000000000003
  ],
  "alignments": [
    0.0038083870871697583,
    0.04339917966217847,
    0.03553216293390426,
    0.010830906527016036,
    0.09813926887163144,
    0.05328858295489345,
    0.04445868078029752,
    0.036645530076128446,
    0.0634341172495629,
    0.10573324305464124,
    0.045524141938456775,
    0.00675483002625766,
    0.031551405459043905,
    0.028337556079191445,
    0.010216014897522226,
    0.018597367763796713,
    0.03109282740392386,
    0.055832394828347905,
    0.003863010262491649,
    0.06606775742469355,
    0.030803338089539226,
    0.05046183681924801,
    0.06616623540376079,
    0.004390576984693245,
    0.025066209210874386,
    0.07433663688661896,
    0.07022638728626507,
    0.054837531847561814
  ],
  "alignment_mean": 0.041764147064632516,
  "alignment_std": 0.026892121816470254,
  "alignment_max": 0.10573324305464124,
  "alignment_min": 0.0038083870871697583,
  "peak_time_ms": -169.99999999999994,
  "n_trials": 256,
  "rt_mean_ms": 260.2098632812897,
  "rt_std_ms": 40.75527624583614,
  "null_mean": 0.3027377323915293,
  "null_std": 0.1922327341853614,
  "null_median": 0.2827899824968493,
  "D_eff": 3.776658058166504,
  "expected_cos": 0.41056907176971436,
  "manifold_dim": 138,
  "window_length_ms": 50.0,
  "step_ms": 20.0,
  "time_range_ms": [
    -350.0,
    200.0
  ],
  "pt_min_ms": 200.0,
  "winS_selected": [
    -0.02000000000000002,
    0.02999999999999998
  ]
}