{
  "sid": "20200402",
  "monkey": "M",
  "orientation": "horizontal",
  "area": "MLIP",
  "axes_tag": "axes_peakbin_saccCS-sacc-horizontal-20mssw",
  "window_centers_ms": [
    -300.0,
    -279.99999999999994,
    -259.99999999999994,
    -239.99999999999997,
    -219.99999999999997,
    -199.99999999999997,
    -180.0,
    -160.0,
    -140.0,
    -120.00000000000001,
    -100.0,
    -80.0,
    -60.0,
    -39.99999999999999,
    -19.999999999999993,
    6.938893903907228e-15,
    20.000000000000007,
    40.00000000000001,
    60.000000000000014,
    80.00000000000001
  ],
  "alignments": [
    0.1761316395704914,
    0.20911566240571558,
    0.22520836615356415,
    0.07782665445443188,
    0.00042376836677816864,
    0.017778413393822447,
    0.04152763493527537,
    0.020365818813124218,
    0.14543234276042832,
    0.2794954624491156,
    0.37305227763969456,
    0.13939322458502929,
    0.1079359386624003,
    0.12285497314719071,
    0.031652518783878834,
    0.015880895579949594,
    0.011626858863470592,
    0.10605748207400592,
    0.08652801122931032,
    0.02111707068717431
  ],
  "alignment_mean": 0.11047025072774257,
  "alignment_std": 0.09876494755785271,
  "alignment_max": 0.37305227763969456,
  "alignment_min": 0.00042376836677816864,
  "peak_time_ms": -100.0,
  "n_trials": 237,
  "rt_mean_ms": 261.32837552746184,
  "rt_std_ms": 45.36368443139637,
  "window_length_ms": 50.0,
  "step_ms": 20.0,
  "time_range_ms": [
    -300.0,
    100.0
  ],
  "pt_min_ms": 200.0,
  "winS_selected": [
    -2.0816681711721685e-17,
    0.04999999999999998
  ]
}