{
  "sid": "20200327",
  "monkey": "M",
  "orientation": "horizontal",
  "area": "MLIP",
  "axes_tag": "axes_peakbin_saccCS-sacc-horizontal-20mssw",
  "window_centers_ms": [
    -350.0,
    -329.99999999999994,
    -309.99999999999994,
    -289.99999999999994,
    -269.9999999999999,
    -249.99999999999991,
    -229.99999999999991,
    -209.99999999999994,
    -189.99999999999994,
    -169.99999999999994,
    -149.99999999999997,
    -129.99999999999997,
    -109.99999999999997,
    -89.99999999999997,
    -69.99999999999997,
    -49.999999999999964,
    -29.99999999999996,
    -9.999999999999961,
    10.00000000000004,
    30.00000000000004,
    50.00000000000004,
    70.00000000000004,
    90.00000000000006,
    110.00000000000006,
    130.00000000000006,
    150.00000000000006,
    170.00000000000003,
    190.00000000000003
  ],
  "alignments": [
    0.12320530838448299,
    0.10924439334935455,
    0.12629302838772946,
    0.1292281693821681,
    0.09998749071453286,
    0.10761643085370634,
    0.05117768440797561,
    0.10671467550845638,
    0.12021814394107758,
    0.09829851767668348,
    0.08376503053432068,
    0.0803780136341528,
    0.10509903869349686,
    0.06322281168850291,
    0.07485190904543217,
    0.07298562722048396,
    0.03170376793477078,
    0.016206669087684224,
    0.051188843920693484,
    0.06728182593514971,
    0.09310312535057709,
    0.06940581228737433,
    0.007430394233574748,
    0.0034273545686530804,
    0.05217401897371269,
    0.04894899141254828,
    0.05976498437849397,
    0.07234910392083409
  ],
  "alignment_mean": 0.0759025416223794,
  "alignment_std": 0.03458565577644698,
  "alignment_max": 0.1292281693821681,
  "alignment_min": 0.0034273545686530804,
  "peak_time_ms": -289.99999999999994,
  "n_trials": 284,
  "rt_mean_ms": 266.8214788732674,
  "rt_std_ms": 46.73059598547487,
  "null_mean": 0.17700612177629937,
  "null_std": 0.09905069079542923,
  "null_median": 0.1886368826976052,
  "D_eff": 3.275548219680786,
  "expected_cos": 0.44085732102394104,
  "manifold_dim": 119,
  "window_length_ms": 150.0,
  "step_ms": 20.0,
  "time_range_ms": [
    -350.0,
    200.0
  ],
  "pt_min_ms": 200.0,
  "winS_selected": [
    -2.0816681711721685e-17,
    0.04999999999999998
  ]
}