{
  "sid": "20200926",
  "monkey": "M",
  "orientation": "horizontal",
  "area": "MLIP",
  "axes_tag": "axes_peakbin_saccCS-sacc-horizontal-20mssw",
  "window_centers_ms": [
    -300.0,
    -279.99999999999994,
    -259.99999999999994,
    -239.99999999999997,
    -219.99999999999997,
    -199.99999999999997,
    -180.0,
    -160.0,
    -140.0,
    -120.00000000000001,
    -100.0,
    -80.0,
    -60.0,
    -39.99999999999999,
    -19.999999999999993,
    6.938893903907228e-15,
    20.000000000000007,
    40.00000000000001,
    60.000000000000014,
    80.00000000000001
  ],
  "alignments": [
    0.06760054575529774,
    0.04087681277964141,
    0.034498141522008474,
    0.06577530494325368,
    0.06566649064682673,
    0.09668698955006692,
    0.0006243647825114612,
    0.056566573804747444,
    0.1783110005020564,
    0.3014362861007591,
    0.3295695771211229,
    0.31142982202631575,
    0.1705177715643007,
    0.13763092974563015,
    0.13648765228331744,
    0.14398399085353347,
    0.05899670402330223,
    0.08818596577331,
    0.04926444071483664,
    0.04650654447182122
  ],
  "alignment_mean": 0.11903079544823299,
  "alignment_std": 0.09400549002182902,
  "alignment_max": 0.3295695771211229,
  "alignment_min": 0.0006243647825114612,
  "peak_time_ms": -100.0,
  "n_trials": 290,
  "rt_mean_ms": 262.26474137936844,
  "rt_std_ms": 47.72189383530571,
  "window_length_ms": 50.0,
  "step_ms": 20.0,
  "time_range_ms": [
    -300.0,
    100.0
  ],
  "pt_min_ms": 200.0,
  "winS_selected": [
    -2.0816681711721685e-17,
    0.04999999999999998
  ]
}