{
  "sid": "20200401",
  "monkey": "M",
  "orientation": "horizontal",
  "area": "MFEF",
  "axes_tag": "axes_peakbin_saccCS-sacc-horizontal-20mssw",
  "window_centers_ms": [
    -350.0,
    -329.99999999999994,
    -309.99999999999994,
    -289.99999999999994,
    -269.9999999999999,
    -249.99999999999991,
    -229.99999999999991,
    -209.99999999999994,
    -189.99999999999994,
    -169.99999999999994,
    -149.99999999999997,
    -129.99999999999997,
    -109.99999999999997,
    -89.99999999999997,
    -69.99999999999997,
    -49.999999999999964,
    -29.99999999999996,
    -9.999999999999961,
    10.00000000000004,
    30.00000000000004,
    50.00000000000004,
    70.00000000000004,
    90.00000000000006,
    110.00000000000006,
    130.00000000000006,
    150.00000000000006,
    170.00000000000003,
    190.00000000000003
  ],
  "alignments": [
    0.12587301668260437,
    0.12128490811363954,
    0.1008717147186802,
    0.23636886333362273,
    0.13468569291246632,
    0.08135242346860139,
    0.1031063842555218,
    0.06583200746965505,
    0.19481070507961445,
    0.209334448496129,
    0.21837297379341977,
    0.21344307028511028,
    0.186504436762188,
    0.17284638746238093,
    0.1585253189229376,
    0.10179558321822421,
    0.08756387292929639,
    0.05071426424628598,
    0.07515376753647302,
    0.06744927129069554,
    0.06838032506562718,
    0.08962731385260624,
    0.0905187684557816,
    0.15446936939658168,
    0.2003487797505112,
    0.2700822823725251,
    0.28101600900065143,
    0.30654101943246
  ],
  "alignment_mean": 0.1488168920822961,
  "alignment_std": 0.07136736892847338,
  "alignment_max": 0.30654101943246,
  "alignment_min": 0.05071426424628598,
  "peak_time_ms": 190.00000000000003,
  "n_trials": 250,
  "rt_mean_ms": 263.38789999999244,
  "rt_std_ms": 43.98390922925921,
  "null_mean": 0.10806207494341961,
  "null_std": 0.08672815472786446,
  "null_median": 0.08747274326079763,
  "D_eff": 2.7301230430603027,
  "expected_cos": 0.4828908145427704,
  "manifold_dim": 70,
  "window_length_ms": 100.0,
  "step_ms": 20.0,
  "time_range_ms": [
    -350.0,
    200.0
  ],
  "pt_min_ms": 200.0,
  "winS_selected": [
    -0.02000000000000002,
    0.02999999999999998
  ]
}