{
  "sid": "20201204",
  "monkey": "M",
  "orientation": "horizontal",
  "area": "MFEF",
  "axes_tag": "axes_peakbin_saccCS-sacc-horizontal-20mssw",
  "window_centers_ms": [
    -300.0,
    -279.99999999999994,
    -259.99999999999994,
    -239.99999999999997,
    -219.99999999999997,
    -199.99999999999997,
    -180.0,
    -160.0,
    -140.0,
    -120.00000000000001,
    -100.0,
    -80.0,
    -60.0,
    -39.99999999999999,
    -19.999999999999993,
    6.938893903907228e-15,
    20.000000000000007,
    40.00000000000001,
    60.000000000000014,
    80.00000000000001
  ],
  "alignments": [
    0.06946067919729385,
    0.07767028021112003,
    0.1597155290234753,
    0.14733731816248719,
    0.13260922723183088,
    0.038936480289558505,
    0.05548756726796838,
    0.039865670150919456,
    0.2100257173112081,
    0.18868124340013673,
    0.11544349050341389,
    0.031057401161135374,
    0.011791176009139337,
    0.0240824579021676,
    0.014263394115568232,
    0.008296592077358415,
    0.02049806545285389,
    0.02103737124543213,
    0.015538305522072113,
    0.08575027481444522
  ],
  "alignment_mean": 0.07337741205247923,
  "alignment_std": 0.06229407687181253,
  "alignment_max": 0.2100257173112081,
  "alignment_min": 0.008296592077358415,
  "peak_time_ms": -140.0,
  "n_trials": 285,
  "rt_mean_ms": 264.184298245655,
  "rt_std_ms": 44.490265754177486,
  "window_length_ms": 50.0,
  "step_ms": 20.0,
  "time_range_ms": [
    -300.0,
    100.0
  ],
  "pt_min_ms": 200.0,
  "winS_selected": [
    -0.02000000000000002,
    0.02999999999999998
  ]
}