{
  "sid": "20230627",
  "monkey": "S",
  "orientation": "horizontal",
  "area": "SFEF",
  "axes_tag": "axes_peakbin_saccCS-sacc-horizontal-20mssw",
  "window_centers_ms": [
    -300.0,
    -279.99999999999994,
    -259.99999999999994,
    -239.99999999999997,
    -219.99999999999997,
    -199.99999999999997,
    -180.0,
    -160.0,
    -140.0,
    -120.00000000000001,
    -100.0,
    -80.0,
    -60.0,
    -39.99999999999999,
    -19.999999999999993,
    6.938893903907228e-15,
    20.000000000000007,
    40.00000000000001,
    60.000000000000014,
    80.00000000000001
  ],
  "alignments": [
    0.17878400709504352,
    0.265362871378301,
    0.12015758083809812,
    0.08422704243915104,
    0.10662338651530573,
    0.22296335989923247,
    0.2424344795201852,
    0.1569447572309299,
    0.1880768712317686,
    0.20780123328682187,
    0.07093107171808415,
    0.003090994856638863,
    0.014562429431867278,
    0.03410987673117489,
    0.013721316194244697,
    0.0029621236876086576,
    0.06410727090429791,
    0.08108913619095263,
    0.18024516062766838,
    0.19966330255901954
  ],
  "alignment_mean": 0.12189291361681973,
  "alignment_std": 0.08350134082160503,
  "alignment_max": 0.265362871378301,
  "alignment_min": 0.0029621236876086576,
  "peak_time_ms": -279.99999999999994,
  "n_trials": 432,
  "rt_mean_ms": 286.79803240739346,
  "rt_std_ms": 38.69425547811997,
  "window_length_ms": 50.0,
  "step_ms": 20.0,
  "time_range_ms": [
    -300.0,
    100.0
  ],
  "pt_min_ms": 200.0,
  "winS_selected": [
    -0.02000000000000002,
    0.02999999999999998
  ]
}