{
  "sid": "20231109",
  "monkey": "S",
  "orientation": "horizontal",
  "area": "SFEF",
  "axes_tag": "axes_peakbin_saccCS-sacc-horizontal-20mssw",
  "window_centers_ms": [
    -350.0,
    -329.99999999999994,
    -309.99999999999994,
    -289.99999999999994,
    -269.9999999999999,
    -249.99999999999991,
    -229.99999999999991,
    -209.99999999999994,
    -189.99999999999994,
    -169.99999999999994,
    -149.99999999999997,
    -129.99999999999997,
    -109.99999999999997,
    -89.99999999999997,
    -69.99999999999997,
    -49.999999999999964,
    -29.99999999999996,
    -9.999999999999961,
    10.00000000000004,
    30.00000000000004,
    50.00000000000004,
    70.00000000000004,
    90.00000000000006,
    110.00000000000006,
    130.00000000000006,
    150.00000000000006,
    170.00000000000003,
    190.00000000000003
  ],
  "alignments": [
    0.037560594770643184,
    0.03422920240267672,
    0.01122580386054613,
    0.025619056405041144,
    0.07206225371789757,
    0.026786174675346292,
    0.07635740839114423,
    0.07261443986239977,
    0.06757113704351358,
    0.026518039142348647,
    0.010095617945274712,
    0.09222458280415942,
    0.03267893955907428,
    0.02796186889708079,
    0.01711191148049978,
    0.04791789115967655,
    0.028135821473743685,
    0.04131091258373828,
    0.01554406133292714,
    0.04895528170851579,
    0.02611241450517963,
    0.0030731390923642928,
    0.02660168473739094,
    0.0685955778344934,
    0.09433899707565664,
    0.040875684900684425,
    0.027375955536566614,
    0.012804020176328272
  ],
  "alignment_mean": 0.03972351689553257,
  "alignment_std": 0.024810456479006128,
  "alignment_max": 0.09433899707565664,
  "alignment_min": 0.0030731390923642928,
  "peak_time_ms": 130.00000000000006,
  "n_trials": 255,
  "rt_mean_ms": 309.24294117643086,
  "rt_std_ms": 57.44435665877133,
  "null_mean": 0.0747326082401444,
  "null_std": 0.05949320217114747,
  "null_median": 0.0607258848872502,
  "D_eff": 5.178068161010742,
  "expected_cos": 0.35063573718070984,
  "manifold_dim": 76,
  "window_length_ms": 50.0,
  "step_ms": 20.0,
  "time_range_ms": [
    -350.0,
    200.0
  ],
  "pt_min_ms": 200.0,
  "winS_selected": [
    -0.02000000000000002,
    0.02999999999999998
  ]
}