{
  "sid": "20200327",
  "monkey": "M",
  "orientation": "horizontal",
  "area": "MFEF",
  "axes_tag": "axes_peakbin_saccCS-sacc-horizontal-20mssw",
  "window_centers_ms": [
    -350.0,
    -329.99999999999994,
    -309.99999999999994,
    -289.99999999999994,
    -269.9999999999999,
    -249.99999999999991,
    -229.99999999999991,
    -209.99999999999994,
    -189.99999999999994,
    -169.99999999999994,
    -149.99999999999997,
    -129.99999999999997,
    -109.99999999999997,
    -89.99999999999997,
    -69.99999999999997,
    -49.999999999999964,
    -29.99999999999996,
    -9.999999999999961,
    10.00000000000004,
    30.00000000000004,
    50.00000000000004,
    70.00000000000004,
    90.00000000000006,
    110.00000000000006,
    130.00000000000006,
    150.00000000000006,
    170.00000000000003,
    190.00000000000003
  ],
  "alignments": [
    0.10620848801192691,
    0.18832689838426475,
    0.21699107692741607,
    0.18440192445259043,
    0.17665775614966486,
    0.1489381185746784,
    0.200016420256531,
    0.1829970624292514,
    0.027756887805626535,
    0.051981156079184604,
    0.0738139676392151,
    0.005945296467907156,
    0.13287410726589902,
    0.16648764027494328,
    0.1577229089878754,
    0.16849704747034358,
    0.22022715366194898,
    0.15828658591045394,
    0.14044752107430417,
    0.27333232593370727,
    0.2051590666630982,
    0.26001296036816895,
    0.24133542743144487,
    0.19001674445349784,
    0.11978715290290429,
    0.09830045734279329,
    0.03377942365737921,
    0.046199113510886465
  ],
  "alignment_mean": 0.14916073893171092,
  "alignment_std": 0.07037489175043164,
  "alignment_max": 0.27333232593370727,
  "alignment_min": 0.005945296467907156,
  "peak_time_ms": 30.00000000000004,
  "n_trials": 284,
  "rt_mean_ms": 266.8214788732674,
  "rt_std_ms": 46.73059598547487,
  "null_mean": 0.0660018774038093,
  "null_std": 0.051184141109943446,
  "null_median": 0.057212159231245764,
  "D_eff": 2.1709213256835938,
  "expected_cos": 0.541524350643158,
  "manifold_dim": 40,
  "window_length_ms": 150.0,
  "step_ms": 20.0,
  "time_range_ms": [
    -350.0,
    200.0
  ],
  "pt_min_ms": 200.0,
  "winS_selected": [
    -2.0816681711721685e-17,
    0.04999999999999998
  ]
}