{
  "sid": "20201216",
  "monkey": "M",
  "orientation": "horizontal",
  "area": "MFEF",
  "axes_tag": "axes_peakbin_saccCS-sacc-horizontal-20mssw",
  "window_centers_ms": [
    -300.0,
    -279.99999999999994,
    -259.99999999999994,
    -239.99999999999997,
    -219.99999999999997,
    -199.99999999999997,
    -180.0,
    -160.0,
    -140.0,
    -120.00000000000001,
    -100.0,
    -80.0,
    -60.0,
    -39.99999999999999,
    -19.999999999999993,
    6.938893903907228e-15,
    20.000000000000007,
    40.00000000000001,
    60.000000000000014,
    80.00000000000001
  ],
  "alignments": [
    0.15849803142379323,
    0.029087459951988442,
    0.025693619679145165,
    0.03229675259184014,
    0.020243262739816092,
    0.11516133810554187,
    0.1529131753648238,
    0.19251254532174036,
    0.11813644052252105,
    0.11143488441287705,
    0.09593144072393146,
    0.07465080329407113,
    0.060779954544382335,
    0.013978359563478728,
    0.007505703777363365,
    0.009914692313150864,
    0.031153120983684595,
    0.051553895769918326,
    0.03483065855452264,
    0.03956609237168551
  ],
  "alignment_mean": 0.06879211160051382,
  "alignment_std": 0.05419411430466874,
  "alignment_max": 0.19251254532174036,
  "alignment_min": 0.007505703777363365,
  "peak_time_ms": -160.0,
  "n_trials": 251,
  "rt_mean_ms": 256.93077689245445,
  "rt_std_ms": 39.9560371766836,
  "window_length_ms": 50.0,
  "step_ms": 20.0,
  "time_range_ms": [
    -300.0,
    100.0
  ],
  "pt_min_ms": 200.0,
  "winS_selected": [
    -0.02000000000000002,
    0.02999999999999998
  ]
}