{
  "sid": "20201204",
  "monkey": "M",
  "orientation": "horizontal",
  "area": "MLIP",
  "axes_tag": "axes_peakbin_saccCS-sacc-horizontal-20mssw",
  "window_centers_ms": [
    -300.0,
    -279.99999999999994,
    -259.99999999999994,
    -239.99999999999997,
    -219.99999999999997,
    -199.99999999999997,
    -180.0,
    -160.0,
    -140.0,
    -120.00000000000001,
    -100.0,
    -80.0,
    -60.0,
    -39.99999999999999,
    -19.999999999999993,
    6.938893903907228e-15,
    20.000000000000007,
    40.00000000000001,
    60.000000000000014,
    80.00000000000001
  ],
  "alignments": [
    0.21142812682199927,
    0.12328259918943818,
    0.1194049502438012,
    0.10092431996956747,
    0.023899548427489193,
    0.005631853242304807,
    0.02932587250319982,
    0.022156572106805064,
    0.08406925762296569,
    0.06498383120019532,
    0.10720346512797498,
    0.09642221785385484,
    0.10014818937182342,
    0.012303075565621742,
    0.0003116001338925112,
    0.04318416456205664,
    0.05569409805753924,
    0.08102954919567198,
    0.10109149309792954,
    0.18451467137849414
  ],
  "alignment_mean": 0.07835047278363128,
  "alignment_std": 0.05548907188177767,
  "alignment_max": 0.21142812682199927,
  "alignment_min": 0.0003116001338925112,
  "peak_time_ms": -300.0,
  "n_trials": 285,
  "rt_mean_ms": 264.184298245655,
  "rt_std_ms": 44.490265754177486,
  "window_length_ms": 50.0,
  "step_ms": 20.0,
  "time_range_ms": [
    -300.0,
    100.0
  ],
  "pt_min_ms": 200.0,
  "winS_selected": [
    -2.0816681711721685e-17,
    0.04999999999999998
  ]
}