{
  "sid": "20200401",
  "monkey": "M",
  "orientation": "horizontal",
  "area": "MLIP",
  "axes_tag": "axes_peakbin_saccCS-sacc-horizontal-20mssw",
  "window_centers_ms": [
    -300.0,
    -279.99999999999994,
    -259.99999999999994,
    -239.99999999999997,
    -219.99999999999997,
    -199.99999999999997,
    -180.0,
    -160.0,
    -140.0,
    -120.00000000000001,
    -100.0,
    -80.0,
    -60.0,
    -39.99999999999999,
    -19.999999999999993,
    6.938893903907228e-15,
    20.000000000000007,
    40.00000000000001,
    60.000000000000014,
    80.00000000000001
  ],
  "alignments": [
    0.038031052789615515,
    0.05088103945579329,
    0.11138670226710662,
    0.12532538595298656,
    0.1794486053743167,
    0.14479530412276906,
    0.18257591379792476,
    0.1297352487140744,
    0.004502606165820523,
    0.08464382321740073,
    0.09280859354763521,
    0.11657240265064985,
    0.1372358292092934,
    0.07854720978194354,
    0.0025413663543696952,
    0.03439118488795601,
    0.0068107382134452105,
    0.007435106057510495,
    0.008450724274809314,
    0.021703174203323402
  ],
  "alignment_mean": 0.0778911005519372,
  "alignment_std": 0.05931482535563031,
  "alignment_max": 0.18257591379792476,
  "alignment_min": 0.0025413663543696952,
  "peak_time_ms": -180.0,
  "n_trials": 250,
  "rt_mean_ms": 263.38789999999244,
  "rt_std_ms": 43.98390922925921,
  "window_length_ms": 100.0,
  "step_ms": 20.0,
  "time_range_ms": [
    -300.0,
    100.0
  ],
  "pt_min_ms": 200.0,
  "winS_selected": [
    -2.0816681711721685e-17,
    0.04999999999999998
  ]
}