{
  "sid": "20201001",
  "monkey": "M",
  "orientation": "horizontal",
  "area": "MLIP",
  "axes_tag": "axes_peakbin_saccCS-sacc-horizontal-20mssw",
  "window_centers_ms": [
    -350.0,
    -329.99999999999994,
    -309.99999999999994,
    -289.99999999999994,
    -269.9999999999999,
    -249.99999999999991,
    -229.99999999999991,
    -209.99999999999994,
    -189.99999999999994,
    -169.99999999999994,
    -149.99999999999997,
    -129.99999999999997,
    -109.99999999999997,
    -89.99999999999997,
    -69.99999999999997,
    -49.999999999999964,
    -29.99999999999996,
    -9.999999999999961,
    10.00000000000004,
    30.00000000000004,
    50.00000000000004,
    70.00000000000004,
    90.00000000000006,
    110.00000000000006,
    130.00000000000006,
    150.00000000000006,
    170.00000000000003,
    190.00000000000003
  ],
  "alignments": [
    0.07474565050232586,
    0.10139278097735373,
    0.12379706635959396,
    0.015568794323099327,
    0.054146845346064724,
    0.20279851731228504,
    0.2576174936935691,
    0.29393621457572494,
    0.20805943282627384,
    0.034562879163055775,
    0.0466278275127846,
    0.09766992666860251,
    0.11663131000242054,
    0.10576584768995205,
    0.13467709351912377,
    0.03815037984384864,
    0.034872736349263606,
    0.11053840875136933,
    0.10123527055106563,
    0.013895961273102437,
    0.04244262737742503,
    0.1125068347273374,
    0.26898255243254654,
    0.2846355697647573,
    0.3605020149260783,
    0.26139913514662083,
    0.2611413992966532,
    0.17709085053072143
  ],
  "alignment_mean": 0.14054969362296502,
  "alignment_std": 0.09733471335139057,
  "alignment_max": 0.3605020149260783,
  "alignment_min": 0.013895961273102437,
  "peak_time_ms": 130.00000000000006,
  "n_trials": 256,
  "rt_mean_ms": 260.2098632812897,
  "rt_std_ms": 40.75527624583614,
  "null_mean": 0.25981435581371104,
  "null_std": 0.13571473623743968,
  "null_median": 0.2673411293531929,
  "D_eff": 2.9062094688415527,
  "expected_cos": 0.468033105134964,
  "manifold_dim": 75,
  "window_length_ms": 50.0,
  "step_ms": 20.0,
  "time_range_ms": [
    -350.0,
    200.0
  ],
  "pt_min_ms": 200.0,
  "winS_selected": [
    -2.0816681711721685e-17,
    0.04999999999999998
  ]
}