{
  "sid": "20230707",
  "monkey": "S",
  "orientation": "horizontal",
  "area": "SLIP",
  "axes_tag": "axes_peakbin_saccCS-sacc-horizontal-20mssw",
  "window_centers_ms": [
    -300.0,
    -279.99999999999994,
    -259.99999999999994,
    -239.99999999999997,
    -219.99999999999997,
    -199.99999999999997,
    -180.0,
    -160.0,
    -140.0,
    -120.00000000000001,
    -100.0,
    -80.0,
    -60.0,
    -39.99999999999999,
    -19.999999999999993,
    6.938893903907228e-15,
    20.000000000000007,
    40.00000000000001,
    60.000000000000014,
    80.00000000000001
  ],
  "alignments": [
    0.13850264118069772,
    0.08147216036806235,
    0.10604088540847854,
    0.0096894660269652,
    0.03269708401575539,
    0.005409379906693137,
    0.04606829533899681,
    0.06710934904817932,
    0.014436213905285052,
    0.05184376519973275,
    0.02188670635048237,
    0.05313143295404074,
    0.0029948784426145174,
    0.06774526573635803,
    0.12991608992143214,
    0.15031522524225077,
    0.11321056039953534,
    0.048366012751598304,
    0.08444758046520592,
    0.08245353128982766
  ],
  "alignment_mean": 0.06538682619760959,
  "alignment_std": 0.044005742801264326,
  "alignment_max": 0.15031522524225077,
  "alignment_min": 0.0029948784426145174,
  "peak_time_ms": 6.938893903907228e-15,
  "n_trials": 386,
  "rt_mean_ms": 255.3361398963598,
  "rt_std_ms": 33.93355337927322,
  "window_length_ms": 50.0,
  "step_ms": 20.0,
  "time_range_ms": [
    -300.0,
    100.0
  ],
  "pt_min_ms": 200.0,
  "winS_selected": [
    -2.0816681711721685e-17,
    0.04999999999999998
  ]
}