{
  "sid": "20230705",
  "monkey": "S",
  "orientation": "horizontal",
  "area": "SFEF",
  "axes_tag": "axes_peakbin_saccCS-sacc-horizontal-20mssw",
  "window_centers_ms": [
    -300.0,
    -279.99999999999994,
    -259.99999999999994,
    -239.99999999999997,
    -219.99999999999997,
    -199.99999999999997,
    -180.0,
    -160.0,
    -140.0,
    -120.00000000000001,
    -100.0,
    -80.0,
    -60.0,
    -39.99999999999999,
    -19.999999999999993,
    6.938893903907228e-15,
    20.000000000000007,
    40.00000000000001,
    60.000000000000014,
    80.00000000000001
  ],
  "alignments": [
    0.04488171683155164,
    0.005272996119549657,
    0.02149552050576977,
    0.02261654327248977,
    0.02357228981528814,
    0.033279846319064055,
    0.1451306024602497,
    0.03607177224607544,
    0.023032450304279802,
    0.05011622433782598,
    0.00311958052882067,
    0.08008669348707317,
    0.11895825689386698,
    0.09446762005529481,
    0.18800207193347312,
    0.11654609525665734,
    0.01568893911569299,
    0.06113795390450641,
    0.06346406358986224,
    0.2541261054879169
  ],
  "alignment_mean": 0.07005336712326543,
  "alignment_std": 0.0644026341056623,
  "alignment_max": 0.2541261054879169,
  "alignment_min": 0.00311958052882067,
  "peak_time_ms": 80.00000000000001,
  "n_trials": 380,
  "rt_mean_ms": 264.3302631578811,
  "rt_std_ms": 34.99700567922283,
  "window_length_ms": 50.0,
  "step_ms": 20.0,
  "time_range_ms": [
    -300.0,
    100.0
  ],
  "pt_min_ms": 200.0,
  "winS_selected": [
    -2.0816681711721685e-17,
    0.04999999999999998
  ]
}