{
  "sid": "20230622",
  "monkey": "S",
  "orientation": "horizontal",
  "area": "SFEF",
  "axes_tag": "axes_peakbin_saccCS-sacc-horizontal-20mssw",
  "window_centers_ms": [
    -300.0,
    -279.99999999999994,
    -259.99999999999994,
    -239.99999999999997,
    -219.99999999999997,
    -199.99999999999997,
    -180.0,
    -160.0,
    -140.0,
    -120.00000000000001,
    -100.0,
    -80.0,
    -60.0,
    -39.99999999999999,
    -19.999999999999993,
    6.938893903907228e-15,
    20.000000000000007,
    40.00000000000001,
    60.000000000000014,
    80.00000000000001
  ],
  "alignments": [
    0.11770808396818602,
    0.22511299298446794,
    0.1578122226969119,
    0.0072679748411112076,
    0.06776394426444554,
    0.043938266454610284,
    0.036232388302183505,
    0.006862521739870046,
    0.05500979519400475,
    0.11867319820602566,
    0.15518151652915055,
    0.036597247925154834,
    0.07526965472933053,
    0.024651850550403868,
    0.032240757503702935,
    0.025545243854767086,
    0.04109884330672648,
    0.05603937291930285,
    0.037730638895221984,
    0.03450468462991004
  ],
  "alignment_mean": 0.0677620599747744,
  "alignment_std": 0.05633652022702092,
  "alignment_max": 0.22511299298446794,
  "alignment_min": 0.006862521739870046,
  "peak_time_ms": -279.99999999999994,
  "n_trials": 465,
  "rt_mean_ms": 292.34521505376927,
  "rt_std_ms": 39.84466589762471,
  "window_length_ms": 50.0,
  "step_ms": 20.0,
  "time_range_ms": [
    -300.0,
    100.0
  ],
  "pt_min_ms": 200.0,
  "winS_selected": [
    -2.0816681711721685e-17,
    0.04999999999999998
  ]
}