{
  "sid": "20201211",
  "monkey": "M",
  "orientation": "horizontal",
  "area": "MLIP",
  "axes_tag": "axes_peakbin_saccCS-sacc-horizontal-20mssw",
  "window_centers_ms": [
    -300.0,
    -279.99999999999994,
    -259.99999999999994,
    -239.99999999999997,
    -219.99999999999997,
    -199.99999999999997,
    -180.0,
    -160.0,
    -140.0,
    -120.00000000000001,
    -100.0,
    -80.0,
    -60.0,
    -39.99999999999999,
    -19.999999999999993,
    6.938893903907228e-15,
    20.000000000000007,
    40.00000000000001,
    60.000000000000014,
    80.00000000000001
  ],
  "alignments": [
    0.10035303540119347,
    0.11901654050238583,
    0.020344402011604916,
    0.025206382952278124,
    0.09334061580415517,
    0.13652631892466288,
    0.13964942794867072,
    0.160773160100417,
    0.13338730067162305,
    0.1005248125386582,
    0.11191969762484988,
    0.09624609665630712,
    0.06357114878741356,
    0.08775558584798039,
    0.06274020775953003,
    0.016731855424795106,
    0.028081609432427906,
    0.12340964760854016,
    0.1455174700594469,
    0.18051624458871077
  ],
  "alignment_mean": 0.09728057803228256,
  "alignment_std": 0.046979737466783314,
  "alignment_max": 0.18051624458871077,
  "alignment_min": 0.016731855424795106,
  "peak_time_ms": 80.00000000000001,
  "n_trials": 302,
  "rt_mean_ms": 257.9247516556454,
  "rt_std_ms": 42.539122307320994,
  "window_length_ms": 50.0,
  "step_ms": 20.0,
  "time_range_ms": [
    -300.0,
    100.0
  ],
  "pt_min_ms": 200.0,
  "winS_selected": [
    -0.02000000000000002,
    0.02999999999999998
  ]
}