{
  "sid": "20200929",
  "monkey": "M",
  "orientation": "horizontal",
  "area": "MFEF",
  "axes_tag": "axes_peakbin_saccCS-sacc-horizontal-20mssw",
  "window_centers_ms": [
    -300.0,
    -279.99999999999994,
    -259.99999999999994,
    -239.99999999999997,
    -219.99999999999997,
    -199.99999999999997,
    -180.0,
    -160.0,
    -140.0,
    -120.00000000000001,
    -100.0,
    -80.0,
    -60.0,
    -39.99999999999999,
    -19.999999999999993,
    6.938893903907228e-15,
    20.000000000000007,
    40.00000000000001,
    60.000000000000014,
    80.00000000000001
  ],
  "alignments": [
    0.08039655488734823,
    0.12066211499905542,
    0.10745056512695461,
    0.13197344919332865,
    0.10458532902359889,
    0.15963947656904645,
    0.0800940948679233,
    0.018277569624361254,
    0.06487943903081235,
    0.06276222115690151,
    0.1078266811540929,
    0.061942354991846305,
    0.045559162077350286,
    0.052302253077534853,
    0.013435426721046069,
    0.008425882927481103,
    0.016201981463959594,
    0.01784515827926423,
    0.05549135249218028,
    0.04442884230429042
  ],
  "alignment_mean": 0.06770899549841883,
  "alignment_std": 0.04229427544359396,
  "alignment_max": 0.15963947656904645,
  "alignment_min": 0.008425882927481103,
  "peak_time_ms": -199.99999999999997,
  "n_trials": 264,
  "rt_mean_ms": 263.661079545524,
  "rt_std_ms": 44.686093195384196,
  "window_length_ms": 50.0,
  "step_ms": 20.0,
  "time_range_ms": [
    -300.0,
    100.0
  ],
  "pt_min_ms": 200.0,
  "winS_selected": [
    -0.02000000000000002,
    0.02999999999999998
  ]
}