{
  "sid": "20200929",
  "monkey": "M",
  "orientation": "horizontal",
  "area": "MLIP",
  "axes_tag": "axes_peakbin_saccCS-sacc-horizontal-20mssw",
  "window_centers_ms": [
    -350.0,
    -329.99999999999994,
    -309.99999999999994,
    -289.99999999999994,
    -269.9999999999999,
    -249.99999999999991,
    -229.99999999999991,
    -209.99999999999994,
    -189.99999999999994,
    -169.99999999999994,
    -149.99999999999997,
    -129.99999999999997,
    -109.99999999999997,
    -89.99999999999997,
    -69.99999999999997,
    -49.999999999999964,
    -29.99999999999996,
    -9.999999999999961,
    10.00000000000004,
    30.00000000000004,
    50.00000000000004,
    70.00000000000004,
    90.00000000000006,
    110.00000000000006,
    130.00000000000006,
    150.00000000000006,
    170.00000000000003,
    190.00000000000003
  ],
  "alignments": [
    0.07221869633822212,
    0.10028558223902077,
    0.05887020561671303,
    0.0229179577941364,
    0.07288805255833707,
    0.03872058774320855,
    0.10673958118779507,
    0.07627089938844521,
    0.06229180425750286,
    0.19168540850604923,
    0.10739403954412147,
    0.10020654230096669,
    0.22254558947690772,
    0.15236109196746891,
    0.10988849401911775,
    0.09285384882879785,
    0.08946445244018345,
    0.08603962824720154,
    0.07459237443531312,
    0.013076400327197665,
    0.07343978714704555,
    0.16263512594643129,
    0.042045485516000486,
    0.1574768895758281,
    0.02710763150738261,
    0.10261392759292069,
    0.23736435214160057,
    0.33371854830502395
  ],
  "alignment_mean": 0.10670403517674786,
  "alignment_std": 0.07036836347329639,
  "alignment_max": 0.33371854830502395,
  "alignment_min": 0.013076400327197665,
  "peak_time_ms": 190.00000000000003,
  "n_trials": 264,
  "rt_mean_ms": 263.661079545524,
  "rt_std_ms": 44.686093195384196,
  "null_mean": 0.28644626836713577,
  "null_std": 0.16861501421285457,
  "null_median": 0.28405820182322217,
  "D_eff": 2.8883283138275146,
  "expected_cos": 0.46947965025901794,
  "manifold_dim": 39,
  "window_length_ms": 50.0,
  "step_ms": 20.0,
  "time_range_ms": [
    -350.0,
    200.0
  ],
  "pt_min_ms": 200.0,
  "winS_selected": [
    -2.0816681711721685e-17,
    0.04999999999999998
  ]
}