{
  "sid": "20231025",
  "monkey": "S",
  "orientation": "horizontal",
  "area": "SFEF",
  "axes_tag": "axes_peakbin_saccCS-sacc-horizontal-20mssw",
  "window_centers_ms": [
    -350.0,
    -329.99999999999994,
    -309.99999999999994,
    -289.99999999999994,
    -269.9999999999999,
    -249.99999999999991,
    -229.99999999999991,
    -209.99999999999994,
    -189.99999999999994,
    -169.99999999999994,
    -149.99999999999997,
    -129.99999999999997,
    -109.99999999999997,
    -89.99999999999997,
    -69.99999999999997,
    -49.999999999999964,
    -29.99999999999996,
    -9.999999999999961,
    10.00000000000004,
    30.00000000000004,
    50.00000000000004,
    70.00000000000004,
    90.00000000000006,
    110.00000000000006,
    130.00000000000006,
    150.00000000000006,
    170.00000000000003,
    190.00000000000003
  ],
  "alignments": [
    0.14311843425198412,
    0.01719245207203953,
    0.05322629396435104,
    0.09635438504657619,
    0.3001212505114006,
    0.005151575279458517,
    0.009457594941914504,
    0.0923631609191932,
    0.09755773219725858,
    0.13203980969779702,
    0.10455758649989433,
    0.022780878732410206,
    0.12419815181308,
    0.05036986278469979,
    0.1105709384543312,
    0.15468635517674462,
    0.051057434074347,
    0.06762263914470132,
    0.15992718862494013,
    0.305702407515314,
    0.2469994557643295,
    0.28044004818121776,
    0.28148303387175344,
    0.39012328101550187,
    0.31415094147570155,
    0.35889140728213736,
    0.347654798083664,
    0.24924082235318565
  ],
  "alignment_mean": 0.1631085685617831,
  "alignment_std": 0.11756224705537287,
  "alignment_max": 0.39012328101550187,
  "alignment_min": 0.005151575279458517,
  "peak_time_ms": 110.00000000000006,
  "n_trials": 230,
  "rt_mean_ms": 269.0049999999681,
  "rt_std_ms": 43.83810311570716,
  "null_mean": 0.07274095100665944,
  "null_std": 0.054495523726366256,
  "null_median": 0.0628910684534887,
  "D_eff": 2.5096681118011475,
  "expected_cos": 0.5036535859107971,
  "manifold_dim": 47,
  "window_length_ms": 50.0,
  "step_ms": 20.0,
  "time_range_ms": [
    -350.0,
    200.0
  ],
  "pt_min_ms": 200.0,
  "winS_selected": [
    -0.14000000000000004,
    0.009999999999999953
  ]
}