{
  "sid": "20231123",
  "monkey": "S",
  "orientation": "horizontal",
  "area": "SLIP",
  "axes_tag": "axes_peakbin_saccCS-sacc-horizontal-20mssw",
  "window_centers_ms": [
    -350.0,
    -329.99999999999994,
    -309.99999999999994,
    -289.99999999999994,
    -269.9999999999999,
    -249.99999999999991,
    -229.99999999999991,
    -209.99999999999994,
    -189.99999999999994,
    -169.99999999999994,
    -149.99999999999997,
    -129.99999999999997,
    -109.99999999999997,
    -89.99999999999997,
    -69.99999999999997,
    -49.999999999999964,
    -29.99999999999996,
    -9.999999999999961,
    10.00000000000004,
    30.00000000000004,
    50.00000000000004,
    70.00000000000004,
    90.00000000000006,
    110.00000000000006,
    130.00000000000006,
    150.00000000000006,
    170.00000000000003,
    190.00000000000003
  ],
  "alignments": [
    0.31828467909496877,
    0.22055621448019355,
    0.29529113897770287,
    0.2967255085257795,
    0.02389653740785246,
    0.016897921367051805,
    0.13013431567365974,
    0.0007215727173723826,
    0.014719766388924659,
    0.05640625437737452,
    0.022639744571134726,
    0.10080047422897499,
    0.0416517445658947,
    0.2708227070944415,
    0.2590495747512572,
    0.1800463586188529,
    0.03870258294689537,
    0.040393558794140985,
    0.0012891181101919295,
    0.044258538443668095,
    0.13297005464374329,
    0.0580118807493753,
    0.039894419244281325,
    0.1920874455399342,
    0.3682481113247659,
    0.36781917400534325,
    0.2954812712646705,
    0.23679120201173143
  ],
  "alignment_mean": 0.14516399535429206,
  "alignment_std": 0.12255173414959421,
  "alignment_max": 0.3682481113247659,
  "alignment_min": 0.0007215727173723826,
  "peak_time_ms": 130.00000000000006,
  "n_trials": 248,
  "rt_mean_ms": 260.8026209677427,
  "rt_std_ms": 42.548164219076185,
  "null_mean": 0.198097475470423,
  "null_std": 0.13504285457645707,
  "null_median": 0.18135669818253541,
  "D_eff": 4.659481048583984,
  "expected_cos": 0.3696334660053253,
  "manifold_dim": 41,
  "window_length_ms": 50.0,
  "step_ms": 20.0,
  "time_range_ms": [
    -350.0,
    200.0
  ],
  "pt_min_ms": 200.0,
  "winS_selected": [
    -2.0816681711721685e-17,
    0.04999999999999998
  ]
}