{
  "time": [
    -0.24000000208616257,
    -0.2199999988079071,
    -0.19999999552965164,
    -0.17999999970197678,
    -0.1600000038743019,
    -0.14000000059604645,
    -0.12000000104308128,
    -0.09999999776482582,
    -0.08000000193715096,
    -0.05999999865889549,
    -0.04000000096857548,
    -0.02000000001862645,
    0.0,
    0.02000000001862645,
    0.04000000096857548,
    0.05999999865889549,
    0.08000000193715096,
    0.09999999776482582,
    0.12000000104308128,
    0.14000000059604645,
    0.1600000038743019,
    0.17999999970197678,
    0.19999999552965164,
    0.2199999988079071,
    0.24000000208616257,
    0.25999999046325684,
    0.2800000011920929,
    0.29999999701976776,
    0.3199999928474426,
    0.3400000035762787,
    0.35999999940395355,
    0.3799999952316284,
    0.4000000059604645,
    0.42000000178813934,
    0.4399999976158142,
    0.46000000834465027,
    0.48000000417232513,
    0.5,
    0.5199999809265137,
    0.5400000214576721,
    0.5600000023841858,
    0.5799999833106995,
    0.6000000238418579,
    0.6200000047683716,
    0.6399999856948853,
    0.6599999964237213,
    0.6800000071525574,
    0.699999988079071,
    0.7199999988079071,
    0.7400000095367432,
    0.7599999904632568,
    0.7800000011920929
  ],
  "auc_C": [
    0.4736044161094698,
    0.4846641268853989,
    0.46893951174000936,
    0.4836728347068885,
    0.5014869382677655,
    0.5156565852900015,
    0.4955586222982429,
    0.4914768309749651,
    0.5049564608925516,
    0.5405263567096874,
    0.5237910122842482,
    0.514976286736122,
    0.5436557300575338,
    0.44493469133882757,
    0.5172601461670036,
    0.5168616855854454,
    0.538835328875758,
    0.5243158140258125,
    0.563335795366195,
    0.5446761778883533,
    0.617477841704245,
    0.6049117555590111,
    0.5993235888664281,
    0.6949930026434457,
    0.6535628207121754,
    0.7227686207432749,
    0.6643212564142436,
    0.6707549370237911,
    0.623862929559944,
    0.5700707510496035,
    0.6018212564142436,
    0.5501865961747785,
    0.542547815269787,
    0.5341218317524491,
    0.5809458093609082,
    0.5941241642046339,
    0.5896341937490281,
    0.5482331674700669,
    0.6094211631161561,
    0.5818107603794123,
    0.563199735655419,
    0.5897896905613434,
    0.5431017726636604,
    0.5149374125330431,
    0.5104863162805162,
    0.5065697403203235,
    0.48734644689783857,
    0.4288893640180377,
    0.5254917586689473,
    0.4587253148810449,
    0.4674428549214741,
    0.46268076504431666
  ],
  "auc_S_raw": null,
  "auc_S_inv": null,
  "acc_R_macro": [
    0.5052868916187218,
    0.4959376457782615,
    0.48993158140258125,
    0.49100062198724925,
    0.5003498678277095,
    0.48534442543927847,
    0.46240864562276474,
    0.5128867983206344,
    0.4895817135748717,
    0.5134116000621987,
    0.4576465557456072,
    0.5400598662727414,
    0.47317679987560257,
    0.5015938423262323,
    0.48711320167936556,
    0.452340227025346,
    0.5241797543150366,
    0.4661016949152542,
    0.4701834862385321,
    0.4518154252837817,
    0.49311926605504586,
    0.4723215674078681,
    0.4616894728658063,
    0.4839449541284404,
    0.4827009796299176,
    0.4954128440366973,
    0.47300186596174776,
    0.44670346757891466,
    0.4625835795366195,
    0.5061809982895351,
    0.4797076659928472,
    0.49135048981495877,
    0.4788329964235733,
    0.5063559322033898,
    0.5003498678277095,
    0.48781293733478465,
    0.48816280516249416,
    0.5005248017415643,
    0.5093492458404603,
    0.4959376457782615,
    0.5236549525734722,
    0.50334318146478,
    0.47686984916809205,
    0.49346913388275543,
    0.4802324677344114,
    0.5202923340071528,
    0.5139364018037631,
    0.4763450474265277,
    0.4816319390452496,
    0.49311926605504586,
    0.4848196236977142,
    0.4961125796921163
  ],
  "auc_T": null,
  "latencies_ms": {
    "C": 219.9999988079071,
    "S_raw": null,
    "S_inv": null,
    "T": null
  },
  "meta": {
    "align": "stim",
    "orientation": "vertical",
    "pt_min_ms": 200.0,
    "n_trials": 454,
    "n_bins": 52,
    "n_units": 27,
    "thr": 0.6,
    "k_bins": 5,
    "norm": "global",
    "baseline_win": null,
    "used_axes_mu_sd": false
  }
}