{
  "sid": "20231130",
  "align": "stim",
  "features": [
    "C"
  ],
  "winC": [
    0.1,
    0.3
  ],
  "winR": null,
  "winS": null,
  "winT": null,
  "pt_min_ms": 200.0,
  "orientation": "vertical",
  "areas": [
    "SFEF",
    "SLIP",
    "SSC"
  ],
  "tag": "axes_peakbin_stimC-stim-vertical-20mssw_nofilter",
  "norm": "global",
  "baseline_win": null,
  "clf_binary": "logreg",
  "C_grid": [
    0.1,
    0.3,
    1.0,
    3.0,
    10.0
  ],
  "lda_shrinkage": null,
  "searchC": true,
  "searchS": true,
  "searchT": false,
  "searchR": false,
  "search_step_ms": 20.0,
  "search_len_ms": [
    30,
    50,
    100,
    150,
    200,
    250
  ],
  "search_range_C": null,
  "search_range_S": null,
  "search_range_T": null,
  "search_range_R": null,
  "search_score_mode": "peak_bin_auc",
  "search_tiebreak": "shortest_then_earliest",
  "search_tol": 0.01,
  "per_area_results": {
    "SFEF": {
      "winC_selected": [
        0.18,
        0.43
      ],
      "winC_cv_best": 0.7496498599439776,
      "winC_best_param": 0.1,
      "winC_peak_time_ms": 280.0000011920929,
      "winC_peak_auc": 0.7496498599439776,
      "winC_mean_bin_auc": 0.6449433940242764,
      "winC_cv_auc_original": 0.8219559228650137,
      "sC_auc": 0.7496498599439776,
      "n_trials_C": 107
    },
    "SLIP": {
      "winC_selected": [
        0.46000000000000013,
        0.4900000000000001
      ],
      "winC_cv_best": 0.6946778711484595,
      "winC_best_param": 0.1,
      "winC_peak_time_ms": 480.00000417232513,
      "winC_peak_auc": 0.6946778711484595,
      "winC_mean_bin_auc": 0.6697012138188608,
      "winC_cv_auc_original": 0.7143250688705235,
      "sC_auc": 0.6946778711484595,
      "n_trials_C": 107
    },
    "SSC": {
      "winC_selected": [
        0.19999999999999998,
        0.3
      ],
      "winC_cv_best": 0.759453781512605,
      "winC_best_param": 0.3,
      "winC_peak_time_ms": 210.00000089406967,
      "winC_peak_auc": 0.759453781512605,
      "winC_mean_bin_auc": 0.6538515406162465,
      "winC_cv_auc_original": 0.774641873278237,
      "sC_auc": 0.759453781512605,
      "n_trials_C": 107
    }
  },
  "rebin_factor": null,
  "sliding_window_ms": 20.0,
  "sliding_step_ms": 10.0,
  "sliding_window_bins": 2,
  "sliding_step_bins": 1
}