{
  "sid": "20231109",
  "align": "stim",
  "features": [
    "C",
    "R"
  ],
  "winC": [
    0.1,
    0.3
  ],
  "winR": [
    0.05,
    0.2
  ],
  "winS": null,
  "winT": null,
  "pt_min_ms": 200.0,
  "orientation": "vertical",
  "areas": [
    "SFEF",
    "SLIP",
    "SSC"
  ],
  "tag": "axes_peakbin_stimCR-stim-vertical-20mssw_nofilter",
  "norm": "global",
  "baseline_win": null,
  "clf_binary": "logreg",
  "C_grid": [
    0.1,
    0.3,
    1.0,
    3.0,
    10.0
  ],
  "lda_shrinkage": null,
  "searchC": true,
  "searchS": false,
  "searchT": false,
  "searchR": true,
  "search_step_ms": 20.0,
  "search_len_ms": [
    50.0,
    100.0,
    150.0,
    200.0,
    250.0
  ],
  "search_range_C": "0.00:0.50",
  "search_range_S": null,
  "search_range_T": null,
  "search_range_R": "0.00:0.50",
  "search_score_mode": "peak_bin_auc",
  "search_tiebreak": "shortest_then_earliest",
  "search_tol": 0.01,
  "per_area_results": {
    "SFEF": {
      "winC_selected": [
        0.25999999999999995,
        0.30999999999999994
      ],
      "winC_cv_best": 0.8462136526201213,
      "winC_best_param": 0.1,
      "winC_peak_time_ms": 280.0000011920929,
      "winC_peak_auc": 0.8462136526201213,
      "winC_mean_bin_auc": 0.8172669491525423,
      "winC_cv_auc_original": 0.9010647669170678,
      "winR_selected": [
        0.19999999999999998,
        0.35
      ],
      "winR_cv_best": 0.5776778484998426,
      "sC_auc": 0.8462136526201213,
      "n_trials_C": 454
    },
    "SLIP": {
      "winC_selected": [
        0.27999999999999997,
        0.32999999999999996
      ],
      "winC_cv_best": 0.7014849945576116,
      "winC_best_param": 0.1,
      "winC_peak_time_ms": 319.9999928474426,
      "winC_peak_auc": 0.7014849945576116,
      "winC_mean_bin_auc": 0.6524678639921215,
      "winC_cv_auc_original": 0.7304079888444065,
      "winR_selected": [
        0.06,
        0.26
      ],
      "winR_cv_best": 0.5752740167633785,
      "sC_auc": 0.7014849945576116,
      "n_trials_C": 454
    },
    "SSC": {
      "winC_selected": [
        0.21999999999999997,
        0.26999999999999996
      ],
      "winC_cv_best": 0.7112424195303997,
      "winC_best_param": 0.3,
      "winC_peak_time_ms": 259.99999791383743,
      "winC_peak_auc": 0.7112424195303997,
      "winC_mean_bin_auc": 0.6722846369149432,
      "winC_cv_auc_original": 0.7467629661283792,
      "winR_selected": [
        0.06,
        0.26
      ],
      "winR_cv_best": 0.6245277802767908,
      "sC_auc": 0.7112424195303997,
      "n_trials_C": 454
    }
  },
  "rebin_factor": null,
  "sliding_window_ms": 20.0,
  "sliding_step_ms": 10.0,
  "sliding_window_bins": 4,
  "sliding_step_bins": 2
}