{
  "sid": "20230710",
  "align": "sacc",
  "features": [
    "C",
    "S"
  ],
  "winC": [
    -0.3,
    -0.18
  ],
  "winR": null,
  "winS": [
    -0.1,
    -0.03
  ],
  "winT": null,
  "pt_min_ms": 200.0,
  "orientation": "horizontal",
  "areas": [
    "SFEF",
    "SLIP"
  ],
  "tag": "axes_peakbin_saccCS-sacc-horizontal-20mssw",
  "norm": "global",
  "baseline_win": null,
  "clf_binary": "logreg",
  "C_grid": [
    0.1,
    0.3,
    1.0,
    3.0,
    10.0
  ],
  "lda_shrinkage": null,
  "searchC": true,
  "searchS": true,
  "searchT": false,
  "searchR": false,
  "search_step_ms": 20.0,
  "search_len_ms": [
    50.0,
    100.0,
    150.0,
    200.0,
    250.0
  ],
  "search_range_C": "-0.20:0.05",
  "search_range_S": "-0.20:0.05",
  "search_range_T": null,
  "search_range_R": null,
  "search_score_mode": "peak_bin_auc",
  "search_tiebreak": "shortest_then_closest0",
  "search_tol": 0.01,
  "per_area_results": {
    "SFEF": {
      "winC_selected": [
        -0.04000000000000002,
        0.009999999999999981
      ],
      "winC_cv_best": 0.6933497942386831,
      "winC_best_param": 0.1,
      "winC_peak_time_ms": -30.00000026077032,
      "winC_peak_auc": 0.6933497942386831,
      "winC_mean_bin_auc": 0.6613909465020577,
      "winC_cv_auc_original": 0.7270051020408164,
      "winS_selected": [
        -0.02000000000000002,
        0.02999999999999998
      ],
      "winS_cv_best": 0.8157114624505929,
      "winS_peak_time_ms": -10.000000009313226,
      "winS_peak_auc": 0.8157114624505929,
      "sC_auc": 0.6933497942386831,
      "n_trials_C": 493
    },
    "SLIP": {
      "winC_selected": [
        -2.0816681711721685e-17,
        0.04999999999999998
      ],
      "winC_cv_best": 0.7524444444444445,
      "winC_best_param": 0.1,
      "winC_peak_time_ms": 40.0000000372529,
      "winC_peak_auc": 0.7524444444444445,
      "winC_mean_bin_auc": 0.6844307270233196,
      "winC_cv_auc_original": 0.8312942176870749,
      "winS_selected": [
        -2.0816681711721685e-17,
        0.04999999999999998
      ],
      "winS_cv_best": 0.8763998682476943,
      "winS_peak_time_ms": 49.999999813735485,
      "winS_peak_auc": 0.8763998682476943,
      "sC_auc": 0.7524444444444445,
      "n_trials_C": 493
    }
  },
  "rebin_factor": null,
  "sliding_window_ms": 20.0,
  "sliding_step_ms": 10.0,
  "sliding_window_bins": 4,
  "sliding_step_bins": 2
}