{
  "sid": "20231121",
  "align": "sacc",
  "features": [
    "C",
    "S"
  ],
  "winC": [
    -0.3,
    -0.18
  ],
  "winR": null,
  "winS": [
    -0.1,
    -0.03
  ],
  "winT": null,
  "pt_min_ms": 200.0,
  "orientation": "vertical",
  "areas": [
    "SFEF",
    "SLIP",
    "SSC"
  ],
  "tag": "axes_peakbin_saccCS-sacc-vertical-20mssw_nofilter",
  "norm": "global",
  "baseline_win": null,
  "clf_binary": "logreg",
  "C_grid": [
    0.1,
    0.3,
    1.0,
    3.0,
    10.0
  ],
  "lda_shrinkage": null,
  "searchC": true,
  "searchS": true,
  "searchT": false,
  "searchR": false,
  "search_step_ms": 20.0,
  "search_len_ms": [
    50.0,
    100.0,
    150.0,
    200.0,
    250.0
  ],
  "search_range_C": "-0.20:0.05",
  "search_range_S": "-0.20:0.05",
  "search_range_T": null,
  "search_range_R": null,
  "search_score_mode": "peak_bin_auc",
  "search_tiebreak": "shortest_then_closest0",
  "search_tol": 0.01,
  "per_area_results": {
    "SFEF": {
      "winC_selected": [
        -0.02000000000000002,
        0.02999999999999998
      ],
      "winC_cv_best": 0.8647372773058708,
      "winC_best_param": 0.3,
      "winC_peak_time_ms": 10.000000009313226,
      "winC_peak_auc": 0.8647372773058708,
      "winC_mean_bin_auc": 0.8519619634668871,
      "winC_cv_auc_original": 0.9340850906400295,
      "winS_selected": [
        -0.02000000000000002,
        0.02999999999999998
      ],
      "winS_cv_best": 0.699977448695783,
      "winS_peak_time_ms": 10.000000009313226,
      "winS_peak_auc": 0.699977448695783,
      "sC_auc": 0.8647372773058708,
      "n_trials_C": 516
    },
    "SLIP": {
      "winC_selected": [
        -2.0816681711721685e-17,
        0.04999999999999998
      ],
      "winC_cv_best": 0.614259941366609,
      "winC_best_param": 0.1,
      "winC_peak_time_ms": 30.00000026077032,
      "winC_peak_auc": 0.614259941366609,
      "winC_mean_bin_auc": 0.5843118093663083,
      "winC_cv_auc_original": 0.6374398816130225,
      "winS_selected": [
        -2.0816681711721685e-17,
        0.04999999999999998
      ],
      "winS_cv_best": 0.5667293091783808,
      "winS_peak_time_ms": 0.0,
      "winS_peak_auc": 0.5667293091783808,
      "sC_auc": 0.614259941366609,
      "n_trials_C": 516
    },
    "SSC": {
      "winC_selected": [
        -0.02000000000000002,
        0.02999999999999998
      ],
      "winC_cv_best": 0.7196421859730888,
      "winC_best_param": 0.3,
      "winC_peak_time_ms": -10.000000009313226,
      "winC_peak_auc": 0.7196421859730888,
      "winC_mean_bin_auc": 0.699513267683981,
      "winC_cv_auc_original": 0.7914761376248612,
      "winS_selected": [
        -0.02000000000000002,
        0.02999999999999998
      ],
      "winS_cv_best": 0.9068480793805909,
      "winS_peak_time_ms": 0.0,
      "winS_peak_auc": 0.9068480793805909,
      "sC_auc": 0.7196421859730888,
      "n_trials_C": 516
    }
  },
  "rebin_factor": null,
  "sliding_window_ms": 20.0,
  "sliding_step_ms": 10.0,
  "sliding_window_bins": 4,
  "sliding_step_bins": 2
}