{
  "time": [
    -0.39500001072883606,
    -0.38499999046325684,
    -0.375,
    -0.36500000953674316,
    -0.35499998927116394,
    -0.3449999988079071,
    -0.33500000834465027,
    -0.32499998807907104,
    -0.3149999976158142,
    -0.3050000071525574,
    -0.29500000178813934,
    -0.2849999964237213,
    -0.2750000059604645,
    -0.26500000059604645,
    -0.2549999952316284,
    -0.24500000476837158,
    -0.23499999940395355,
    -0.22500000149011612,
    -0.2150000035762787,
    -0.20499999821186066,
    -0.19500000029802322,
    -0.1850000023841858,
    -0.17499999701976776,
    -0.16499999910593033,
    -0.1550000011920929,
    -0.14499999582767487,
    -0.13499999791383743,
    -0.125,
    -0.11499999836087227,
    -0.10500000044703484,
    -0.0949999988079071,
    -0.08500000089406967,
    -0.07499999925494194,
    -0.06500000134110451,
    -0.054999999701976776,
    -0.044999999925494194,
    -0.03500000014901161,
    -0.02500000037252903,
    -0.01500000013038516,
    -0.004999999888241291,
    0.004999999888241291,
    0.01500000013038516,
    0.02500000037252903,
    0.03500000014901161,
    0.044999999925494194,
    0.054999999701976776,
    0.06500000134110451,
    0.07499999925494194,
    0.08500000089406967,
    0.0949999988079071,
    0.10500000044703484,
    0.11499999836087227,
    0.125,
    0.13499999791383743,
    0.14499999582767487,
    0.1550000011920929,
    0.16499999910593033,
    0.17499999701976776,
    0.1850000023841858,
    0.19500000029802322,
    0.20499999821186066,
    0.2150000035762787,
    0.22500000149011612,
    0.23499999940395355,
    0.24500000476837158,
    0.2549999952316284,
    0.26500000059604645,
    0.2750000059604645,
    0.2849999964237213,
    0.29500000178813934
  ],
  "auc_C": null,
  "auc_S_raw": [
    0.4511561518698259,
    0.47153868113045955,
    0.4744790179845846,
    0.546046246074793,
    0.5044818726805596,
    0.46297459320582357,
    0.5066514416214672,
    0.5275478161575792,
    0.45432486440194125,
    0.4625463888095918,
    0.4834713103054525,
    0.4576648586925492,
    0.5232086782757637,
    0.5286040536682843,
    0.4961461604339138,
    0.49177847559234944,
    0.4461318869540394,
    0.4173565515272624,
    0.483128746788467,
    0.4618041678561233,
    0.5007136739937197,
    0.5396517270910648,
    0.5054524693120183,
    0.5395089922923209,
    0.5957465029974308,
    0.5261775620896375,
    0.552212389380531,
    0.5336283185840708,
    0.53105909220668,
    0.6310590922066799,
    0.6321438766771338,
    0.6253782472166715,
    0.585555238367114,
    0.6829574650299743,
    0.739080787896089,
    0.7156722809020839,
    0.7873822437910363,
    0.6861832714815872,
    0.7417071081929775,
    0.7865829289180701,
    0.8263773908078789,
    0.8681986868398516,
    0.8149871538681129,
    0.8333143020268341,
    0.9105338281473023,
    0.8725663716814159,
    0.8754781615757922,
    0.8437624892948901,
    0.7828147302312303,
    0.7906080502426491,
    0.7226377390807879,
    0.723151584356266,
    0.7897801884099344,
    0.7173280045675136,
    0.7574650299743078,
    0.6533828147302312,
    0.6489580359691691,
    0.6589209249214959,
    0.6564658863831002,
    0.6292891807022551,
    0.5665715101341707,
    0.5834713103054525,
    0.6107907507850413,
    0.5779046531544392,
    0.6368826719954325,
    0.5735084213531259,
    0.6257208107336568,
    0.6229517556380246,
    0.6454467599200685,
    0.624892948900942
  ],
  "auc_S_inv": [
    0.4511561518698259,
    0.47153868113045955,
    0.4744790179845846,
    0.546046246074793,
    0.5044818726805596,
    0.46297459320582357,
    0.5066514416214672,
    0.5275478161575792,
    0.45432486440194125,
    0.4625463888095918,
    0.4834713103054525,
    0.4576648586925492,
    0.5232086782757637,
    0.5286040536682843,
    0.4961461604339138,
    0.49177847559234944,
    0.4461318869540394,
    0.4173565515272624,
    0.483128746788467,
    0.4618041678561233,
    0.5007136739937197,
    0.5396517270910648,
    0.5054524693120183,
    0.5395089922923209,
    0.5957465029974308,
    0.5261775620896375,
    0.552212389380531,
    0.5336283185840708,
    0.53105909220668,
    0.6310590922066799,
    0.6321438766771338,
    0.6253782472166715,
    0.585555238367114,
    0.6829574650299743,
    0.739080787896089,
    0.7156722809020839,
    0.7873822437910363,
    0.6861832714815872,
    0.7417071081929775,
    0.7865829289180701,
    0.8263773908078789,
    0.8681986868398516,
    0.8149871538681129,
    0.8333143020268341,
    0.9105338281473023,
    0.8725663716814159,
    0.8754781615757922,
    0.8437624892948901,
    0.7828147302312303,
    0.7906080502426491,
    0.7226377390807879,
    0.723151584356266,
    0.7897801884099344,
    0.7173280045675136,
    0.7574650299743078,
    0.6533828147302312,
    0.6489580359691691,
    0.6589209249214959,
    0.6564658863831002,
    0.6292891807022551,
    0.5665715101341707,
    0.5834713103054525,
    0.6107907507850413,
    0.5779046531544392,
    0.6368826719954325,
    0.5735084213531259,
    0.6257208107336568,
    0.6229517556380246,
    0.6454467599200685,
    0.624892948900942
  ],
  "acc_R_macro": null,
  "auc_T": null,
  "latencies_ms": {
    "C": null,
    "S_raw": -65.00000134110451,
    "S_inv": -65.00000134110451,
    "T": null
  },
  "meta": {
    "align": "sacc",
    "orientation": "horizontal",
    "pt_min_ms": 200.0,
    "n_trials": 268,
    "n_bins": 70,
    "n_units": 40,
    "thr": 0.6,
    "k_bins": 5,
    "norm": "global",
    "baseline_win": null,
    "used_axes_mu_sd": false
  }
}