{
  "time": [
    -0.39000000059604645,
    -0.3799999952316284,
    -0.3700000047683716,
    -0.35999999940395355,
    -0.3499999940395355,
    -0.3400000035762787,
    -0.32999999821186066,
    -0.3199999928474426,
    -0.3100000023841858,
    -0.30000000447034836,
    -0.28999999910593033,
    -0.2800000011920929,
    -0.27000000327825546,
    -0.25999999791383743,
    -0.25,
    -0.24000000208616257,
    -0.23000000044703484,
    -0.2200000025331974,
    -0.21000000089406967,
    -0.19999999925494194,
    -0.1900000013411045,
    -0.17999999970197678,
    -0.16999999806284904,
    -0.1600000001490116,
    -0.14999999850988388,
    -0.13999999687075615,
    -0.12999999895691872,
    -0.11999999918043613,
    -0.10999999940395355,
    -0.09999999962747097,
    -0.08999999985098839,
    -0.0800000000745058,
    -0.07000000029802322,
    -0.06000000052154064,
    -0.049999999813735485,
    -0.0400000000372529,
    -0.03000000026077032,
    -0.020000000251457095,
    -0.010000000009313226,
    0.0,
    0.010000000009313226,
    0.020000000251457095,
    0.03000000026077032,
    0.0400000000372529,
    0.049999999813735485,
    0.06000000052154064,
    0.07000000029802322,
    0.0800000000745058,
    0.08999999985098839,
    0.09999999962747097,
    0.10999999940395355,
    0.11999999918043613,
    0.12999999895691872,
    0.13999999687075615,
    0.14999999850988388,
    0.1600000001490116,
    0.16999999806284904,
    0.17999999970197678,
    0.1900000013411045,
    0.19999999925494194,
    0.21000000089406967,
    0.2200000025331974,
    0.23000000044703484,
    0.24000000208616257,
    0.25,
    0.25999999791383743,
    0.27000000327825546,
    0.2800000011920929,
    0.28999999910593033
  ],
  "auc_C": null,
  "auc_S_raw": [
    0.48757558370481535,
    0.5020082093834135,
    0.4577834664783511,
    0.45690073707904844,
    0.48020479322063825,
    0.5222668490974092,
    0.51083550337644,
    0.4607406099660149,
    0.47406982389548485,
    0.5129099174648011,
    0.5208103455885599,
    0.5746568389460212,
    0.6362713510173457,
    0.5647261332038663,
    0.5082755881184623,
    0.4661693957717261,
    0.4804254755704639,
    0.4756146003442645,
    0.4732312309661473,
    0.5004192964646688,
    0.4968883788674582,
    0.45058922187403455,
    0.45482632299068715,
    0.49300436951052656,
    0.4881493578143621,
    0.47848347089199805,
    0.4808668402701153,
    0.529196274881935,
    0.6044930926424504,
    0.692766032572715,
    0.7355342719689278,
    0.7751246855276513,
    0.8316635035529858,
    0.8587632961115771,
    0.8682085006841153,
    0.8968530696914861,
    0.9156110694266673,
    0.9480955113210046,
    0.9773138544379221,
    0.9740477556605024,
    0.9902458401377059,
    0.9951008518338703,
    0.9942181224345678,
    0.9834488237630754,
    0.9612923158405791,
    0.8908063733062631,
    0.9222315399214371,
    0.9777552191375734,
    0.9654852804872667,
    0.921525356401995,
    0.9229377234408792,
    0.8933662885642406,
    0.8566888820232159,
    0.8544820585249593,
    0.8928807873946242,
    0.8860396345500288,
    0.8873195921790176,
    0.8298980447543807,
    0.7828044313015845,
    0.8140089155669329,
    0.8088449485810125,
    0.7964426005208103,
    0.7692545350222889,
    0.7650174339056363,
    0.755572229333098,
    0.7275014344352739,
    0.7457297965308735,
    0.7664739374144856,
    0.7598093304497506
  ],
  "auc_S_inv": [
    0.48757558370481535,
    0.5020082093834135,
    0.4577834664783511,
    0.45690073707904844,
    0.48020479322063825,
    0.5222668490974092,
    0.51083550337644,
    0.4607406099660149,
    0.47406982389548485,
    0.5129099174648011,
    0.5208103455885599,
    0.5746568389460212,
    0.6362713510173457,
    0.5647261332038663,
    0.5082755881184623,
    0.4661693957717261,
    0.4804254755704639,
    0.4756146003442645,
    0.4732312309661473,
    0.5004192964646688,
    0.4968883788674582,
    0.45058922187403455,
    0.45482632299068715,
    0.49300436951052656,
    0.4881493578143621,
    0.47848347089199805,
    0.4808668402701153,
    0.529196274881935,
    0.6044930926424504,
    0.692766032572715,
    0.7355342719689278,
    0.7751246855276513,
    0.8316635035529858,
    0.8587632961115771,
    0.8682085006841153,
    0.8968530696914861,
    0.9156110694266673,
    0.9480955113210046,
    0.9773138544379221,
    0.9740477556605024,
    0.9902458401377059,
    0.9951008518338703,
    0.9942181224345678,
    0.9834488237630754,
    0.9612923158405791,
    0.8908063733062631,
    0.9222315399214371,
    0.9777552191375734,
    0.9654852804872667,
    0.921525356401995,
    0.9229377234408792,
    0.8933662885642406,
    0.8566888820232159,
    0.8544820585249593,
    0.8928807873946242,
    0.8860396345500288,
    0.8873195921790176,
    0.8298980447543807,
    0.7828044313015845,
    0.8140089155669329,
    0.8088449485810125,
    0.7964426005208103,
    0.7692545350222889,
    0.7650174339056363,
    0.755572229333098,
    0.7275014344352739,
    0.7457297965308735,
    0.7664739374144856,
    0.7598093304497506
  ],
  "acc_R_macro": null,
  "auc_T": null,
  "latencies_ms": {
    "C": null,
    "S_raw": -109.99999940395355,
    "S_inv": -109.99999940395355,
    "T": null
  },
  "meta": {
    "align": "sacc",
    "orientation": "horizontal",
    "pt_min_ms": 200.0,
    "n_trials": 302,
    "n_bins": 69,
    "n_units": 79,
    "thr": 0.6,
    "k_bins": 5,
    "norm": "global",
    "baseline_win": null,
    "used_axes_mu_sd": false
  }
}