{
  "sid": "20231205",
  "align": "sacc",
  "features": [
    "C",
    "S"
  ],
  "winC": [
    -0.3,
    -0.18
  ],
  "winR": null,
  "winS": [
    -0.1,
    -0.03
  ],
  "winT": null,
  "pt_min_ms": 200.0,
  "orientation": "vertical",
  "areas": [
    "SFEF",
    "SLIP",
    "SSC"
  ],
  "tag": "axes_peakbin_saccCS-sacc-vertical-20mssw_nofilter",
  "norm": "global",
  "baseline_win": null,
  "clf_binary": "logreg",
  "C_grid": [
    0.1,
    0.3,
    1.0,
    3.0,
    10.0
  ],
  "lda_shrinkage": null,
  "searchC": true,
  "searchS": true,
  "searchT": false,
  "searchR": false,
  "search_step_ms": 20.0,
  "search_len_ms": [
    50.0,
    100.0,
    150.0,
    200.0,
    250.0
  ],
  "search_range_C": "-0.20:0.05",
  "search_range_S": "-0.20:0.05",
  "search_range_T": null,
  "search_range_R": null,
  "search_score_mode": "peak_bin_auc",
  "search_tiebreak": "shortest_then_closest0",
  "search_tol": 0.01,
  "per_area_results": {
    "SFEF": {
      "winC_selected": [
        -2.0816681711721685e-17,
        0.04999999999999998
      ],
      "winC_cv_best": 0.8626500461680517,
      "winC_best_param": 0.1,
      "winC_peak_time_ms": 10.000000009313226,
      "winC_peak_auc": 0.8626500461680517,
      "winC_mean_bin_auc": 0.8334102800861803,
      "winC_cv_auc_original": 0.8681060606060604,
      "winS_selected": [
        -2.0816681711721685e-17,
        0.04999999999999998
      ],
      "winS_cv_best": 0.8980009086778737,
      "winS_peak_time_ms": 30.00000026077032,
      "winS_peak_auc": 0.8980009086778737,
      "sC_auc": 0.8626500461680517,
      "n_trials_C": 133
    },
    "SLIP": {
      "winC_selected": [
        -2.0816681711721685e-17,
        0.04999999999999998
      ],
      "winC_cv_best": 0.7084487534626039,
      "winC_best_param": 3.0,
      "winC_peak_time_ms": 40.0000000372529,
      "winC_peak_auc": 0.7084487534626039,
      "winC_mean_bin_auc": 0.6189596799015082,
      "winC_cv_auc_original": 0.7266414141414141,
      "winS_selected": [
        -2.0816681711721685e-17,
        0.04999999999999998
      ],
      "winS_cv_best": 0.7980463425715584,
      "winS_peak_time_ms": 49.999999813735485,
      "winS_peak_auc": 0.7980463425715584,
      "sC_auc": 0.7084487534626039,
      "n_trials_C": 133
    },
    "SSC": {
      "winC_selected": [
        -2.0816681711721685e-17,
        0.04999999999999998
      ],
      "winC_cv_best": 0.71398891966759,
      "winC_best_param": 10.0,
      "winC_peak_time_ms": 40.0000000372529,
      "winC_peak_auc": 0.71398891966759,
      "winC_mean_bin_auc": 0.5922976300400123,
      "winC_cv_auc_original": 0.6716666666666666,
      "winS_selected": [
        -2.0816681711721685e-17,
        0.04999999999999998
      ],
      "winS_cv_best": 0.997955474784189,
      "winS_peak_time_ms": 49.999999813735485,
      "winS_peak_auc": 0.997955474784189,
      "sC_auc": 0.71398891966759,
      "n_trials_C": 133
    }
  },
  "rebin_factor": null,
  "sliding_window_ms": 20.0,
  "sliding_step_ms": 10.0,
  "sliding_window_bins": 4,
  "sliding_step_bins": 2
}