{
  "sid": "20230707",
  "trainC": [
    -0.3,
    -0.1
  ],
  "trainS": [
    -0.1,
    -0.03
  ],
  "orientation": "horizontal",
  "areas": {
    "SFEF": {
      "sC_auc_mean": 0.5760085882984434,
      "sSraw_auc_mean": 0.8086776859504132,
      "cos_sSraw_sC": 0.15597522175795772,
      "auc_C_from_sSraw": 0.5420248791942401,
      "auc_C_from_sSinv": 0.5197073492596402
    },
    "SLIP": {
      "sC_auc_mean": 0.5733719806763287,
      "sSraw_auc_mean": 0.8375,
      "cos_sSraw_sC": 0.05762735013537172,
      "auc_C_from_sSraw": 0.5201731064061014,
      "auc_C_from_sSinv": 0.5088202759611092
    }
  }
}