{
  "time": [
    -0.39000000059604645,
    -0.3799999952316284,
    -0.3700000047683716,
    -0.35999999940395355,
    -0.3499999940395355,
    -0.3400000035762787,
    -0.32999999821186066,
    -0.3199999928474426,
    -0.3100000023841858,
    -0.30000000447034836,
    -0.28999999910593033,
    -0.2800000011920929,
    -0.27000000327825546,
    -0.25999999791383743,
    -0.25,
    -0.24000000208616257,
    -0.23000000044703484,
    -0.2200000025331974,
    -0.21000000089406967,
    -0.19999999925494194,
    -0.1900000013411045,
    -0.17999999970197678,
    -0.16999999806284904,
    -0.1600000001490116,
    -0.14999999850988388,
    -0.13999999687075615,
    -0.12999999895691872,
    -0.11999999918043613,
    -0.10999999940395355,
    -0.09999999962747097,
    -0.08999999985098839,
    -0.0800000000745058,
    -0.07000000029802322,
    -0.06000000052154064,
    -0.049999999813735485,
    -0.0400000000372529,
    -0.03000000026077032,
    -0.020000000251457095,
    -0.010000000009313226,
    0.0,
    0.010000000009313226,
    0.020000000251457095,
    0.03000000026077032,
    0.0400000000372529,
    0.049999999813735485,
    0.06000000052154064,
    0.07000000029802322,
    0.0800000000745058,
    0.08999999985098839,
    0.09999999962747097,
    0.10999999940395355,
    0.11999999918043613,
    0.12999999895691872,
    0.13999999687075615,
    0.14999999850988388,
    0.1600000001490116,
    0.16999999806284904,
    0.17999999970197678,
    0.1900000013411045,
    0.19999999925494194,
    0.21000000089406967,
    0.2200000025331974,
    0.23000000044703484,
    0.24000000208616257,
    0.25,
    0.25999999791383743,
    0.27000000327825546,
    0.2800000011920929,
    0.28999999910593033
  ],
  "auc_C": null,
  "auc_S_raw": [
    0.5237449118046134,
    0.5215246083631428,
    0.4847045762920933,
    0.44911804613297146,
    0.4455408905883804,
    0.4528185518687554,
    0.4334525718514864,
    0.42358455655606264,
    0.4728629579375848,
    0.4310472431232268,
    0.46132971506105835,
    0.46885407672381885,
    0.49611446897742695,
    0.474281485136302,
    0.4598495127667449,
    0.4958677685950413,
    0.4861847785864068,
    0.5093746145306525,
    0.5322560749969162,
    0.5388553102257309,
    0.5035771555445911,
    0.4948192919699026,
    0.5186875539657086,
    0.5235598865178241,
    0.5524238312569385,
    0.5543974343160233,
    0.5795608733193536,
    0.5822129024299988,
    0.5596398174417171,
    0.600222030344147,
    0.6372887627975824,
    0.6968052300481066,
    0.7491673862094486,
    0.768595041322314,
    0.781300111015172,
    0.7676082397927716,
    0.7694584926606637,
    0.8364993215739484,
    0.9213642531145924,
    0.9356728752929566,
    0.9585543357592203,
    0.9598495127667447,
    0.9699642284445541,
    0.9957444184038485,
    0.9825459479462193,
    0.8738127544097694,
    0.9249414086591835,
    0.9656469717528062,
    0.9040952263476009,
    0.8604292586653509,
    0.8842358455655607,
    0.8913901566547427,
    0.9113728876279759,
    0.9198840508202788,
    0.8226224250647589,
    0.7637227087701985,
    0.6704699642284446,
    0.6192796348834341,
    0.66078697421981,
    0.664179104477612,
    0.6456765757986924,
    0.6234735413839891,
    0.6348217589737264,
    0.6599851979770568,
    0.6597384975946712,
    0.6309362279511533,
    0.6395707413346491,
    0.6847169113112126,
    0.6373504378931787
  ],
  "auc_S_inv": [
    0.5237449118046134,
    0.5215246083631428,
    0.4847045762920933,
    0.44911804613297146,
    0.4455408905883804,
    0.4528185518687554,
    0.4334525718514864,
    0.42358455655606264,
    0.4728629579375848,
    0.4310472431232268,
    0.46132971506105835,
    0.46885407672381885,
    0.49611446897742695,
    0.474281485136302,
    0.4598495127667449,
    0.4958677685950413,
    0.4861847785864068,
    0.5093746145306525,
    0.5322560749969162,
    0.5388553102257309,
    0.5035771555445911,
    0.4948192919699026,
    0.5186875539657086,
    0.5235598865178241,
    0.5524238312569385,
    0.5543974343160233,
    0.5795608733193536,
    0.5822129024299988,
    0.5596398174417171,
    0.600222030344147,
    0.6372887627975824,
    0.6968052300481066,
    0.7491673862094486,
    0.768595041322314,
    0.781300111015172,
    0.7676082397927716,
    0.7694584926606637,
    0.8364993215739484,
    0.9213642531145924,
    0.9356728752929566,
    0.9585543357592203,
    0.9598495127667447,
    0.9699642284445541,
    0.9957444184038485,
    0.9825459479462193,
    0.8738127544097694,
    0.9249414086591835,
    0.9656469717528062,
    0.9040952263476009,
    0.8604292586653509,
    0.8842358455655607,
    0.8913901566547427,
    0.9113728876279759,
    0.9198840508202788,
    0.8226224250647589,
    0.7637227087701985,
    0.6704699642284446,
    0.6192796348834341,
    0.66078697421981,
    0.664179104477612,
    0.6456765757986924,
    0.6234735413839891,
    0.6348217589737264,
    0.6599851979770568,
    0.6597384975946712,
    0.6309362279511533,
    0.6395707413346491,
    0.6847169113112126,
    0.6373504378931787
  ],
  "acc_R_macro": null,
  "auc_T": null,
  "latencies_ms": {
    "C": null,
    "S_raw": -99.99999962747097,
    "S_inv": -99.99999962747097,
    "T": null
  },
  "meta": {
    "align": "sacc",
    "orientation": "horizontal",
    "pt_min_ms": 200.0,
    "n_trials": 255,
    "n_bins": 69,
    "n_units": 122,
    "thr": 0.6,
    "k_bins": 5,
    "norm": "global",
    "baseline_win": null,
    "used_axes_mu_sd": false
  }
}