{
  "sid": "20231121",
  "monkey": "S",
  "orientation": "horizontal",
  "area": "SLIP",
  "axes_tag": "axes_peakbin_saccCS-sacc-horizontal-20mssw_nofilter",
  "window_centers_ms": [
    -350.0,
    -329.99999999999994,
    -309.99999999999994,
    -289.99999999999994,
    -269.9999999999999,
    -249.99999999999991,
    -229.99999999999991,
    -209.99999999999994,
    -189.99999999999994,
    -169.99999999999994,
    -149.99999999999997,
    -129.99999999999997,
    -109.99999999999997,
    -89.99999999999997,
    -69.99999999999997,
    -49.999999999999964,
    -29.99999999999996,
    -9.999999999999961,
    10.00000000000004,
    30.00000000000004,
    50.00000000000004,
    70.00000000000004,
    90.00000000000006,
    110.00000000000006,
    130.00000000000006,
    150.00000000000006,
    170.00000000000003,
    190.00000000000003
  ],
  "alignments": [
    0.03388405376022429,
    0.12603130845809135,
    0.09133600245914793,
    0.008911581320308367,
    0.04284830245492653,
    0.12939321032096956,
    0.08481221934477706,
    0.11003936030262734,
    0.15186109079507784,
    0.1536247125677571,
    0.21081668146555382,
    0.06100625154943777,
    0.008839367468236808,
    0.1013810536929793,
    0.014599626008195109,
    0.006271381161429166,
    0.15256853821626498,
    0.1353710427889751,
    0.07039032461550118,
    0.051481145203133925,
    0.14247257445961775,
    0.1530366648461837,
    0.10533553813596247,
    0.3431998187689103,
    0.2773205406229534,
    0.17316276090652974,
    0.1300714213446905,
    0.14427265050036808
  ],
  "alignment_mean": 0.11479782941210108,
  "alignment_std": 0.07704463611915124,
  "alignment_max": 0.3431998187689103,
  "alignment_min": 0.006271381161429166,
  "peak_time_ms": 110.00000000000006,
  "n_trials": 350,
  "rt_mean_ms": 278.76249999997657,
  "rt_std_ms": 48.28090497102503,
  "null_mean": 0.29108198555270326,
  "null_std": 0.14961618446678948,
  "null_median": 0.29820433510838035,
  "D_eff": 2.3878731727600098,
  "expected_cos": 0.5163384079933167,
  "manifold_dim": 30,
  "window_length_ms": 50.0,
  "step_ms": 20.0,
  "time_range_ms": [
    -350.0,
    200.0
  ],
  "pt_min_ms": 200.0,
  "winS_selected": [
    -0.14000000000000004,
    -0.09000000000000004
  ]
}