{
  "sid": "20231109",
  "monkey": "S",
  "orientation": "horizontal",
  "area": "SFEF",
  "axes_tag": "axes_peakbin_saccCS-sacc-horizontal-20mssw_nofilter",
  "window_centers_ms": [
    -350.0,
    -329.99999999999994,
    -309.99999999999994,
    -289.99999999999994,
    -269.9999999999999,
    -249.99999999999991,
    -229.99999999999991,
    -209.99999999999994,
    -189.99999999999994,
    -169.99999999999994,
    -149.99999999999997,
    -129.99999999999997,
    -109.99999999999997,
    -89.99999999999997,
    -69.99999999999997,
    -49.999999999999964,
    -29.99999999999996,
    -9.999999999999961,
    10.00000000000004,
    30.00000000000004,
    50.00000000000004,
    70.00000000000004,
    90.00000000000006,
    110.00000000000006,
    130.00000000000006,
    150.00000000000006,
    170.00000000000003,
    190.00000000000003
  ],
  "alignments": [
    0.029143504148705316,
    0.022302639530136406,
    0.04858309800649634,
    0.010399453236439322,
    0.010482897503553374,
    0.022282651149869808,
    0.04652933858745853,
    0.07171151228479357,
    0.014555410698901476,
    0.001012262956009483,
    0.03816781031247148,
    0.03848411588524237,
    0.021149264481848645,
    0.050005179146495375,
    0.0056648739598185996,
    0.005286051943789069,
    0.020781071270755052,
    0.040401011675204046,
    0.05588980964710986,
    0.06888513760305881,
    0.05432224522601489,
    0.014320016044612888,
    0.011945831017691378,
    0.058536080405956,
    0.10050695476468086,
    0.11509374168293912,
    0.09631415000028634,
    0.009755107514092618
  ],
  "alignment_mean": 0.03866111502444397,
  "alignment_std": 0.030127383278273665,
  "alignment_max": 0.11509374168293912,
  "alignment_min": 0.001012262956009483,
  "peak_time_ms": 150.00000000000006,
  "n_trials": 275,
  "rt_mean_ms": 310.4784545454194,
  "rt_std_ms": 57.91147179395915,
  "null_mean": 0.08333048342910387,
  "null_std": 0.061847314012216846,
  "null_median": 0.07012348924535275,
  "D_eff": 5.300307273864746,
  "expected_cos": 0.34656885266304016,
  "manifold_dim": 76,
  "window_length_ms": 50.0,
  "step_ms": 20.0,
  "time_range_ms": [
    -350.0,
    200.0
  ],
  "pt_min_ms": 200.0,
  "winS_selected": [
    -0.10000000000000003,
    0.04999999999999996
  ]
}