{
  "sid": "20230705",
  "monkey": "S",
  "orientation": "horizontal",
  "area": "SLIP",
  "axes_tag": "axes_peakbin_saccCS-sacc-horizontal-20mssw_nofilter",
  "window_centers_ms": [
    -350.0,
    -329.99999999999994,
    -309.99999999999994,
    -289.99999999999994,
    -269.9999999999999,
    -249.99999999999991,
    -229.99999999999991,
    -209.99999999999994,
    -189.99999999999994,
    -169.99999999999994,
    -149.99999999999997,
    -129.99999999999997,
    -109.99999999999997,
    -89.99999999999997,
    -69.99999999999997,
    -49.999999999999964,
    -29.99999999999996,
    -9.999999999999961,
    10.00000000000004,
    30.00000000000004,
    50.00000000000004,
    70.00000000000004,
    90.00000000000006,
    110.00000000000006,
    130.00000000000006,
    150.00000000000006,
    170.00000000000003,
    190.00000000000003
  ],
  "alignments": [
    0.1116679518596368,
    0.09473873093547844,
    0.07393758959322702,
    0.005783177204243342,
    0.07319254729636762,
    0.03934062692418418,
    0.08681127960681659,
    0.0899165982156886,
    0.01393650125504184,
    0.1033320751613558,
    0.05209985536715893,
    0.002606445626467703,
    0.03624013835220106,
    0.11013618749602805,
    0.23729116269100478,
    0.18243605852743253,
    0.17110378927970082,
    0.20268407591199875,
    0.10343605429392921,
    0.046971640653555004,
    0.04877964686296288,
    0.08576542389444268,
    0.019946428699334818,
    0.09104108322410062,
    0.12602823745150388,
    0.11620957165890393,
    0.0665630864273169,
    0.16301458847297992
  ],
  "alignment_mean": 0.09125037689082367,
  "alignment_std": 0.05825693367994983,
  "alignment_max": 0.23729116269100478,
  "alignment_min": 0.002606445626467703,
  "peak_time_ms": -69.99999999999997,
  "n_trials": 442,
  "rt_mean_ms": 264.33371040722574,
  "rt_std_ms": 35.04918236295436,
  "null_mean": 0.22876047582478704,
  "null_std": 0.1457763684372876,
  "null_median": 0.21364969381999066,
  "D_eff": 5.282875061035156,
  "expected_cos": 0.34714019298553467,
  "manifold_dim": 86,
  "window_length_ms": 50.0,
  "step_ms": 20.0,
  "time_range_ms": [
    -350.0,
    200.0
  ],
  "pt_min_ms": 200.0,
  "winS_selected": [
    -2.0816681711721685e-17,
    0.04999999999999998
  ]
}