{
  "sid": "20231109",
  "monkey": "S",
  "orientation": "horizontal",
  "area": "SLIP",
  "axes_tag": "axes_peakbin_saccCS-sacc-horizontal-20mssw_nofilter",
  "window_centers_ms": [
    -350.0,
    -329.99999999999994,
    -309.99999999999994,
    -289.99999999999994,
    -269.9999999999999,
    -249.99999999999991,
    -229.99999999999991,
    -209.99999999999994,
    -189.99999999999994,
    -169.99999999999994,
    -149.99999999999997,
    -129.99999999999997,
    -109.99999999999997,
    -89.99999999999997,
    -69.99999999999997,
    -49.999999999999964,
    -29.99999999999996,
    -9.999999999999961,
    10.00000000000004,
    30.00000000000004,
    50.00000000000004,
    70.00000000000004,
    90.00000000000006,
    110.00000000000006,
    130.00000000000006,
    150.00000000000006,
    170.00000000000003,
    190.00000000000003
  ],
  "alignments": [
    0.05070328278913365,
    0.17760014085781642,
    0.04238297183457643,
    0.1040100276914222,
    0.040302522575487124,
    0.045615888892677536,
    0.06598749985841307,
    0.1490356134685146,
    0.23632059947641304,
    0.20374116320833804,
    0.27572379869838415,
    0.29353092434502054,
    0.12232846863742713,
    0.021013261213095696,
    0.003170924474875862,
    0.12523979039083497,
    0.09905062970437939,
    0.10324646217121117,
    0.012935809666774595,
    0.05829938436339175,
    0.22528475427538822,
    0.10493690007200905,
    0.06346577665008618,
    0.05325508993031739,
    0.2454159005743536,
    0.21751698954840773,
    0.27821487439654513,
    0.3453994239095038
  ],
  "alignment_mean": 0.13441888834552854,
  "alignment_std": 0.09610959236795803,
  "alignment_max": 0.3453994239095038,
  "alignment_min": 0.003170924474875862,
  "peak_time_ms": 190.00000000000003,
  "n_trials": 275,
  "rt_mean_ms": 310.4784545454194,
  "rt_std_ms": 57.91147179395915,
  "null_mean": 0.16503586984316784,
  "null_std": 0.09830794085077864,
  "null_median": 0.16096484730280675,
  "D_eff": 2.485280752182007,
  "expected_cos": 0.506118655204773,
  "manifold_dim": 41,
  "window_length_ms": 50.0,
  "step_ms": 20.0,
  "time_range_ms": [
    -350.0,
    200.0
  ],
  "pt_min_ms": 200.0,
  "winS_selected": [
    -2.0816681711721685e-17,
    0.04999999999999998
  ]
}