{
  "sid": "20231121",
  "monkey": "S",
  "orientation": "horizontal",
  "area": "SFEF",
  "axes_tag": "axes_peakbin_saccCS-sacc-horizontal-20mssw_nofilter",
  "window_centers_ms": [
    -350.0,
    -329.99999999999994,
    -309.99999999999994,
    -289.99999999999994,
    -269.9999999999999,
    -249.99999999999991,
    -229.99999999999991,
    -209.99999999999994,
    -189.99999999999994,
    -169.99999999999994,
    -149.99999999999997,
    -129.99999999999997,
    -109.99999999999997,
    -89.99999999999997,
    -69.99999999999997,
    -49.999999999999964,
    -29.99999999999996,
    -9.999999999999961,
    10.00000000000004,
    30.00000000000004,
    50.00000000000004,
    70.00000000000004,
    90.00000000000006,
    110.00000000000006,
    130.00000000000006,
    150.00000000000006,
    170.00000000000003,
    190.00000000000003
  ],
  "alignments": [
    0.10013860797112271,
    0.09114711218104388,
    0.06404857015449901,
    0.016389069312175836,
    0.01640420226288072,
    0.008283000269305483,
    0.02517211237370477,
    0.26067975721966796,
    0.3661078725600187,
    0.32931801216098133,
    0.29682555181351067,
    0.18544766059667434,
    0.103206801116336,
    0.08237461150845517,
    0.10902863256258193,
    0.07422986763449893,
    0.11559451463082153,
    0.10814287500513942,
    0.13620139740032045,
    0.19677863618252286,
    0.2664699036763453,
    0.28624977598565093,
    0.28496502360470227,
    0.34545260606852496,
    0.2943395724744368,
    0.26000342120117165,
    0.24803306292630056,
    0.2100252041769475
  ],
  "alignment_mean": 0.17432347982251223,
  "alignment_std": 0.1095853729726966,
  "alignment_max": 0.3661078725600187,
  "alignment_min": 0.008283000269305483,
  "peak_time_ms": -189.99999999999994,
  "n_trials": 350,
  "rt_mean_ms": 278.76249999997657,
  "rt_std_ms": 48.28090497102503,
  "null_mean": 0.18905288525013433,
  "null_std": 0.15301033945770187,
  "null_median": 0.15163128870629022,
  "D_eff": 1.7345407009124756,
  "expected_cos": 0.6058258414268494,
  "manifold_dim": 60,
  "window_length_ms": 50.0,
  "step_ms": 20.0,
  "time_range_ms": [
    -350.0,
    200.0
  ],
  "pt_min_ms": 200.0,
  "winS_selected": [
    -2.0816681711721685e-17,
    0.04999999999999998
  ]
}