{
  "sid": "20231205",
  "monkey": "S",
  "orientation": "horizontal",
  "area": "SFEF",
  "axes_tag": "axes_peakbin_saccCS-sacc-horizontal-20mssw_nofilter",
  "window_centers_ms": [
    -350.0,
    -329.99999999999994,
    -309.99999999999994,
    -289.99999999999994,
    -269.9999999999999,
    -249.99999999999991,
    -229.99999999999991,
    -209.99999999999994,
    -189.99999999999994,
    -169.99999999999994,
    -149.99999999999997,
    -129.99999999999997,
    -109.99999999999997,
    -89.99999999999997,
    -69.99999999999997,
    -49.999999999999964,
    -29.99999999999996,
    -9.999999999999961,
    10.00000000000004,
    30.00000000000004,
    50.00000000000004,
    70.00000000000004,
    90.00000000000006,
    110.00000000000006,
    130.00000000000006,
    150.00000000000006,
    170.00000000000003,
    190.00000000000003
  ],
  "alignments": [
    0.08557466497474404,
    0.012264271637265269,
    0.012663518723305475,
    0.0675599468406245,
    0.0023215420930156583,
    0.033253686340806,
    0.05482491288564428,
    0.11092925833180386,
    0.04829012481160604,
    0.15292954296137146,
    0.14653780258542082,
    0.023990210559753148,
    0.025685532564628494,
    0.014559650290231289,
    0.06235814113473056,
    0.08092891039491165,
    0.05779008021147883,
    0.16015424605890563,
    0.24149673746117398,
    0.18688029248406254,
    0.19640471609648522,
    0.2609553522993602,
    0.2858568116314965,
    0.2862428923535567,
    0.18418417997793432,
    0.09476059371020529,
    0.010832620921794064,
    0.21038634309210544
  ],
  "alignment_mean": 0.11109344940815791,
  "alignment_std": 0.08903611595429979,
  "alignment_max": 0.2862428923535567,
  "alignment_min": 0.0023215420930156583,
  "peak_time_ms": 110.00000000000006,
  "n_trials": 26,
  "rt_mean_ms": 231.3836538461286,
  "rt_std_ms": 33.59566703283721,
  "null_mean": 0.39349312353706706,
  "null_std": 0.19627437865561068,
  "null_median": 0.4143874788183791,
  "D_eff": 3.2253730297088623,
  "expected_cos": 0.4442731440067291,
  "manifold_dim": 101,
  "window_length_ms": 50.0,
  "step_ms": 20.0,
  "time_range_ms": [
    -350.0,
    200.0
  ],
  "pt_min_ms": 200.0,
  "winS_selected": [
    -0.060000000000000026,
    -0.010000000000000023
  ]
}