{
  "sid": "20230627",
  "monkey": "S",
  "orientation": "horizontal",
  "area": "SLIP",
  "axes_tag": "axes_peakbin_saccCS-sacc-horizontal-20mssw_nofilter",
  "window_centers_ms": [
    -350.0,
    -329.99999999999994,
    -309.99999999999994,
    -289.99999999999994,
    -269.9999999999999,
    -249.99999999999991,
    -229.99999999999991,
    -209.99999999999994,
    -189.99999999999994,
    -169.99999999999994,
    -149.99999999999997,
    -129.99999999999997,
    -109.99999999999997,
    -89.99999999999997,
    -69.99999999999997,
    -49.999999999999964,
    -29.99999999999996,
    -9.999999999999961,
    10.00000000000004,
    30.00000000000004,
    50.00000000000004,
    70.00000000000004,
    90.00000000000006,
    110.00000000000006,
    130.00000000000006,
    150.00000000000006,
    170.00000000000003,
    190.00000000000003
  ],
  "alignments": [
    0.15361144063381932,
    0.12672412768646182,
    0.019066338786692127,
    0.07946910955429239,
    0.04645593082508845,
    0.025372102846214217,
    0.06788749800565362,
    0.09581173048610138,
    0.01971337783678837,
    0.003056556516483405,
    0.11535546978392697,
    0.08589243351415865,
    0.13987559190618226,
    0.07498373147219616,
    0.05345908399637323,
    0.20349939654326069,
    0.25083341003816545,
    0.17076023495047296,
    0.13490659710375366,
    0.11558151654441601,
    0.14822521101960823,
    0.1671436922082502,
    0.2205522736825997,
    0.07386829256890988,
    0.052023653648590774,
    0.021819968936968314,
    0.050888175396897856,
    0.007861453094413
  ],
  "alignment_mean": 0.09731065712809785,
  "alignment_std": 0.06595439300851763,
  "alignment_max": 0.25083341003816545,
  "alignment_min": 0.003056556516483405,
  "peak_time_ms": -29.99999999999996,
  "n_trials": 520,
  "rt_mean_ms": 287.0079807692115,
  "rt_std_ms": 39.268760261314114,
  "null_mean": 0.18898090150614927,
  "null_std": 0.13179041433453806,
  "null_median": 0.1613833018876161,
  "D_eff": 3.361041784286499,
  "expected_cos": 0.43521425127983093,
  "manifold_dim": 53,
  "window_length_ms": 50.0,
  "step_ms": 20.0,
  "time_range_ms": [
    -350.0,
    200.0
  ],
  "pt_min_ms": 200.0,
  "winS_selected": [
    -2.0816681711721685e-17,
    0.04999999999999998
  ]
}