{
  "sid": "20200327",
  "monkey": "M",
  "orientation": "horizontal",
  "area": "MFEF",
  "axes_tag": "axes_peakbin_saccCS-sacc-horizontal-20mssw_nofilter",
  "window_centers_ms": [
    -350.0,
    -329.99999999999994,
    -309.99999999999994,
    -289.99999999999994,
    -269.9999999999999,
    -249.99999999999991,
    -229.99999999999991,
    -209.99999999999994,
    -189.99999999999994,
    -169.99999999999994,
    -149.99999999999997,
    -129.99999999999997,
    -109.99999999999997,
    -89.99999999999997,
    -69.99999999999997,
    -49.999999999999964,
    -29.99999999999996,
    -9.999999999999961,
    10.00000000000004,
    30.00000000000004,
    50.00000000000004,
    70.00000000000004,
    90.00000000000006,
    110.00000000000006,
    130.00000000000006,
    150.00000000000006,
    170.00000000000003,
    190.00000000000003
  ],
  "alignments": [
    0.2911737233508568,
    0.3069577453423534,
    0.29903342174522674,
    0.2564194950127859,
    0.19152809311284688,
    0.24468941488588897,
    0.18461682933714973,
    0.12911487843512134,
    0.02884600635273202,
    0.09258022588172699,
    0.1142716409572618,
    0.08607683329055413,
    0.11804872681930008,
    0.1287866049822493,
    0.23005583338462599,
    0.25398377323421567,
    0.2154044107878928,
    0.16275204850998679,
    0.08683930696586385,
    0.07123687907046132,
    0.07499260508576566,
    0.01710712259991489,
    0.04259598127633138,
    0.022571399857120176,
    0.0952809839415341,
    0.042978930911429014,
    0.006358297787546893,
    0.011746968559016196
  ],
  "alignment_mean": 0.13593029219563424,
  "alignment_std": 0.09388495041799282,
  "alignment_max": 0.3069577453423534,
  "alignment_min": 0.006358297787546893,
  "peak_time_ms": -329.99999999999994,
  "n_trials": 291,
  "rt_mean_ms": 266.97628865982125,
  "rt_std_ms": 47.16064461847536,
  "null_mean": 0.07496614568345465,
  "null_std": 0.0591657373064304,
  "null_median": 0.0616494378146507,
  "D_eff": 2.126579999923706,
  "expected_cos": 0.5471409559249878,
  "manifold_dim": 40,
  "window_length_ms": 150.0,
  "step_ms": 20.0,
  "time_range_ms": [
    -350.0,
    200.0
  ],
  "pt_min_ms": 200.0,
  "winS_selected": [
    -0.12000000000000004,
    -0.02000000000000003
  ]
}