{
  "sid": "20200401",
  "monkey": "M",
  "orientation": "horizontal",
  "area": "MLIP",
  "axes_tag": "axes_peakbin_saccCS-sacc-horizontal-20mssw_nofilter",
  "window_centers_ms": [
    -350.0,
    -329.99999999999994,
    -309.99999999999994,
    -289.99999999999994,
    -269.9999999999999,
    -249.99999999999991,
    -229.99999999999991,
    -209.99999999999994,
    -189.99999999999994,
    -169.99999999999994,
    -149.99999999999997,
    -129.99999999999997,
    -109.99999999999997,
    -89.99999999999997,
    -69.99999999999997,
    -49.999999999999964,
    -29.99999999999996,
    -9.999999999999961,
    10.00000000000004,
    30.00000000000004,
    50.00000000000004,
    70.00000000000004,
    90.00000000000006,
    110.00000000000006,
    130.00000000000006,
    150.00000000000006,
    170.00000000000003,
    190.00000000000003
  ],
  "alignments": [
    0.06931808340588855,
    0.021546826133253764,
    0.027459506726430164,
    0.0748903744460024,
    0.0941844088965643,
    0.09921518668002843,
    0.14312311002599168,
    0.15006917416502485,
    0.16593508258977827,
    0.18161402274604838,
    0.1067378952792995,
    0.02363770156026653,
    0.06247587708560744,
    0.05816993472794321,
    0.11599221120023184,
    0.0670613610029488,
    0.0002139158054651978,
    0.010775221432786081,
    0.0020908114828889417,
    0.015554262349553358,
    0.007098580777636347,
    0.01850599742144795,
    0.060450281511734344,
    0.029297811665298396,
    0.025729835666130924,
    0.057361703965973954,
    0.07064836147679684,
    0.023254867709954385
  ],
  "alignment_mean": 0.0636575859977491,
  "alignment_std": 0.05083152452540808,
  "alignment_max": 0.18161402274604838,
  "alignment_min": 0.0002139158054651978,
  "peak_time_ms": -169.99999999999994,
  "n_trials": 257,
  "rt_mean_ms": 262.77529182878294,
  "rt_std_ms": 43.951541977816255,
  "null_mean": 0.19800087456360813,
  "null_std": 0.12749260640434104,
  "null_median": 0.1802965497798295,
  "D_eff": 4.295309066772461,
  "expected_cos": 0.3849841356277466,
  "manifold_dim": 77,
  "window_length_ms": 100.0,
  "step_ms": 20.0,
  "time_range_ms": [
    -350.0,
    200.0
  ],
  "pt_min_ms": 200.0,
  "winS_selected": [
    -2.0816681711721685e-17,
    0.04999999999999998
  ]
}