{
  "sid": "20201211",
  "monkey": "M",
  "orientation": "horizontal",
  "area": "MLIP",
  "axes_tag": "axes_peakbin_saccCS-sacc-horizontal-20mssw_nofilter",
  "window_centers_ms": [
    -350.0,
    -329.99999999999994,
    -309.99999999999994,
    -289.99999999999994,
    -269.9999999999999,
    -249.99999999999991,
    -229.99999999999991,
    -209.99999999999994,
    -189.99999999999994,
    -169.99999999999994,
    -149.99999999999997,
    -129.99999999999997,
    -109.99999999999997,
    -89.99999999999997,
    -69.99999999999997,
    -49.999999999999964,
    -29.99999999999996,
    -9.999999999999961,
    10.00000000000004,
    30.00000000000004,
    50.00000000000004,
    70.00000000000004,
    90.00000000000006,
    110.00000000000006,
    130.00000000000006,
    150.00000000000006,
    170.00000000000003,
    190.00000000000003
  ],
  "alignments": [
    0.1697743319727017,
    0.12001956058347162,
    0.082675501998151,
    0.10415261177429022,
    0.012350536836309534,
    0.013069528090836518,
    0.0938949535186515,
    0.1321414557952393,
    0.12728940485267765,
    0.18573398354293696,
    0.12280118153455266,
    0.09450444519020326,
    0.10934546746786318,
    0.10522516015111194,
    0.10915480809530488,
    0.09479729100416742,
    0.12123960485238877,
    0.03440898288886053,
    0.021951459474521835,
    0.08423962055263445,
    0.03961733989480674,
    0.16298549760114728,
    0.1565005266939309,
    0.035463725784890404,
    0.07513791783889728,
    0.11593398433069672,
    0.2201359579069384,
    0.1858614516378239
  ],
  "alignment_mean": 0.1046573675666431,
  "alignment_std": 0.05308355663750565,
  "alignment_max": 0.2201359579069384,
  "alignment_min": 0.012350536836309534,
  "peak_time_ms": 170.00000000000003,
  "n_trials": 306,
  "rt_mean_ms": 257.6566993464222,
  "rt_std_ms": 42.38360059889887,
  "null_mean": 0.28021072516558126,
  "null_std": 0.1657865412553795,
  "null_median": 0.28386340188756276,
  "D_eff": 3.63085675239563,
  "expected_cos": 0.41873136162757874,
  "manifold_dim": 78,
  "window_length_ms": 50.0,
  "step_ms": 20.0,
  "time_range_ms": [
    -350.0,
    200.0
  ],
  "pt_min_ms": 200.0,
  "winS_selected": [
    -0.02000000000000002,
    0.02999999999999998
  ]
}