{
  "sid": "20201204",
  "monkey": "M",
  "orientation": "horizontal",
  "area": "MLIP",
  "axes_tag": "axes_peakbin_saccCS-sacc-horizontal-20mssw_nofilter",
  "window_centers_ms": [
    -350.0,
    -329.99999999999994,
    -309.99999999999994,
    -289.99999999999994,
    -269.9999999999999,
    -249.99999999999991,
    -229.99999999999991,
    -209.99999999999994,
    -189.99999999999994,
    -169.99999999999994,
    -149.99999999999997,
    -129.99999999999997,
    -109.99999999999997,
    -89.99999999999997,
    -69.99999999999997,
    -49.999999999999964,
    -29.99999999999996,
    -9.999999999999961,
    10.00000000000004,
    30.00000000000004,
    50.00000000000004,
    70.00000000000004,
    90.00000000000006,
    110.00000000000006,
    130.00000000000006,
    150.00000000000006,
    170.00000000000003,
    190.00000000000003
  ],
  "alignments": [
    0.021968540004782898,
    0.015610249507610679,
    0.1553970723090481,
    0.1583422607703863,
    0.1768672294156155,
    0.03974103420028689,
    0.061627394077875715,
    0.056486928767322274,
    0.011158116031879021,
    0.03795745938615262,
    0.004177377014342502,
    0.0007570343218601702,
    0.07148743045718825,
    0.09910065191566587,
    0.10923599983465186,
    0.055166502880131654,
    0.007989159392426108,
    0.013319806849714426,
    0.11065530931617466,
    0.05096497796468256,
    0.08782324279182013,
    0.13574593685964365,
    0.20780773488245605,
    0.05649987709901225,
    0.04357255786031176,
    0.009179835223997807,
    0.03298730730688918,
    0.09917260386927587
  ],
  "alignment_mean": 0.06895712965397159,
  "alignment_std": 0.056268068609223475,
  "alignment_max": 0.20780773488245605,
  "alignment_min": 0.0007570343218601702,
  "peak_time_ms": 90.00000000000006,
  "n_trials": 287,
  "rt_mean_ms": 264.2274390244329,
  "rt_std_ms": 44.34594343067208,
  "null_mean": 0.2654053499889565,
  "null_std": 0.17437542768557593,
  "null_median": 0.24228363630447391,
  "D_eff": 2.8743765354156494,
  "expected_cos": 0.4706176519393921,
  "manifold_dim": 91,
  "window_length_ms": 50.0,
  "step_ms": 20.0,
  "time_range_ms": [
    -350.0,
    200.0
  ],
  "pt_min_ms": 200.0,
  "winS_selected": [
    -2.0816681711721685e-17,
    0.04999999999999998
  ]
}