{
  "sid": "20230710",
  "monkey": "S",
  "orientation": "horizontal",
  "area": "SLIP",
  "axes_tag": "axes_peakbin_saccCS-sacc-horizontal-20mssw_nofilter",
  "window_centers_ms": [
    -350.0,
    -329.99999999999994,
    -309.99999999999994,
    -289.99999999999994,
    -269.9999999999999,
    -249.99999999999991,
    -229.99999999999991,
    -209.99999999999994,
    -189.99999999999994,
    -169.99999999999994,
    -149.99999999999997,
    -129.99999999999997,
    -109.99999999999997,
    -89.99999999999997,
    -69.99999999999997,
    -49.999999999999964,
    -29.99999999999996,
    -9.999999999999961,
    10.00000000000004,
    30.00000000000004,
    50.00000000000004,
    70.00000000000004,
    90.00000000000006,
    110.00000000000006,
    130.00000000000006,
    150.00000000000006,
    170.00000000000003,
    190.00000000000003
  ],
  "alignments": [
    0.08487692256040953,
    0.008267139202023582,
    0.11280076951914454,
    0.20930149910881193,
    0.14068663965531283,
    0.0544093919742163,
    0.10926869454216297,
    0.02076451403683072,
    0.05812274016344918,
    0.008333292145022273,
    0.04294692533387236,
    0.0923511852794649,
    0.10855522672156025,
    0.1998548163605283,
    0.19143519261023004,
    0.035743863795419085,
    0.02806488522138274,
    0.046358934566313195,
    0.036307806142043736,
    0.03455747120627698,
    0.08494519845707323,
    0.06268308096056521,
    0.0512909151521658,
    0.01082095729041469,
    0.06857838165697092,
    0.11271940819752287,
    0.010999348214266253,
    0.05699097405808877
  ],
  "alignment_mean": 0.07435843479041225,
  "alignment_std": 0.05596626783731579,
  "alignment_max": 0.20930149910881193,
  "alignment_min": 0.008267139202023582,
  "peak_time_ms": -289.99999999999994,
  "n_trials": 570,
  "rt_mean_ms": 296.16254385964567,
  "rt_std_ms": 42.21650577908126,
  "null_mean": 0.1607179199297551,
  "null_std": 0.09852944374458741,
  "null_median": 0.16279502244614233,
  "D_eff": 7.338517189025879,
  "expected_cos": 0.2945343255996704,
  "manifold_dim": 82,
  "window_length_ms": 50.0,
  "step_ms": 20.0,
  "time_range_ms": [
    -350.0,
    200.0
  ],
  "pt_min_ms": 200.0,
  "winS_selected": [
    -2.0816681711721685e-17,
    0.04999999999999998
  ]
}