{
  "sid": "20230627",
  "monkey": "S",
  "orientation": "horizontal",
  "area": "SFEF",
  "axes_tag": "axes_peakbin_saccCS-sacc-horizontal-20mssw_nofilter",
  "window_centers_ms": [
    -350.0,
    -329.99999999999994,
    -309.99999999999994,
    -289.99999999999994,
    -269.9999999999999,
    -249.99999999999991,
    -229.99999999999991,
    -209.99999999999994,
    -189.99999999999994,
    -169.99999999999994,
    -149.99999999999997,
    -129.99999999999997,
    -109.99999999999997,
    -89.99999999999997,
    -69.99999999999997,
    -49.999999999999964,
    -29.99999999999996,
    -9.999999999999961,
    10.00000000000004,
    30.00000000000004,
    50.00000000000004,
    70.00000000000004,
    90.00000000000006,
    110.00000000000006,
    130.00000000000006,
    150.00000000000006,
    170.00000000000003,
    190.00000000000003
  ],
  "alignments": [
    0.044887409164970034,
    0.04648949198093647,
    0.10186938396835553,
    0.22645645707536632,
    0.18055000095510815,
    0.007381344469713165,
    0.021726467945514402,
    0.19217854913875415,
    0.14333356090988683,
    0.12417002501957008,
    0.10711225194785529,
    0.16961065672502218,
    0.1045888599427943,
    0.021527968634575147,
    0.02613010116312012,
    0.008083645015124957,
    0.0332963288762167,
    0.0016506699628114376,
    0.017037208409379133,
    0.06626923106686258,
    0.1750460220815068,
    0.28279946805329825,
    0.2789182038402696,
    0.27142633176643777,
    0.2753769167726763,
    0.21571834688895683,
    0.17841080749297253,
    0.31332035167730793
  ],
  "alignment_mean": 0.1298345021766201,
  "alignment_std": 0.09865087775788303,
  "alignment_max": 0.31332035167730793,
  "alignment_min": 0.0016506699628114376,
  "peak_time_ms": 190.00000000000003,
  "n_trials": 520,
  "rt_mean_ms": 287.0079807692115,
  "rt_std_ms": 39.268760261314114,
  "null_mean": 0.1232010413248015,
  "null_std": 0.09413239823850916,
  "null_median": 0.10355037727953745,
  "D_eff": 7.350451946258545,
  "expected_cos": 0.2942951023578644,
  "manifold_dim": 67,
  "window_length_ms": 50.0,
  "step_ms": 20.0,
  "time_range_ms": [
    -350.0,
    200.0
  ],
  "pt_min_ms": 200.0,
  "winS_selected": [
    -0.02000000000000002,
    0.02999999999999998
  ]
}