{
  "sid": "20200328",
  "monkey": "M",
  "orientation": "horizontal",
  "area": "MLIP",
  "axes_tag": "axes_peakbin_saccCS-sacc-horizontal-20mssw_nofilter",
  "window_centers_ms": [
    -350.0,
    -329.99999999999994,
    -309.99999999999994,
    -289.99999999999994,
    -269.9999999999999,
    -249.99999999999991,
    -229.99999999999991,
    -209.99999999999994,
    -189.99999999999994,
    -169.99999999999994,
    -149.99999999999997,
    -129.99999999999997,
    -109.99999999999997,
    -89.99999999999997,
    -69.99999999999997,
    -49.999999999999964,
    -29.99999999999996,
    -9.999999999999961,
    10.00000000000004,
    30.00000000000004,
    50.00000000000004,
    70.00000000000004,
    90.00000000000006,
    110.00000000000006,
    130.00000000000006,
    150.00000000000006,
    170.00000000000003,
    190.00000000000003
  ],
  "alignments": [
    0.00957727441082329,
    0.02170598717634086,
    0.08897662943522068,
    0.06696789526528175,
    0.03618783552869977,
    0.0464536350993459,
    0.06247496775412327,
    0.09351774686831552,
    0.012476984509870032,
    0.02292177816736375,
    0.0025477899168124467,
    0.0006763281705299403,
    0.024335692486161138,
    0.02734447309870767,
    0.1268458208686707,
    0.10560336962823916,
    0.03658158430143903,
    0.0350745914021321,
    0.09260693458884842,
    0.08552774249380458,
    0.03585480679084893,
    0.0108161156521926,
    0.08530716586975624,
    0.11322635426711414,
    0.06223840651397998,
    0.1328022832152511,
    0.12568189841666577,
    0.04036844545737727
  ],
  "alignment_mean": 0.057310733476925564,
  "alignment_std": 0.0402133245667195,
  "alignment_max": 0.1328022832152511,
  "alignment_min": 0.0006763281705299403,
  "peak_time_ms": 150.00000000000006,
  "n_trials": 255,
  "rt_mean_ms": 271.9790196079082,
  "rt_std_ms": 54.17569191194101,
  "null_mean": 0.1429134092237827,
  "null_std": 0.11400947119551139,
  "null_median": 0.11506937914724585,
  "D_eff": 1.869741678237915,
  "expected_cos": 0.5835112929344177,
  "manifold_dim": 121,
  "window_length_ms": 50.0,
  "step_ms": 20.0,
  "time_range_ms": [
    -350.0,
    200.0
  ],
  "pt_min_ms": 200.0,
  "winS_selected": [
    -2.0816681711721685e-17,
    0.04999999999999998
  ]
}