{
  "sid": "20231103",
  "monkey": "S",
  "orientation": "horizontal",
  "area": "SFEF",
  "axes_tag": "axes_peakbin_saccCS-sacc-horizontal-20mssw_nofilter",
  "window_centers_ms": [
    -350.0,
    -329.99999999999994,
    -309.99999999999994,
    -289.99999999999994,
    -269.9999999999999,
    -249.99999999999991,
    -229.99999999999991,
    -209.99999999999994,
    -189.99999999999994,
    -169.99999999999994,
    -149.99999999999997,
    -129.99999999999997,
    -109.99999999999997,
    -89.99999999999997,
    -69.99999999999997,
    -49.999999999999964,
    -29.99999999999996,
    -9.999999999999961,
    10.00000000000004,
    30.00000000000004,
    50.00000000000004,
    70.00000000000004,
    90.00000000000006,
    110.00000000000006,
    130.00000000000006,
    150.00000000000006,
    170.00000000000003,
    190.00000000000003
  ],
  "alignments": [
    0.18224265414750773,
    0.16457384423354618,
    0.16866687891713728,
    0.07894044856212175,
    0.05298894469455334,
    0.03133852382981996,
    0.017544049957604512,
    0.0634053540589136,
    0.028554566404700474,
    0.03336918244521588,
    0.025004452030636608,
    0.027966131550673665,
    0.021144701625869303,
    0.001966907764086951,
    0.006879950117330326,
    0.05177723754732962,
    0.058463305837808635,
    0.07457988492720935,
    0.08876168570200048,
    0.12071793653199972,
    0.15871191473041982,
    0.17789136100102496,
    0.20455944378321167,
    0.24664838097951966,
    0.282029522599777,
    0.25249996962756,
    0.2739037679919081,
    0.2737235059459256
  ],
  "alignment_mean": 0.113173375269479,
  "alignment_std": 0.09164596393549317,
  "alignment_max": 0.282029522599777,
  "alignment_min": 0.001966907764086951,
  "peak_time_ms": 130.00000000000006,
  "n_trials": 64,
  "rt_mean_ms": 239.317187499978,
  "rt_std_ms": 31.697661670394563,
  "null_mean": 0.4992218628283906,
  "null_std": 0.24721285331675982,
  "null_median": 0.5309410714369343,
  "D_eff": 2.4487991333007812,
  "expected_cos": 0.509874701499939,
  "manifold_dim": 71,
  "window_length_ms": 150.0,
  "step_ms": 20.0,
  "time_range_ms": [
    -350.0,
    200.0
  ],
  "pt_min_ms": 200.0,
  "winS_selected": [
    -0.060000000000000026,
    0.03999999999999998
  ]
}